fan_id,favorite_team,age_segment,membership_type,app_registered,push_opt_in,tickets_purchased_2026,attendance_rate,matches_attended_2026,no_show_rate,avg_ticket_price_krw,total_merch_spend_krw,total_merch_items,total_ticket_spend_krw,clv_2026_krw,churn_prediction,churn_probability
FAN-000001,Ulsan HD,18_34,free_registered,True,False,2,0.9176843354525686,1,0.5,22288,0.0,0.0,44576,44576.0,1,0.5304166072828718
FAN-000002,Gangwon FC,18_34,free_registered,True,True,1,0.9532995718292494,0,1.0,19895,25754.0,1.0,19895,45649.0,0,0.3220446821699573
FAN-000003,Jeonbuk Hyundai Motors,35_54,free_registered,True,True,1,0.9307799093818172,0,1.0,22800,0.0,0.0,22800,22800.0,1,0.7909376658722852
FAN-000004,Jeju SK,18_34,paid_membership,True,False,4,0.8531901994465434,3,0.25,24977,0.0,0.0,99908,99908.0,0,0.4240746935901866
FAN-000005,FC Seoul,35_54,free_registered,True,True,1,0.9305659935907729,0,1.0,16822,0.0,0.0,16822,16822.0,0,0.3637738002950324
FAN-000006,FC Seoul,Under_18,season_ticket_partial,True,False,7,0.8206850373630346,5,0.2857142857142857,0,141391.0,1.0,0,141391.0,0,0.46803650180334966
FAN-000007,FC Seoul,35_54,free_registered,True,False,2,0.9285920168306524,1,0.5,24624,0.0,0.0,49248,49248.0,1,0.6888144471930163
FAN-000008,Jeonbuk Hyundai Motors,35_54,paid_membership,True,True,2,0.9195429576502042,1,0.5,23062,86680.0,2.0,46124,132804.0,1,0.6602451203416356
FAN-000009,Jeju SK,18_34,paid_membership,True,False,2,0.9012898549014156,1,0.5,20372,132341.0,1.0,40744,173085.0,0,0.3782168460644149
FAN-000010,Jeonbuk Hyundai Motors,18_34,paid_membership,True,True,3,0.9944057671913364,2,0.3333333333333333,19740,18586.0,1.0,59220,77806.0,0,0.23567175638484508
FAN-000011,FC Seoul,18_34,season_ticket_partial,True,True,6,0.8876683366396003,5,0.1666666666666666,0,46874.0,1.0,0,46874.0,0,0.0747826463897642
FAN-000012,Gangwon FC,35_54,paid_membership,True,True,4,0.9592067394736526,3,0.25,22243,117275.0,2.0,88972,206247.0,1,0.5268229696415951
FAN-000013,Jeonbuk Hyundai Motors,18_34,season_ticket_full,True,True,16,0.792179630019406,12,0.25,0,189387.0,2.0,0,189387.0,0,0.01450778089013383
FAN-000014,FC Seoul,35_54,free_registered,True,True,2,0.931411864841506,1,0.5,24838,133372.0,1.0,49676,183048.0,1,0.6284019823485765
FAN-000015,FC Seoul,18_34,paid_membership,False,True,5,0.9652028211049076,4,0.1999999999999999,17884,123964.0,1.0,89420,213384.0,0,0.25090523828023814
FAN-000016,FC Seoul,18_34,free_registered,False,False,2,0.962292570980888,1,0.5,20672,0.0,0.0,41344,41344.0,1,0.551884837650343
FAN-000017,Ulsan HD,Under_18,free_registered,True,False,1,0.981319841313506,0,1.0,21140,0.0,0.0,21140,21140.0,1,0.6932749612484043
FAN-000018,Ulsan HD,18_34,free_registered,True,False,2,0.9063379884883164,1,0.5,23467,30665.0,1.0,46934,77599.0,0,0.43184831266293155
FAN-000019,Ulsan HD,35_54,free_registered,True,True,1,0.9109973600797878,0,1.0,22502,34325.0,1.0,22502,56827.0,1,0.8462153627604843
FAN-000020,FC Seoul,35_54,free_registered,True,True,2,0.9368746035794228,1,0.5,23927,109476.0,1.0,47854,157330.0,1,0.8140986794056014
FAN-000021,Jeju SK,35_54,free_registered,True,True,1,0.9441486538239448,0,1.0,24334,32751.0,1.0,24334,57085.0,1,0.8128411318166215
FAN-000022,FC Seoul,18_34,free_registered,False,True,1,0.93952301177308,0,1.0,20705,144305.0,1.0,20705,165010.0,0,0.4561451239348838
FAN-000023,FC Seoul,55_Plus,season_ticket_partial,True,True,10,0.899788111825728,8,0.1999999999999999,0,239385.0,3.0,0,239385.0,0,0.06965770803270804
FAN-000024,Ulsan HD,35_54,free_registered,False,False,1,0.9087215304236628,0,1.0,16642,32620.0,1.0,16642,49262.0,1,0.683247729317902
FAN-000025,Ulsan HD,55_Plus,paid_membership,True,True,5,0.9839579513519154,4,0.1999999999999999,23855,0.0,0.0,119275,119275.0,0,0.05207240290573625
FAN-000026,Jeonbuk Hyundai Motors,18_34,free_registered,False,True,1,0.9811744522182846,0,1.0,18499,37062.0,1.0,18499,55561.0,1,0.5371733688280216
FAN-000027,FC Seoul,18_34,season_ticket_partial,True,True,6,0.7250416698753648,4,0.3333333333333333,0,291151.0,3.0,0,291151.0,0,0.11618339386118885
FAN-000028,Ulsan HD,Under_18,season_ticket_partial,True,True,9,0.8976775562998731,8,0.1111111111111111,0,190039.0,3.0,0,190039.0,0,0.03614862914862915
FAN-000029,Jeju SK,35_54,paid_membership,True,True,2,0.9838195059629244,1,0.5,16867,0.0,0.0,33734,33734.0,1,0.5175026439115634
FAN-000030,FC Seoul,Under_18,paid_membership,True,True,2,0.9431690006244512,1,0.5,17562,0.0,0.0,35124,35124.0,1,0.8399410961144793
FAN-000031,Jeju SK,18_34,free_registered,True,False,2,0.9796331572073782,1,0.5,18947,0.0,0.0,37894,37894.0,1,0.6375672437027171
FAN-000032,FC Seoul,18_34,season_ticket_full,True,True,18,0.7547801012286481,13,0.2777777777777778,0,371153.0,4.0,0,371153.0,1,0.5443292573812318
FAN-000033,FC Seoul,35_54,season_ticket_partial,True,False,5,0.942616770563558,4,0.1999999999999999,0,121391.0,1.0,0,121391.0,0,0.19788721072666085
FAN-000034,Gangwon FC,35_54,season_ticket_partial,True,True,7,0.9452143678365484,6,0.1428571428571429,0,150347.0,2.0,0,150347.0,0,0.1174532815094499
FAN-000035,Gangwon FC,18_34,paid_membership,True,True,4,0.8967414706040325,3,0.25,20767,87360.0,1.0,83068,170428.0,0,0.15897543148858936
FAN-000036,Jeonbuk Hyundai Motors,18_34,free_registered,False,False,2,0.941556800442784,1,0.5,16528,70569.0,1.0,33056,103625.0,1,0.7555723643751091
FAN-000037,Ulsan HD,35_54,season_ticket_partial,True,True,6,0.7143545066491892,4,0.3333333333333333,0,106625.0,1.0,0,106625.0,0,0.05835798487062495
FAN-000038,FC Seoul,55_Plus,free_registered,True,True,1,0.9079556640202088,0,1.0,20661,104828.0,1.0,20661,125489.0,1,0.5746165805738974
FAN-000039,Jeju SK,35_54,paid_membership,False,False,3,0.912309545141296,2,0.3333333333333333,24716,81534.0,1.0,74148,155682.0,0,0.14453051420257304
FAN-000040,Ulsan HD,55_Plus,free_registered,True,True,1,0.9802684606781632,0,1.0,22901,76946.0,1.0,22901,99847.0,1,0.7472646885443498
FAN-000041,FC Seoul,35_54,season_ticket_full,True,True,18,0.6415964376033522,11,0.3888888888888888,0,470065.0,5.0,0,470065.0,0,0.08024741162976456
FAN-000042,Ulsan HD,35_54,free_registered,True,False,1,0.9399303774393852,0,1.0,24974,58657.0,1.0,24974,83631.0,1,0.7662362001328992
FAN-000043,FC Seoul,18_34,free_registered,True,False,2,0.9435367481288758,1,0.5,17763,118423.0,1.0,35526,153949.0,1,0.7767650361135819
FAN-000044,Gangwon FC,35_54,paid_membership,True,True,5,0.9343317531376698,4,0.1999999999999999,22807,0.0,0.0,114035,114035.0,0,0.10076810381302288
FAN-000045,FC Seoul,35_54,paid_membership,True,True,5,0.9922108398399484,4,0.1999999999999999,16496,0.0,0.0,82480,82480.0,0,0.17786314085977487
FAN-000046,Jeju SK,35_54,paid_membership,True,False,5,0.8778658693964162,4,0.1999999999999999,18886,0.0,0.0,94430,94430.0,0,0.12763198406251616
FAN-000047,Ulsan HD,18_34,free_registered,True,True,1,0.9402925644575838,0,1.0,24399,0.0,0.0,24399,24399.0,0,0.3875526478675712
FAN-000048,Ulsan HD,18_34,free_registered,True,True,2,0.9709275808167378,1,0.5,21584,97205.0,1.0,43168,140373.0,0,0.4219236910858774
FAN-000049,Ulsan HD,18_34,paid_membership,True,True,5,0.9838856462195438,4,0.1999999999999999,17501,0.0,0.0,87505,87505.0,0,0.10982875279466597
FAN-000050,FC Seoul,18_34,season_ticket_full,True,False,18,0.831797839543575,14,0.2222222222222222,0,291675.0,4.0,0,291675.0,0,0.08850696688931982
FAN-000051,Gangwon FC,18_34,season_ticket_partial,True,True,6,0.8145603547284468,4,0.3333333333333333,0,228372.0,3.0,0,228372.0,0,0.036774162219814395
FAN-000052,Jeonbuk Hyundai Motors,35_54,free_registered,False,False,2,0.9650818716610252,1,0.5,22358,97699.0,1.0,44716,142415.0,1,0.5927101154558939
FAN-000053,Gangwon FC,18_34,season_ticket_partial,True,True,6,0.927287505312714,5,0.1666666666666666,0,145797.0,1.0,0,145797.0,0,0.10448654240670657
FAN-000054,Jeonbuk Hyundai Motors,Under_18,free_registered,False,True,1,0.9090490310038712,0,1.0,20506,149252.0,1.0,20506,169758.0,1,0.7987090448537816
FAN-000055,Jeju SK,18_34,paid_membership,True,False,3,0.9121624829745232,2,0.3333333333333333,19964,0.0,0.0,59892,59892.0,0,0.12273230312784401
FAN-000056,Gangwon FC,35_54,free_registered,True,False,1,0.986020073745102,0,1.0,20027,0.0,0.0,20027,20027.0,1,0.8138301950944328
FAN-000057,FC Seoul,18_34,free_registered,True,True,2,0.915613210867054,1,0.5,20204,0.0,0.0,40408,40408.0,0,0.3118708260097632
FAN-000058,FC Seoul,18_34,paid_membership,True,True,3,0.8756164609496035,2,0.3333333333333333,16026,74812.0,1.0,48078,122890.0,0,0.13938024822180414
FAN-000059,FC Seoul,35_54,paid_membership,True,False,4,0.955985131520776,3,0.25,17439,210747.0,2.0,69756,280503.0,0,0.3040293779702347
FAN-000060,Ulsan HD,18_34,free_registered,True,False,1,0.914018541885106,0,1.0,17005,71562.0,1.0,17005,88567.0,1,0.5576731753941506
FAN-000061,Ulsan HD,55_Plus,free_registered,True,True,2,0.913641134462957,1,0.5,17011,33936.0,1.0,34022,67958.0,1,0.6946717574364638
FAN-000062,FC Seoul,55_Plus,free_registered,True,True,1,0.934795527333968,0,1.0,22493,101746.0,1.0,22493,124239.0,0,0.4555811133311133
FAN-000063,Jeonbuk Hyundai Motors,18_34,paid_membership,True,False,3,0.8785379321989625,2,0.3333333333333333,22005,0.0,0.0,66015,66015.0,0,0.1311789815592392
FAN-000064,Ulsan HD,18_34,free_registered,True,False,2,0.9966315890414434,1,0.5,22789,30214.0,1.0,45578,75792.0,1,0.6459677975773537
FAN-000065,FC Seoul,35_54,free_registered,True,False,1,0.9571836497365775,0,1.0,24521,0.0,0.0,24521,24521.0,1,0.7301003148895948
FAN-000066,Ulsan HD,Under_18,paid_membership,True,True,2,0.9076734436843444,1,0.5,22051,30612.0,1.0,44102,74714.0,1,0.7804029632285638
FAN-000067,FC Seoul,18_34,paid_membership,True,True,4,0.8653482583223534,3,0.25,20017,215785.0,2.0,80068,295853.0,0,0.052953502203502215
FAN-000068,Jeonbuk Hyundai Motors,18_34,paid_membership,True,False,3,0.92252330997472,2,0.3333333333333333,19004,227977.0,2.0,57012,284989.0,0,0.049703131874818625
FAN-000069,FC Seoul,55_Plus,paid_membership,True,True,5,0.8764254624111999,4,0.1999999999999999,22226,43927.0,1.0,111130,155057.0,0,0.12686507936507932
FAN-000070,Gangwon FC,Under_18,season_ticket_partial,True,True,10,0.9055669305235206,9,0.0999999999999999,0,208384.0,2.0,0,208384.0,0,0.021369167090219722
FAN-000071,Jeonbuk Hyundai Motors,35_54,season_ticket_full,True,True,17,0.8708297403729537,14,0.1764705882352941,0,330466.0,5.0,0,330466.0,0,0.06934279772515066
FAN-000072,FC Seoul,35_54,season_ticket_partial,True,True,6,0.816648386093514,4,0.3333333333333333,0,52969.0,1.0,0,52969.0,0,0.1120796689313183
FAN-000073,FC Seoul,18_34,paid_membership,True,True,5,0.8508276311283539,4,0.1999999999999999,22942,0.0,0.0,114710,114710.0,0,0.16972916662006282
FAN-000074,Jeonbuk Hyundai Motors,Under_18,free_registered,True,False,2,0.946158066192324,1,0.5,18234,0.0,0.0,36468,36468.0,0,0.4554607349190663
FAN-000075,Jeonbuk Hyundai Motors,55_Plus,season_ticket_full,True,False,19,0.7769136396791944,14,0.2631578947368421,0,426851.0,5.0,0,426851.0,0,0.16138701688752047
FAN-000076,Jeonbuk Hyundai Motors,18_34,free_registered,True,True,2,0.9426966329326651,1,0.5,17870,0.0,0.0,35740,35740.0,1,0.7968523952832559
FAN-000077,Jeonbuk Hyundai Motors,35_54,free_registered,True,True,2,0.989970985660234,1,0.5,21606,135302.0,1.0,43212,178514.0,0,0.25613954549208184
FAN-000078,FC Seoul,18_34,free_registered,True,True,2,0.997237189203751,1,0.5,22256,49801.0,1.0,44512,94313.0,1,0.7374482582650106
FAN-000079,Ulsan HD,18_34,free_registered,True,False,2,0.93615338576458,1,0.5,22132,0.0,0.0,44264,44264.0,1,0.8081552535857338
FAN-000080,FC Seoul,18_34,season_ticket_full,True,True,15,0.6694523445509216,10,0.3333333333333333,0,518768.0,5.0,0,518768.0,0,0.09389386702621995
FAN-000081,Jeonbuk Hyundai Motors,Under_18,paid_membership,True,False,5,0.9002007443690495,4,0.1999999999999999,23937,0.0,0.0,119685,119685.0,0,0.043428831257189465
FAN-000082,Jeju SK,Under_18,paid_membership,True,True,5,0.8695918934577415,4,0.1999999999999999,23630,151190.0,2.0,118150,269340.0,0,0.13844281643194686
FAN-000083,Ulsan HD,35_54,paid_membership,True,True,3,0.8671514862909515,2,0.3333333333333333,19781,0.0,0.0,59343,59343.0,0,0.09709355935909184
FAN-000084,FC Seoul,18_34,free_registered,True,False,2,0.945047211435749,1,0.5,16918,88497.0,1.0,33836,122333.0,0,0.44629071574016194
FAN-000085,Ulsan HD,18_34,free_registered,True,True,2,0.954241781189466,1,0.5,19701,0.0,0.0,39402,39402.0,0,0.4327334328835998
FAN-000086,Ulsan HD,18_34,paid_membership,True,True,4,0.8514262660939345,3,0.25,24347,31645.0,1.0,97388,129033.0,0,0.26916396971219525
FAN-000087,Jeonbuk Hyundai Motors,35_54,paid_membership,False,True,4,0.988802812972756,3,0.25,17598,0.0,0.0,70392,70392.0,0,0.1398690421664106
FAN-000088,Jeju SK,Under_18,free_registered,True,True,2,0.92014901459963,1,0.5,17046,0.0,0.0,34092,34092.0,0,0.42907121886671606
FAN-000089,Jeonbuk Hyundai Motors,35_54,paid_membership,True,True,5,0.9535595481869196,4,0.1999999999999999,19947,0.0,0.0,99735,99735.0,0,0.36082609175727715
FAN-000090,Ulsan HD,Under_18,free_registered,True,True,1,0.9235241201621104,0,1.0,20882,0.0,0.0,20882,20882.0,0,0.20162784067888775
FAN-000091,FC Seoul,Under_18,free_registered,True,False,1,0.9645334026681114,0,1.0,19482,0.0,0.0,19482,19482.0,1,0.678285269512757
FAN-000092,Jeonbuk Hyundai Motors,Under_18,free_registered,True,False,2,0.9347685030851304,1,0.5,23941,0.0,0.0,47882,47882.0,1,0.867726123396056
FAN-000093,Jeonbuk Hyundai Motors,35_54,free_registered,True,False,2,0.9867703333731864,1,0.5,16227,0.0,0.0,32454,32454.0,1,0.5162426258180204
FAN-000094,Jeju SK,Under_18,season_ticket_partial,True,True,8,0.8868523654874448,7,0.125,0,194226.0,3.0,0,194226.0,0,0.16067877293533503
FAN-000095,Jeonbuk Hyundai Motors,Under_18,season_ticket_partial,True,False,11,0.8515052109040094,9,0.1818181818181817,0,292247.0,3.0,0,292247.0,0,0.18397537625472418
FAN-000096,Ulsan HD,18_34,free_registered,True,True,2,0.9256962429675776,1,0.5,18635,79842.0,1.0,37270,117112.0,1,0.7441553976488899
FAN-000097,Ulsan HD,35_54,paid_membership,True,True,3,0.9093721687774844,2,0.3333333333333333,19352,143892.0,1.0,58056,201948.0,0,0.19804867522036196
FAN-000098,Ulsan HD,18_34,paid_membership,True,True,4,0.9829787594849826,3,0.25,22774,154338.0,2.0,91096,245434.0,0,0.1970619663697228
FAN-000099,FC Seoul,18_34,free_registered,True,False,1,0.9984308516112318,0,1.0,18811,127486.0,1.0,18811,146297.0,0,0.3831461143742696
FAN-000100,FC Seoul,Under_18,free_registered,True,True,2,0.9119272838277994,1,0.5,24365,0.0,0.0,48730,48730.0,1,0.6102480072951207
FAN-000101,FC Seoul,18_34,season_ticket_full,True,False,18,0.6806846340224341,12,0.3333333333333333,0,286680.0,3.0,0,286680.0,0,0.15307057947499123
FAN-000102,Jeju SK,35_54,paid_membership,True,True,3,0.8863984977389963,2,0.3333333333333333,17398,122446.0,2.0,52194,174640.0,0,0.14056329485998156
FAN-000103,Ulsan HD,35_54,season_ticket_full,True,True,16,0.6235091189383609,9,0.4375,0,231132.0,4.0,0,231132.0,0,0.02869288282523577
FAN-000104,Ulsan HD,18_34,free_registered,True,True,2,0.9039191214959672,1,0.5,23831,110293.0,1.0,47662,157955.0,1,0.8323462602212601
FAN-000105,Gangwon FC,18_34,paid_membership,False,False,5,0.9518406120028,4,0.1999999999999999,19402,0.0,0.0,97010,97010.0,0,0.14013438079633733
FAN-000106,FC Seoul,Under_18,free_registered,False,True,1,0.9125881721249136,0,1.0,19735,0.0,0.0,19735,19735.0,1,0.5952787133459457
FAN-000107,Ulsan HD,18_34,free_registered,True,False,1,0.9348350437914772,0,1.0,18434,35110.0,1.0,18434,53544.0,0,0.30756788818416714
FAN-000108,Jeonbuk Hyundai Motors,Under_18,paid_membership,True,False,4,0.9237297689637036,3,0.25,19219,44230.0,1.0,76876,121106.0,0,0.24495242606687626
FAN-000109,FC Seoul,35_54,free_registered,True,False,1,0.997635483399358,0,1.0,17147,0.0,0.0,17147,17147.0,1,0.6931460907958953
FAN-000110,FC Seoul,55_Plus,free_registered,True,True,2,0.9658262872759696,1,0.5,20835,0.0,0.0,41670,41670.0,1,0.9102583683233912
FAN-000111,FC Seoul,55_Plus,free_registered,False,False,2,0.9410456080923408,1,0.5,16705,0.0,0.0,33410,33410.0,1,0.5404371409743174
FAN-000112,FC Seoul,35_54,free_registered,True,False,1,0.9878453732353616,0,1.0,22222,115712.0,1.0,22222,137934.0,1,0.5293585963367518
FAN-000113,Gangwon FC,35_54,paid_membership,False,True,4,0.8638080220939178,3,0.25,18596,0.0,0.0,74384,74384.0,0,0.15191048134871668
FAN-000114,Jeonbuk Hyundai Motors,35_54,free_registered,True,False,1,0.933425774216561,0,1.0,19528,95392.0,1.0,19528,114920.0,1,0.8012375697698868
FAN-000115,Jeju SK,18_34,free_registered,True,True,2,0.9514592770852616,1,0.5,19832,18611.0,1.0,39664,58275.0,0,0.25789464511395344
FAN-000116,Jeonbuk Hyundai Motors,35_54,free_registered,False,True,2,0.9053875600891343,1,0.5,20807,0.0,0.0,41614,41614.0,1,0.8530125883899851
FAN-000117,Jeonbuk Hyundai Motors,18_34,free_registered,True,True,2,0.914585878158482,1,0.5,24792,0.0,0.0,49584,49584.0,1,0.5825591193217722
FAN-000118,FC Seoul,18_34,paid_membership,False,True,5,0.9899140683769584,4,0.1999999999999999,22369,93486.0,2.0,111845,205331.0,0,0.09157700557700557
FAN-000119,Jeonbuk Hyundai Motors,35_54,free_registered,True,True,1,0.9179625988423604,0,1.0,18382,36810.0,1.0,18382,55192.0,0,0.24283269477487499
FAN-000120,Ulsan HD,18_34,paid_membership,True,True,2,0.9154818579371642,1,0.5,24313,0.0,0.0,48626,48626.0,1,0.7424371584312558
FAN-000121,Jeonbuk Hyundai Motors,18_34,free_registered,True,False,1,0.9096070061681174,0,1.0,16475,16289.0,1.0,16475,32764.0,1,0.8293424945888901
FAN-000122,Jeonbuk Hyundai Motors,55_Plus,free_registered,True,False,2,0.988821496469904,1,0.5,24428,0.0,0.0,48856,48856.0,1,0.6379340600451656
FAN-000123,Ulsan HD,Under_18,season_ticket_partial,True,False,9,0.9412634001244956,8,0.1111111111111111,0,216411.0,3.0,0,216411.0,0,0.10201661671661671
FAN-000124,FC Seoul,18_34,paid_membership,True,True,2,0.9217421075070166,1,0.5,19913,151886.0,2.0,39826,191712.0,0,0.4238557590876427
FAN-000125,FC Seoul,55_Plus,free_registered,True,False,1,0.9281622303230174,0,1.0,24573,0.0,0.0,24573,24573.0,0,0.4369375039485227
FAN-000126,Ulsan HD,35_54,season_ticket_partial,True,True,7,0.7492057237308333,5,0.2857142857142857,0,242190.0,2.0,0,242190.0,0,0.04336899526201586
FAN-000127,Jeonbuk Hyundai Motors,18_34,free_registered,True,False,1,0.9492133448008352,0,1.0,20484,74448.0,1.0,20484,94932.0,1,0.5049664249623453
FAN-000128,Jeonbuk Hyundai Motors,18_34,season_ticket_partial,True,True,9,0.8313521245290838,7,0.2222222222222222,0,128222.0,1.0,0,128222.0,0,0.3211709948666468
FAN-000129,FC Seoul,18_34,paid_membership,False,True,2,0.9851377418977474,1,0.5,19264,112031.0,2.0,38528,150559.0,0,0.4949269709222814
FAN-000130,Ulsan HD,35_54,paid_membership,True,False,3,0.9987996492400262,2,0.3333333333333333,19724,0.0,0.0,59172,59172.0,0,0.29881522687620876
FAN-000131,Ulsan HD,35_54,season_ticket_full,True,True,17,0.7233503935030241,12,0.2941176470588235,0,217632.0,4.0,0,217632.0,0,0.04175873364108658
FAN-000132,FC Seoul,18_34,free_registered,False,True,1,0.984963950155816,0,1.0,24776,95576.0,1.0,24776,120352.0,1,0.7973353620075407
FAN-000133,FC Seoul,Under_18,paid_membership,False,False,5,0.8648898272745655,4,0.1999999999999999,16514,104182.0,1.0,82570,186752.0,0,0.17132496022496024
FAN-000134,Ulsan HD,Under_18,free_registered,True,True,1,0.9141479439584528,0,1.0,19467,44252.0,1.0,19467,63719.0,1,0.5239378295046898
FAN-000135,Gangwon FC,55_Plus,free_registered,False,True,1,0.973006913285169,0,1.0,16209,0.0,0.0,16209,16209.0,1,0.8549273817330345
FAN-000136,Ulsan HD,18_34,free_registered,True,True,2,0.945083883341037,1,0.5,22967,0.0,0.0,45934,45934.0,1,0.6386436595905979
FAN-000137,Ulsan HD,35_54,free_registered,True,True,2,0.9868506445088,1,0.5,20153,84292.0,1.0,40306,124598.0,1,0.8009422380252432
FAN-000138,Jeonbuk Hyundai Motors,Under_18,paid_membership,True,True,3,0.8580586427138408,2,0.3333333333333333,19840,0.0,0.0,59520,59520.0,0,0.0640475193424636
FAN-000139,Ulsan HD,35_54,paid_membership,True,False,2,0.9903210315485572,1,0.5,20039,45428.0,1.0,40078,85506.0,1,0.8244124811017602
FAN-000140,Gangwon FC,55_Plus,paid_membership,False,True,2,0.8602234288817879,1,0.5,21232,264795.0,2.0,42464,307259.0,1,0.6310691433660199
FAN-000141,Gangwon FC,35_54,free_registered,True,False,2,0.9868358311497076,1,0.5,20166,22626.0,1.0,40332,62958.0,1,0.6021406352607631
FAN-000142,FC Seoul,Under_18,free_registered,False,True,1,0.9840511137617036,0,1.0,17068,52097.0,1.0,17068,69165.0,1,0.5361383364452661
FAN-000143,Ulsan HD,35_54,season_ticket_full,True,True,19,0.8839319201229521,16,0.1578947368421053,0,320777.0,3.0,0,320777.0,0,0.2103741260459527
FAN-000144,Ulsan HD,35_54,free_registered,True,False,1,0.9030865294004756,0,1.0,17765,140866.0,1.0,17765,158631.0,1,0.8449884281964719
FAN-000145,FC Seoul,18_34,paid_membership,True,False,4,0.915110549680622,3,0.25,22685,0.0,0.0,90740,90740.0,0,0.46155601704385985
FAN-000146,FC Seoul,35_54,paid_membership,False,False,2,0.9898931360155252,1,0.5,20571,133824.0,1.0,41142,174966.0,1,0.5534195836945173
FAN-000147,Jeju SK,35_54,paid_membership,True,False,3,0.9688100993092889,2,0.3333333333333333,23407,36264.0,1.0,70221,106485.0,0,0.10435377191683798
FAN-000148,Ulsan HD,35_54,paid_membership,False,True,3,0.9678662872108504,2,0.3333333333333333,16571,0.0,0.0,49713,49713.0,0,0.12137475482116138
FAN-000149,FC Seoul,35_54,season_ticket_partial,True,True,11,0.9348589794266112,10,0.0909090909090909,0,41716.0,1.0,0,41716.0,0,0.31031891626891617
FAN-000150,FC Seoul,Under_18,free_registered,True,False,2,0.9395713740263768,1,0.5,19225,19583.0,1.0,38450,58033.0,0,0.4152918607221959
FAN-000151,Gangwon FC,18_34,season_ticket_partial,True,True,5,0.7258575665365632,3,0.4,0,146478.0,1.0,0,146478.0,0,0.2812902032141567
FAN-000152,FC Seoul,18_34,free_registered,False,True,2,0.9169114457428096,1,0.5,16224,119372.0,1.0,32448,151820.0,1,0.7910752707025526
FAN-000153,FC Seoul,55_Plus,free_registered,False,True,2,0.9383748784195104,1,0.5,24749,0.0,0.0,49498,49498.0,0,0.4879317885724999
FAN-000154,Ulsan HD,35_54,free_registered,True,False,2,0.9705182504473776,1,0.5,21673,59138.0,1.0,43346,102484.0,1,0.7950286087249225
FAN-000155,Gangwon FC,35_54,paid_membership,True,True,5,0.9997161210805956,4,0.1999999999999999,19528,141156.0,1.0,97640,238796.0,0,0.12706528093484615
FAN-000156,FC Seoul,18_34,free_registered,True,True,2,0.9319795933096108,1,0.5,22635,0.0,0.0,45270,45270.0,1,0.6264125750690027
FAN-000157,Jeju SK,18_34,free_registered,True,True,1,0.956382737312996,0,1.0,24644,0.0,0.0,24644,24644.0,0,0.2165716244744633
FAN-000158,Jeonbuk Hyundai Motors,35_54,free_registered,True,False,2,0.9691211669852934,1,0.5,17897,54481.0,1.0,35794,90275.0,1,0.7953738698554846
FAN-000159,FC Seoul,18_34,season_ticket_partial,True,True,7,0.7472882136366654,5,0.2857142857142857,0,281147.0,2.0,0,281147.0,0,0.11510549120565466
FAN-000160,Jeonbuk Hyundai Motors,18_34,season_ticket_partial,True,True,6,0.7060750155414663,4,0.3333333333333333,0,317550.0,3.0,0,317550.0,0,0.16185768978548484
FAN-000161,Ulsan HD,35_54,paid_membership,True,False,5,0.996623778404205,4,0.1999999999999999,24900,0.0,0.0,124500,124500.0,0,0.15743999518999516
FAN-000162,Jeju SK,Under_18,paid_membership,True,False,4,0.9101949048452916,3,0.25,24345,191746.0,2.0,97380,289126.0,1,0.5592027709909418
FAN-000163,Jeju SK,18_34,free_registered,True,False,2,0.9612236129771328,1,0.5,24657,0.0,0.0,49314,49314.0,0,0.3921814873811198
FAN-000164,Ulsan HD,18_34,free_registered,True,False,2,0.9530327565492372,1,0.5,24758,93449.0,1.0,49516,142965.0,0,0.24303356116707509
FAN-000165,FC Seoul,Under_18,season_ticket_partial,True,True,10,0.8669738132127747,8,0.1999999999999999,0,373027.0,3.0,0,373027.0,0,0.3541744726184361
FAN-000166,Jeonbuk Hyundai Motors,55_Plus,free_registered,True,True,1,0.9488030306656166,0,1.0,18814,0.0,0.0,18814,18814.0,1,0.5830850970624033
FAN-000167,Ulsan HD,18_34,free_registered,True,True,2,0.9447311156214953,1,0.5,21569,0.0,0.0,43138,43138.0,1,0.836560407476036
FAN-000168,FC Seoul,Under_18,free_registered,True,False,1,0.9258559025490916,0,1.0,22222,112960.0,1.0,22222,135182.0,1,0.5111574275821362
FAN-000169,FC Seoul,18_34,free_registered,True,True,2,0.9446274485758565,1,0.5,24202,0.0,0.0,48404,48404.0,1,0.6873052110127964
FAN-000170,Jeju SK,35_54,free_registered,False,False,1,0.920353024208706,0,1.0,17004,90229.0,1.0,17004,107233.0,0,0.46087154703830263
FAN-000171,Jeju SK,18_34,paid_membership,True,False,4,0.9802277476959992,3,0.25,20905,106501.0,1.0,83620,190121.0,0,0.24386352261709812
FAN-000172,FC Seoul,35_54,free_registered,True,True,2,0.9908785135599982,1,0.5,20944,109615.0,1.0,41888,151503.0,0,0.48641628175145474
FAN-000173,Ulsan HD,Under_18,paid_membership,True,True,5,0.939031106408029,4,0.1999999999999999,22304,178637.0,2.0,111520,290157.0,0,0.20158188865925444
FAN-000174,FC Seoul,Under_18,free_registered,True,True,1,0.9556256424056836,0,1.0,16498,0.0,0.0,16498,16498.0,1,0.5356759666214786
FAN-000175,Jeju SK,18_34,free_registered,False,True,2,0.9732319319407264,1,0.5,22315,125007.0,1.0,44630,169637.0,1,0.5780756448908938
FAN-000176,FC Seoul,35_54,free_registered,True,True,2,0.9907195799660852,1,0.5,23000,57536.0,1.0,46000,103536.0,0,0.49873247850925195
FAN-000177,Jeju SK,35_54,paid_membership,True,False,2,0.8788002833779234,1,0.5,22369,0.0,0.0,44738,44738.0,1,0.6249970456666284
FAN-000178,Ulsan HD,Under_18,free_registered,True,True,1,0.9907151823739644,0,1.0,21939,0.0,0.0,21939,21939.0,1,0.7701555093433893
FAN-000179,Gangwon FC,18_34,paid_membership,True,True,5,0.9879226365374736,4,0.1999999999999999,23436,233951.0,2.0,117180,351131.0,0,0.30958937338349096
FAN-000180,FC Seoul,55_Plus,paid_membership,True,True,3,0.8897591962578497,2,0.3333333333333333,20390,148378.0,1.0,61170,209548.0,0,0.16917361509530188
FAN-000181,Ulsan HD,18_34,paid_membership,True,False,5,0.8869496270886962,4,0.1999999999999999,23486,85444.0,1.0,117430,202874.0,0,0.09446143671143671
FAN-000182,FC Seoul,35_54,free_registered,True,False,2,0.9652816431060676,1,0.5,17551,69459.0,1.0,35102,104561.0,1,0.8868429744435823
FAN-000183,Gangwon FC,Under_18,free_registered,False,False,1,0.9260558453451369,0,1.0,16725,32221.0,1.0,16725,48946.0,0,0.4870990607832713
FAN-000184,Jeonbuk Hyundai Motors,55_Plus,free_registered,True,False,2,0.9348846559830102,1,0.5,20681,16780.0,1.0,41362,58142.0,0,0.48680116000141643
FAN-000185,FC Seoul,35_54,paid_membership,True,True,4,0.9514242204678174,3,0.25,22727,156776.0,2.0,90908,247684.0,0,0.315227134534891
FAN-000186,Jeju SK,55_Plus,free_registered,True,True,2,0.949797568708766,1,0.5,20429,82012.0,1.0,40858,122870.0,1,0.7185726492114762
FAN-000187,Jeonbuk Hyundai Motors,35_54,season_ticket_partial,True,True,6,0.7999414226714852,4,0.3333333333333333,0,125809.0,2.0,0,125809.0,0,0.07408205846192117
FAN-000188,Jeju SK,18_34,season_ticket_partial,True,True,8,0.7233834907288634,5,0.375,0,288246.0,3.0,0,288246.0,0,0.0662117682645633
FAN-000189,Ulsan HD,55_Plus,free_registered,True,False,1,0.9991916158250034,0,1.0,16934,0.0,0.0,16934,16934.0,1,0.7162352837666675
FAN-000190,FC Seoul,18_34,free_registered,True,True,1,0.9243870427783416,0,1.0,20585,0.0,0.0,20585,20585.0,1,0.5527479103162963
FAN-000191,FC Seoul,18_34,paid_membership,False,True,3,0.8905900548404477,2,0.3333333333333333,19812,145674.0,1.0,59436,205110.0,1,0.5609500777000779
FAN-000192,Jeonbuk Hyundai Motors,35_54,free_registered,True,False,2,0.945471556255052,1,0.5,16872,0.0,0.0,33744,33744.0,1,0.5243533070712936
FAN-000193,Gangwon FC,35_54,free_registered,True,False,1,0.9307778886950668,0,1.0,24490,0.0,0.0,24490,24490.0,0,0.433561422300702
FAN-000194,Jeju SK,55_Plus,season_ticket_partial,True,False,8,0.8598783121277191,6,0.25,0,71246.0,1.0,0,71246.0,0,0.21950085848247616
FAN-000195,Ulsan HD,18_34,free_registered,True,True,2,0.9732722459268428,1,0.5,21818,0.0,0.0,43636,43636.0,0,0.37406427662213776
FAN-000196,Ulsan HD,35_54,season_ticket_full,True,False,18,0.7545715290979373,13,0.2777777777777778,0,462932.0,5.0,0,462932.0,0,0.2547065075820113
FAN-000197,Jeonbuk Hyundai Motors,35_54,paid_membership,False,True,2,0.9159739693218212,1,0.5,19984,0.0,0.0,39968,39968.0,1,0.6919437319967304
FAN-000198,Jeonbuk Hyundai Motors,Under_18,paid_membership,False,True,3,0.8712950804752947,2,0.3333333333333333,23186,0.0,0.0,69558,69558.0,0,0.2722823040912117
FAN-000199,Jeonbuk Hyundai Motors,18_34,free_registered,True,False,2,0.9555230235848924,1,0.5,22061,44615.0,1.0,44122,88737.0,0,0.3958811265079208
FAN-000200,Jeonbuk Hyundai Motors,18_34,free_registered,True,False,2,0.9291191979265316,1,0.5,23540,57532.0,1.0,47080,104612.0,0,0.405982480543849
FAN-000201,Jeju SK,18_34,paid_membership,True,True,2,0.8781364555470458,1,0.5,21273,0.0,0.0,42546,42546.0,1,0.8729325661957934
FAN-000202,FC Seoul,55_Plus,free_registered,True,True,1,0.91348412531935,0,1.0,24385,0.0,0.0,24385,24385.0,1,0.6821150572084119
FAN-000203,FC Seoul,35_54,free_registered,True,True,2,0.9741384225153462,1,0.5,18651,0.0,0.0,37302,37302.0,1,0.5262401509440242
FAN-000204,Jeonbuk Hyundai Motors,35_54,free_registered,True,True,1,0.9110924455123284,0,1.0,18435,27418.0,1.0,18435,45853.0,0,0.28133965863041954
FAN-000205,Jeju SK,55_Plus,free_registered,True,False,2,0.9784959223275218,1,0.5,21525,0.0,0.0,43050,43050.0,0,0.425324604030239
FAN-000206,FC Seoul,18_34,free_registered,True,True,2,0.9825540575639632,1,0.5,16367,27326.0,1.0,32734,60060.0,0,0.45996311388411765
FAN-000207,FC Seoul,35_54,paid_membership,False,False,3,0.9011367396179546,2,0.3333333333333333,18609,77512.0,1.0,55827,133339.0,0,0.1832920807575598
FAN-000208,Jeju SK,18_34,free_registered,False,False,2,0.9830839132955383,1,0.5,23615,144762.0,1.0,47230,191992.0,1,0.8375591976748167
FAN-000209,FC Seoul,35_54,free_registered,True,True,1,0.9648169074990004,0,1.0,23122,0.0,0.0,23122,23122.0,0,0.43339488839813545
FAN-000210,FC Seoul,18_34,paid_membership,True,True,2,0.8651393014884136,1,0.5,23945,165329.0,2.0,47890,213219.0,0,0.49977982561431994
FAN-000211,Ulsan HD,55_Plus,season_ticket_full,True,True,15,0.8727930407429505,13,0.1333333333333333,0,494330.0,5.0,0,494330.0,0,0.02478249640800003
FAN-000212,Jeju SK,18_34,free_registered,True,True,1,0.9615466803200632,0,1.0,24719,0.0,0.0,24719,24719.0,1,0.6357488942944937
FAN-000213,Jeju SK,18_34,free_registered,False,True,1,0.940085738706172,0,1.0,18147,29413.0,1.0,18147,47560.0,0,0.32119131242418353
FAN-000214,FC Seoul,35_54,paid_membership,True,True,5,0.9364691178110532,4,0.1999999999999999,21558,0.0,0.0,107790,107790.0,0,0.10155527822920517
FAN-000215,Jeonbuk Hyundai Motors,18_34,season_ticket_partial,True,False,11,0.8320125305651821,9,0.1818181818181817,0,103836.0,1.0,0,103836.0,0,0.17455885087135087
FAN-000216,FC Seoul,35_54,paid_membership,True,True,5,0.9780151530903228,4,0.1999999999999999,17401,0.0,0.0,87005,87005.0,0,0.10433884917976236
FAN-000217,Ulsan HD,18_34,paid_membership,False,False,5,0.9792927819781524,4,0.1999999999999999,16328,144055.0,1.0,81640,225695.0,0,0.21329365079365067
FAN-000218,Jeonbuk Hyundai Motors,35_54,free_registered,True,True,1,0.9552500349795556,0,1.0,17023,50196.0,1.0,17023,67219.0,0,0.4046897230954551
FAN-000219,Jeju SK,18_34,paid_membership,True,False,4,0.9745821757023782,3,0.25,24955,79905.0,1.0,99820,179725.0,0,0.46415981830570324
FAN-000220,Jeonbuk Hyundai Motors,Under_18,free_registered,True,False,2,0.9679145744980664,1,0.5,16032,120652.0,1.0,32064,152716.0,1,0.7066899702875195
FAN-000221,Jeju SK,18_34,paid_membership,False,True,4,0.9230446711956052,3,0.25,19168,0.0,0.0,76672,76672.0,0,0.13066261302241694
FAN-000222,Jeju SK,18_34,paid_membership,False,False,5,0.8856110408392519,4,0.1999999999999999,16385,0.0,0.0,81925,81925.0,0,0.2557167554667556
FAN-000223,FC Seoul,18_34,season_ticket_full,True,False,17,0.8279568350519562,14,0.1764705882352941,0,453351.0,5.0,0,453351.0,0,0.0961645217900254
FAN-000224,Ulsan HD,18_34,free_registered,False,False,2,0.9703039044833608,1,0.5,19388,140487.0,1.0,38776,179263.0,1,0.7522265171327734
FAN-000225,FC Seoul,18_34,free_registered,True,False,1,0.9399457804768904,0,1.0,22464,0.0,0.0,22464,22464.0,0,0.3461743548934888
FAN-000226,FC Seoul,Under_18,paid_membership,True,True,3,0.8680238854628789,2,0.3333333333333333,20181,115573.0,1.0,60543,176116.0,1,0.5439444429516559
FAN-000227,Gangwon FC,35_54,paid_membership,True,True,5,0.8622617636430795,4,0.1999999999999999,18589,79509.0,2.0,92945,172454.0,0,0.14434011359011356
FAN-000228,Ulsan HD,35_54,paid_membership,True,True,2,0.9962571328871058,1,0.5,24271,222413.0,2.0,48542,270955.0,1,0.7482003730340331
FAN-000229,Jeonbuk Hyundai Motors,18_34,free_registered,False,True,1,0.9854914022373096,0,1.0,16393,35258.0,1.0,16393,51651.0,1,0.76979590243962
FAN-000230,Jeju SK,35_54,free_registered,False,False,2,0.9854807645168108,1,0.5,16666,0.0,0.0,33332,33332.0,1,0.5246125602952495
FAN-000231,Jeonbuk Hyundai Motors,35_54,paid_membership,True,False,2,0.9477997719134852,1,0.5,18925,20005.0,1.0,37850,57855.0,1,0.7483945656547003
FAN-000232,Ulsan HD,18_34,free_registered,True,True,2,0.9823021220737032,1,0.5,23978,0.0,0.0,47956,47956.0,0,0.4379896806115173
FAN-000233,Jeju SK,35_54,season_ticket_partial,True,False,5,0.7151092632559013,3,0.4,0,199759.0,2.0,0,199759.0,0,0.4645750791497358
FAN-000234,Ulsan HD,18_34,free_registered,True,False,2,0.906649278693866,1,0.5,23538,0.0,0.0,47076,47076.0,1,0.6489664253726176
FAN-000235,FC Seoul,18_34,paid_membership,True,True,5,0.9006562313227461,4,0.1999999999999999,23266,222793.0,2.0,116330,339123.0,1,0.6566336637675309
FAN-000236,Jeonbuk Hyundai Motors,Under_18,paid_membership,True,True,3,0.9208008238401156,2,0.3333333333333333,18314,97742.0,1.0,54942,152684.0,0,0.11109418526587199
FAN-000237,FC Seoul,35_54,paid_membership,True,True,3,0.9731952153879612,2,0.3333333333333333,23289,0.0,0.0,69867,69867.0,0,0.3116294091699261
FAN-000238,FC Seoul,35_54,free_registered,True,False,2,0.9115169894341072,1,0.5,16031,23808.0,1.0,32062,55870.0,1,0.693680272517927
FAN-000239,Jeju SK,Under_18,season_ticket_partial,True,False,8,0.7821582706952922,6,0.25,0,145758.0,1.0,0,145758.0,0,0.2526723845106825
FAN-000240,FC Seoul,18_34,free_registered,True,True,2,0.9710296524840056,1,0.5,20563,0.0,0.0,41126,41126.0,0,0.3269335527624043
FAN-000241,Gangwon FC,55_Plus,paid_membership,False,True,5,0.996393897511866,4,0.1999999999999999,16291,164175.0,2.0,81455,245630.0,0,0.28220117845117826
FAN-000242,Gangwon FC,18_34,free_registered,True,False,2,0.9346403982693564,1,0.5,23598,0.0,0.0,47196,47196.0,1,0.7039910800147076
FAN-000243,Gangwon FC,18_34,free_registered,True,False,2,0.9187824078243888,1,0.5,24791,131972.0,1.0,49582,181554.0,0,0.31978769171431687
FAN-000244,Ulsan HD,55_Plus,free_registered,False,False,2,0.9975430969149548,1,0.5,16170,108304.0,1.0,32340,140644.0,0,0.48272793249485946
FAN-000245,FC Seoul,35_54,free_registered,True,False,1,0.9318228523286168,0,1.0,22511,148972.0,1.0,22511,171483.0,1,0.9073846942817532
FAN-000246,Gangwon FC,35_54,season_ticket_full,True,True,17,0.6304856731775329,10,0.4117647058823529,0,536999.0,5.0,0,536999.0,0,0.04172967936203229
FAN-000247,Ulsan HD,35_54,free_registered,False,True,2,0.9918433822995304,1,0.5,23300,0.0,0.0,46600,46600.0,1,0.8078419536609626
FAN-000248,Gangwon FC,35_54,paid_membership,True,True,5,0.8771137951117932,4,0.1999999999999999,18930,0.0,0.0,94650,94650.0,0,0.1675021286916361
FAN-000249,Gangwon FC,18_34,season_ticket_full,True,False,15,0.8888520260031998,13,0.1333333333333333,0,142702.0,2.0,0,142702.0,0,0.05378792034132592
FAN-000250,Jeonbuk Hyundai Motors,18_34,free_registered,True,True,2,0.931091202059968,1,0.5,16111,24716.0,1.0,32222,56938.0,1,0.5592832578927295
FAN-000251,FC Seoul,18_34,paid_membership,True,False,5,0.966850666326121,4,0.1999999999999999,16354,0.0,0.0,81770,81770.0,0,0.20465607078107087
FAN-000252,Ulsan HD,55_Plus,free_registered,True,True,1,0.9205158107952804,0,1.0,21889,30305.0,1.0,21889,52194.0,1,0.8284006692034083
FAN-000253,Jeonbuk Hyundai Motors,35_54,free_registered,True,False,2,0.9717321155205788,1,0.5,24073,0.0,0.0,48146,48146.0,0,0.4146470322754227
FAN-000254,Ulsan HD,Under_18,free_registered,False,True,1,0.9835286501461836,0,1.0,24382,0.0,0.0,24382,24382.0,0,0.3015976333421414
FAN-000255,FC Seoul,35_54,season_ticket_full,True,True,16,0.7551156651758879,12,0.25,0,403227.0,5.0,0,403227.0,0,0.04366105766156129
FAN-000256,Jeju SK,18_34,free_registered,False,False,2,0.9008917431066538,1,0.5,18309,0.0,0.0,36618,36618.0,1,0.724817996651616
FAN-000257,Gangwon FC,Under_18,paid_membership,False,True,3,0.8975041665534556,2,0.3333333333333333,23215,77619.0,1.0,69645,147264.0,0,0.2548338647790652
FAN-000258,Jeju SK,18_34,paid_membership,True,False,4,0.9148430657416304,3,0.25,21020,220217.0,2.0,84080,304297.0,0,0.09904589392089388
FAN-000259,Jeju SK,18_34,season_ticket_partial,True,True,7,0.7220492980288975,5,0.2857142857142857,0,248606.0,3.0,0,248606.0,0,0.07660261349563409
FAN-000260,FC Seoul,35_54,free_registered,True,True,1,0.954407599278114,0,1.0,20424,128341.0,1.0,20424,148765.0,1,0.7229236565077964
FAN-000261,Jeju SK,18_34,paid_membership,True,False,5,0.974810288182678,4,0.1999999999999999,18919,255984.0,2.0,94595,350579.0,0,0.2046389449330625
FAN-000262,Gangwon FC,35_54,paid_membership,False,False,5,0.9165320120282486,4,0.1999999999999999,24964,136278.0,2.0,124820,261098.0,0,0.05539786788699832
FAN-000263,FC Seoul,35_54,paid_membership,True,True,3,0.8849560198519391,2,0.3333333333333333,18064,211195.0,2.0,54192,265387.0,0,0.020562325234011983
FAN-000264,Ulsan HD,Under_18,season_ticket_full,True,False,15,0.7481539793882528,11,0.2666666666666667,0,541798.0,5.0,0,541798.0,0,0.0371482972738009
FAN-000265,Jeonbuk Hyundai Motors,55_Plus,season_ticket_partial,True,True,7,0.8253063362858281,5,0.2857142857142857,0,170884.0,3.0,0,170884.0,1,0.6712313554418817
FAN-000266,Jeonbuk Hyundai Motors,18_34,free_registered,True,True,1,0.9891607976804646,0,1.0,21743,0.0,0.0,21743,21743.0,1,0.642586651874737
FAN-000267,Jeju SK,18_34,free_registered,True,True,2,0.9058174514158712,1,0.5,22225,43514.0,1.0,44450,87964.0,0,0.3142565194740652
FAN-000268,Jeonbuk Hyundai Motors,18_34,free_registered,True,True,2,0.950998656837006,1,0.5,21637,80408.0,1.0,43274,123682.0,0,0.4977868806713582
FAN-000269,Ulsan HD,35_54,free_registered,True,True,2,0.9420373885757146,1,0.5,18843,0.0,0.0,37686,37686.0,1,0.5490975131033946
FAN-000270,FC Seoul,18_34,free_registered,True,True,1,0.9393107887151896,0,1.0,22249,0.0,0.0,22249,22249.0,0,0.2648461747165951
FAN-000271,Jeonbuk Hyundai Motors,18_34,free_registered,True,True,1,0.9371467591566373,0,1.0,17683,106757.0,1.0,17683,124440.0,1,0.6667538914112088
FAN-000272,Jeonbuk Hyundai Motors,Under_18,free_registered,True,False,1,0.9531986157396412,0,1.0,23887,110620.0,1.0,23887,134507.0,1,0.6935573176823181
FAN-000273,Jeonbuk Hyundai Motors,18_34,season_ticket_full,True,True,19,0.7114587196410008,13,0.3157894736842105,0,416410.0,5.0,0,416410.0,0,0.27692424926298803
FAN-000274,Gangwon FC,35_54,free_registered,False,False,2,0.9871287994084949,1,0.5,19079,36814.0,1.0,38158,74972.0,1,0.8411733809849263
FAN-000275,Ulsan HD,18_34,season_ticket_full,True,False,16,0.8978833560694535,14,0.125,0,311648.0,4.0,0,311648.0,0,0.10862757775993072
FAN-000276,Ulsan HD,18_34,free_registered,True,True,2,0.9347110628247204,1,0.5,18558,0.0,0.0,37116,37116.0,0,0.35685191461586074
FAN-000277,Jeonbuk Hyundai Motors,18_34,paid_membership,True,True,3,0.9811680642590062,2,0.3333333333333333,24926,158865.0,2.0,74778,233643.0,0,0.07883461423461419
FAN-000278,Jeju SK,18_34,season_ticket_partial,True,True,10,0.8407284819476699,8,0.1999999999999999,0,81881.0,1.0,0,81881.0,0,0.040836213786213785
FAN-000279,Jeonbuk Hyundai Motors,55_Plus,free_registered,True,False,2,0.9786731618411536,1,0.5,22070,16196.0,1.0,44140,60336.0,1,0.579837803317729
FAN-000280,Jeonbuk Hyundai Motors,18_34,free_registered,False,True,1,0.9440859571188672,0,1.0,23391,45328.0,1.0,23391,68719.0,1,0.9068681037578009
FAN-000281,Jeonbuk Hyundai Motors,55_Plus,free_registered,False,True,2,0.9984524327344906,1,0.5,24078,57818.0,1.0,48156,105974.0,0,0.36253985558253876
FAN-000282,Ulsan HD,18_34,free_registered,False,False,2,0.953556814114028,1,0.5,24762,0.0,0.0,49524,49524.0,0,0.46716908069605684
FAN-000283,Ulsan HD,18_34,season_ticket_full,True,False,16,0.6840565067223182,10,0.375,0,234347.0,3.0,0,234347.0,0,0.0299777553601083
FAN-000284,FC Seoul,35_54,season_ticket_partial,True,True,6,0.7891468179077012,4,0.3333333333333333,0,129165.0,1.0,0,129165.0,0,0.0798573636386821
FAN-000285,Jeju SK,18_34,free_registered,True,True,2,0.95997445827011,1,0.5,17419,0.0,0.0,34838,34838.0,1,0.9619754595720357
FAN-000286,FC Seoul,35_54,free_registered,True,False,1,0.9581336266296232,0,1.0,16848,0.0,0.0,16848,16848.0,1,0.5234547003133059
FAN-000287,Ulsan HD,55_Plus,free_registered,True,False,2,0.9105673083760276,1,0.5,22930,0.0,0.0,45860,45860.0,1,0.689861893387972
FAN-000288,Ulsan HD,Under_18,free_registered,False,True,2,0.9929279409832086,1,0.5,24956,107332.0,1.0,49912,157244.0,0,0.4454878290366263
FAN-000289,FC Seoul,Under_18,paid_membership,True,True,3,0.969339469654868,2,0.3333333333333333,22426,88510.0,1.0,67278,155788.0,0,0.023888141309828057
FAN-000290,Jeju SK,35_54,free_registered,False,False,1,0.9500463581290534,0,1.0,23604,140856.0,1.0,23604,164460.0,1,0.5955242877134286
FAN-000291,FC Seoul,18_34,paid_membership,True,False,4,0.9546590319772028,3,0.25,21801,235820.0,2.0,87204,323024.0,0,0.3435143562719208
FAN-000292,FC Seoul,18_34,free_registered,False,False,2,0.9838546131447512,1,0.5,20347,21871.0,1.0,40694,62565.0,1,0.5822080697000287
FAN-000293,Jeonbuk Hyundai Motors,Under_18,free_registered,True,True,1,0.9291517592970834,0,1.0,21420,0.0,0.0,21420,21420.0,1,0.6784943668327731
FAN-000294,Ulsan HD,Under_18,paid_membership,True,False,2,0.8603763010555125,1,0.5,24899,0.0,0.0,49798,49798.0,1,0.5275047251223725
FAN-000295,FC Seoul,35_54,free_registered,True,True,1,0.919882660557045,0,1.0,18083,0.0,0.0,18083,18083.0,1,0.5389937668184096
FAN-000296,Ulsan HD,Under_18,season_ticket_full,True,True,17,0.8279954173182708,14,0.1764705882352941,0,397058.0,4.0,0,397058.0,0,0.4487331938586974
FAN-000297,Jeonbuk Hyundai Motors,18_34,season_ticket_partial,True,False,7,0.780455999225123,5,0.2857142857142857,0,279084.0,3.0,0,279084.0,0,0.41977591695542804
FAN-000298,FC Seoul,35_54,free_registered,True,True,2,0.9291774473148136,1,0.5,23499,0.0,0.0,46998,46998.0,1,0.7536760327843239
FAN-000299,Jeju SK,18_34,free_registered,True,False,1,0.9117356040937132,0,1.0,23103,0.0,0.0,23103,23103.0,1,0.7236834608898509
FAN-000300,FC Seoul,Under_18,season_ticket_partial,True,True,8,0.7357692565131793,5,0.375,0,289589.0,3.0,0,289589.0,0,0.06613525218804722
FAN-000301,FC Seoul,35_54,season_ticket_partial,True,False,6,0.8881257872784952,5,0.1666666666666666,0,71643.0,2.0,0,71643.0,0,0.10659644305922905
FAN-000302,Ulsan HD,Under_18,season_ticket_partial,True,True,8,0.9113241312410842,7,0.125,0,159465.0,2.0,0,159465.0,0,0.0816155778850455
FAN-000303,Ulsan HD,35_54,free_registered,True,False,1,0.9320125492058045,0,1.0,17151,0.0,0.0,17151,17151.0,1,0.6106075774695147
FAN-000304,Jeju SK,35_54,season_ticket_full,True,True,18,0.614072874523763,11,0.3888888888888888,0,140991.0,3.0,0,140991.0,0,0.3053316904591414
FAN-000305,Jeonbuk Hyundai Motors,18_34,free_registered,True,False,2,0.9081773148313148,1,0.5,19766,61475.0,1.0,39532,101007.0,1,0.8175639494226858
FAN-000306,Gangwon FC,18_34,paid_membership,True,False,4,0.940553470501464,3,0.25,24522,54049.0,1.0,98088,152137.0,0,0.1813586415007212
FAN-000307,Ulsan HD,18_34,season_ticket_partial,True,True,10,0.7500997877902402,7,0.3,0,125315.0,1.0,0,125315.0,0,0.3311465672913533
FAN-000308,Ulsan HD,18_34,free_registered,False,True,2,0.9120315704297152,1,0.5,23731,138139.0,1.0,47462,185601.0,1,0.8129105352181728
FAN-000309,Jeonbuk Hyundai Motors,35_54,season_ticket_partial,True,True,11,0.8041244529581097,8,0.2727272727272727,0,45000.0,1.0,0,45000.0,0,0.3280364017561384
FAN-000310,FC Seoul,35_54,free_registered,True,False,2,0.9516645260463336,1,0.5,22245,0.0,0.0,44490,44490.0,1,0.6023258736442321
FAN-000311,Ulsan HD,18_34,season_ticket_full,True,True,19,0.6148840818581263,11,0.4210526315789473,0,494436.0,5.0,0,494436.0,0,0.047741519373872325
FAN-000312,FC Seoul,35_54,free_registered,True,True,2,0.9055322198421604,1,0.5,18636,131240.0,1.0,37272,168512.0,0,0.2918319201255249
FAN-000313,FC Seoul,55_Plus,season_ticket_full,True,True,18,0.6313361313869618,11,0.3888888888888888,0,196633.0,2.0,0,196633.0,0,0.1163773680930543
FAN-000314,Gangwon FC,55_Plus,free_registered,True,False,2,0.9404719476506078,1,0.5,17863,101859.0,1.0,35726,137585.0,0,0.40601659511514077
FAN-000315,Jeonbuk Hyundai Motors,18_34,paid_membership,True,True,3,0.8578895806925328,2,0.3333333333333333,21978,0.0,0.0,65934,65934.0,0,0.18589975655722352
FAN-000316,Jeju SK,18_34,paid_membership,False,True,5,0.9448850978024964,4,0.1999999999999999,20223,252037.0,2.0,101115,353152.0,0,0.1413194444247076
FAN-000317,Ulsan HD,18_34,free_registered,True,False,2,0.9486966011617216,1,0.5,22495,134295.0,1.0,44990,179285.0,0,0.4698137897888472
FAN-000318,FC Seoul,55_Plus,free_registered,True,False,1,0.9397600457746288,0,1.0,19753,62342.0,1.0,19753,82095.0,1,0.8847692825692826
FAN-000319,FC Seoul,Under_18,paid_membership,False,True,5,0.9284675797286462,4,0.1999999999999999,24450,143105.0,2.0,122250,265355.0,0,0.04127230826143869
FAN-000320,FC Seoul,35_54,free_registered,True,False,2,0.956043131038119,1,0.5,18069,0.0,0.0,36138,36138.0,1,0.8046311908812815
FAN-000321,Ulsan HD,18_34,paid_membership,False,False,4,0.9105876413262756,3,0.25,17184,63538.0,1.0,68736,132274.0,1,0.6059404748830985
FAN-000322,Jeonbuk Hyundai Motors,18_34,free_registered,True,True,1,0.9687661154074572,0,1.0,21861,100188.0,1.0,21861,122049.0,1,0.702704140691119
FAN-000323,Jeju SK,18_34,season_ticket_full,True,True,19,0.8013453757172628,15,0.2105263157894736,0,415219.0,5.0,0,415219.0,0,0.1432575075080111
FAN-000324,FC Seoul,55_Plus,free_registered,False,False,2,0.9113456600326276,1,0.5,17878,0.0,0.0,35756,35756.0,1,0.5163854698943241
FAN-000325,Gangwon FC,Under_18,free_registered,True,True,1,0.9018452102956048,0,1.0,16829,0.0,0.0,16829,16829.0,1,0.6157052454528309
FAN-000326,Jeonbuk Hyundai Motors,35_54,free_registered,True,True,2,0.9626423268308584,1,0.5,21404,0.0,0.0,42808,42808.0,1,0.7955710060835273
FAN-000327,Jeju SK,Under_18,free_registered,True,True,2,0.961864600462324,1,0.5,21953,0.0,0.0,43906,43906.0,1,0.8636585033133266
FAN-000328,Jeju SK,18_34,free_registered,True,False,1,0.9820470305823332,0,1.0,22449,0.0,0.0,22449,22449.0,0,0.478784740045831
FAN-000329,Ulsan HD,18_34,free_registered,False,True,1,0.97624334565271,0,1.0,16047,0.0,0.0,16047,16047.0,1,0.6466373633495623
FAN-000330,FC Seoul,18_34,season_ticket_partial,True,False,7,0.8813426965283804,6,0.1428571428571429,0,257904.0,3.0,0,257904.0,0,0.14900097839547966
FAN-000331,Ulsan HD,18_34,paid_membership,True,True,4,0.894622937665472,3,0.25,19575,69334.0,1.0,78300,147634.0,0,0.15584673603968524
FAN-000332,Jeonbuk Hyundai Motors,18_34,paid_membership,False,False,2,0.9558054418373816,1,0.5,17734,65784.0,1.0,35468,101252.0,1,0.6006645160241763
FAN-000333,FC Seoul,Under_18,free_registered,True,False,1,0.9061924604770368,0,1.0,21384,0.0,0.0,21384,21384.0,1,0.6612080225988898
FAN-000334,FC Seoul,18_34,paid_membership,True,True,2,0.9954464537704596,1,0.5,22328,116735.0,2.0,44656,161391.0,1,0.826376843122889
FAN-000335,FC Seoul,55_Plus,free_registered,True,False,1,0.92197657701455,0,1.0,22926,71941.0,1.0,22926,94867.0,0,0.41264411273854
FAN-000336,FC Seoul,55_Plus,paid_membership,False,True,5,0.9737644520110408,4,0.1999999999999999,24926,130913.0,1.0,124630,255543.0,0,0.06350438557684934
FAN-000337,Jeonbuk Hyundai Motors,18_34,free_registered,True,False,1,0.9656266687092354,0,1.0,19516,97292.0,1.0,19516,116808.0,1,0.7728958506865016
FAN-000338,Jeonbuk Hyundai Motors,35_54,free_registered,True,True,1,0.978169050466087,0,1.0,17906,0.0,0.0,17906,17906.0,1,0.6479352840008318
FAN-000339,Ulsan HD,55_Plus,free_registered,True,True,1,0.9592483325811776,0,1.0,17262,78854.0,1.0,17262,96116.0,1,0.5651773543385945
FAN-000340,FC Seoul,Under_18,season_ticket_partial,True,False,7,0.905957704654645,6,0.1428571428571429,0,224406.0,2.0,0,224406.0,0,0.10041960184065445
FAN-000341,Ulsan HD,35_54,free_registered,True,False,1,0.923522493032893,0,1.0,22470,102437.0,1.0,22470,124907.0,0,0.4304149831649829
FAN-000342,Ulsan HD,55_Plus,paid_membership,True,True,3,0.9198171260709508,2,0.3333333333333333,19362,82999.0,1.0,58086,141085.0,0,0.41275503078430253
FAN-000343,FC Seoul,Under_18,free_registered,True,True,1,0.9143970076713984,0,1.0,24047,0.0,0.0,24047,24047.0,1,0.813280572877797
FAN-000344,Ulsan HD,18_34,paid_membership,True,True,2,0.8870316867150494,1,0.5,16289,0.0,0.0,32578,32578.0,1,0.7223283457235242
FAN-000345,Ulsan HD,55_Plus,season_ticket_partial,True,False,6,0.8522225927945406,5,0.1666666666666666,0,96508.0,1.0,0,96508.0,0,0.17594772289967306
FAN-000346,Jeju SK,18_34,free_registered,False,True,2,0.9949516365155646,1,0.5,19870,112399.0,1.0,39740,152139.0,1,0.8900323508095139
FAN-000347,Jeju SK,Under_18,free_registered,True,True,1,0.9898087228340754,0,1.0,19595,50371.0,1.0,19595,69966.0,1,0.8255146363459821
FAN-000348,FC Seoul,18_34,season_ticket_full,True,True,19,0.6399202960114008,12,0.368421052631579,0,267054.0,4.0,0,267054.0,0,0.2836544408632003
FAN-000349,Ulsan HD,18_34,paid_membership,True,False,2,0.9094325702080224,1,0.5,19712,0.0,0.0,39424,39424.0,1,0.8127193871034293
FAN-000350,Jeju SK,35_54,free_registered,True,True,1,0.9612594174665374,0,1.0,16846,0.0,0.0,16846,16846.0,0,0.4154178896286378
FAN-000351,Ulsan HD,35_54,paid_membership,True,True,5,0.9915939942826822,4,0.1999999999999999,18809,134611.0,1.0,94045,228656.0,0,0.1363438944308509
FAN-000352,Jeonbuk Hyundai Motors,55_Plus,paid_membership,True,True,3,0.8912636194039419,2,0.3333333333333333,23874,0.0,0.0,71622,71622.0,0,0.384372946719217
FAN-000353,Jeju SK,18_34,free_registered,True,True,1,0.9384757944714286,0,1.0,20930,0.0,0.0,20930,20930.0,0,0.2232022232629844
FAN-000354,FC Seoul,18_34,season_ticket_partial,True,False,8,0.7124496148136081,5,0.375,0,88732.0,1.0,0,88732.0,0,0.10005130748880751
FAN-000355,FC Seoul,18_34,free_registered,True,False,1,0.9089404965901464,0,1.0,20982,21888.0,1.0,20982,42870.0,0,0.2500668857256987
FAN-000356,Jeju SK,18_34,free_registered,False,False,2,0.9824693268774132,1,0.5,17919,0.0,0.0,35838,35838.0,1,0.5755931883561068
FAN-000357,FC Seoul,18_34,paid_membership,True,True,2,0.9767313892085284,1,0.5,23779,0.0,0.0,47558,47558.0,1,0.6949540117320389
FAN-000358,Jeju SK,55_Plus,free_registered,False,False,1,0.9799653274945644,0,1.0,16858,71411.0,1.0,16858,88269.0,1,0.5700600155122066
FAN-000359,Gangwon FC,35_54,free_registered,True,True,2,0.992225674835349,1,0.5,22896,0.0,0.0,45792,45792.0,1,0.645994096377613
FAN-000360,Jeju SK,18_34,paid_membership,True,True,2,0.935727182897984,1,0.5,17139,0.0,0.0,34278,34278.0,1,0.7994477664415898
FAN-000361,Ulsan HD,35_54,season_ticket_partial,True,False,5,0.8289378874389791,4,0.1999999999999999,0,63661.0,1.0,0,63661.0,1,0.5496194906743818
FAN-000362,Jeju SK,18_34,season_ticket_partial,True,True,10,0.9339679687612172,9,0.0999999999999999,0,135585.0,1.0,0,135585.0,0,0.11363168220668221
FAN-000363,Ulsan HD,18_34,season_ticket_full,True,True,19,0.7911116171597443,15,0.2105263157894736,0,535159.0,5.0,0,535159.0,0,0.18078368040918413
FAN-000364,Ulsan HD,35_54,season_ticket_partial,True,False,5,0.8485179479016813,4,0.1999999999999999,0,144893.0,1.0,0,144893.0,0,0.15915732367471502
FAN-000365,Gangwon FC,18_34,free_registered,False,True,2,0.975607845004492,1,0.5,17823,0.0,0.0,35646,35646.0,1,0.8979207131973236
FAN-000366,Ulsan HD,55_Plus,free_registered,True,False,1,0.9393036757131564,0,1.0,17971,0.0,0.0,17971,17971.0,0,0.4961224527188935
FAN-000367,Gangwon FC,35_54,season_ticket_partial,True,False,6,0.912647898115458,5,0.1666666666666666,0,155148.0,2.0,0,155148.0,0,0.04362392992421598
FAN-000368,Gangwon FC,18_34,free_registered,True,True,1,0.904846444885081,0,1.0,21166,0.0,0.0,21166,21166.0,1,0.6346008468949476
FAN-000369,FC Seoul,35_54,paid_membership,True,True,3,0.9666782068669972,2,0.3333333333333333,19596,0.0,0.0,58788,58788.0,0,0.20933118661019956
FAN-000370,FC Seoul,18_34,paid_membership,True,True,4,0.9624403085586316,3,0.25,21954,0.0,0.0,87816,87816.0,0,0.119050558502326
FAN-000371,FC Seoul,18_34,free_registered,True,True,2,0.9844514201790489,1,0.5,16820,90428.0,1.0,33640,124068.0,1,0.7662273070839668
FAN-000372,FC Seoul,18_34,season_ticket_partial,True,True,7,0.902193253796486,6,0.1428571428571429,0,132189.0,3.0,0,132189.0,0,0.17292369357546034
FAN-000373,FC Seoul,18_34,paid_membership,True,False,3,0.916863989207156,2,0.3333333333333333,23924,0.0,0.0,71772,71772.0,0,0.3216242712672398
FAN-000374,Jeju SK,35_54,free_registered,True,True,1,0.961687170196574,0,1.0,18778,0.0,0.0,18778,18778.0,0,0.4561761284242681
FAN-000375,FC Seoul,18_34,season_ticket_full,True,True,16,0.8809608627111992,14,0.125,0,427235.0,5.0,0,427235.0,0,0.05088927851478214
FAN-000376,Ulsan HD,35_54,free_registered,True,True,2,0.9026516791863738,1,0.5,16488,135629.0,1.0,32976,168605.0,0,0.4212458823615461
FAN-000377,Jeonbuk Hyundai Motors,35_54,free_registered,False,True,2,0.9907214939817428,1,0.5,20845,0.0,0.0,41690,41690.0,1,0.8547835022073158
FAN-000378,FC Seoul,18_34,paid_membership,True,False,3,0.866086755246603,2,0.3333333333333333,17338,266802.0,2.0,52014,318816.0,0,0.16711651621960547
FAN-000379,Jeonbuk Hyundai Motors,35_54,season_ticket_partial,True,True,5,0.8523046724006713,4,0.1999999999999999,0,209919.0,2.0,0,209919.0,0,0.15393865788353606
FAN-000380,FC Seoul,18_34,paid_membership,True,False,4,0.8888517633722605,3,0.25,20651,120177.0,1.0,82604,202781.0,0,0.13152307877307876
FAN-000381,FC Seoul,18_34,paid_membership,False,True,4,0.9424957121830844,3,0.25,19162,146198.0,1.0,76648,222846.0,0,0.18455548340548342
FAN-000382,Jeju SK,18_34,paid_membership,True,True,4,0.9280484373105996,3,0.25,16238,0.0,0.0,64952,64952.0,1,0.5264421829391246
FAN-000383,Jeju SK,18_34,free_registered,True,True,2,0.9322105145835397,1,0.5,23467,54996.0,1.0,46934,101930.0,1,0.670292540534135
FAN-000384,Jeonbuk Hyundai Motors,Under_18,season_ticket_partial,True,True,8,0.912674262831404,7,0.125,0,358693.0,3.0,0,358693.0,1,0.5216372749955047
FAN-000385,Jeonbuk Hyundai Motors,35_54,season_ticket_partial,True,False,11,0.7322395443506393,8,0.2727272727272727,0,52006.0,1.0,0,52006.0,0,0.29039070874320944
FAN-000386,Jeonbuk Hyundai Motors,18_34,free_registered,True,True,2,0.9674556359052064,1,0.5,23120,75302.0,1.0,46240,121542.0,1,0.8165474039536655
FAN-000387,FC Seoul,18_34,free_registered,True,False,1,0.9647669509660226,0,1.0,20086,112000.0,1.0,20086,132086.0,1,0.7409669603336981
FAN-000388,FC Seoul,55_Plus,season_ticket_full,True,True,17,0.6750890421112845,11,0.3529411764705882,0,427495.0,5.0,0,427495.0,1,0.6158019959343485
FAN-000389,Jeonbuk Hyundai Motors,35_54,season_ticket_partial,True,False,6,0.7340905261917535,4,0.3333333333333333,0,355950.0,3.0,0,355950.0,0,0.2729011332582761
FAN-000390,Jeonbuk Hyundai Motors,35_54,season_ticket_partial,True,True,9,0.7949117943034935,7,0.2222222222222222,0,336824.0,3.0,0,336824.0,0,0.20777394480717465
FAN-000391,Gangwon FC,Under_18,season_ticket_partial,True,True,10,0.8103442918030788,8,0.1999999999999999,0,112892.0,1.0,0,112892.0,0,0.14253442877784983
FAN-000392,Ulsan HD,35_54,paid_membership,False,True,4,0.9386818785224628,3,0.25,18948,28960.0,1.0,75792,104752.0,0,0.13711440061312188
FAN-000393,Ulsan HD,35_54,paid_membership,True,True,2,0.9215946447796012,1,0.5,23235,140824.0,1.0,46470,187294.0,1,0.6974112210447465
FAN-000394,Jeonbuk Hyundai Motors,35_54,paid_membership,False,False,3,0.8589345423010653,2,0.3333333333333333,17693,0.0,0.0,53079,53079.0,0,0.332116299212832
FAN-000395,Ulsan HD,35_54,free_registered,False,True,2,0.9876914722407756,1,0.5,23395,0.0,0.0,46790,46790.0,1,0.6218119282757687
FAN-000396,Gangwon FC,18_34,paid_membership,True,True,4,0.8705653671030938,3,0.25,16946,0.0,0.0,67784,67784.0,0,0.14874550095873632
FAN-000397,Jeonbuk Hyundai Motors,Under_18,paid_membership,True,True,5,0.9333706013779068,4,0.1999999999999999,20255,0.0,0.0,101275,101275.0,0,0.2817558210815412
FAN-000398,Ulsan HD,18_34,paid_membership,False,True,4,0.9663065924889166,3,0.25,20937,93368.0,1.0,83748,177116.0,0,0.05634391534391534
FAN-000399,Jeonbuk Hyundai Motors,18_34,paid_membership,True,False,3,0.8508172041587183,2,0.3333333333333333,22898,77190.0,2.0,68694,145884.0,0,0.11368029712295162
FAN-000400,Jeonbuk Hyundai Motors,35_54,free_registered,True,False,2,0.9916062201983716,1,0.5,17124,0.0,0.0,34248,34248.0,0,0.3849465529871021
FAN-000401,FC Seoul,18_34,free_registered,True,False,2,0.9750143956760354,1,0.5,24746,0.0,0.0,49492,49492.0,0,0.466732027255189
FAN-000402,Gangwon FC,55_Plus,free_registered,True,True,2,0.960472276403528,1,0.5,17388,0.0,0.0,34776,34776.0,1,0.9336617270083029
FAN-000403,Ulsan HD,55_Plus,free_registered,False,False,1,0.9258175562303524,0,1.0,24606,83340.0,1.0,24606,107946.0,1,0.7251304567477442
FAN-000404,Jeonbuk Hyundai Motors,18_34,free_registered,True,False,2,0.967864095971669,1,0.5,23645,0.0,0.0,47290,47290.0,0,0.26395808794398196
FAN-000405,Ulsan HD,18_34,season_ticket_full,True,True,19,0.6867799572506995,13,0.3157894736842105,0,388508.0,5.0,0,388508.0,1,0.6835255049960935
FAN-000406,Jeonbuk Hyundai Motors,35_54,free_registered,True,True,1,0.9065233861203954,0,1.0,19647,0.0,0.0,19647,19647.0,1,0.8176479100250403
FAN-000407,Ulsan HD,55_Plus,free_registered,True,False,1,0.9239351465491956,0,1.0,16839,24864.0,1.0,16839,41703.0,0,0.4558823347659638
FAN-000408,FC Seoul,18_34,paid_membership,True,True,4,0.9317707219953044,3,0.25,17206,97109.0,1.0,68824,165933.0,0,0.28304955366271156
FAN-000409,Gangwon FC,18_34,paid_membership,True,False,4,0.904813456615789,3,0.25,24847,86931.0,2.0,99388,186319.0,0,0.3065864487542636
FAN-000410,FC Seoul,18_34,free_registered,True,True,1,0.9760116803260652,0,1.0,20872,94376.0,1.0,20872,115248.0,1,0.6844549059752177
FAN-000411,Ulsan HD,35_54,paid_membership,True,True,2,0.966857517405868,1,0.5,16978,42063.0,1.0,33956,76019.0,1,0.7513840477398307
FAN-000412,Gangwon FC,18_34,paid_membership,True,False,5,0.8967831857139235,4,0.1999999999999999,16550,169103.0,2.0,82750,251853.0,0,0.1870779878334226
FAN-000413,Gangwon FC,35_54,free_registered,False,False,1,0.9357641186661342,0,1.0,24491,0.0,0.0,24491,24491.0,0,0.3815090360389374
FAN-000414,Jeju SK,Under_18,free_registered,True,True,1,0.960791312548897,0,1.0,21388,0.0,0.0,21388,21388.0,1,0.7567421859588241
FAN-000415,Jeju SK,Under_18,season_ticket_full,True,False,15,0.8114396384429532,12,0.1999999999999999,0,320257.0,3.0,0,320257.0,0,0.1080825672149202
FAN-000416,Ulsan HD,18_34,season_ticket_partial,True,True,8,0.7954666950490634,6,0.25,0,84374.0,1.0,0,84374.0,0,0.35886070069110193
FAN-000417,FC Seoul,18_34,paid_membership,True,False,3,0.8975205860262396,2,0.3333333333333333,16204,247396.0,2.0,48612,296008.0,0,0.11019275129057737
FAN-000418,Ulsan HD,18_34,free_registered,True,False,2,0.9825538437612472,1,0.5,24613,133953.0,1.0,49226,183179.0,1,0.6305108692444779
FAN-000419,Jeju SK,18_34,free_registered,True,False,1,0.9922937881553364,0,1.0,17985,0.0,0.0,17985,17985.0,0,0.4530290764415232
FAN-000420,Jeonbuk Hyundai Motors,18_34,paid_membership,True,True,4,0.8914431001390979,3,0.25,22463,81261.0,1.0,89852,171113.0,1,0.5551498018152945
FAN-000421,Jeonbuk Hyundai Motors,18_34,free_registered,True,True,2,0.9329416124745054,1,0.5,19746,0.0,0.0,39492,39492.0,1,0.6520508649792552
FAN-000422,Jeonbuk Hyundai Motors,18_34,free_registered,True,False,1,0.993819745441188,0,1.0,23311,0.0,0.0,23311,23311.0,0,0.3360845584577171
FAN-000423,FC Seoul,55_Plus,paid_membership,True,True,3,0.8954492284580763,2,0.3333333333333333,17703,183837.0,2.0,53109,236946.0,0,0.06594051186219863
FAN-000424,Ulsan HD,18_34,free_registered,True,True,2,0.9453499862094792,1,0.5,22233,0.0,0.0,44466,44466.0,0,0.49717578607183316
FAN-000425,FC Seoul,18_34,paid_membership,False,False,2,0.9217982480964462,1,0.5,20024,219928.0,2.0,40048,259976.0,1,0.7801379645217671
FAN-000426,Ulsan HD,35_54,season_ticket_partial,True,True,6,0.8435942404220764,5,0.1666666666666666,0,37177.0,1.0,0,37177.0,0,0.2673061090439544
FAN-000427,Ulsan HD,55_Plus,free_registered,True,True,2,0.9025392734443084,1,0.5,24165,133936.0,1.0,48330,182266.0,0,0.4862055797991844
FAN-000428,Jeonbuk Hyundai Motors,18_34,season_ticket_partial,True,True,7,0.8602036518106094,6,0.1428571428571429,0,375440.0,3.0,0,375440.0,0,0.43733320139143084
FAN-000429,Ulsan HD,35_54,free_registered,False,True,1,0.9089689896162096,0,1.0,22101,0.0,0.0,22101,22101.0,1,0.5215590610868546
FAN-000430,FC Seoul,35_54,season_ticket_partial,True,True,7,0.7147477129261907,5,0.2857142857142857,0,227436.0,3.0,0,227436.0,0,0.09815287804589862
FAN-000431,FC Seoul,35_54,free_registered,True,False,1,0.903757284396338,0,1.0,22254,118775.0,1.0,22254,141029.0,1,0.510400912868304
FAN-000432,Jeonbuk Hyundai Motors,Under_18,free_registered,False,True,2,0.9225409177100272,1,0.5,21658,0.0,0.0,43316,43316.0,1,0.8813452965244668
FAN-000433,Jeju SK,35_54,paid_membership,True,True,5,0.9265793529476336,4,0.1999999999999999,22078,0.0,0.0,110390,110390.0,0,0.10444189716582407
FAN-000434,FC Seoul,Under_18,free_registered,True,False,2,0.9074169921384212,1,0.5,16683,93279.0,1.0,33366,126645.0,1,0.7091260992355903
FAN-000435,FC Seoul,35_54,season_ticket_partial,True,False,10,0.8378270752995569,8,0.1999999999999999,0,88319.0,2.0,0,88319.0,0,0.10157260101010102
FAN-000436,Jeonbuk Hyundai Motors,35_54,free_registered,True,False,2,0.9265114013374744,1,0.5,16022,128200.0,1.0,32044,160244.0,0,0.48230900234069113
FAN-000437,FC Seoul,18_34,free_registered,False,True,2,0.9266913561675816,1,0.5,21765,73859.0,1.0,43530,117389.0,1,0.5328901614034908
FAN-000438,Jeonbuk Hyundai Motors,35_54,paid_membership,True,False,2,0.9874894518062748,1,0.5,22714,29487.0,1.0,45428,74915.0,1,0.5585365680025687
FAN-000439,Jeonbuk Hyundai Motors,Under_18,free_registered,True,True,1,0.969022923784933,0,1.0,17791,76696.0,1.0,17791,94487.0,1,0.7290619468416082
FAN-000440,FC Seoul,35_54,free_registered,True,True,1,0.9929480092446132,0,1.0,22031,0.0,0.0,22031,22031.0,1,0.6671345225226082
FAN-000441,FC Seoul,18_34,paid_membership,False,True,5,0.8649086237121042,4,0.1999999999999999,21454,204595.0,2.0,107270,311865.0,0,0.1347715802715803
FAN-000442,Gangwon FC,18_34,paid_membership,True,True,3,0.9170787002807018,2,0.3333333333333333,20782,209310.0,2.0,62346,271656.0,0,0.038189309360996106
FAN-000443,Ulsan HD,Under_18,season_ticket_partial,True,True,5,0.8422159641488012,4,0.1999999999999999,0,176177.0,2.0,0,176177.0,0,0.3894003459775771
FAN-000444,Ulsan HD,55_Plus,season_ticket_full,True,False,15,0.7071311745355043,10,0.3333333333333333,0,402397.0,4.0,0,402397.0,0,0.030948705199208823
FAN-000445,Jeonbuk Hyundai Motors,Under_18,free_registered,True,True,1,0.9503103502877894,0,1.0,24186,0.0,0.0,24186,24186.0,0,0.43304838456235967
FAN-000446,Gangwon FC,18_34,paid_membership,True,False,3,0.9189157960673628,2,0.3333333333333333,16751,137619.0,1.0,50253,187872.0,0,0.14847845799797077
FAN-000447,Gangwon FC,18_34,free_registered,True,True,2,0.9160669148755368,1,0.5,23595,0.0,0.0,47190,47190.0,1,0.7198907642030025
FAN-000448,Jeonbuk Hyundai Motors,35_54,paid_membership,True,True,4,0.9795179719674136,3,0.25,19426,196768.0,2.0,77704,274472.0,0,0.12002627096894493
FAN-000449,Ulsan HD,18_34,free_registered,True,True,2,0.9398747543305096,1,0.5,24857,0.0,0.0,49714,49714.0,0,0.4267339197510485
FAN-000450,FC Seoul,Under_18,season_ticket_full,True,False,18,0.8213123439968875,14,0.2222222222222222,0,412414.0,5.0,0,412414.0,0,0.164144842395346
FAN-000451,Jeonbuk Hyundai Motors,18_34,paid_membership,True,False,3,0.9776977904715338,2,0.3333333333333333,17868,128881.0,1.0,53604,182485.0,0,0.15524922698341373
FAN-000452,Jeju SK,18_34,season_ticket_full,True,False,19,0.6329403335971191,12,0.368421052631579,0,195617.0,3.0,0,195617.0,0,0.14044056107291403
FAN-000453,Ulsan HD,18_34,season_ticket_partial,True,False,9,0.7626491950829006,6,0.3333333333333333,0,233314.0,2.0,0,233314.0,0,0.08921412121412121
FAN-000454,Gangwon FC,18_34,season_ticket_partial,True,False,5,0.933015486312019,4,0.1999999999999999,0,203807.0,2.0,0,203807.0,0,0.11898880591821094
FAN-000455,FC Seoul,35_54,season_ticket_partial,True,False,5,0.7215955398467832,3,0.4,0,103976.0,2.0,0,103976.0,0,0.18712250547514883
FAN-000456,Ulsan HD,18_34,free_registered,True,False,2,0.944917965301071,1,0.5,24951,0.0,0.0,49902,49902.0,0,0.4594155855307157
FAN-000457,FC Seoul,18_34,free_registered,False,True,2,0.9555794806079184,1,0.5,20701,128521.0,1.0,41402,169923.0,1,0.7102169602615852
FAN-000458,Ulsan HD,18_34,free_registered,True,True,2,0.9852271568591948,1,0.5,18546,88686.0,1.0,37092,125778.0,1,0.6130037313496394
FAN-000459,FC Seoul,55_Plus,free_registered,True,True,1,0.9295432469404724,0,1.0,23911,0.0,0.0,23911,23911.0,1,0.7488155371411596
FAN-000460,FC Seoul,55_Plus,paid_membership,True,True,5,0.92563233140462,4,0.1999999999999999,24297,250090.0,2.0,121485,371575.0,0,0.21191587041587046
FAN-000461,FC Seoul,35_54,paid_membership,True,True,5,0.9962007957069476,4,0.1999999999999999,24076,108091.0,1.0,120380,228471.0,0,0.2022676767676768
FAN-000462,Jeju SK,18_34,paid_membership,False,True,3,0.8723979548658501,2,0.3333333333333333,20835,237092.0,2.0,62505,299597.0,0,0.09945807170807165
FAN-000463,Jeonbuk Hyundai Motors,Under_18,season_ticket_full,True,True,18,0.7925106362760099,14,0.2222222222222222,0,524800.0,5.0,0,524800.0,0,0.3182239160994194
FAN-000464,Jeju SK,18_34,season_ticket_partial,True,True,11,0.7309318437118381,8,0.2727272727272727,0,134897.0,2.0,0,134897.0,0,0.3529629464541856
FAN-000465,Gangwon FC,18_34,free_registered,False,False,1,0.9463230849813672,0,1.0,22388,42454.0,1.0,22388,64842.0,1,0.8494940665749405
FAN-000466,Ulsan HD,18_34,free_registered,True,True,1,0.9481505993373722,0,1.0,19665,77471.0,1.0,19665,97136.0,1,0.7876307361063176
FAN-000467,FC Seoul,35_54,free_registered,False,True,1,0.97432963855826,0,1.0,21654,106659.0,1.0,21654,128313.0,1,0.8682589150900386
FAN-000468,Jeonbuk Hyundai Motors,35_54,free_registered,True,False,1,0.9974574052316476,0,1.0,24261,48692.0,1.0,24261,72953.0,1,0.7150730805512358
FAN-000469,FC Seoul,35_54,paid_membership,True,True,5,0.9980930163374946,4,0.1999999999999999,18925,0.0,0.0,94625,94625.0,0,0.12004510705757196
FAN-000470,Gangwon FC,18_34,paid_membership,False,True,2,0.8994860566525923,1,0.5,16134,70379.0,1.0,32268,102647.0,1,0.5693881244589595
FAN-000471,FC Seoul,35_54,paid_membership,True,True,3,0.919162265263728,2,0.3333333333333333,24110,128223.0,2.0,72330,200553.0,0,0.09148363193031867
FAN-000472,Gangwon FC,18_34,season_ticket_partial,True,True,7,0.7676520740817963,5,0.2857142857142857,0,284633.0,3.0,0,284633.0,0,0.1755526829028463
FAN-000473,FC Seoul,Under_18,season_ticket_partial,True,True,10,0.7960214149301563,7,0.3,0,89108.0,1.0,0,89108.0,0,0.19831091173798804
FAN-000474,Jeonbuk Hyundai Motors,35_54,free_registered,True,True,1,0.9079869974853246,0,1.0,24329,115297.0,1.0,24329,139626.0,0,0.3258750477917145
FAN-000475,Ulsan HD,Under_18,paid_membership,True,True,5,0.9934051843933144,4,0.1999999999999999,17876,44218.0,1.0,89380,133598.0,0,0.15747685185185187
FAN-000476,Gangwon FC,18_34,free_registered,True,False,2,0.9654732765971922,1,0.5,22856,20744.0,1.0,45712,66456.0,0,0.33899812168508303
FAN-000477,FC Seoul,18_34,free_registered,True,True,2,0.9328047676661808,1,0.5,19958,148122.0,1.0,39916,188038.0,1,0.5009173001328172
FAN-000478,Jeju SK,35_54,free_registered,True,False,2,0.9844906961995832,1,0.5,17437,70357.0,1.0,34874,105231.0,1,0.860265250687606
FAN-000479,Gangwon FC,35_54,free_registered,False,True,2,0.9224693588130722,1,0.5,21551,0.0,0.0,43102,43102.0,1,0.8726979704310199
FAN-000480,Ulsan HD,18_34,free_registered,True,True,1,0.9364494692401912,0,1.0,18287,0.0,0.0,18287,18287.0,0,0.30787764099336745
FAN-000481,Jeju SK,35_54,free_registered,True,False,2,0.9916432533890648,1,0.5,22680,0.0,0.0,45360,45360.0,0,0.37770453544945204
FAN-000482,Jeju SK,18_34,paid_membership,True,True,5,0.9527201498181278,4,0.1999999999999999,16216,149008.0,1.0,81080,230088.0,0,0.26717062598813174
FAN-000483,Ulsan HD,18_34,paid_membership,True,False,2,0.93003444502367,1,0.5,18928,124907.0,1.0,37856,162763.0,1,0.639446650682777
FAN-000484,Jeju SK,35_54,free_registered,True,True,1,0.9244021332436008,0,1.0,19083,139759.0,1.0,19083,158842.0,0,0.45977669815250477
FAN-000485,Jeju SK,35_54,free_registered,True,False,1,0.975331619394986,0,1.0,22650,0.0,0.0,22650,22650.0,0,0.3798456067732311
FAN-000486,Gangwon FC,55_Plus,season_ticket_partial,True,True,11,0.8075770107989324,8,0.2727272727272727,0,140867.0,2.0,0,140867.0,0,0.21165880266963855
FAN-000487,FC Seoul,18_34,free_registered,False,True,2,0.9993056109368116,1,0.5,16386,0.0,0.0,32772,32772.0,0,0.3562986498846411
FAN-000488,FC Seoul,35_54,season_ticket_full,True,False,17,0.6847776432884576,11,0.3529411764705882,0,277484.0,3.0,0,277484.0,0,0.17449667035941555
FAN-000489,Gangwon FC,35_54,paid_membership,True,False,5,0.9253802535741508,4,0.1999999999999999,21434,205716.0,2.0,107170,312886.0,0,0.1865023487523488
FAN-000490,Jeonbuk Hyundai Motors,55_Plus,free_registered,True,True,1,0.9895504833862138,0,1.0,16922,24044.0,1.0,16922,40966.0,1,0.79554548438756
FAN-000491,Ulsan HD,18_34,free_registered,True,False,2,0.969947354179794,1,0.5,24227,0.0,0.0,48454,48454.0,1,0.7154093551186743
FAN-000492,Jeju SK,35_54,free_registered,True,True,1,0.9425350805376372,0,1.0,19264,0.0,0.0,19264,19264.0,1,0.8621301060723889
FAN-000493,FC Seoul,35_54,free_registered,True,True,2,0.9196117488404356,1,0.5,22825,0.0,0.0,45650,45650.0,1,0.8183206669770943
FAN-000494,FC Seoul,18_34,free_registered,True,True,1,0.9200211427978688,0,1.0,21261,96840.0,1.0,21261,118101.0,0,0.45751686112123724
FAN-000495,Ulsan HD,18_34,paid_membership,True,False,5,0.943183852675375,4,0.1999999999999999,22391,134596.0,2.0,111955,246551.0,0,0.06785782459695501
FAN-000496,Ulsan HD,18_34,free_registered,False,False,1,0.9416061293190708,0,1.0,18368,0.0,0.0,18368,18368.0,0,0.28945426130269886
FAN-000497,Jeju SK,35_54,paid_membership,True,True,5,0.9889402372857052,4,0.1999999999999999,21643,39793.0,1.0,108215,148008.0,0,0.13920469653802986
FAN-000498,FC Seoul,35_54,paid_membership,True,True,5,0.9022986352768312,4,0.1999999999999999,19457,94211.0,2.0,97285,191496.0,0,0.06093584656084654
FAN-000499,Gangwon FC,35_54,free_registered,True,False,1,0.92300745165079,0,1.0,19938,121661.0,1.0,19938,141599.0,0,0.21385447460447465
FAN-000500,Gangwon FC,35_54,free_registered,False,True,2,0.9836555625752051,1,0.5,24514,67024.0,1.0,49028,116052.0,0,0.2542100211216066
FAN-000501,Jeju SK,18_34,free_registered,False,True,1,0.9920043548906976,0,1.0,21932,0.0,0.0,21932,21932.0,1,0.6160287439212123
FAN-000502,Ulsan HD,Under_18,free_registered,True,True,1,0.970525720618702,0,1.0,22204,92015.0,1.0,22204,114219.0,1,0.837949074769386
FAN-000503,Ulsan HD,18_34,paid_membership,True,True,4,0.9324340303219332,3,0.25,17824,103434.0,2.0,71296,174730.0,0,0.3756659562659561
FAN-000504,Jeonbuk Hyundai Motors,18_34,free_registered,False,True,2,0.90923104202104,1,0.5,18966,0.0,0.0,37932,37932.0,1,0.6336596157981496
FAN-000505,Jeju SK,18_34,paid_membership,True,True,5,0.8859793374965567,4,0.1999999999999999,22471,188201.0,2.0,112355,300556.0,0,0.18345886353622928
FAN-000506,FC Seoul,18_34,free_registered,False,False,1,0.9550352196685852,0,1.0,18215,0.0,0.0,18215,18215.0,0,0.38508737467719145
FAN-000507,Gangwon FC,18_34,free_registered,False,False,1,0.9639241629649488,0,1.0,18405,0.0,0.0,18405,18405.0,0,0.2682475663373832
FAN-000508,Jeonbuk Hyundai Motors,18_34,paid_membership,True,True,2,0.9140337663909132,1,0.5,18915,100532.0,1.0,37830,138362.0,1,0.7458521702928645
FAN-000509,Gangwon FC,18_34,paid_membership,True,True,3,0.94019050570791,2,0.3333333333333333,16682,41695.0,1.0,50046,91741.0,0,0.05584353776522453
FAN-000510,Jeonbuk Hyundai Motors,18_34,free_registered,True,True,1,0.9916146449447332,0,1.0,22227,22393.0,1.0,22227,44620.0,1,0.6069711871924712
FAN-000511,Jeju SK,Under_18,free_registered,True,True,1,0.91176974743002,0,1.0,20921,142974.0,1.0,20921,163895.0,0,0.4889314589893536
FAN-000512,Ulsan HD,55_Plus,paid_membership,False,False,4,0.8924368786155743,3,0.25,21615,139378.0,2.0,86460,225838.0,0,0.14030633880633878
FAN-000513,Gangwon FC,35_54,free_registered,False,False,2,0.9927441291043044,1,0.5,19069,0.0,0.0,38138,38138.0,1,0.5930887636072388
FAN-000514,Jeonbuk Hyundai Motors,35_54,free_registered,True,False,2,0.94628057784332,1,0.5,19967,0.0,0.0,39934,39934.0,0,0.45225418852186616
FAN-000515,FC Seoul,Under_18,paid_membership,True,False,5,0.9605272259350872,4,0.1999999999999999,18528,0.0,0.0,92640,92640.0,0,0.1313202995474734
FAN-000516,FC Seoul,35_54,free_registered,True,True,1,0.9552513251385404,0,1.0,24837,131349.0,1.0,24837,156186.0,1,0.5085983935948476
FAN-000517,Ulsan HD,35_54,paid_membership,True,True,4,0.8995225795081366,3,0.25,23455,116354.0,2.0,93820,210174.0,0,0.14167298233847533
FAN-000518,Jeonbuk Hyundai Motors,35_54,paid_membership,True,False,3,0.9248853745254512,2,0.3333333333333333,20288,0.0,0.0,60864,60864.0,0,0.10771073210627292
FAN-000519,Gangwon FC,Under_18,paid_membership,True,False,5,0.9827112660855348,4,0.1999999999999999,24691,0.0,0.0,123455,123455.0,0,0.05261986701570036
FAN-000520,FC Seoul,35_54,paid_membership,True,True,5,0.8779134672127973,4,0.1999999999999999,24860,197534.0,2.0,124300,321834.0,0,0.3183407398298702
FAN-000521,Jeju SK,35_54,paid_membership,True,True,5,0.9065117188143348,4,0.1999999999999999,20670,0.0,0.0,103350,103350.0,0,0.3659957111662695
FAN-000522,Ulsan HD,35_54,paid_membership,False,False,4,0.9762593201242618,3,0.25,21656,95936.0,1.0,86624,182560.0,0,0.1351755128929042
FAN-000523,Gangwon FC,35_54,season_ticket_partial,True,True,8,0.771512528328479,6,0.25,0,44016.0,1.0,0,44016.0,0,0.27755868945076323
FAN-000524,Jeonbuk Hyundai Motors,18_34,free_registered,False,False,1,0.9019783972810989,0,1.0,16316,0.0,0.0,16316,16316.0,1,0.6292189665756301
FAN-000525,Jeonbuk Hyundai Motors,18_34,free_registered,True,False,1,0.9557652450827732,0,1.0,18647,142820.0,1.0,18647,161467.0,1,0.6380094960948616
FAN-000526,Ulsan HD,Under_18,paid_membership,True,True,3,0.9849288291307914,2,0.3333333333333333,21657,0.0,0.0,64971,64971.0,0,0.4021142615057971
FAN-000527,Ulsan HD,35_54,paid_membership,False,False,5,0.9495011855740492,4,0.1999999999999999,23445,0.0,0.0,117225,117225.0,0,0.48213649565678535
FAN-000528,FC Seoul,Under_18,free_registered,True,False,2,0.9749007676774484,1,0.5,22072,0.0,0.0,44144,44144.0,1,0.693046601334389
FAN-000529,FC Seoul,18_34,season_ticket_partial,True,False,9,0.9284143444185894,8,0.1111111111111111,0,268568.0,2.0,0,268568.0,0,0.19511469366509415
FAN-000530,Jeonbuk Hyundai Motors,18_34,free_registered,True,True,1,0.9294448600156549,0,1.0,20473,0.0,0.0,20473,20473.0,0,0.31975144187246
FAN-000531,Jeonbuk Hyundai Motors,18_34,paid_membership,True,True,4,0.9094612754949136,3,0.25,18165,54272.0,2.0,72660,126932.0,0,0.15092087433263904
FAN-000532,Gangwon FC,Under_18,paid_membership,True,True,3,0.9864654635715256,2,0.3333333333333333,17937,0.0,0.0,53811,53811.0,0,0.19278021060663736
FAN-000533,Gangwon FC,35_54,season_ticket_full,True,True,19,0.8457136738858622,16,0.1578947368421053,0,360539.0,4.0,0,360539.0,0,0.18380833022330748
FAN-000534,Jeju SK,35_54,free_registered,True,True,2,0.9160385333705284,1,0.5,22169,0.0,0.0,44338,44338.0,1,0.8635744863190009
FAN-000535,Jeonbuk Hyundai Motors,18_34,paid_membership,True,True,3,0.9896972689972032,2,0.3333333333333333,20334,0.0,0.0,61002,61002.0,0,0.2688910434200564
FAN-000536,Gangwon FC,Under_18,free_registered,False,False,1,0.9098385309621392,0,1.0,23276,0.0,0.0,23276,23276.0,1,0.5527279241353772
FAN-000537,Jeonbuk Hyundai Motors,Under_18,free_registered,True,True,1,0.942714784503232,0,1.0,21209,0.0,0.0,21209,21209.0,0,0.37608486995293944
FAN-000538,FC Seoul,35_54,free_registered,True,True,2,0.9926782868187688,1,0.5,24573,0.0,0.0,49146,49146.0,0,0.2537284099542554
FAN-000539,Ulsan HD,18_34,paid_membership,True,True,2,0.9249991367181878,1,0.5,18840,113584.0,1.0,37680,151264.0,0,0.4551362032132755
FAN-000540,FC Seoul,18_34,free_registered,True,False,1,0.9437330654340796,0,1.0,17655,16152.0,1.0,17655,33807.0,1,0.823645376998137
FAN-000541,Gangwon FC,Under_18,free_registered,True,False,2,0.9298322526062393,1,0.5,23859,0.0,0.0,47718,47718.0,1,0.8711748367197697
FAN-000542,Jeju SK,35_54,paid_membership,True,True,3,0.9485866969730394,2,0.3333333333333333,21137,92552.0,2.0,63411,155963.0,0,0.042891869063555806
FAN-000543,FC Seoul,35_54,paid_membership,True,False,5,0.954467269181094,4,0.1999999999999999,16663,142029.0,2.0,83315,225344.0,0,0.1823257020757021
FAN-000544,Jeju SK,35_54,paid_membership,True,True,4,0.9333587197898888,3,0.25,16501,114642.0,1.0,66004,180646.0,1,0.5755684884316461
FAN-000545,Jeju SK,35_54,season_ticket_partial,True,True,9,0.8836575427510811,7,0.2222222222222222,0,149232.0,2.0,0,149232.0,0,0.14470405975497505
FAN-000546,Ulsan HD,Under_18,free_registered,True,False,2,0.9972197448910284,1,0.5,21774,0.0,0.0,43548,43548.0,0,0.432514487119154
FAN-000547,FC Seoul,Under_18,season_ticket_full,True,False,17,0.6099251531338626,10,0.4117647058823529,0,295991.0,2.0,0,295991.0,0,0.08531058792333301
FAN-000548,Jeju SK,Under_18,season_ticket_partial,True,True,10,0.8976055882761962,8,0.1999999999999999,0,182415.0,2.0,0,182415.0,0,0.05383423520923521
FAN-000549,Ulsan HD,18_34,free_registered,True,False,1,0.9397655700101708,0,1.0,16216,20486.0,1.0,16216,36702.0,1,0.7608097022929446
FAN-000550,Jeonbuk Hyundai Motors,Under_18,free_registered,False,False,1,0.9695909103841536,0,1.0,22167,146504.0,1.0,22167,168671.0,1,0.5847863857709337
FAN-000551,Ulsan HD,18_34,free_registered,True,True,2,0.9694334090466116,1,0.5,21613,0.0,0.0,43226,43226.0,1,0.5004739966115178
FAN-000552,Jeonbuk Hyundai Motors,18_34,free_registered,True,True,1,0.9368102853754696,0,1.0,21881,0.0,0.0,21881,21881.0,0,0.4869092731278636
FAN-000553,Jeju SK,55_Plus,paid_membership,True,True,4,0.8967114683526749,3,0.25,21095,122146.0,2.0,84380,206526.0,0,0.054876665817842285
FAN-000554,Jeju SK,35_54,paid_membership,True,True,5,0.9665478192108125,4,0.1999999999999999,22516,224518.0,2.0,112580,337098.0,1,0.6895169228871275
FAN-000555,Jeonbuk Hyundai Motors,35_54,paid_membership,True,True,2,0.9126905871625798,1,0.5,21952,130490.0,1.0,43904,174394.0,0,0.3346789097864998
FAN-000556,Ulsan HD,35_54,paid_membership,False,False,2,0.9841702715811884,1,0.5,21657,241454.0,2.0,43314,284768.0,1,0.5132457704037512
FAN-000557,FC Seoul,Under_18,free_registered,False,True,2,0.982385308839473,1,0.5,24521,136718.0,1.0,49042,185760.0,0,0.25744777545638375
FAN-000558,FC Seoul,35_54,season_ticket_partial,True,False,7,0.7974669687157305,5,0.2857142857142857,0,328211.0,3.0,0,328211.0,0,0.3136265902865367
FAN-000559,Jeonbuk Hyundai Motors,18_34,free_registered,False,True,2,0.9380434587493,1,0.5,21953,0.0,0.0,43906,43906.0,1,0.9062678755343264
FAN-000560,Jeju SK,35_54,season_ticket_full,True,True,18,0.6443025355828133,11,0.3888888888888888,0,101870.0,3.0,0,101870.0,0,0.24756339960540164
FAN-000561,Jeonbuk Hyundai Motors,18_34,free_registered,True,True,2,0.952161620772743,1,0.5,22560,0.0,0.0,45120,45120.0,1,0.5573239924202631
FAN-000562,FC Seoul,55_Plus,season_ticket_full,True,True,18,0.6146726484748353,11,0.3888888888888888,0,376667.0,3.0,0,376667.0,0,0.28005784635518877
FAN-000563,FC Seoul,18_34,free_registered,False,True,2,0.9909083836792408,1,0.5,21760,43468.0,1.0,43520,86988.0,1,0.8353243764698055
FAN-000564,FC Seoul,18_34,free_registered,True,False,2,0.9787142952184658,1,0.5,19345,0.0,0.0,38690,38690.0,1,0.7423948624202171
FAN-000565,Ulsan HD,55_Plus,free_registered,True,False,1,0.9220201097873127,0,1.0,17181,47096.0,1.0,17181,64277.0,1,0.6192122071005454
FAN-000566,Jeju SK,Under_18,paid_membership,True,True,5,0.9277112727567176,4,0.1999999999999999,17690,124978.0,2.0,88450,213428.0,0,0.22674787249787243
FAN-000567,Ulsan HD,35_54,season_ticket_partial,True,False,8,0.7215385881822838,5,0.375,0,143348.0,1.0,0,143348.0,0,0.18736134513634514
FAN-000568,Ulsan HD,35_54,free_registered,True,True,1,0.9766200632757844,0,1.0,19504,88424.0,1.0,19504,107928.0,0,0.42547456907775927
FAN-000569,Gangwon FC,35_54,season_ticket_full,True,True,17,0.8236039822797951,14,0.1764705882352941,0,347360.0,4.0,0,347360.0,0,0.1899760487334017
FAN-000570,Ulsan HD,55_Plus,paid_membership,True,True,4,0.8615204016404939,3,0.25,17780,194413.0,2.0,71120,265533.0,0,0.15505902330902327
FAN-000571,Ulsan HD,55_Plus,paid_membership,False,False,5,0.9327922409889372,4,0.1999999999999999,23779,0.0,0.0,118895,118895.0,0,0.12075566408899742
FAN-000572,Jeonbuk Hyundai Motors,Under_18,season_ticket_partial,True,True,7,0.944322335907339,6,0.1428571428571429,0,253579.0,2.0,0,253579.0,0,0.20883759071452576
FAN-000573,Ulsan HD,35_54,free_registered,False,True,1,0.904995297126454,0,1.0,16017,0.0,0.0,16017,16017.0,0,0.423355982973967
FAN-000574,Jeju SK,35_54,free_registered,True,True,1,0.9963071870340424,0,1.0,16158,0.0,0.0,16158,16158.0,1,0.6895121067707419
FAN-000575,Jeonbuk Hyundai Motors,35_54,season_ticket_partial,True,False,10,0.7344851341560867,7,0.3,0,79613.0,1.0,0,79613.0,0,0.24683281582773128
FAN-000576,Gangwon FC,Under_18,season_ticket_partial,True,False,8,0.740029861128984,5,0.375,0,146286.0,3.0,0,146286.0,0,0.3229808448413709
FAN-000577,FC Seoul,35_54,season_ticket_full,True,False,18,0.7336091494328905,13,0.2777777777777778,0,421421.0,5.0,0,421421.0,1,0.5513667049554436
FAN-000578,Gangwon FC,55_Plus,season_ticket_partial,True,False,8,0.8168890466843655,6,0.25,0,133503.0,1.0,0,133503.0,0,0.2868475057350058
FAN-000579,Ulsan HD,55_Plus,free_registered,False,True,2,0.949383531590138,1,0.5,24890,17330.0,1.0,49780,67110.0,0,0.36072490592108203
FAN-000580,FC Seoul,18_34,season_ticket_partial,True,False,9,0.7850444258777369,7,0.2222222222222222,0,283756.0,3.0,0,283756.0,0,0.21356273169378773
FAN-000581,Ulsan HD,Under_18,free_registered,False,False,1,0.9837703470976844,0,1.0,22282,93540.0,1.0,22282,115822.0,1,0.8479204928460734
FAN-000582,Gangwon FC,18_34,season_ticket_full,True,True,18,0.7294082962571731,13,0.2777777777777778,0,483292.0,5.0,0,483292.0,0,0.13906996819547188
FAN-000583,Ulsan HD,35_54,free_registered,True,True,2,0.91236275256039,1,0.5,18809,121617.0,1.0,37618,159235.0,0,0.3625393212187955
FAN-000584,Ulsan HD,35_54,paid_membership,True,True,2,0.9671873648234997,1,0.5,18172,0.0,0.0,36344,36344.0,1,0.5145567047310354
FAN-000585,Jeju SK,18_34,paid_membership,True,True,2,0.8576950131391304,1,0.5,19699,251953.0,2.0,39398,291351.0,1,0.664916248939572
FAN-000586,FC Seoul,Under_18,free_registered,True,False,2,0.9667167396362354,1,0.5,18266,34214.0,1.0,36532,70746.0,1,0.7452730044524556
FAN-000587,FC Seoul,18_34,free_registered,True,True,1,0.9709310448778732,0,1.0,23919,0.0,0.0,23919,23919.0,0,0.4195545141306696
FAN-000588,FC Seoul,18_34,season_ticket_partial,True,True,9,0.7098308023564622,6,0.3333333333333333,0,37657.0,1.0,0,37657.0,0,0.20896390010955232
FAN-000589,FC Seoul,55_Plus,season_ticket_partial,True,False,6,0.7924947616857938,4,0.3333333333333333,0,117037.0,2.0,0,117037.0,0,0.048211051423691406
FAN-000590,FC Seoul,35_54,free_registered,True,True,1,0.9706300669518833,0,1.0,17399,60712.0,1.0,17399,78111.0,0,0.3950550784663183
FAN-000591,FC Seoul,18_34,paid_membership,True,True,4,0.9506999163445876,3,0.25,17214,165449.0,2.0,68856,234305.0,1,0.5494902199933528
FAN-000592,Jeju SK,18_34,paid_membership,True,False,2,0.930925822336533,1,0.5,24054,84409.0,2.0,48108,132517.0,0,0.4633835621272128
FAN-000593,FC Seoul,Under_18,free_registered,True,True,1,0.9222895415089418,0,1.0,18481,26002.0,1.0,18481,44483.0,0,0.24259735573918495
FAN-000594,Ulsan HD,55_Plus,free_registered,True,False,2,0.935117245872898,1,0.5,18058,15865.0,1.0,36116,51981.0,1,0.7384593783887702
FAN-000595,Jeonbuk Hyundai Motors,18_34,season_ticket_partial,True,True,10,0.8928497924490137,8,0.1999999999999999,0,149815.0,1.0,0,149815.0,0,0.11612057387057388
FAN-000596,Ulsan HD,18_34,paid_membership,True,True,5,0.8934840799310713,4,0.1999999999999999,21365,0.0,0.0,106825,106825.0,0,0.09065214062606756
FAN-000597,Jeju SK,18_34,paid_membership,True,True,3,0.904638829610358,2,0.3333333333333333,22275,153598.0,2.0,66825,220423.0,0,0.08148822640991314
FAN-000598,FC Seoul,35_54,paid_membership,False,True,5,0.8582902709571065,4,0.1999999999999999,22627,54075.0,2.0,113135,167210.0,0,0.13421880896880892
FAN-000599,FC Seoul,35_54,free_registered,True,False,2,0.9578329033827973,1,0.5,16414,117959.0,1.0,32828,150787.0,1,0.8359086583836588
FAN-000600,FC Seoul,35_54,free_registered,True,False,2,0.9745381391075372,1,0.5,23497,0.0,0.0,46994,46994.0,0,0.4070643428823113
FAN-000601,FC Seoul,18_34,free_registered,True,False,2,0.9041974483128258,1,0.5,20663,39633.0,1.0,41326,80959.0,1,0.5443566820168888
FAN-000602,FC Seoul,18_34,free_registered,False,True,1,0.9881571985943458,0,1.0,18402,0.0,0.0,18402,18402.0,0,0.38642667241578027
FAN-000603,FC Seoul,Under_18,paid_membership,True,False,4,0.8547904890287928,3,0.25,17579,0.0,0.0,70316,70316.0,0,0.49080054804631346
FAN-000604,FC Seoul,35_54,season_ticket_partial,True,False,9,0.9203100947183018,8,0.1111111111111111,0,99268.0,1.0,0,99268.0,0,0.08543194999444996
FAN-000605,FC Seoul,Under_18,free_registered,True,True,1,0.9641128120286148,0,1.0,22735,0.0,0.0,22735,22735.0,1,0.7546042893722416
FAN-000606,Ulsan HD,35_54,free_registered,True,False,1,0.9629565839627052,0,1.0,20675,0.0,0.0,20675,20675.0,1,0.8568100793943026
FAN-000607,FC Seoul,35_54,paid_membership,False,True,3,0.9099199797353912,2,0.3333333333333333,23171,207628.0,2.0,69513,277141.0,0,0.1238188676718088
FAN-000608,Ulsan HD,35_54,season_ticket_partial,True,True,6,0.8050885936804053,4,0.3333333333333333,0,58984.0,1.0,0,58984.0,0,0.1044916458432952
FAN-000609,Ulsan HD,18_34,paid_membership,True,False,5,0.962561526077076,4,0.1999999999999999,16969,193647.0,2.0,84845,278492.0,0,0.2814713818789905
FAN-000610,Jeju SK,18_34,season_ticket_partial,True,False,9,0.7126557425215789,6,0.3333333333333333,0,68940.0,1.0,0,68940.0,0,0.24835951289995417
FAN-000611,FC Seoul,Under_18,paid_membership,True,True,4,0.932789871910802,3,0.25,22159,102395.0,2.0,88636,191031.0,0,0.15037488229037524
FAN-000612,Jeonbuk Hyundai Motors,35_54,paid_membership,True,True,4,0.962951829404646,3,0.25,21230,0.0,0.0,84920,84920.0,0,0.1311613109475855
FAN-000613,Jeju SK,35_54,free_registered,True,False,2,0.9886687227175296,1,0.5,20081,23148.0,1.0,40162,63310.0,1,0.609364661234789
FAN-000614,FC Seoul,18_34,free_registered,True,False,1,0.9853128675356276,0,1.0,21341,0.0,0.0,21341,21341.0,1,0.7983962938927036
FAN-000615,Jeonbuk Hyundai Motors,18_34,free_registered,False,True,1,0.92958219164909,0,1.0,23438,0.0,0.0,23438,23438.0,1,0.6371091412889295
FAN-000616,Gangwon FC,35_54,paid_membership,True,True,5,0.8763499175191798,4,0.1999999999999999,24527,0.0,0.0,122635,122635.0,0,0.037210290538648744
FAN-000617,FC Seoul,35_54,season_ticket_full,True,True,17,0.8335009047539235,14,0.1764705882352941,0,403401.0,5.0,0,403401.0,0,0.19193837293887664
FAN-000618,FC Seoul,18_34,season_ticket_partial,True,False,8,0.7544612135631648,6,0.25,0,28720.0,1.0,0,28720.0,0,0.1871833822003566
FAN-000619,Jeonbuk Hyundai Motors,35_54,free_registered,False,True,1,0.931313888509078,0,1.0,22555,0.0,0.0,22555,22555.0,1,0.5583339307144389
FAN-000620,Jeonbuk Hyundai Motors,18_34,free_registered,True,True,2,0.9610648849127736,1,0.5,24510,0.0,0.0,49020,49020.0,0,0.10794321514738867
FAN-000621,FC Seoul,Under_18,free_registered,True,True,2,0.906619682229662,1,0.5,17278,20274.0,1.0,34556,54830.0,1,0.6668028066209861
FAN-000622,FC Seoul,55_Plus,free_registered,False,False,1,0.9190136755992524,0,1.0,17854,90798.0,1.0,17854,108652.0,0,0.4629624664674573
FAN-000623,Ulsan HD,35_54,paid_membership,False,False,4,0.9658153412392424,3,0.25,22693,192104.0,2.0,90772,282876.0,1,0.6083199852979263
FAN-000624,Ulsan HD,35_54,season_ticket_partial,True,False,8,0.7080063490351367,5,0.375,0,247356.0,3.0,0,247356.0,0,0.14408693358693364
FAN-000625,Jeju SK,Under_18,season_ticket_full,True,True,19,0.7019736397302179,13,0.3157894736842105,0,286718.0,4.0,0,286718.0,1,0.6311015958442427
FAN-000626,Ulsan HD,35_54,paid_membership,True,True,4,0.8900606613998922,3,0.25,16186,119063.0,1.0,64744,183807.0,0,0.2918027969336019
FAN-000627,Ulsan HD,18_34,season_ticket_partial,True,False,9,0.8978095562749431,8,0.1111111111111111,0,172135.0,2.0,0,172135.0,0,0.060977044398097036
FAN-000628,Jeonbuk Hyundai Motors,18_34,paid_membership,False,False,3,0.8735405026543394,2,0.3333333333333333,16427,215145.0,2.0,49281,264426.0,0,0.12723273423056022
FAN-000629,FC Seoul,18_34,free_registered,False,False,2,0.9258456833033132,1,0.5,17147,0.0,0.0,34294,34294.0,1,0.7562790138310126
FAN-000630,FC Seoul,Under_18,paid_membership,True,False,4,0.9955039483629674,3,0.25,20120,191820.0,2.0,80480,272300.0,0,0.24388855185136643
FAN-000631,Jeonbuk Hyundai Motors,35_54,paid_membership,True,False,5,0.8819645791665369,4,0.1999999999999999,17826,148690.0,1.0,89130,237820.0,0,0.17225083350626835
FAN-000632,Jeonbuk Hyundai Motors,35_54,paid_membership,True,False,4,0.9710346383149744,3,0.25,22990,207649.0,2.0,91960,299609.0,0,0.33204921547589794
FAN-000633,Ulsan HD,18_34,free_registered,False,False,1,0.9135259424089396,0,1.0,19758,88921.0,1.0,19758,108679.0,1,0.5100909816304552
FAN-000634,Ulsan HD,18_34,free_registered,True,False,1,0.9354669969084234,0,1.0,17680,37580.0,1.0,17680,55260.0,0,0.35951036422664334
FAN-000635,FC Seoul,18_34,free_registered,True,True,1,0.9203150437962464,0,1.0,21142,0.0,0.0,21142,21142.0,0,0.3153575608958961
FAN-000636,Ulsan HD,Under_18,season_ticket_full,True,True,15,0.897289519092763,13,0.1333333333333333,0,481444.0,5.0,0,481444.0,0,0.018482231857735485
FAN-000637,Ulsan HD,35_54,free_registered,True,False,1,0.9753861363501052,0,1.0,24313,0.0,0.0,24313,24313.0,1,0.5470379436088189
FAN-000638,FC Seoul,35_54,paid_membership,True,True,3,0.8937932480408154,2,0.3333333333333333,16982,0.0,0.0,50946,50946.0,0,0.10468662640398446
FAN-000639,FC Seoul,Under_18,paid_membership,False,False,4,0.9950364895723672,3,0.25,24208,99351.0,1.0,96832,196183.0,0,0.22157061094793287
FAN-000640,Ulsan HD,Under_18,free_registered,False,True,2,0.9914154788657438,1,0.5,20097,87414.0,1.0,40194,127608.0,1,0.901099035976199
FAN-000641,FC Seoul,35_54,paid_membership,True,True,3,0.9232190430205542,2,0.3333333333333333,24458,0.0,0.0,73374,73374.0,0,0.13120333053293426
FAN-000642,Ulsan HD,35_54,season_ticket_partial,True,True,7,0.8153824345603499,5,0.2857142857142857,0,247274.0,2.0,0,247274.0,0,0.04137115976418037
FAN-000643,FC Seoul,18_34,free_registered,False,True,1,0.90263553376399,0,1.0,24442,119413.0,1.0,24442,143855.0,0,0.35780430973084626
FAN-000644,Ulsan HD,18_34,season_ticket_full,True,True,17,0.641486038105921,10,0.4117647058823529,0,396853.0,5.0,0,396853.0,0,0.1985176275249805
FAN-000645,FC Seoul,35_54,free_registered,True,True,2,0.9128480911590834,1,0.5,21933,0.0,0.0,43866,43866.0,1,0.9189319233264382
FAN-000646,Jeonbuk Hyundai Motors,18_34,free_registered,False,False,2,0.9570874255364132,1,0.5,21356,79638.0,1.0,42712,122350.0,1,0.6445353916818819
FAN-000647,Jeju SK,Under_18,season_ticket_partial,True,True,11,0.7693736643912925,8,0.2727272727272727,0,160916.0,2.0,0,160916.0,0,0.11327963902963904
FAN-000648,Jeju SK,35_54,season_ticket_partial,True,True,5,0.8561637335422428,4,0.1999999999999999,0,265279.0,3.0,0,265279.0,0,0.33130477492434013
FAN-000649,Jeonbuk Hyundai Motors,35_54,season_ticket_full,True,True,17,0.7434092327324424,12,0.2941176470588235,0,211499.0,3.0,0,211499.0,0,0.017706193588546533
FAN-000650,Ulsan HD,35_54,paid_membership,True,False,5,0.9416850744496108,4,0.1999999999999999,16940,124881.0,2.0,84700,209581.0,0,0.24463457838457833
FAN-000651,FC Seoul,35_54,season_ticket_full,True,False,15,0.6205731845541372,9,0.4,0,184196.0,2.0,0,184196.0,0,0.1608833775157305
FAN-000652,Ulsan HD,35_54,season_ticket_partial,True,False,9,0.8029396204414156,7,0.2222222222222222,0,106789.0,2.0,0,106789.0,0,0.12789256394190604
FAN-000653,Jeju SK,18_34,season_ticket_partial,True,True,9,0.8830166298812865,7,0.2222222222222222,0,198893.0,2.0,0,198893.0,0,0.09348445017352339
FAN-000654,Jeonbuk Hyundai Motors,18_34,paid_membership,True,True,5,0.9724220632242956,4,0.1999999999999999,21461,0.0,0.0,107305,107305.0,0,0.2637251853795777
FAN-000655,Ulsan HD,Under_18,free_registered,True,False,1,0.9687861012976442,0,1.0,24491,0.0,0.0,24491,24491.0,1,0.6783412505606775
FAN-000656,FC Seoul,Under_18,season_ticket_full,True,False,19,0.8284197351955319,15,0.2105263157894736,0,354430.0,3.0,0,354430.0,0,0.06657503770739065
FAN-000657,FC Seoul,35_54,free_registered,True,True,1,0.931106357916082,0,1.0,18501,127509.0,1.0,18501,146010.0,1,0.7015078749078751
FAN-000658,Ulsan HD,35_54,paid_membership,False,True,2,0.8887961625840567,1,0.5,19961,0.0,0.0,39922,39922.0,0,0.4793864533690251
FAN-000659,Jeju SK,55_Plus,free_registered,True,True,2,0.934125543645022,1,0.5,18528,82882.0,1.0,37056,119938.0,1,0.6750987690922614
FAN-000660,Jeju SK,35_54,paid_membership,True,True,5,0.9204674764973444,4,0.1999999999999999,18122,158014.0,2.0,90610,248624.0,0,0.08598628364389234
FAN-000661,Ulsan HD,18_34,free_registered,True,False,1,0.971087366058554,0,1.0,18356,0.0,0.0,18356,18356.0,0,0.446407696965333
FAN-000662,Gangwon FC,Under_18,free_registered,True,True,2,0.9853334507263934,1,0.5,20171,0.0,0.0,40342,40342.0,1,0.6045972326388022
FAN-000663,Jeju SK,35_54,season_ticket_partial,True,True,11,0.841022993745453,9,0.1818181818181817,0,61721.0,1.0,0,61721.0,0,0.10611264106264104
FAN-000664,FC Seoul,35_54,free_registered,True,True,1,0.9522200008873808,0,1.0,18794,0.0,0.0,18794,18794.0,0,0.4797940493755224
FAN-000665,FC Seoul,35_54,paid_membership,True,False,3,0.9242668006854144,2,0.3333333333333333,21935,250369.0,2.0,65805,316174.0,0,0.1494855290907922
FAN-000666,FC Seoul,35_54,free_registered,False,False,1,0.922494836085839,0,1.0,19568,0.0,0.0,19568,19568.0,1,0.8662785302799547
FAN-000667,FC Seoul,35_54,free_registered,True,False,2,0.9415005739138638,1,0.5,17219,60544.0,1.0,34438,94982.0,1,0.8896761379464634
FAN-000668,FC Seoul,35_54,free_registered,True,True,2,0.9811457015656748,1,0.5,22623,0.0,0.0,45246,45246.0,1,0.790432637128708
FAN-000669,FC Seoul,Under_18,paid_membership,True,False,3,0.8758980321782521,2,0.3333333333333333,19176,30353.0,1.0,57528,87881.0,0,0.11917327435939079
FAN-000670,FC Seoul,35_54,free_registered,True,True,2,0.96449045583904,1,0.5,17800,103752.0,1.0,35600,139352.0,0,0.46415191580849496
FAN-000671,FC Seoul,35_54,season_ticket_partial,True,True,7,0.8942788137257283,6,0.1428571428571429,0,85502.0,1.0,0,85502.0,0,0.06637932862909351
FAN-000672,Jeonbuk Hyundai Motors,18_34,free_registered,True,True,2,0.9605922735928504,1,0.5,23408,39864.0,1.0,46816,86680.0,1,0.7231410250361826
FAN-000673,FC Seoul,35_54,free_registered,True,True,2,0.91788419899461,1,0.5,19722,51754.0,1.0,39444,91198.0,1,0.7222445285235314
FAN-000674,Ulsan HD,18_34,free_registered,False,True,2,0.9029295813063264,1,0.5,23276,0.0,0.0,46552,46552.0,1,0.8867941082641365
FAN-000675,Ulsan HD,55_Plus,free_registered,False,False,2,0.9074615243063288,1,0.5,20123,0.0,0.0,40246,40246.0,1,0.6957860122898581
FAN-000676,Gangwon FC,Under_18,paid_membership,False,True,3,0.8542739560342236,2,0.3333333333333333,16149,0.0,0.0,48447,48447.0,0,0.3577886174196935
FAN-000677,FC Seoul,35_54,season_ticket_partial,True,True,9,0.7586673850691741,6,0.3333333333333333,0,62918.0,2.0,0,62918.0,0,0.22573160616029303
FAN-000678,Ulsan HD,18_34,paid_membership,True,True,2,0.9199341325400644,1,0.5,19225,0.0,0.0,38450,38450.0,1,0.5056067800347811
FAN-000679,Gangwon FC,35_54,free_registered,False,True,1,0.9232308406886488,0,1.0,24953,107917.0,1.0,24953,132870.0,1,0.5490826689551394
FAN-000680,Jeonbuk Hyundai Motors,18_34,free_registered,True,True,1,0.9585031812125446,0,1.0,24374,84908.0,1.0,24374,109282.0,1,0.5448858087940273
FAN-000681,Jeonbuk Hyundai Motors,18_34,free_registered,False,True,2,0.9998299828472886,1,0.5,23370,0.0,0.0,46740,46740.0,0,0.34231771443302267
FAN-000682,FC Seoul,18_34,season_ticket_full,True,True,18,0.8375693816243855,15,0.1666666666666666,0,205770.0,2.0,0,205770.0,0,0.0939749803573333
FAN-000683,FC Seoul,55_Plus,free_registered,True,True,2,0.9756855354566802,1,0.5,24546,0.0,0.0,49092,49092.0,0,0.12234680991863056
FAN-000684,Jeju SK,18_34,paid_membership,False,True,3,0.96924406689033,2,0.3333333333333333,18201,0.0,0.0,54603,54603.0,0,0.1313809276606676
FAN-000685,Gangwon FC,Under_18,free_registered,False,True,1,0.9962879736459772,0,1.0,22744,80299.0,1.0,22744,103043.0,1,0.8086057760936255
FAN-000686,Jeju SK,35_54,free_registered,False,True,1,0.9249105475592196,0,1.0,24924,26312.0,1.0,24924,51236.0,1,0.6051173916398618
FAN-000687,Jeju SK,18_34,free_registered,False,True,1,0.9596631003422432,0,1.0,24037,0.0,0.0,24037,24037.0,1,0.5124570096317305
FAN-000688,FC Seoul,55_Plus,free_registered,True,True,1,0.9983330699384234,0,1.0,21217,0.0,0.0,21217,21217.0,1,0.729659918755017
FAN-000689,Jeonbuk Hyundai Motors,Under_18,paid_membership,True,False,5,0.8879691410716479,4,0.1999999999999999,21419,0.0,0.0,107095,107095.0,0,0.09425558727090197
FAN-000690,FC Seoul,35_54,free_registered,False,True,1,0.9992033306377236,0,1.0,24552,0.0,0.0,24552,24552.0,0,0.27329436126332746
FAN-000691,Ulsan HD,18_34,paid_membership,True,True,4,0.916061596561262,3,0.25,22027,117056.0,1.0,88108,205164.0,0,0.16168835585384883
FAN-000692,Ulsan HD,18_34,free_registered,True,False,2,0.9077631497213808,1,0.5,16717,0.0,0.0,33434,33434.0,1,0.7230302921884414
FAN-000693,Ulsan HD,35_54,season_ticket_full,True,False,16,0.7661412255477664,12,0.25,0,228591.0,3.0,0,228591.0,0,0.009023653906006847
FAN-000694,FC Seoul,35_54,free_registered,True,False,1,0.9957613504123776,0,1.0,20936,0.0,0.0,20936,20936.0,0,0.3111516425775904
FAN-000695,FC Seoul,35_54,season_ticket_partial,True,False,5,0.8440911087677101,4,0.1999999999999999,0,49941.0,2.0,0,49941.0,1,0.5392859022355304
FAN-000696,Jeju SK,18_34,season_ticket_partial,True,True,11,0.8131538124071556,8,0.2727272727272727,0,324430.0,3.0,0,324430.0,0,0.12706150064907829
FAN-000697,FC Seoul,18_34,season_ticket_full,True,True,16,0.7642601305527963,12,0.25,0,365475.0,4.0,0,365475.0,0,0.08959767197317559
FAN-000698,Jeju SK,18_34,free_registered,True,False,2,0.9500423617720232,1,0.5,16522,0.0,0.0,33044,33044.0,1,0.7053305329202175
FAN-000699,FC Seoul,55_Plus,paid_membership,True,False,3,0.9344133976554816,2,0.3333333333333333,22019,0.0,0.0,66057,66057.0,0,0.12814831455014075
FAN-000700,Ulsan HD,18_34,free_registered,True,False,2,0.9452945646878366,1,0.5,21648,0.0,0.0,43296,43296.0,1,0.6328330161493677
FAN-000701,Ulsan HD,18_34,free_registered,True,False,2,0.9632868692080394,1,0.5,18627,0.0,0.0,37254,37254.0,0,0.2953501765026939
FAN-000702,FC Seoul,18_34,free_registered,True,True,1,0.9232687963332028,0,1.0,24607,0.0,0.0,24607,24607.0,0,0.260223615076454
FAN-000703,Ulsan HD,35_54,free_registered,True,True,2,0.9124440731513568,1,0.5,19076,0.0,0.0,38152,38152.0,1,0.5469317401118441
FAN-000704,FC Seoul,18_34,season_ticket_full,True,False,18,0.8959613393051125,16,0.1111111111111111,0,432348.0,5.0,0,432348.0,0,0.10352756615306978
FAN-000705,FC Seoul,55_Plus,free_registered,True,False,1,0.9625448097412692,0,1.0,24397,0.0,0.0,24397,24397.0,0,0.3502182434026215
FAN-000706,Gangwon FC,18_34,paid_membership,True,False,2,0.8899532291933812,1,0.5,22612,226916.0,2.0,45224,272140.0,1,0.549075378817302
FAN-000707,Ulsan HD,35_54,paid_membership,True,False,2,0.9636030042539664,1,0.5,20852,15462.0,1.0,41704,57166.0,1,0.7426411502534526
FAN-000708,Jeonbuk Hyundai Motors,Under_18,paid_membership,True,True,5,0.97344023901041,4,0.1999999999999999,24458,195527.0,2.0,122290,317817.0,0,0.31161345785258837
FAN-000709,FC Seoul,35_54,paid_membership,True,True,5,0.9036291073493136,4,0.1999999999999999,20570,0.0,0.0,102850,102850.0,0,0.36372719264775105
FAN-000710,Jeju SK,55_Plus,free_registered,True,False,1,0.9116156811594808,0,1.0,16152,60057.0,1.0,16152,76209.0,0,0.3978912576251839
FAN-000711,Jeonbuk Hyundai Motors,18_34,paid_membership,True,True,5,0.9238366865680624,4,0.1999999999999999,16553,0.0,0.0,82765,82765.0,0,0.13041159991902926
FAN-000712,Jeju SK,55_Plus,free_registered,False,True,2,0.9045144872857196,1,0.5,20582,0.0,0.0,41164,41164.0,1,0.7214853060714406
FAN-000713,Ulsan HD,18_34,season_ticket_full,True,True,18,0.8436835099992508,15,0.1666666666666666,0,193053.0,2.0,0,193053.0,0,0.09132370570605862
FAN-000714,Ulsan HD,55_Plus,paid_membership,False,True,4,0.9959777281215494,3,0.25,23758,144466.0,2.0,95032,239498.0,1,0.5214309094111726
FAN-000715,Ulsan HD,35_54,season_ticket_full,True,True,15,0.8687778953565067,13,0.1333333333333333,0,322925.0,3.0,0,322925.0,0,0.10099572350307642
FAN-000716,Gangwon FC,18_34,free_registered,False,False,1,0.9015405527916324,0,1.0,23191,82964.0,1.0,23191,106155.0,0,0.4894956709956709
FAN-000717,Jeonbuk Hyundai Motors,18_34,free_registered,True,True,2,0.9581016959722316,1,0.5,17398,54055.0,1.0,34796,88851.0,1,0.7449814755414191
FAN-000718,Gangwon FC,18_34,free_registered,False,True,1,0.980983340808668,0,1.0,22852,33605.0,1.0,22852,56457.0,1,0.8484529798567594
FAN-000719,FC Seoul,Under_18,free_registered,True,False,2,0.9894862991131704,1,0.5,19428,138112.0,1.0,38856,176968.0,1,0.7484739827180618
FAN-000720,Jeonbuk Hyundai Motors,Under_18,free_registered,True,True,1,0.940945505488306,0,1.0,23639,100714.0,1.0,23639,124353.0,1,0.8270665048459168
FAN-000721,Gangwon FC,Under_18,paid_membership,True,False,3,0.9016486343701836,2,0.3333333333333333,18612,114869.0,1.0,55836,170705.0,0,0.15965817682986352
FAN-000722,FC Seoul,18_34,free_registered,True,True,1,0.9951167160177216,0,1.0,17521,0.0,0.0,17521,17521.0,1,0.515766310545093
FAN-000723,FC Seoul,35_54,paid_membership,False,False,2,0.9985842074117492,1,0.5,19796,0.0,0.0,39592,39592.0,1,0.7412701087254483
FAN-000724,Jeonbuk Hyundai Motors,Under_18,season_ticket_partial,True,True,5,0.7399589373010504,3,0.4,0,175262.0,3.0,0,175262.0,1,0.7097811365786199
FAN-000725,Jeju SK,Under_18,paid_membership,False,True,3,0.8796150018513531,2,0.3333333333333333,23170,0.0,0.0,69510,69510.0,0,0.2868663377046572
FAN-000726,Jeonbuk Hyundai Motors,35_54,free_registered,True,False,2,0.9067997268949476,1,0.5,19120,0.0,0.0,38240,38240.0,0,0.47488879473310286
FAN-000727,FC Seoul,18_34,free_registered,True,False,1,0.9196882999990512,0,1.0,19085,125013.0,1.0,19085,144098.0,0,0.414582698232698
FAN-000728,Jeonbuk Hyundai Motors,Under_18,free_registered,True,True,2,0.9940451037323484,1,0.5,24060,0.0,0.0,48120,48120.0,0,0.30942434376431754
FAN-000729,FC Seoul,18_34,free_registered,True,False,2,0.9844268925363236,1,0.5,16246,0.0,0.0,32492,32492.0,1,0.5474561178815124
FAN-000730,FC Seoul,55_Plus,paid_membership,True,True,4,0.9343824667665096,3,0.25,24623,74735.0,1.0,98492,173227.0,0,0.17101344244596328
FAN-000731,FC Seoul,35_54,free_registered,False,False,1,0.9161125660899944,0,1.0,16566,0.0,0.0,16566,16566.0,0,0.44656963156905477
FAN-000732,Jeonbuk Hyundai Motors,18_34,season_ticket_partial,True,True,8,0.7588802560589017,6,0.25,0,153337.0,2.0,0,153337.0,0,0.20813302606552037
FAN-000733,Jeju SK,35_54,paid_membership,False,True,5,0.9288505277856312,4,0.1999999999999999,24726,60227.0,1.0,123630,183857.0,0,0.03455511463844798
FAN-000734,Ulsan HD,18_34,paid_membership,True,True,2,0.9885999956706044,1,0.5,22251,44378.0,1.0,44502,88880.0,1,0.618984980543198
FAN-000735,Ulsan HD,35_54,free_registered,True,True,1,0.9386279968853456,0,1.0,20271,0.0,0.0,20271,20271.0,0,0.39646537481179306
FAN-000736,Jeonbuk Hyundai Motors,35_54,free_registered,True,True,2,0.9900804300788068,1,0.5,16468,35522.0,1.0,32936,68458.0,1,0.5472061190924182
FAN-000737,Ulsan HD,35_54,paid_membership,True,True,3,0.9340713592000336,2,0.3333333333333333,19958,76245.0,1.0,59874,136119.0,0,0.07598337940506616
FAN-000738,Jeonbuk Hyundai Motors,18_34,free_registered,False,True,2,0.963074114044996,1,0.5,18574,0.0,0.0,37148,37148.0,1,0.8317627805102292
FAN-000739,Ulsan HD,Under_18,free_registered,True,True,1,0.9350595588386882,0,1.0,20247,144141.0,1.0,20247,164388.0,0,0.4006503908178639
FAN-000740,Ulsan HD,18_34,free_registered,True,True,1,0.910778331202503,0,1.0,21395,0.0,0.0,21395,21395.0,1,0.5775563286432573
FAN-000741,Ulsan HD,35_54,free_registered,True,False,2,0.9567523909612212,1,0.5,23205,0.0,0.0,46410,46410.0,0,0.4639066963141438
FAN-000742,Ulsan HD,35_54,paid_membership,True,True,4,0.8715647962958025,3,0.25,17621,17949.0,1.0,70484,88433.0,0,0.1280990432733692
FAN-000743,Jeonbuk Hyundai Motors,35_54,free_registered,False,False,1,0.9099201538189312,0,1.0,18995,0.0,0.0,18995,18995.0,1,0.8716854820568589
FAN-000744,Ulsan HD,55_Plus,paid_membership,True,False,5,0.8794529631907909,4,0.1999999999999999,17970,0.0,0.0,89850,89850.0,0,0.2980583965389286
FAN-000745,FC Seoul,18_34,free_registered,True,False,2,0.974035618566985,1,0.5,24622,26069.0,1.0,49244,75313.0,0,0.40408584041399037
FAN-000746,Jeonbuk Hyundai Motors,35_54,paid_membership,False,False,5,0.9039065781496244,4,0.1999999999999999,20415,0.0,0.0,102075,102075.0,0,0.1884305960545091
FAN-000747,Ulsan HD,35_54,season_ticket_partial,True,True,11,0.7852751126826278,8,0.2727272727272727,0,55418.0,1.0,0,55418.0,0,0.3343618896936085
FAN-000748,Ulsan HD,55_Plus,season_ticket_partial,True,True,6,0.901181002662104,5,0.1666666666666666,0,89326.0,1.0,0,89326.0,0,0.07581234189554664
FAN-000749,Gangwon FC,55_Plus,free_registered,True,True,1,0.9853091810236696,0,1.0,18214,22934.0,1.0,18214,41148.0,0,0.42273844626810714
FAN-000750,Jeju SK,35_54,free_registered,True,True,1,0.9172703982390886,0,1.0,20726,40538.0,1.0,20726,61264.0,1,0.8093540114211913
FAN-000751,FC Seoul,18_34,free_registered,True,False,1,0.9720938386382698,0,1.0,16796,118622.0,1.0,16796,135418.0,0,0.17911202152378625
FAN-000752,Gangwon FC,35_54,paid_membership,False,True,4,0.9582491513388182,3,0.25,19307,0.0,0.0,77228,77228.0,0,0.13324754171028685
FAN-000753,Jeju SK,Under_18,paid_membership,True,True,4,0.9512353640099924,3,0.25,18969,89698.0,1.0,75876,165574.0,0,0.1967982817864397
FAN-000754,Ulsan HD,35_54,paid_membership,True,False,2,0.9763774544509672,1,0.5,22463,229827.0,2.0,44926,274753.0,0,0.3619446133675709
FAN-000755,FC Seoul,55_Plus,free_registered,False,True,1,0.902796404717382,0,1.0,21934,0.0,0.0,21934,21934.0,1,0.7099741824024175
FAN-000756,Jeonbuk Hyundai Motors,18_34,paid_membership,False,True,4,0.9473378131760488,3,0.25,20627,58557.0,1.0,82508,141065.0,0,0.11627230323282957
FAN-000757,Jeju SK,35_54,free_registered,True,True,1,0.9318910252966603,0,1.0,20102,69611.0,1.0,20102,89713.0,0,0.25028646018217765
FAN-000758,Ulsan HD,18_34,paid_membership,True,False,2,0.8594000684168317,1,0.5,24429,99294.0,2.0,48858,148152.0,1,0.619813215285373
FAN-000759,Jeonbuk Hyundai Motors,18_34,free_registered,True,False,2,0.9779475843549889,1,0.5,24029,62340.0,1.0,48058,110398.0,0,0.36222725165025005
FAN-000760,Jeonbuk Hyundai Motors,18_34,paid_membership,True,True,2,0.9338887507091173,1,0.5,18498,256980.0,2.0,36996,293976.0,0,0.44220524455018173
FAN-000761,FC Seoul,35_54,free_registered,True,True,2,0.966751688904212,1,0.5,21233,127388.0,1.0,42466,169854.0,1,0.5756162155246511
FAN-000762,Ulsan HD,55_Plus,free_registered,True,True,2,0.9292394508478824,1,0.5,24640,0.0,0.0,49280,49280.0,0,0.32132376249506667
FAN-000763,FC Seoul,55_Plus,paid_membership,True,True,4,0.8554109971144376,3,0.25,19229,92139.0,1.0,76916,169055.0,0,0.29880438956754757
FAN-000764,Jeonbuk Hyundai Motors,18_34,free_registered,True,False,1,0.967374097955498,0,1.0,24001,0.0,0.0,24001,24001.0,0,0.49865071369871167
FAN-000765,FC Seoul,35_54,paid_membership,True,True,3,0.9463132811711829,2,0.3333333333333333,21518,0.0,0.0,64554,64554.0,0,0.474331916535952
FAN-000766,Jeju SK,35_54,paid_membership,True,True,3,0.9552820628599732,2,0.3333333333333333,16638,86385.0,1.0,49914,136299.0,0,0.09367361509530182
FAN-000767,Jeonbuk Hyundai Motors,18_34,paid_membership,True,False,2,0.9239187210914418,1,0.5,23903,0.0,0.0,47806,47806.0,0,0.4782717939421917
FAN-000768,Jeonbuk Hyundai Motors,Under_18,free_registered,True,False,1,0.9336299230046754,0,1.0,18629,0.0,0.0,18629,18629.0,1,0.6636078151943969
FAN-000769,Ulsan HD,18_34,free_registered,True,False,2,0.9312397049339488,1,0.5,24120,0.0,0.0,48240,48240.0,1,0.6251619283318611
FAN-000770,Jeonbuk Hyundai Motors,55_Plus,paid_membership,True,True,5,0.9173953572912732,4,0.1999999999999999,20760,44432.0,1.0,103800,148232.0,0,0.11028952343952343
FAN-000771,FC Seoul,35_54,free_registered,True,True,2,0.9802277981019198,1,0.5,17558,0.0,0.0,35116,35116.0,1,0.6065823113047868
FAN-000772,Jeonbuk Hyundai Motors,35_54,paid_membership,True,True,5,0.883445483206427,4,0.1999999999999999,23817,163383.0,2.0,119085,282468.0,0,0.12875651849564893
FAN-000773,FC Seoul,18_34,free_registered,True,False,1,0.9706636813052062,0,1.0,18960,0.0,0.0,18960,18960.0,1,0.7371653870159391
FAN-000774,Ulsan HD,35_54,free_registered,False,True,2,0.9279924457339502,1,0.5,18227,0.0,0.0,36454,36454.0,1,0.7938685754665061
FAN-000775,Jeonbuk Hyundai Motors,Under_18,free_registered,False,False,1,0.9602016313847744,0,1.0,16952,0.0,0.0,16952,16952.0,1,0.500857924391184
FAN-000776,FC Seoul,18_34,free_registered,True,False,1,0.9034673601780768,0,1.0,16492,54317.0,1.0,16492,70809.0,1,0.6752580695358436
FAN-000777,FC Seoul,35_54,free_registered,False,True,2,0.9106038361133668,1,0.5,17616,82926.0,1.0,35232,118158.0,1,0.7520861349747581
FAN-000778,Jeonbuk Hyundai Motors,Under_18,paid_membership,True,True,4,0.9245271021591852,3,0.25,23880,213699.0,2.0,95520,309219.0,0,0.2594583626215335
FAN-000779,Jeonbuk Hyundai Motors,35_54,paid_membership,True,False,5,0.9982081935884932,4,0.1999999999999999,18990,55451.0,1.0,94950,150401.0,0,0.1549022551522552
FAN-000780,Jeju SK,18_34,free_registered,False,False,2,0.935340316770678,1,0.5,19398,0.0,0.0,38796,38796.0,1,0.8416762992937272
FAN-000781,Jeju SK,35_54,season_ticket_full,True,False,16,0.6284323956792274,10,0.375,0,141526.0,2.0,0,141526.0,0,0.16200336426129763
FAN-000782,Ulsan HD,18_34,paid_membership,True,True,2,0.9060394778370549,1,0.5,24981,131398.0,2.0,49962,181360.0,1,0.6578475205135424
FAN-000783,FC Seoul,35_54,season_ticket_partial,True,True,11,0.9223146010776596,10,0.0909090909090909,0,401052.0,3.0,0,401052.0,0,0.2612213901395407
FAN-000784,Ulsan HD,Under_18,paid_membership,True,False,2,0.9778468897553264,1,0.5,18381,0.0,0.0,36762,36762.0,1,0.6679759373793193
FAN-000785,FC Seoul,Under_18,paid_membership,True,False,2,0.8871029448464735,1,0.5,18499,0.0,0.0,36998,36998.0,1,0.8093001751448912
FAN-000786,Gangwon FC,55_Plus,free_registered,True,True,2,0.9677034883531408,1,0.5,20279,28425.0,1.0,40558,68983.0,0,0.4453581828349734
FAN-000787,Jeju SK,18_34,free_registered,True,True,2,0.99729391281124,1,0.5,22847,66873.0,1.0,45694,112567.0,1,0.7944817746673842
FAN-000788,Ulsan HD,35_54,free_registered,True,False,2,0.9694727706020382,1,0.5,22483,0.0,0.0,44966,44966.0,1,0.5906886824416737
FAN-000789,Ulsan HD,55_Plus,paid_membership,True,True,3,0.8853072518778446,2,0.3333333333333333,21991,84824.0,1.0,65973,150797.0,0,0.1859048560765428
FAN-000790,Gangwon FC,18_34,free_registered,False,False,2,0.91472586656996,1,0.5,20706,0.0,0.0,41412,41412.0,1,0.7714441682310871
FAN-000791,FC Seoul,18_34,paid_membership,False,True,5,0.968292820120812,4,0.1999999999999999,17476,73111.0,1.0,87380,160491.0,0,0.078642649017649
FAN-000792,Jeju SK,35_54,free_registered,True,False,2,0.9876768479792088,1,0.5,16224,0.0,0.0,32448,32448.0,0,0.4876685517439461
FAN-000793,Ulsan HD,55_Plus,season_ticket_partial,True,False,6,0.786906360541456,4,0.3333333333333333,0,188011.0,2.0,0,188011.0,0,0.07468184567967177
FAN-000794,Jeju SK,55_Plus,free_registered,False,True,2,0.9792119382692036,1,0.5,17316,146399.0,1.0,34632,181031.0,1,0.5766984953156005
FAN-000795,FC Seoul,18_34,free_registered,True,False,2,0.9222859808096204,1,0.5,19544,54001.0,1.0,39088,93089.0,0,0.46538483657049406
FAN-000796,Jeonbuk Hyundai Motors,35_54,free_registered,True,False,1,0.9348594974902223,0,1.0,21973,33249.0,1.0,21973,55222.0,0,0.3333905279905279
FAN-000797,Gangwon FC,Under_18,free_registered,True,False,1,0.908103452769246,0,1.0,18796,57079.0,1.0,18796,75875.0,1,0.5930246166408957
FAN-000798,Jeju SK,55_Plus,free_registered,False,True,2,0.9895585449132258,1,0.5,23428,137379.0,1.0,46856,184235.0,0,0.4921907278451395
FAN-000799,Jeju SK,55_Plus,paid_membership,True,False,4,0.963368725360346,3,0.25,17671,149487.0,1.0,70684,220171.0,0,0.39585709272611413
FAN-000800,Gangwon FC,18_34,free_registered,True,False,2,0.9857463847543312,1,0.5,18813,0.0,0.0,37626,37626.0,1,0.773302694613559
FAN-000801,Jeonbuk Hyundai Motors,18_34,free_registered,True,True,2,0.9437180314171316,1,0.5,22964,0.0,0.0,45928,45928.0,1,0.8147078130297517
FAN-000802,FC Seoul,Under_18,season_ticket_partial,True,False,7,0.825117998689144,5,0.2857142857142857,0,249172.0,3.0,0,249172.0,0,0.13589462784199627
FAN-000803,Jeju SK,18_34,free_registered,True,True,1,0.9462600774259212,0,1.0,21402,0.0,0.0,21402,21402.0,1,0.7527352281834838
FAN-000804,Jeju SK,35_54,season_ticket_full,True,True,18,0.6407205922749803,11,0.3888888888888888,0,299620.0,3.0,0,299620.0,0,0.0994422155549606
FAN-000805,Ulsan HD,18_34,season_ticket_full,True,True,19,0.7935730377627174,15,0.2105263157894736,0,427940.0,5.0,0,427940.0,0,0.18205190755241116
FAN-000806,Jeonbuk Hyundai Motors,Under_18,free_registered,True,True,2,0.9421620278197802,1,0.5,21830,0.0,0.0,43660,43660.0,0,0.42962960081286033
FAN-000807,Gangwon FC,18_34,free_registered,True,False,2,0.9431039093381778,1,0.5,17410,60242.0,1.0,34820,95062.0,1,0.9558840226543481
FAN-000808,Gangwon FC,55_Plus,free_registered,False,False,2,0.9744577182814133,1,0.5,17212,0.0,0.0,34424,34424.0,1,0.5840878043999979
FAN-000809,Ulsan HD,35_54,paid_membership,False,True,2,0.9774690779219806,1,0.5,22633,127046.0,2.0,45266,172312.0,1,0.5766884993661309
FAN-000810,FC Seoul,18_34,paid_membership,True,False,2,0.8659220766830902,1,0.5,22193,151605.0,2.0,44386,195991.0,1,0.8315291032365103
FAN-000811,Gangwon FC,18_34,paid_membership,True,True,2,0.9572752601011264,1,0.5,18248,119561.0,2.0,36496,156057.0,1,0.6771256950528045
FAN-000812,Jeonbuk Hyundai Motors,55_Plus,paid_membership,True,True,3,0.8594421151281826,2,0.3333333333333333,24366,0.0,0.0,73098,73098.0,0,0.12154804259284241
FAN-000813,FC Seoul,35_54,free_registered,True,True,2,0.93451279159728,1,0.5,19346,0.0,0.0,38692,38692.0,0,0.4810092255884129
FAN-000814,Gangwon FC,18_34,season_ticket_partial,True,True,10,0.8222967255937461,8,0.1999999999999999,0,230526.0,3.0,0,230526.0,0,0.033775369949283
FAN-000815,Jeonbuk Hyundai Motors,Under_18,paid_membership,True,True,2,0.9655840349448758,1,0.5,23301,148029.0,2.0,46602,194631.0,1,0.5969415166982445
FAN-000816,Ulsan HD,Under_18,paid_membership,True,False,4,0.9397877573476028,3,0.25,24070,108521.0,1.0,96280,204801.0,0,0.14275644848676336
FAN-000817,Jeju SK,Under_18,season_ticket_partial,True,True,8,0.9276016818587588,7,0.125,0,204095.0,3.0,0,204095.0,0,0.18527275323040227
FAN-000818,Ulsan HD,35_54,paid_membership,False,True,4,0.8918272936500407,3,0.25,23981,113923.0,1.0,95924,209847.0,0,0.255541241896505
FAN-000819,FC Seoul,55_Plus,free_registered,True,True,2,0.9402519828985436,1,0.5,17568,81903.0,1.0,35136,117039.0,1,0.826516357428955
FAN-000820,Ulsan HD,18_34,free_registered,True,True,1,0.9542079974187274,0,1.0,17651,0.0,0.0,17651,17651.0,0,0.46211816230439323
FAN-000821,Jeonbuk Hyundai Motors,35_54,free_registered,True,False,2,0.9820335477825208,1,0.5,18376,0.0,0.0,36752,36752.0,1,0.5758381492443903
FAN-000822,FC Seoul,18_34,free_registered,False,True,1,0.966093400880029,0,1.0,23668,0.0,0.0,23668,23668.0,1,0.8562322607957071
FAN-000823,Ulsan HD,35_54,season_ticket_full,True,False,18,0.8571067125027643,15,0.1666666666666666,0,579219.0,5.0,0,579219.0,0,0.17305359421857153
FAN-000824,Ulsan HD,35_54,free_registered,True,True,2,0.9648121962974676,1,0.5,17396,0.0,0.0,34792,34792.0,1,0.9299385660593354
FAN-000825,Ulsan HD,18_34,paid_membership,True,False,3,0.9918497145144796,2,0.3333333333333333,19582,0.0,0.0,58746,58746.0,0,0.1401361385353559
FAN-000826,Gangwon FC,18_34,paid_membership,True,True,2,0.9092064139386762,1,0.5,18822,123412.0,2.0,37644,161056.0,0,0.4111221881463546
FAN-000827,Ulsan HD,35_54,free_registered,True,False,1,0.90752957110539,0,1.0,18529,0.0,0.0,18529,18529.0,1,0.9209221165652486
FAN-000828,Ulsan HD,Under_18,season_ticket_full,True,True,17,0.6015132491518789,10,0.4117647058823529,0,409779.0,5.0,0,409779.0,0,0.1463760931334461
FAN-000829,Jeonbuk Hyundai Motors,18_34,season_ticket_partial,True,True,5,0.948236712439968,4,0.1999999999999999,0,66371.0,1.0,0,66371.0,0,0.400761568927799
FAN-000830,Ulsan HD,18_34,paid_membership,True,False,4,0.9803287481133948,3,0.25,19585,148786.0,2.0,78340,227126.0,0,0.1976870514998661
FAN-000831,FC Seoul,55_Plus,free_registered,True,False,1,0.984341604071156,0,1.0,22147,93025.0,1.0,22147,115172.0,1,0.9216302224425069
FAN-000832,Ulsan HD,18_34,free_registered,True,True,1,0.9782832240104816,0,1.0,20432,0.0,0.0,20432,20432.0,1,0.6969752132023646
FAN-000833,FC Seoul,35_54,free_registered,True,False,2,0.9580669146221752,1,0.5,23614,63011.0,1.0,47228,110239.0,0,0.292491237120118
FAN-000834,FC Seoul,18_34,free_registered,True,False,1,0.9252148578505532,0,1.0,20125,0.0,0.0,20125,20125.0,1,0.6842481846464681
FAN-000835,Ulsan HD,35_54,paid_membership,False,True,2,0.955357077984872,1,0.5,22271,59871.0,1.0,44542,104413.0,1,0.7668219579220615
FAN-000836,Ulsan HD,35_54,season_ticket_full,True,True,17,0.7207009031322644,12,0.2941176470588235,0,244859.0,3.0,0,244859.0,0,0.09472354741024819
FAN-000837,Gangwon FC,35_54,paid_membership,False,True,4,0.981522691048344,3,0.25,24416,182487.0,2.0,97664,280151.0,0,0.45013568348862465
FAN-000838,Ulsan HD,18_34,season_ticket_partial,True,True,11,0.7856590216377668,8,0.2727272727272727,0,121911.0,2.0,0,121911.0,0,0.4212387819734421
FAN-000839,Jeju SK,35_54,paid_membership,False,False,4,0.886438533524027,3,0.25,16407,117983.0,2.0,65628,183611.0,0,0.24149615979833386
FAN-000840,Jeju SK,35_54,free_registered,False,True,2,0.910285612574233,1,0.5,22820,135223.0,1.0,45640,180863.0,1,0.5355920714139015
FAN-000841,FC Seoul,18_34,season_ticket_partial,True,True,7,0.8875648015346688,6,0.1428571428571429,0,255191.0,3.0,0,255191.0,0,0.0810858279259814
FAN-000842,Jeju SK,Under_18,free_registered,False,False,1,0.9909088071114444,0,1.0,22550,92768.0,1.0,22550,115318.0,1,0.8850947505529397
FAN-000843,FC Seoul,Under_18,season_ticket_partial,True,True,10,0.752792626713624,7,0.3,0,171734.0,2.0,0,171734.0,0,0.21445125413374835
FAN-000844,Gangwon FC,Under_18,free_registered,True,False,2,0.9787154653101804,1,0.5,18391,29058.0,1.0,36782,65840.0,1,0.5409019745455848
FAN-000845,FC Seoul,35_54,free_registered,True,False,2,0.9610714786770392,1,0.5,17422,0.0,0.0,34844,34844.0,1,0.7774995647526689
FAN-000846,Ulsan HD,18_34,season_ticket_partial,True,False,11,0.8056725100919522,8,0.2727272727272727,0,148942.0,2.0,0,148942.0,0,0.09669689279983397
FAN-000847,FC Seoul,18_34,paid_membership,True,False,3,0.9908545367233956,2,0.3333333333333333,19273,0.0,0.0,57819,57819.0,0,0.12471947186868915
FAN-000848,Gangwon FC,35_54,season_ticket_partial,True,True,10,0.9165798980015216,9,0.0999999999999999,0,143209.0,1.0,0,143209.0,0,0.0557762284012284
FAN-000849,Ulsan HD,18_34,season_ticket_full,True,True,19,0.8898922693275692,16,0.1578947368421053,0,229604.0,3.0,0,229604.0,0,0.09619170661353318
FAN-000850,Jeju SK,18_34,free_registered,True,True,2,0.9454483061901462,1,0.5,21728,27872.0,1.0,43456,71328.0,1,0.7182663629758443
FAN-000851,FC Seoul,18_34,paid_membership,True,True,2,0.8636507612809443,1,0.5,18818,0.0,0.0,37636,37636.0,1,0.5138819185867243
FAN-000852,Jeonbuk Hyundai Motors,55_Plus,free_registered,True,False,2,0.989480868316944,1,0.5,20177,0.0,0.0,40354,40354.0,0,0.4716545412411354
FAN-000853,FC Seoul,35_54,paid_membership,True,True,2,0.8746354629885066,1,0.5,17316,96716.0,1.0,34632,131348.0,1,0.6151961093539807
FAN-000854,Jeonbuk Hyundai Motors,35_54,paid_membership,False,False,5,0.909612869043602,4,0.1999999999999999,22918,0.0,0.0,114590,114590.0,0,0.4907328640668793
FAN-000855,FC Seoul,18_34,free_registered,True,False,2,0.902904518401643,1,0.5,16878,0.0,0.0,33756,33756.0,1,0.5577036677036521
FAN-000856,FC Seoul,35_54,paid_membership,True,True,4,0.858282985166302,3,0.25,22585,0.0,0.0,90340,90340.0,0,0.260209208384303
FAN-000857,FC Seoul,Under_18,paid_membership,False,True,3,0.9370635773777578,2,0.3333333333333333,19204,217662.0,2.0,57612,275274.0,0,0.14860064635064632
FAN-000858,Ulsan HD,Under_18,free_registered,True,True,2,0.9321440723872212,1,0.5,16594,0.0,0.0,33188,33188.0,1,0.7694329500731255
FAN-000859,Jeju SK,Under_18,season_ticket_partial,True,False,8,0.9077051212190874,7,0.125,0,17313.0,1.0,0,17313.0,0,0.07462366373443739
FAN-000860,FC Seoul,35_54,paid_membership,True,False,3,0.9589586681578074,2,0.3333333333333333,16667,104943.0,1.0,50001,154944.0,0,0.1024210551552419
FAN-000861,Jeonbuk Hyundai Motors,18_34,season_ticket_full,True,True,18,0.829664294888391,14,0.2222222222222222,0,375157.0,5.0,0,375157.0,0,0.2760751620756657
FAN-000862,Ulsan HD,18_34,free_registered,False,True,1,0.9307030363228854,0,1.0,16216,0.0,0.0,16216,16216.0,1,0.7966458472630324
FAN-000863,Ulsan HD,Under_18,free_registered,True,True,2,0.9085348757388784,1,0.5,22007,0.0,0.0,44014,44014.0,1,0.8259316907159114
FAN-000864,Ulsan HD,18_34,paid_membership,True,False,5,0.9321211308202768,4,0.1999999999999999,20703,139607.0,2.0,103515,243122.0,0,0.03764858677358677
FAN-000865,Ulsan HD,35_54,free_registered,True,True,1,0.93452682007106,0,1.0,22756,73940.0,1.0,22756,96696.0,1,0.522892956172368
FAN-000866,Jeju SK,18_34,season_ticket_full,True,True,16,0.864783577260536,13,0.1875,0,138653.0,3.0,0,138653.0,1,0.5672669013992541
FAN-000867,FC Seoul,35_54,free_registered,False,False,2,0.992278253202566,1,0.5,20480,0.0,0.0,40960,40960.0,1,0.6906646073166193
FAN-000868,FC Seoul,18_34,paid_membership,False,False,5,0.8927597662528801,4,0.1999999999999999,20192,241655.0,2.0,100960,342615.0,0,0.1790350205152837
FAN-000869,Jeonbuk Hyundai Motors,35_54,paid_membership,False,False,2,0.929292707453342,1,0.5,24788,100434.0,2.0,49576,150010.0,0,0.38129143971964896
FAN-000870,Gangwon FC,35_54,free_registered,True,True,1,0.9246084581558592,0,1.0,19981,0.0,0.0,19981,19981.0,0,0.373998931263811
FAN-000871,Ulsan HD,18_34,free_registered,True,False,1,0.9264764190104112,0,1.0,18798,72704.0,1.0,18798,91502.0,1,0.5174470275841244
FAN-000872,FC Seoul,18_34,paid_membership,True,True,2,0.9853303484750224,1,0.5,20783,130091.0,1.0,41566,171657.0,0,0.30408009412005965
FAN-000873,Jeju SK,35_54,paid_membership,True,True,3,0.9943890432327696,2,0.3333333333333333,20738,0.0,0.0,62214,62214.0,1,0.5427640451272364
FAN-000874,Ulsan HD,35_54,free_registered,True,True,2,0.9579483720253632,1,0.5,19578,80920.0,1.0,39156,120076.0,0,0.41353940452275995
FAN-000875,FC Seoul,18_34,season_ticket_partial,True,True,7,0.7975689768421335,5,0.2857142857142857,0,144309.0,1.0,0,144309.0,0,0.45918670559460006
FAN-000876,FC Seoul,18_34,free_registered,False,True,1,0.9542547520923292,0,1.0,21559,88651.0,1.0,21559,110210.0,1,0.8161899323298791
FAN-000877,Jeonbuk Hyundai Motors,35_54,free_registered,True,False,1,0.9833782241296752,0,1.0,17752,0.0,0.0,17752,17752.0,1,0.6387624490964645
FAN-000878,Jeju SK,35_54,paid_membership,True,True,5,0.9233183486334812,4,0.1999999999999999,16699,87260.0,1.0,83495,170755.0,0,0.09237959214275004
FAN-000879,FC Seoul,18_34,free_registered,True,False,2,0.9927424993564946,1,0.5,19317,0.0,0.0,38634,38634.0,1,0.8514287686215959
FAN-000880,FC Seoul,18_34,season_ticket_full,True,True,17,0.611493164777379,10,0.4117647058823529,0,409714.0,5.0,0,409714.0,0,0.14378939279674577
FAN-000881,FC Seoul,18_34,free_registered,True,True,2,0.919602860304587,1,0.5,23165,0.0,0.0,46330,46330.0,1,0.5148963275769481
FAN-000882,Jeju SK,35_54,free_registered,True,False,2,0.9018725847270778,1,0.5,24062,0.0,0.0,48124,48124.0,1,0.7378378803759257
FAN-000883,FC Seoul,18_34,free_registered,True,False,1,0.9317113906855296,0,1.0,24668,0.0,0.0,24668,24668.0,1,0.6549966346054477
FAN-000884,FC Seoul,55_Plus,paid_membership,True,True,3,0.8839048847115373,2,0.3333333333333333,20090,173161.0,2.0,60270,233431.0,0,0.04169124261292935
FAN-000885,Jeonbuk Hyundai Motors,18_34,paid_membership,False,False,5,0.9360171496123711,4,0.1999999999999999,22809,0.0,0.0,114045,114045.0,0,0.31148616450645444
FAN-000886,FC Seoul,18_34,paid_membership,True,True,2,0.8847812754355746,1,0.5,22134,270266.0,2.0,44268,314534.0,0,0.4620711682493658
FAN-000887,Jeju SK,35_54,free_registered,True,False,1,0.9404913263481124,0,1.0,17069,0.0,0.0,17069,17069.0,1,0.5432614013283402
FAN-000888,FC Seoul,55_Plus,free_registered,True,True,2,0.9399203272323512,1,0.5,16861,34304.0,1.0,33722,68026.0,0,0.40747558362654374
FAN-000889,FC Seoul,35_54,season_ticket_partial,True,False,11,0.7687794684913826,8,0.2727272727272727,0,133263.0,1.0,0,133263.0,0,0.3185561666599058
FAN-000890,FC Seoul,18_34,free_registered,False,True,1,0.9652819427776256,0,1.0,22890,0.0,0.0,22890,22890.0,1,0.7086465036759911
FAN-000891,Jeonbuk Hyundai Motors,35_54,season_ticket_partial,True,False,5,0.7578657554257857,3,0.4,0,192514.0,3.0,0,192514.0,0,0.4526433747430313
FAN-000892,Jeonbuk Hyundai Motors,35_54,free_registered,True,False,1,0.9893456306692924,0,1.0,22020,0.0,0.0,22020,22020.0,1,0.587981438694183
FAN-000893,Jeonbuk Hyundai Motors,18_34,season_ticket_partial,True,True,8,0.7025421477666419,5,0.375,0,323620.0,3.0,0,323620.0,0,0.13197565615888598
FAN-000894,Ulsan HD,18_34,free_registered,True,False,1,0.9410623588185806,0,1.0,23421,0.0,0.0,23421,23421.0,0,0.3200214128492438
FAN-000895,Jeju SK,18_34,paid_membership,True,True,4,0.9643424768747788,3,0.25,23689,0.0,0.0,94756,94756.0,0,0.14176490181055473
FAN-000896,FC Seoul,18_34,free_registered,True,True,2,0.9494535282749538,1,0.5,22785,0.0,0.0,45570,45570.0,1,0.8592649794619182
FAN-000897,FC Seoul,55_Plus,free_registered,True,False,2,0.9966081272662886,1,0.5,22106,0.0,0.0,44212,44212.0,0,0.43469311855109044
FAN-000898,Jeonbuk Hyundai Motors,18_34,free_registered,False,True,2,0.9174822970495364,1,0.5,22588,33577.0,1.0,45176,78753.0,1,0.5386940675595632
FAN-000899,FC Seoul,55_Plus,free_registered,True,True,1,0.931602419457716,0,1.0,21525,53304.0,1.0,21525,74829.0,1,0.554950571392432
FAN-000900,FC Seoul,18_34,free_registered,True,True,2,0.9116154058146848,1,0.5,19977,0.0,0.0,39954,39954.0,0,0.18950707199918262
FAN-000901,FC Seoul,35_54,paid_membership,True,False,5,0.9700631111316168,4,0.1999999999999999,19386,0.0,0.0,96930,96930.0,0,0.19498125995204008
FAN-000902,FC Seoul,18_34,paid_membership,True,True,5,0.9742480625574294,4,0.1999999999999999,20075,128764.0,2.0,100375,229139.0,0,0.08886998795694452
FAN-000903,FC Seoul,Under_18,paid_membership,True,True,4,0.8730973137820943,3,0.25,24254,0.0,0.0,97016,97016.0,0,0.2767522364294209
FAN-000904,Jeju SK,18_34,paid_membership,True,False,3,0.99300542875246,2,0.3333333333333333,17777,0.0,0.0,53331,53331.0,0,0.22103275429904484
FAN-000905,Ulsan HD,Under_18,paid_membership,True,False,5,0.9894884103771868,4,0.1999999999999999,20030,31830.0,1.0,100150,131980.0,1,0.5712270969770971
FAN-000906,Jeonbuk Hyundai Motors,35_54,free_registered,True,False,2,0.9847401458865086,1,0.5,19205,0.0,0.0,38410,38410.0,1,0.8584031196062373
FAN-000907,Jeonbuk Hyundai Motors,18_34,free_registered,False,False,1,0.9439825857708752,0,1.0,16815,82617.0,1.0,16815,99432.0,0,0.4723521572942866
FAN-000908,Ulsan HD,35_54,free_registered,True,False,1,0.901321452899346,0,1.0,22856,0.0,0.0,22856,22856.0,0,0.4810533432009096
FAN-000909,FC Seoul,18_34,season_ticket_partial,True,True,6,0.8991074374376856,5,0.1666666666666666,0,115767.0,1.0,0,115767.0,0,0.0820544363021147
FAN-000910,Ulsan HD,18_34,free_registered,True,True,2,0.943812033364418,1,0.5,18209,0.0,0.0,36418,36418.0,0,0.31147231786069013
FAN-000911,Jeju SK,18_34,free_registered,False,False,1,0.9593245125716416,0,1.0,19069,28809.0,1.0,19069,47878.0,1,0.6913017810748999
FAN-000912,FC Seoul,55_Plus,paid_membership,False,False,3,0.9109142492654614,2,0.3333333333333333,24618,105687.0,2.0,73854,179541.0,0,0.19761070688570684
FAN-000913,Jeju SK,35_54,free_registered,False,False,2,0.9981961515318164,1,0.5,24215,0.0,0.0,48430,48430.0,1,0.7204827724302584
FAN-000914,Ulsan HD,18_34,season_ticket_partial,True,True,5,0.8726351557886908,4,0.1999999999999999,0,164754.0,2.0,0,164754.0,0,0.4936240456481576
FAN-000915,Jeju SK,18_34,season_ticket_partial,True,True,7,0.7253393749453992,5,0.2857142857142857,0,61347.0,2.0,0,61347.0,0,0.45706370100840615
FAN-000916,Ulsan HD,Under_18,free_registered,True,False,1,0.9035730424886852,0,1.0,17304,0.0,0.0,17304,17304.0,1,0.8372307839135257
FAN-000917,FC Seoul,55_Plus,free_registered,True,False,1,0.9213482124625728,0,1.0,19947,0.0,0.0,19947,19947.0,0,0.3942301424891069
FAN-000918,Gangwon FC,35_54,free_registered,True,False,2,0.9434331715435592,1,0.5,23933,58336.0,1.0,47866,106202.0,1,0.5359086186758694
FAN-000919,Jeonbuk Hyundai Motors,18_34,paid_membership,False,True,3,0.9425380492416252,2,0.3333333333333333,20394,200552.0,2.0,61182,261734.0,0,0.07845448695448692
FAN-000920,FC Seoul,35_54,free_registered,False,True,2,0.9021558904667556,1,0.5,19078,0.0,0.0,38156,38156.0,1,0.8133973365948072
FAN-000921,Jeonbuk Hyundai Motors,Under_18,paid_membership,False,False,4,0.8694011699270587,3,0.25,23098,0.0,0.0,92392,92392.0,0,0.25054504321134935
FAN-000922,Ulsan HD,55_Plus,paid_membership,False,False,5,0.9709392080035396,4,0.1999999999999999,23706,0.0,0.0,118530,118530.0,0,0.14816425549758883
FAN-000923,Jeonbuk Hyundai Motors,18_34,free_registered,True,True,2,0.9288229833093106,1,0.5,24739,92168.0,1.0,49478,141646.0,1,0.6168444839308012
FAN-000924,Jeonbuk Hyundai Motors,35_54,free_registered,True,True,2,0.9315678370920952,1,0.5,22120,0.0,0.0,44240,44240.0,1,0.7891579389774538
FAN-000925,Ulsan HD,18_34,paid_membership,True,False,5,0.9458835618800128,4,0.1999999999999999,21522,0.0,0.0,107610,107610.0,0,0.17083402107980117
FAN-000926,FC Seoul,35_54,free_registered,False,False,2,0.927459427133,1,0.5,23352,0.0,0.0,46704,46704.0,1,0.8231767173039075
FAN-000927,FC Seoul,35_54,season_ticket_partial,True,True,6,0.9220128186320116,5,0.1666666666666666,0,187784.0,2.0,0,187784.0,0,0.1953698060686316
FAN-000928,Ulsan HD,35_54,free_registered,False,True,1,0.9158092948742786,0,1.0,23236,105938.0,1.0,23236,129174.0,1,0.8059439819439823
FAN-000929,Jeju SK,35_54,paid_membership,True,True,4,0.87233916838822,3,0.25,16196,128403.0,1.0,64784,193187.0,0,0.2504920058728109
FAN-000930,FC Seoul,35_54,season_ticket_partial,True,True,5,0.8464319425281973,4,0.1999999999999999,0,38052.0,1.0,0,38052.0,0,0.28072558231010286
FAN-000931,FC Seoul,Under_18,season_ticket_partial,True,False,11,0.7565921011076311,8,0.2727272727272727,0,150127.0,2.0,0,150127.0,0,0.09312086025915813
FAN-000932,Jeonbuk Hyundai Motors,18_34,free_registered,True,True,1,0.9707338252328958,0,1.0,16368,0.0,0.0,16368,16368.0,0,0.48036119805671007
FAN-000933,Gangwon FC,18_34,free_registered,False,False,1,0.9506152197214752,0,1.0,19228,136166.0,1.0,19228,155394.0,0,0.4936920523310143
FAN-000934,Ulsan HD,55_Plus,paid_membership,True,False,2,0.8876394912366778,1,0.5,17491,144801.0,2.0,34982,179783.0,1,0.8134482653287703
FAN-000935,FC Seoul,18_34,free_registered,True,True,2,0.944994635310891,1,0.5,23027,129332.0,1.0,46054,175386.0,1,0.671503887558875
FAN-000936,FC Seoul,35_54,free_registered,True,True,1,0.95848467030994,0,1.0,16719,0.0,0.0,16719,16719.0,0,0.3624115533371971
FAN-000937,FC Seoul,35_54,season_ticket_partial,True,True,7,0.7573529926765491,5,0.2857142857142857,0,144539.0,1.0,0,144539.0,0,0.48844904274523515
FAN-000938,Gangwon FC,18_34,free_registered,True,True,2,0.920751579982732,1,0.5,20734,130963.0,1.0,41468,172431.0,0,0.27367770598218016
FAN-000939,FC Seoul,18_34,free_registered,True,True,2,0.9941964435361762,1,0.5,24987,19504.0,1.0,49974,69478.0,1,0.6450579823804655
FAN-000940,Jeju SK,18_34,free_registered,False,False,2,0.9450409404290512,1,0.5,18202,137004.0,1.0,36404,173408.0,0,0.4899127366341372
FAN-000941,FC Seoul,18_34,paid_membership,True,False,2,0.9371520519093676,1,0.5,19207,203321.0,2.0,38414,241735.0,1,0.5271590362242109
FAN-000942,Jeju SK,18_34,paid_membership,True,False,3,0.978491523261489,2,0.3333333333333333,18503,92645.0,1.0,55509,148154.0,0,0.14186025253193923
FAN-000943,Jeju SK,Under_18,free_registered,True,False,2,0.96148834047011,1,0.5,21782,0.0,0.0,43564,43564.0,1,0.5359236379485975
FAN-000944,Jeonbuk Hyundai Motors,35_54,free_registered,True,False,2,0.9298793268692044,1,0.5,22175,0.0,0.0,44350,44350.0,1,0.5980820783042252
FAN-000945,FC Seoul,55_Plus,free_registered,True,False,2,0.9679803211307068,1,0.5,21134,135778.0,1.0,42268,178046.0,0,0.38920082531990424
FAN-000946,FC Seoul,18_34,paid_membership,True,True,5,0.9131028446391648,4,0.1999999999999999,17882,0.0,0.0,89410,89410.0,0,0.22842370686666252
FAN-000947,FC Seoul,18_34,free_registered,True,False,1,0.9973068101202902,0,1.0,17987,102759.0,1.0,17987,120746.0,1,0.705009601295866
FAN-000948,Gangwon FC,Under_18,season_ticket_full,True,True,18,0.8722696892214344,15,0.1666666666666666,0,119981.0,2.0,0,119981.0,0,0.1295451786775316
FAN-000949,Jeonbuk Hyundai Motors,35_54,free_registered,True,True,2,0.9814944823323,1,0.5,16814,122592.0,1.0,33628,156220.0,1,0.7630082335836843
FAN-000950,Jeju SK,35_54,season_ticket_full,True,True,18,0.7394734108287471,13,0.2777777777777778,0,92381.0,3.0,0,92381.0,0,0.2919730989054518
FAN-000951,Jeju SK,Under_18,free_registered,False,False,2,0.9008415543044508,1,0.5,18569,61575.0,1.0,37138,98713.0,1,0.575420934847404
FAN-000952,Jeju SK,18_34,paid_membership,True,False,2,0.9514729738191496,1,0.5,23347,125489.0,1.0,46694,172183.0,0,0.4589857750541962
FAN-000953,FC Seoul,35_54,free_registered,True,False,1,0.90253718934863,0,1.0,21343,80031.0,1.0,21343,101374.0,1,0.5403299427712189
FAN-000954,Gangwon FC,35_54,free_registered,True,False,1,0.9122358061026328,0,1.0,23421,38099.0,1.0,23421,61520.0,0,0.4792060114861072
FAN-000955,Ulsan HD,Under_18,season_ticket_partial,True,True,8,0.7890021452803472,6,0.25,0,31958.0,1.0,0,31958.0,0,0.47938666362084237
FAN-000956,Ulsan HD,35_54,season_ticket_partial,True,False,9,0.735206445707568,6,0.3333333333333333,0,94327.0,2.0,0,94327.0,0,0.19645786746168392
FAN-000957,Ulsan HD,18_34,free_registered,False,False,1,0.9841126146724224,0,1.0,17861,0.0,0.0,17861,17861.0,1,0.791431978622536
FAN-000958,FC Seoul,18_34,paid_membership,True,False,2,0.905893861801701,1,0.5,16648,88998.0,1.0,33296,122294.0,1,0.5037503010859644
FAN-000959,FC Seoul,35_54,paid_membership,True,True,3,0.9946458589896654,2,0.3333333333333333,24933,187637.0,2.0,74799,262436.0,0,0.18270226695226693
FAN-000960,Jeonbuk Hyundai Motors,35_54,season_ticket_partial,True,True,8,0.864138430065187,6,0.25,0,114335.0,1.0,0,114335.0,0,0.25557649630821666
FAN-000961,FC Seoul,18_34,free_registered,True,False,1,0.9670993863670272,0,1.0,18599,129263.0,1.0,18599,147862.0,0,0.4856196272037668
FAN-000962,Jeju SK,55_Plus,paid_membership,False,True,4,0.8875764840333255,3,0.25,20879,0.0,0.0,83516,83516.0,0,0.06395508525606564
FAN-000963,FC Seoul,18_34,free_registered,True,False,2,0.9984028414630964,1,0.5,17787,98145.0,1.0,35574,133719.0,0,0.3807658708761809
FAN-000964,Ulsan HD,35_54,free_registered,True,True,2,0.908569181059058,1,0.5,16137,0.0,0.0,32274,32274.0,1,0.6894784112844748
FAN-000965,FC Seoul,18_34,season_ticket_partial,True,False,6,0.7380015385332492,4,0.3333333333333333,0,124974.0,1.0,0,124974.0,0,0.07924680684760473
FAN-000966,Ulsan HD,35_54,free_registered,True,True,1,0.995872548106152,0,1.0,17831,0.0,0.0,17831,17831.0,0,0.4534964126869603
FAN-000967,Jeonbuk Hyundai Motors,55_Plus,free_registered,True,False,2,0.9373795624527173,1,0.5,24760,25397.0,1.0,49520,74917.0,0,0.44110945678291963
FAN-000968,FC Seoul,Under_18,paid_membership,True,True,4,0.9237301008943486,3,0.25,20726,205872.0,2.0,82904,288776.0,0,0.05866923436041083
FAN-000969,Jeju SK,55_Plus,paid_membership,True,False,5,0.8545257326013163,4,0.1999999999999999,21894,0.0,0.0,109470,109470.0,0,0.15674219325750807
FAN-000970,Ulsan HD,35_54,free_registered,True,True,1,0.940195105669376,0,1.0,20266,0.0,0.0,20266,20266.0,0,0.33591184038325866
FAN-000971,Jeju SK,35_54,free_registered,False,False,1,0.9214460516379898,0,1.0,20607,140221.0,1.0,20607,160828.0,1,0.6144459426781793
FAN-000972,Gangwon FC,18_34,season_ticket_full,True,False,19,0.6733914129283531,12,0.368421052631579,0,330311.0,4.0,0,330311.0,0,0.13377415827493222
FAN-000973,Jeonbuk Hyundai Motors,35_54,free_registered,False,True,2,0.9192630213645794,1,0.5,20470,0.0,0.0,40940,40940.0,0,0.4907565138024059
FAN-000974,FC Seoul,35_54,paid_membership,True,False,4,0.9395318340089428,3,0.25,17895,243786.0,2.0,71580,315366.0,1,0.5121269593191787
FAN-000975,FC Seoul,18_34,paid_membership,True,True,4,0.8798447136526911,3,0.25,24395,31819.0,1.0,97580,129399.0,0,0.2811255690290577
FAN-000976,FC Seoul,55_Plus,free_registered,False,True,1,0.9806013698003736,0,1.0,20152,0.0,0.0,20152,20152.0,1,0.7913226334597085
FAN-000977,Jeju SK,Under_18,season_ticket_full,True,True,17,0.7218816235601603,12,0.2941176470588235,0,388372.0,5.0,0,388372.0,0,0.14731556165430065
FAN-000978,FC Seoul,Under_18,paid_membership,False,False,4,0.936590625881696,3,0.25,19462,63463.0,1.0,77848,141311.0,0,0.21183615186406943
FAN-000979,Ulsan HD,18_34,free_registered,True,True,1,0.9620173435296752,0,1.0,19126,148605.0,1.0,19126,167731.0,1,0.6865560874310875
FAN-000980,Jeju SK,35_54,paid_membership,True,True,5,0.959668224158842,4,0.1999999999999999,19024,263892.0,2.0,95120,359012.0,0,0.1649885003695746
FAN-000981,Ulsan HD,35_54,paid_membership,True,False,3,0.8597473855314116,2,0.3333333333333333,19743,104300.0,1.0,59229,163529.0,1,0.5116845864339048
FAN-000982,Jeonbuk Hyundai Motors,Under_18,paid_membership,False,False,4,0.9781400698686482,3,0.25,16071,101923.0,2.0,64284,166207.0,0,0.33388917583814615
FAN-000983,FC Seoul,55_Plus,season_ticket_partial,True,True,10,0.7611685019672392,7,0.3,0,186949.0,2.0,0,186949.0,0,0.11953850898416114
FAN-000984,FC Seoul,Under_18,free_registered,True,False,1,0.9835765847744437,0,1.0,16749,0.0,0.0,16749,16749.0,0,0.34519841581674504
FAN-000985,Jeonbuk Hyundai Motors,Under_18,free_registered,True,False,2,0.9114060961635244,1,0.5,16952,78203.0,1.0,33904,112107.0,0,0.43838079588222606
FAN-000986,Ulsan HD,Under_18,free_registered,True,True,2,0.9690209537189328,1,0.5,22279,0.0,0.0,44558,44558.0,1,0.7200296005356482
FAN-000987,Jeju SK,35_54,free_registered,False,False,1,0.928565001264172,0,1.0,20612,0.0,0.0,20612,20612.0,0,0.4796082156626587
FAN-000988,Ulsan HD,55_Plus,free_registered,True,True,1,0.977338340259216,0,1.0,20122,0.0,0.0,20122,20122.0,1,0.5597852790734614
FAN-000989,FC Seoul,35_54,season_ticket_partial,True,False,8,0.7138152282605243,5,0.375,0,147246.0,2.0,0,147246.0,0,0.11036725375409588
FAN-000990,Jeonbuk Hyundai Motors,35_54,paid_membership,True,True,4,0.9743608267882804,3,0.25,22026,193166.0,2.0,88104,281270.0,0,0.38023251711689876
FAN-000991,Jeonbuk Hyundai Motors,Under_18,paid_membership,True,False,2,0.8681956569058213,1,0.5,21171,200120.0,2.0,42342,242462.0,1,0.8037796406295915
FAN-000992,Jeju SK,18_34,paid_membership,True,True,4,0.865679556126601,3,0.25,16073,154518.0,2.0,64292,218810.0,0,0.16401911200363217
FAN-000993,FC Seoul,18_34,season_ticket_partial,True,False,9,0.7397419783101622,6,0.3333333333333333,0,137690.0,1.0,0,137690.0,0,0.25273874208814684
FAN-000994,Jeju SK,18_34,free_registered,True,True,1,0.9155289937338796,0,1.0,17277,0.0,0.0,17277,17277.0,1,0.5230119785901653
FAN-000995,Ulsan HD,Under_18,season_ticket_partial,True,True,8,0.834106137833363,6,0.25,0,399461.0,3.0,0,399461.0,1,0.6268814715592669
FAN-000996,FC Seoul,35_54,free_registered,True,True,2,0.9646151103267818,1,0.5,17127,0.0,0.0,34254,34254.0,0,0.38687735072313845
FAN-000997,Gangwon FC,18_34,season_ticket_full,True,False,15,0.7866981534875529,11,0.2666666666666667,0,437462.0,5.0,0,437462.0,0,0.04233906946457309
FAN-000998,FC Seoul,35_54,paid_membership,True,True,2,0.9672841255956336,1,0.5,22458,102597.0,1.0,44916,147513.0,1,0.5486596490222424
FAN-000999,Gangwon FC,18_34,free_registered,True,True,1,0.9300995005837632,0,1.0,17524,0.0,0.0,17524,17524.0,1,0.7753439242880023
FAN-001000,Ulsan HD,Under_18,paid_membership,False,True,4,0.914973786793529,3,0.25,21291,0.0,0.0,85164,85164.0,0,0.07152478081105532
FAN-001001,FC Seoul,35_54,paid_membership,True,False,2,0.8738282002312269,1,0.5,17166,50584.0,2.0,34332,84916.0,1,0.7041974116082909
FAN-001002,Ulsan HD,18_34,free_registered,True,True,2,0.9781792914373098,1,0.5,17932,0.0,0.0,35864,35864.0,1,0.673639759197662
FAN-001003,Jeonbuk Hyundai Motors,35_54,paid_membership,True,False,4,0.8668256793221112,3,0.25,20292,114162.0,1.0,81168,195330.0,0,0.23146628186628193
FAN-001004,Jeonbuk Hyundai Motors,35_54,free_registered,True,True,1,0.9595802935601891,0,1.0,24856,0.0,0.0,24856,24856.0,0,0.34719558340681955
FAN-001005,Jeonbuk Hyundai Motors,18_34,free_registered,False,True,2,0.9157430590181764,1,0.5,22333,0.0,0.0,44666,44666.0,1,0.9014880913479243
FAN-001006,Jeju SK,55_Plus,season_ticket_full,True,True,18,0.8653568764935127,15,0.1666666666666666,0,259598.0,5.0,0,259598.0,0,0.2699597911859656
FAN-001007,Jeju SK,18_34,paid_membership,True,False,4,0.9695115590665792,3,0.25,22698,26605.0,1.0,90792,117397.0,1,0.6023790547131772
FAN-001008,Jeonbuk Hyundai Motors,Under_18,season_ticket_partial,True,True,9,0.717462926871647,6,0.3333333333333333,0,240970.0,2.0,0,240970.0,0,0.09257401051966267
FAN-001009,FC Seoul,35_54,paid_membership,True,True,4,0.9396600180461764,3,0.25,20951,130344.0,1.0,83804,214148.0,0,0.11705479656795445
FAN-001010,Ulsan HD,18_34,free_registered,True,True,1,0.9697930666783792,0,1.0,24664,0.0,0.0,24664,24664.0,0,0.2911024372981682
FAN-001011,FC Seoul,35_54,paid_membership,True,False,2,0.8576973227291703,1,0.5,18468,21147.0,1.0,36936,58083.0,1,0.8051876959529813
FAN-001012,Gangwon FC,35_54,paid_membership,True,True,5,0.8553804981288666,4,0.1999999999999999,22212,20290.0,1.0,111060,131350.0,0,0.1576876578632393
FAN-001013,Gangwon FC,55_Plus,season_ticket_full,True,False,18,0.885325740364554,15,0.1666666666666666,0,363288.0,5.0,0,363288.0,0,0.1400425404575178
FAN-001014,FC Seoul,18_34,free_registered,False,True,2,0.9192875686428926,1,0.5,19495,147467.0,1.0,38990,186457.0,1,0.8773286199545329
FAN-001015,Jeonbuk Hyundai Motors,18_34,season_ticket_partial,True,True,11,0.7995511768902289,8,0.2727272727272727,0,278307.0,2.0,0,278307.0,0,0.06188551374265659
FAN-001016,Gangwon FC,35_54,season_ticket_full,True,True,19,0.8832826750611613,16,0.1578947368421053,0,292390.0,3.0,0,292390.0,0,0.22471903114085773
FAN-001017,FC Seoul,Under_18,paid_membership,False,False,4,0.9199301753914542,3,0.25,18878,0.0,0.0,75512,75512.0,0,0.1733949760012977
FAN-001018,Jeju SK,18_34,season_ticket_full,True,False,18,0.6248438890785238,11,0.3888888888888888,0,343414.0,4.0,0,343414.0,0,0.10041693525104255
FAN-001019,Gangwon FC,18_34,free_registered,False,True,1,0.9484306864603208,0,1.0,20494,141266.0,1.0,20494,161760.0,0,0.409634949752341
FAN-001020,FC Seoul,Under_18,season_ticket_full,True,False,17,0.6323547190751728,10,0.4117647058823529,0,368359.0,4.0,0,368359.0,0,0.10249844146412773
FAN-001021,Jeju SK,18_34,paid_membership,True,True,5,0.902434098924579,4,0.1999999999999999,16325,212988.0,2.0,81625,294613.0,0,0.20009144096644108
FAN-001022,FC Seoul,35_54,free_registered,True,False,2,0.9378754963628472,1,0.5,24793,62856.0,1.0,49586,112442.0,0,0.27377191224954367
FAN-001023,Gangwon FC,35_54,season_ticket_partial,True,True,5,0.940561671790246,4,0.1999999999999999,0,337875.0,3.0,0,337875.0,1,0.7056391315007502
FAN-001024,Gangwon FC,Under_18,free_registered,True,True,1,0.9686054386463472,0,1.0,24595,66545.0,1.0,24595,91140.0,1,0.5013534444626435
FAN-001025,Gangwon FC,Under_18,free_registered,False,False,2,0.9073963057529084,1,0.5,22780,0.0,0.0,45560,45560.0,1,0.9051278363988234
FAN-001026,Ulsan HD,18_34,paid_membership,True,False,5,0.9360643144678474,4,0.1999999999999999,21986,0.0,0.0,109930,109930.0,0,0.10034772661304132
FAN-001027,Jeonbuk Hyundai Motors,35_54,free_registered,True,True,1,0.9168448423556304,0,1.0,21546,47453.0,1.0,21546,68999.0,1,0.8425024033716834
FAN-001028,Jeonbuk Hyundai Motors,Under_18,free_registered,True,True,1,0.9448023567227868,0,1.0,22845,0.0,0.0,22845,22845.0,1,0.6954135978923349
FAN-001029,Ulsan HD,35_54,season_ticket_partial,True,True,6,0.8745105314713609,5,0.1666666666666666,0,271121.0,3.0,0,271121.0,0,0.20862375550758439
FAN-001030,Jeonbuk Hyundai Motors,Under_18,free_registered,False,False,2,0.9828509886579492,1,0.5,18274,33461.0,1.0,36548,70009.0,1,0.5576524503047047
FAN-001031,FC Seoul,35_54,free_registered,True,True,2,0.9487581795377078,1,0.5,18227,119078.0,1.0,36454,155532.0,1,0.8169345383887684
FAN-001032,Jeju SK,18_34,free_registered,True,False,2,0.9206920541706636,1,0.5,19017,0.0,0.0,38034,38034.0,1,0.6976015262662186
FAN-001033,FC Seoul,35_54,free_registered,False,True,2,0.9509261048649148,1,0.5,24089,0.0,0.0,48178,48178.0,1,0.5485604742478974
FAN-001034,FC Seoul,18_34,paid_membership,True,True,5,0.8676931004871542,4,0.1999999999999999,23133,173647.0,2.0,115665,289312.0,1,0.5412794385015409
FAN-001035,FC Seoul,35_54,paid_membership,False,True,5,0.9527261305557316,4,0.1999999999999999,17438,146909.0,1.0,87190,234099.0,0,0.155867303992304
FAN-001036,Jeju SK,18_34,season_ticket_full,True,True,18,0.8909618911299009,16,0.1111111111111111,0,448535.0,5.0,0,448535.0,0,0.07758143820694181
FAN-001037,Ulsan HD,35_54,paid_membership,True,True,4,0.8595266224132322,3,0.25,16663,50504.0,1.0,66652,117156.0,0,0.17682972744914718
FAN-001038,Jeonbuk Hyundai Motors,35_54,free_registered,False,True,2,0.998618742475758,1,0.5,24345,142727.0,1.0,48690,191417.0,0,0.4174851915419865
FAN-001039,FC Seoul,Under_18,season_ticket_full,True,False,15,0.7218485845529502,10,0.3333333333333333,0,164967.0,2.0,0,164967.0,0,0.05314921353156648
FAN-001040,Ulsan HD,35_54,paid_membership,True,True,2,0.8912011005167544,1,0.5,16805,112049.0,1.0,33610,145659.0,0,0.370530076832162
FAN-001041,Ulsan HD,35_54,paid_membership,True,False,2,0.9497995965796812,1,0.5,20217,199089.0,2.0,40434,239523.0,0,0.4935879668654177
FAN-001042,Jeonbuk Hyundai Motors,Under_18,paid_membership,False,True,4,0.9749686733528332,3,0.25,24373,73918.0,1.0,97492,171410.0,0,0.18437139213842002
FAN-001043,Ulsan HD,18_34,season_ticket_full,True,False,17,0.6104566971965835,10,0.4117647058823529,0,217408.0,2.0,0,217408.0,0,0.09619709466278088
FAN-001044,Jeju SK,18_34,paid_membership,False,False,2,0.9805941399405372,1,0.5,19679,0.0,0.0,39358,39358.0,1,0.8494833544937641
FAN-001045,Jeonbuk Hyundai Motors,35_54,free_registered,True,False,1,0.9237272145131644,0,1.0,20068,17851.0,1.0,20068,37919.0,0,0.3713869223896692
FAN-001046,Jeju SK,35_54,paid_membership,True,False,5,0.9607907182860624,4,0.1999999999999999,17703,53872.0,1.0,88515,142387.0,0,0.10855785649535647
FAN-001047,FC Seoul,Under_18,free_registered,False,True,2,0.9124482328071524,1,0.5,24529,0.0,0.0,49058,49058.0,0,0.3668593581572713
FAN-001048,FC Seoul,18_34,free_registered,True,False,1,0.9501999249476644,0,1.0,22246,132819.0,1.0,22246,155065.0,1,0.8963729716374216
FAN-001049,Jeonbuk Hyundai Motors,35_54,free_registered,True,False,1,0.9662713084751284,0,1.0,21301,138359.0,1.0,21301,159660.0,1,0.9057249693392002
FAN-001050,FC Seoul,55_Plus,free_registered,False,True,1,0.9054931320424638,0,1.0,22770,98194.0,1.0,22770,120964.0,0,0.4604629167129169
FAN-001051,Jeonbuk Hyundai Motors,18_34,free_registered,False,True,1,0.9804053309632376,0,1.0,23018,138281.0,1.0,23018,161299.0,1,0.8653360343001748
FAN-001052,Ulsan HD,55_Plus,free_registered,True,True,2,0.9304154193044984,1,0.5,19298,24593.0,1.0,38596,63189.0,0,0.32760551254301246
FAN-001053,Gangwon FC,18_34,paid_membership,True,True,5,0.9860085175459374,4,0.1999999999999999,16727,108523.0,1.0,83635,192158.0,0,0.18155617808404179
FAN-001054,Jeonbuk Hyundai Motors,18_34,season_ticket_partial,True,True,5,0.7683442440148663,3,0.4,0,91743.0,1.0,0,91743.0,0,0.19642742503371835
FAN-001055,Gangwon FC,35_54,season_ticket_full,True,True,18,0.6841068738658229,12,0.3333333333333333,0,138608.0,2.0,0,138608.0,0,0.26217076029119374
FAN-001056,Ulsan HD,18_34,free_registered,False,True,2,0.9557212123414144,1,0.5,20023,0.0,0.0,40046,40046.0,1,0.808342757048094
FAN-001057,Jeonbuk Hyundai Motors,18_34,paid_membership,True,False,4,0.979511319092019,3,0.25,18013,105994.0,2.0,72052,178046.0,1,0.6848436425244238
FAN-001058,Ulsan HD,18_34,season_ticket_full,True,True,15,0.877068942504441,13,0.1333333333333333,0,353626.0,5.0,0,353626.0,0,0.03985240848476141
FAN-001059,Ulsan HD,35_54,free_registered,True,False,2,0.969132417921539,1,0.5,21667,69986.0,1.0,43334,113320.0,1,0.541857904429218
FAN-001060,Jeju SK,35_54,paid_membership,True,True,2,0.9441208994754964,1,0.5,22007,100918.0,1.0,44014,144932.0,1,0.7893184582185279
FAN-001061,Jeonbuk Hyundai Motors,18_34,paid_membership,True,True,5,0.8583436115327588,4,0.1999999999999999,18010,180712.0,2.0,90050,270762.0,0,0.2612516912149265
FAN-001062,Gangwon FC,18_34,free_registered,True,True,1,0.9887419557400918,0,1.0,18249,0.0,0.0,18249,18249.0,0,0.3416664843820806
FAN-001063,Jeonbuk Hyundai Motors,18_34,season_ticket_partial,True,True,5,0.8920448914730753,4,0.1999999999999999,0,88962.0,2.0,0,88962.0,0,0.17062495754906915
FAN-001064,Ulsan HD,35_54,season_ticket_partial,True,True,8,0.917970623291348,7,0.125,0,143653.0,2.0,0,143653.0,0,0.06606645571092333
FAN-001065,Ulsan HD,18_34,free_registered,True,True,1,0.95523439537123,0,1.0,24456,52259.0,1.0,24456,76715.0,0,0.38079132937670274
FAN-001066,Jeonbuk Hyundai Motors,35_54,free_registered,True,True,1,0.9174853061007188,0,1.0,17466,125567.0,1.0,17466,143033.0,1,0.7058227542293332
FAN-001067,FC Seoul,18_34,free_registered,True,False,1,0.9246290787012243,0,1.0,24445,0.0,0.0,24445,24445.0,0,0.4058261262728528
FAN-001068,FC Seoul,18_34,free_registered,True,True,2,0.9176410564781128,1,0.5,21654,0.0,0.0,43308,43308.0,1,0.831395476489601
FAN-001069,Ulsan HD,Under_18,paid_membership,True,True,3,0.959498879755052,2,0.3333333333333333,17236,0.0,0.0,51708,51708.0,0,0.15166904630797304
FAN-001070,FC Seoul,18_34,paid_membership,True,False,3,0.8988527559933304,2,0.3333333333333333,16609,37916.0,1.0,49827,87743.0,0,0.10597062658705157
FAN-001071,FC Seoul,55_Plus,free_registered,True,True,1,0.9255931492590636,0,1.0,18033,0.0,0.0,18033,18033.0,1,0.5227932972100452
FAN-001072,FC Seoul,18_34,season_ticket_partial,True,True,9,0.8627682935565706,7,0.2222222222222222,0,47245.0,1.0,0,47245.0,0,0.16040516223007137
FAN-001073,FC Seoul,18_34,free_registered,False,True,2,0.9364358082506818,1,0.5,22680,0.0,0.0,45360,45360.0,1,0.9085585715094133
FAN-001074,FC Seoul,18_34,free_registered,False,True,1,0.9555347264618176,0,1.0,24741,0.0,0.0,24741,24741.0,0,0.4731144487601794
FAN-001075,Gangwon FC,18_34,free_registered,False,True,1,0.9428513773465654,0,1.0,17218,138314.0,1.0,17218,155532.0,1,0.7820113456242801
FAN-001076,Ulsan HD,Under_18,paid_membership,True,True,2,0.992279374069812,1,0.5,20294,27134.0,1.0,40588,67722.0,1,0.5927104075962905
FAN-001077,Ulsan HD,18_34,free_registered,True,True,2,0.9490621183976596,1,0.5,18189,52656.0,1.0,36378,89034.0,0,0.42037087573500154
FAN-001078,Jeju SK,18_34,free_registered,True,False,1,0.9987875230580308,0,1.0,21328,125866.0,1.0,21328,147194.0,0,0.45284457658743776
FAN-001079,FC Seoul,35_54,free_registered,False,True,2,0.9556548448309892,1,0.5,16354,105719.0,1.0,32708,138427.0,1,0.842199289184575
FAN-001080,Gangwon FC,18_34,season_ticket_partial,True,True,8,0.945237578435282,7,0.125,0,89940.0,1.0,0,89940.0,0,0.2522557315848877
FAN-001081,Jeonbuk Hyundai Motors,18_34,season_ticket_full,True,False,16,0.6782845725074843,10,0.375,0,311264.0,4.0,0,311264.0,0,0.09685586850370131
FAN-001082,FC Seoul,55_Plus,free_registered,True,False,1,0.9325849057331498,0,1.0,18223,0.0,0.0,18223,18223.0,1,0.5379083418079321
FAN-001083,Ulsan HD,18_34,free_registered,True,True,2,0.9916577197794204,1,0.5,19118,87916.0,1.0,38236,126152.0,1,0.862355946129274
FAN-001084,Jeonbuk Hyundai Motors,18_34,paid_membership,False,False,4,0.9403680201032666,3,0.25,18840,144058.0,1.0,75360,219418.0,0,0.28223550105289236
FAN-001085,Gangwon FC,18_34,paid_membership,False,True,4,0.8919326374037834,3,0.25,19718,0.0,0.0,78872,78872.0,0,0.0956174637272676
FAN-001086,Ulsan HD,18_34,free_registered,False,True,1,0.9336431293642894,0,1.0,24358,0.0,0.0,24358,24358.0,1,0.5339589073259838
FAN-001087,Jeju SK,35_54,season_ticket_partial,True,False,11,0.7539380262077946,8,0.2727272727272727,0,46688.0,1.0,0,46688.0,0,0.3164997201022208
FAN-001088,FC Seoul,18_34,paid_membership,False,False,3,0.9705731283447376,2,0.3333333333333333,22701,200142.0,2.0,68103,268245.0,0,0.079289661039661
FAN-001089,Gangwon FC,35_54,free_registered,True,True,1,0.9503730837189562,0,1.0,21418,91589.0,1.0,21418,113007.0,0,0.4334153509538357
FAN-001090,FC Seoul,Under_18,paid_membership,False,False,2,0.931808794262272,1,0.5,17126,0.0,0.0,34252,34252.0,1,0.5554880440762784
FAN-001091,Gangwon FC,18_34,season_ticket_full,True,False,19,0.6363517377682781,12,0.368421052631579,0,234602.0,3.0,0,234602.0,0,0.10085067410802705
FAN-001092,Jeju SK,35_54,paid_membership,True,True,3,0.8551463182390652,2,0.3333333333333333,19777,0.0,0.0,59331,59331.0,0,0.07678164632659057
FAN-001093,Jeju SK,18_34,free_registered,True,True,2,0.9542491167933628,1,0.5,19572,16265.0,1.0,39144,55409.0,0,0.2445253813371834
FAN-001094,Ulsan HD,35_54,free_registered,True,True,2,0.923490973774019,1,0.5,18714,0.0,0.0,37428,37428.0,0,0.3905043470102286
FAN-001095,FC Seoul,18_34,free_registered,False,False,2,0.947885241286078,1,0.5,21969,0.0,0.0,43938,43938.0,1,0.8172497600355126
FAN-001096,FC Seoul,35_54,free_registered,False,True,1,0.9694722551938212,0,1.0,18050,0.0,0.0,18050,18050.0,0,0.32580723877712525
FAN-001097,FC Seoul,Under_18,paid_membership,True,False,4,0.9994024727841792,3,0.25,18871,0.0,0.0,75484,75484.0,0,0.21510260987374882
FAN-001098,FC Seoul,35_54,season_ticket_partial,True,True,11,0.8420623844884496,9,0.1818181818181817,0,270279.0,3.0,0,270279.0,0,0.08993003815829903
FAN-001099,Jeonbuk Hyundai Motors,18_34,paid_membership,True,True,2,0.9237894615375016,1,0.5,17047,0.0,0.0,34094,34094.0,1,0.7575763189398179
FAN-001100,Ulsan HD,35_54,season_ticket_full,True,False,15,0.6471640037850519,9,0.4,0,501734.0,5.0,0,501734.0,0,0.10134319547554836
FAN-001101,FC Seoul,18_34,free_registered,True,False,2,0.9842235123638312,1,0.5,23827,136501.0,1.0,47654,184155.0,1,0.6179876900523961
FAN-001102,Gangwon FC,35_54,season_ticket_partial,True,True,6,0.8665485949863072,5,0.1666666666666666,0,257413.0,3.0,0,257413.0,0,0.1262970665737525
FAN-001103,Jeonbuk Hyundai Motors,18_34,paid_membership,True,True,3,0.9488615168618492,2,0.3333333333333333,24781,0.0,0.0,74343,74343.0,0,0.153073869565625
FAN-001104,Gangwon FC,55_Plus,free_registered,True,True,1,0.9779873491699328,0,1.0,21876,101424.0,1.0,21876,123300.0,1,0.8668520146036989
FAN-001105,Gangwon FC,Under_18,paid_membership,False,True,2,0.9416076640798348,1,0.5,19173,90191.0,1.0,38346,128537.0,1,0.7475822153837619
FAN-001106,FC Seoul,18_34,free_registered,True,True,2,0.961675348607776,1,0.5,16029,0.0,0.0,32058,32058.0,1,0.8185601340808178
FAN-001107,Ulsan HD,18_34,paid_membership,True,False,2,0.9725752130166764,1,0.5,19854,0.0,0.0,39708,39708.0,1,0.5827317271143194
FAN-001108,Jeonbuk Hyundai Motors,Under_18,paid_membership,False,True,2,0.9773572330246576,1,0.5,22610,0.0,0.0,45220,45220.0,1,0.7228614344986272
FAN-001109,Jeju SK,18_34,free_registered,True,True,1,0.9895699863988274,0,1.0,22346,65759.0,1.0,22346,88105.0,1,0.8703698423862796
FAN-001110,FC Seoul,55_Plus,paid_membership,True,True,5,0.8591679850836053,4,0.1999999999999999,16723,154310.0,2.0,83615,237925.0,0,0.11383179058179055
FAN-001111,Jeonbuk Hyundai Motors,55_Plus,paid_membership,True,False,5,0.9754207710903788,4,0.1999999999999999,18090,136728.0,1.0,90450,227178.0,0,0.2107890928515929
FAN-001112,FC Seoul,18_34,free_registered,True,True,1,0.9695646800163434,0,1.0,17575,0.0,0.0,17575,17575.0,0,0.4044362978725287
FAN-001113,FC Seoul,55_Plus,free_registered,True,False,1,0.9181013682235782,0,1.0,18490,0.0,0.0,18490,18490.0,1,0.8109092529777577
FAN-001114,Ulsan HD,18_34,free_registered,False,True,1,0.9154232416291268,0,1.0,18198,149649.0,1.0,18198,167847.0,1,0.8316474026326567
FAN-001115,Jeju SK,18_34,paid_membership,False,True,3,0.978315014540006,2,0.3333333333333333,23211,0.0,0.0,69633,69633.0,0,0.4945833505858016
FAN-001116,Jeju SK,35_54,season_ticket_partial,True,True,11,0.9181262711868728,10,0.0909090909090909,0,166238.0,3.0,0,166238.0,0,0.14204008584008584
FAN-001117,FC Seoul,35_54,season_ticket_full,True,True,16,0.8716844971304947,13,0.1875,0,269325.0,4.0,0,269325.0,0,0.16009323327993405
FAN-001118,Jeonbuk Hyundai Motors,55_Plus,paid_membership,True,False,3,0.9950138040099102,2,0.3333333333333333,19561,91414.0,1.0,58683,150097.0,0,0.18166502536631746
FAN-001119,FC Seoul,18_34,paid_membership,True,True,2,0.9594914402660232,1,0.5,20045,91376.0,2.0,40090,131466.0,1,0.5661279555663512
FAN-001120,FC Seoul,35_54,free_registered,True,False,1,0.9409417826270432,0,1.0,17126,0.0,0.0,17126,17126.0,1,0.6668924195337683
FAN-001121,Jeonbuk Hyundai Motors,Under_18,paid_membership,False,True,3,0.8701555872210147,2,0.3333333333333333,19964,151055.0,2.0,59892,210947.0,0,0.2960583695583695
FAN-001122,Gangwon FC,Under_18,free_registered,True,True,2,0.9103638690694864,1,0.5,20203,0.0,0.0,40406,40406.0,0,0.31074933013091427
FAN-001123,Jeonbuk Hyundai Motors,Under_18,free_registered,True,True,1,0.963544490988975,0,1.0,22472,24087.0,1.0,22472,46559.0,1,0.7755033017711342
FAN-001124,Jeonbuk Hyundai Motors,55_Plus,paid_membership,True,False,4,0.8925470800081315,3,0.25,19405,0.0,0.0,77620,77620.0,0,0.0669858692698225
FAN-001125,Jeju SK,35_54,free_registered,True,False,2,0.920765409339947,1,0.5,23736,0.0,0.0,47472,47472.0,0,0.4568493698729971
FAN-001126,Jeju SK,35_54,paid_membership,True,False,4,0.9975151755694288,3,0.25,20728,0.0,0.0,82912,82912.0,0,0.21760505917882975
FAN-001127,FC Seoul,18_34,season_ticket_partial,True,True,7,0.8480931479793343,5,0.2857142857142857,0,176321.0,3.0,0,176321.0,1,0.6153118860224123
FAN-001128,Ulsan HD,18_34,free_registered,True,False,1,0.9717061241257042,0,1.0,20692,131757.0,1.0,20692,152449.0,1,0.8674043963230952
FAN-001129,Ulsan HD,18_34,free_registered,False,True,1,0.9920569574745558,0,1.0,20521,79033.0,1.0,20521,99554.0,1,0.8357259339244099
FAN-001130,FC Seoul,18_34,season_ticket_partial,True,False,9,0.7365890499996097,6,0.3333333333333333,0,71987.0,1.0,0,71987.0,0,0.4008892316341472
FAN-001131,Jeonbuk Hyundai Motors,18_34,paid_membership,True,False,5,0.9464883903138402,4,0.1999999999999999,22659,198357.0,2.0,113295,311652.0,1,0.628080185569316
FAN-001132,Ulsan HD,35_54,free_registered,False,True,1,0.9200341483703688,0,1.0,19801,53964.0,1.0,19801,73765.0,0,0.3770306036556036
FAN-001133,FC Seoul,18_34,free_registered,False,True,1,0.9222130427435442,0,1.0,18531,96383.0,1.0,18531,114914.0,0,0.36574450996002716
FAN-001134,FC Seoul,Under_18,paid_membership,True,False,4,0.8680379758508806,3,0.25,17265,194229.0,2.0,69060,263289.0,0,0.15652706553250034
FAN-001135,Jeju SK,Under_18,paid_membership,True,False,3,0.8995065913450864,2,0.3333333333333333,23844,0.0,0.0,71532,71532.0,1,0.5146004542439608
FAN-001136,FC Seoul,Under_18,free_registered,True,True,2,0.9454780009280932,1,0.5,24467,0.0,0.0,48934,48934.0,0,0.18052331165763222
FAN-001137,Jeonbuk Hyundai Motors,18_34,free_registered,True,False,2,0.9213832274894488,1,0.5,24031,0.0,0.0,48062,48062.0,1,0.6347948787148119
FAN-001138,Ulsan HD,55_Plus,season_ticket_partial,True,False,10,0.7275594388649632,7,0.3,0,71262.0,1.0,0,71262.0,0,0.24361604186095737
FAN-001139,Ulsan HD,35_54,paid_membership,False,True,4,0.8766420118734681,3,0.25,24369,0.0,0.0,97476,97476.0,0,0.28018191289465805
FAN-001140,Jeju SK,35_54,season_ticket_full,True,True,19,0.7744398854606133,14,0.2631578947368421,0,202351.0,2.0,0,202351.0,0,0.03123529411764706
FAN-001141,Jeonbuk Hyundai Motors,18_34,paid_membership,True,False,3,0.8677219934169298,2,0.3333333333333333,16811,0.0,0.0,50433,50433.0,0,0.2427608688769143
FAN-001142,Ulsan HD,18_34,season_ticket_full,True,True,19,0.6191460353559692,11,0.4210526315789473,0,195183.0,2.0,0,195183.0,0,0.19154643976212612
FAN-001143,Jeju SK,Under_18,free_registered,False,True,2,0.9342254302820198,1,0.5,19555,0.0,0.0,39110,39110.0,1,0.8702091607994213
FAN-001144,Jeju SK,35_54,paid_membership,False,True,5,0.9078888199343365,4,0.1999999999999999,22696,110711.0,2.0,113480,224191.0,0,0.09819511894511894
FAN-001145,FC Seoul,35_54,free_registered,True,False,2,0.9591380313827734,1,0.5,23437,0.0,0.0,46874,46874.0,0,0.2718860050215366
FAN-001146,Jeonbuk Hyundai Motors,18_34,paid_membership,True,False,4,0.9232770044061848,3,0.25,16173,0.0,0.0,64692,64692.0,0,0.36041172205786093
FAN-001147,Jeonbuk Hyundai Motors,18_34,free_registered,False,True,2,0.936991970252933,1,0.5,22620,0.0,0.0,45240,45240.0,1,0.9114974972789842
FAN-001148,Jeju SK,18_34,free_registered,True,False,2,0.9990533188366978,1,0.5,24283,79579.0,1.0,48566,128145.0,1,0.7327985247970716
FAN-001149,Jeonbuk Hyundai Motors,35_54,season_ticket_partial,True,False,11,0.9166297967133672,10,0.0909090909090909,0,204173.0,2.0,0,204173.0,0,0.07119227361332622
FAN-001150,Jeonbuk Hyundai Motors,55_Plus,season_ticket_partial,True,True,5,0.711335658981584,3,0.4,0,286211.0,2.0,0,286211.0,0,0.31782583012862514
FAN-001151,Jeonbuk Hyundai Motors,35_54,free_registered,False,False,1,0.9859806234376376,0,1.0,18648,43905.0,1.0,18648,62553.0,1,0.5825471021556672
FAN-001152,Jeonbuk Hyundai Motors,18_34,paid_membership,True,False,4,0.9423645991647738,3,0.25,16598,0.0,0.0,66392,66392.0,0,0.19334297544499673
FAN-001153,Jeju SK,Under_18,free_registered,True,False,1,0.9595504979860572,0,1.0,21664,88761.0,1.0,21664,110425.0,1,0.5410479672642524
FAN-001154,Jeju SK,Under_18,free_registered,True,False,1,0.99474586638696,0,1.0,18184,24933.0,1.0,18184,43117.0,0,0.4089070034266232
FAN-001155,Jeju SK,18_34,season_ticket_partial,True,True,9,0.810033549271455,7,0.2222222222222222,0,103019.0,1.0,0,103019.0,0,0.3250448790234259
FAN-001156,Jeonbuk Hyundai Motors,Under_18,free_registered,True,True,2,0.9813254334841868,1,0.5,20184,0.0,0.0,40368,40368.0,0,0.465655940878625
FAN-001157,FC Seoul,35_54,season_ticket_full,True,True,19,0.7982344620573931,15,0.2105263157894736,0,272061.0,5.0,0,272061.0,0,0.1589958029325037
FAN-001158,Jeonbuk Hyundai Motors,35_54,free_registered,True,False,2,0.9719327400601172,1,0.5,21766,0.0,0.0,43532,43532.0,0,0.39201419050651837
FAN-001159,Jeonbuk Hyundai Motors,Under_18,paid_membership,True,False,3,0.9906313431304656,2,0.3333333333333333,24535,118570.0,1.0,73605,192175.0,0,0.1260054850771718
FAN-001160,FC Seoul,35_54,paid_membership,True,True,5,0.9596568304543568,4,0.1999999999999999,18678,75666.0,1.0,93390,169056.0,0,0.04525442150442151
FAN-001161,Jeonbuk Hyundai Motors,18_34,free_registered,True,True,2,0.9671849433358696,1,0.5,17341,0.0,0.0,34682,34682.0,1,0.6360208197332875
FAN-001162,FC Seoul,18_34,free_registered,True,True,2,0.935884874260608,1,0.5,24226,74741.0,1.0,48452,123193.0,1,0.734600045153046
FAN-001163,Ulsan HD,18_34,season_ticket_partial,True,False,5,0.8327805530743935,4,0.1999999999999999,0,107200.0,1.0,0,107200.0,0,0.1925315813614727
FAN-001164,Jeonbuk Hyundai Motors,18_34,paid_membership,True,True,5,0.8895239117050964,4,0.1999999999999999,20174,33768.0,1.0,100870,134638.0,0,0.1391983497983498
FAN-001165,FC Seoul,18_34,free_registered,True,False,1,0.9524286585771762,0,1.0,23300,0.0,0.0,23300,23300.0,1,0.6379047487457704
FAN-001166,Jeonbuk Hyundai Motors,18_34,paid_membership,False,True,3,0.9924732550768972,2,0.3333333333333333,22515,149747.0,2.0,67545,217292.0,0,0.1266881081881082
FAN-001167,Jeonbuk Hyundai Motors,18_34,free_registered,True,True,1,0.9844914938451556,0,1.0,21287,33547.0,1.0,21287,54834.0,1,0.873275507283324
FAN-001168,Ulsan HD,55_Plus,free_registered,False,True,1,0.9478053678485172,0,1.0,21933,18079.0,1.0,21933,40012.0,1,0.717095902101234
FAN-001169,FC Seoul,Under_18,free_registered,True,False,1,0.9043102178330684,0,1.0,21652,60569.0,1.0,21652,82221.0,1,0.8096880434380432
FAN-001170,FC Seoul,Under_18,free_registered,True,True,2,0.9552961740856952,1,0.5,20588,0.0,0.0,41176,41176.0,0,0.28022378401761994
FAN-001171,Jeju SK,Under_18,season_ticket_partial,True,False,10,0.7558830968769279,7,0.3,0,125088.0,2.0,0,125088.0,0,0.11112179503737622
FAN-001172,Gangwon FC,35_54,paid_membership,True,True,4,0.9171682256375034,3,0.25,21446,0.0,0.0,85784,85784.0,0,0.08332712744176016
FAN-001173,Jeju SK,Under_18,season_ticket_full,True,True,19,0.8727848043490906,16,0.1578947368421053,0,239504.0,3.0,0,239504.0,0,0.14401373643556306
FAN-001174,FC Seoul,35_54,paid_membership,False,True,5,0.886093395805216,4,0.1999999999999999,18113,0.0,0.0,90565,90565.0,0,0.2180824587462395
FAN-001175,Jeju SK,18_34,season_ticket_full,True,False,18,0.6647464913698613,11,0.3888888888888888,0,77754.0,2.0,0,77754.0,0,0.14517506340456546
FAN-001176,Ulsan HD,18_34,paid_membership,True,False,4,0.923907248746242,3,0.25,16199,0.0,0.0,64796,64796.0,0,0.36475390765004656
FAN-001177,Jeonbuk Hyundai Motors,35_54,paid_membership,True,True,5,0.9287337795460504,4,0.1999999999999999,24703,0.0,0.0,123515,123515.0,0,0.01827466443635598
FAN-001178,FC Seoul,18_34,season_ticket_full,True,False,19,0.8169955055882316,15,0.2105263157894736,0,206522.0,2.0,0,206522.0,0,0.026951624083977024
FAN-001179,Jeonbuk Hyundai Motors,18_34,paid_membership,True,True,5,0.9830428658588258,4,0.1999999999999999,18732,70091.0,1.0,93660,163751.0,0,0.08683802308802305
FAN-001180,Ulsan HD,18_34,free_registered,True,True,2,0.9821756794923946,1,0.5,17063,0.0,0.0,34126,34126.0,0,0.4111991462843212
FAN-001181,Gangwon FC,35_54,paid_membership,False,True,4,0.9311448646810484,3,0.25,22415,61642.0,2.0,89660,151302.0,0,0.1801046350163997
FAN-001182,Ulsan HD,18_34,season_ticket_partial,True,False,5,0.9047575304263132,4,0.1999999999999999,0,168160.0,3.0,0,168160.0,0,0.46543801846301835
FAN-001183,Jeju SK,Under_18,paid_membership,True,True,2,0.9404225787014756,1,0.5,22178,82028.0,2.0,44356,126384.0,1,0.6091988608412806
FAN-001184,Gangwon FC,55_Plus,paid_membership,True,True,5,0.9071724297381304,4,0.1999999999999999,22079,140175.0,1.0,110395,250570.0,0,0.04831921580834624
FAN-001185,FC Seoul,Under_18,paid_membership,True,True,2,0.9470172243767896,1,0.5,20381,157056.0,2.0,40762,197818.0,0,0.29894376501664355
FAN-001186,Gangwon FC,35_54,season_ticket_full,True,True,17,0.8905751530832258,15,0.1176470588235294,0,271442.0,5.0,0,271442.0,0,0.07646429740099814
FAN-001187,Jeju SK,35_54,free_registered,True,True,2,0.9490725791287472,1,0.5,19009,95079.0,1.0,38018,133097.0,1,0.6338632168449443
FAN-001188,FC Seoul,18_34,paid_membership,False,True,3,0.9428354176684288,2,0.3333333333333333,24596,97336.0,1.0,73788,171124.0,0,0.12718994246494245
FAN-001189,Ulsan HD,Under_18,free_registered,True,True,2,0.9423494168029084,1,0.5,20583,123532.0,1.0,41166,164698.0,0,0.4005493842078196
FAN-001190,Jeonbuk Hyundai Motors,Under_18,paid_membership,True,False,4,0.8645008650596533,3,0.25,18792,99447.0,1.0,75168,174615.0,0,0.2470291264291265
FAN-001191,FC Seoul,35_54,paid_membership,True,True,3,0.944045224189186,2,0.3333333333333333,17532,0.0,0.0,52596,52596.0,0,0.12566904630797301
FAN-001192,Jeju SK,35_54,free_registered,True,True,2,0.9475666304277234,1,0.5,16527,77723.0,1.0,33054,110777.0,1,0.6756288891637566
FAN-001193,Ulsan HD,35_54,free_registered,False,True,2,0.9415433058106852,1,0.5,22838,0.0,0.0,45676,45676.0,1,0.941641664068069
FAN-001194,Jeju SK,55_Plus,paid_membership,True,True,4,0.8627079197991424,3,0.25,18446,147571.0,2.0,73784,221355.0,0,0.12952626277626278
FAN-001195,FC Seoul,35_54,free_registered,False,False,1,0.9963083360245064,0,1.0,23190,93837.0,1.0,23190,117027.0,1,0.8755945840527732
FAN-001196,Jeonbuk Hyundai Motors,18_34,free_registered,True,True,2,0.9288412874405164,1,0.5,24438,36090.0,1.0,48876,84966.0,0,0.45959379594290967
FAN-001197,Gangwon FC,18_34,season_ticket_partial,True,False,10,0.8336583407156474,8,0.1999999999999999,0,59601.0,1.0,0,59601.0,0,0.13340573084323087
FAN-001198,Gangwon FC,35_54,free_registered,True,False,2,0.9827699632096922,1,0.5,18116,123938.0,1.0,36232,160170.0,0,0.40921859006116873
FAN-001199,Jeonbuk Hyundai Motors,18_34,free_registered,True,False,2,0.981047791187182,1,0.5,22041,0.0,0.0,44082,44082.0,1,0.5532289079445785
FAN-001200,FC Seoul,Under_18,season_ticket_full,True,True,17,0.8980440570799479,15,0.1176470588235294,0,131038.0,2.0,0,131038.0,0,0.10063880264615555
FAN-001201,Jeonbuk Hyundai Motors,35_54,free_registered,False,True,2,0.994058345264147,1,0.5,24799,0.0,0.0,49598,49598.0,1,0.621573195021075
FAN-001202,FC Seoul,18_34,free_registered,False,True,1,0.9838927846449684,0,1.0,22428,27098.0,1.0,22428,49526.0,1,0.8917427733965528
FAN-001203,FC Seoul,55_Plus,paid_membership,True,False,2,0.9178162457154766,1,0.5,18193,129672.0,1.0,36386,166058.0,0,0.45004599126287975
FAN-001204,Ulsan HD,35_54,paid_membership,False,True,5,0.8613843627586699,4,0.1999999999999999,21402,204379.0,2.0,107010,311389.0,0,0.13091058941058942
FAN-001205,Ulsan HD,Under_18,season_ticket_partial,True,True,9,0.7846858979937745,7,0.2222222222222222,0,119216.0,2.0,0,119216.0,0,0.1853434628221496
FAN-001206,Jeonbuk Hyundai Motors,55_Plus,season_ticket_partial,True,True,11,0.7694710055909797,8,0.2727272727272727,0,221677.0,2.0,0,221677.0,0,0.008431857181857183
FAN-001207,Jeju SK,18_34,paid_membership,False,False,3,0.9684661586129978,2,0.3333333333333333,19293,0.0,0.0,57879,57879.0,0,0.0824878091377535
FAN-001208,Ulsan HD,18_34,free_registered,True,False,1,0.9436455168543044,0,1.0,21157,0.0,0.0,21157,21157.0,0,0.3552305099174095
FAN-001209,FC Seoul,18_34,free_registered,True,True,2,0.9270125807884182,1,0.5,21189,0.0,0.0,42378,42378.0,1,0.6264619393582312
FAN-001210,Gangwon FC,Under_18,free_registered,True,True,2,0.9051188250931018,1,0.5,24973,0.0,0.0,49946,49946.0,0,0.3596208808173573
FAN-001211,Ulsan HD,18_34,free_registered,False,True,2,0.951300381303626,1,0.5,18049,0.0,0.0,36098,36098.0,1,0.8195458281126888
FAN-001212,Ulsan HD,Under_18,paid_membership,True,True,4,0.9243445018939406,3,0.25,19684,236168.0,2.0,78736,314904.0,0,0.10860955865599822
FAN-001213,FC Seoul,18_34,paid_membership,True,False,2,0.8976808883595383,1,0.5,22985,81594.0,2.0,45970,127564.0,1,0.7772370443560738
FAN-001214,Jeonbuk Hyundai Motors,18_34,free_registered,True,False,2,0.9893777567256062,1,0.5,19284,0.0,0.0,38568,38568.0,1,0.803212491440645
FAN-001215,Jeju SK,35_54,season_ticket_partial,True,False,7,0.7603514666362294,5,0.2857142857142857,0,212198.0,3.0,0,212198.0,0,0.10926372171109008
FAN-001216,FC Seoul,35_54,free_registered,True,True,2,0.9812298880623944,1,0.5,20450,0.0,0.0,40900,40900.0,0,0.3342580333614421
FAN-001217,FC Seoul,18_34,free_registered,True,False,1,0.9667039872628592,0,1.0,24332,0.0,0.0,24332,24332.0,1,0.5642030225148204
FAN-001218,Jeju SK,18_34,paid_membership,True,False,3,0.9183941126804884,2,0.3333333333333333,17831,0.0,0.0,53493,53493.0,0,0.12654845387724448
FAN-001219,Jeju SK,18_34,free_registered,False,False,1,0.9906592216645214,0,1.0,22743,0.0,0.0,22743,22743.0,1,0.7117929598236253
FAN-001220,FC Seoul,18_34,free_registered,False,False,1,0.971814975284428,0,1.0,22097,0.0,0.0,22097,22097.0,1,0.5458578860723567
FAN-001221,Gangwon FC,35_54,free_registered,False,True,1,0.9035578989727832,0,1.0,21515,70506.0,1.0,21515,92021.0,0,0.4424431564552534
FAN-001222,FC Seoul,35_54,free_registered,True,False,2,0.9580044238728768,1,0.5,20930,116169.0,1.0,41860,158029.0,0,0.43197419434534545
FAN-001223,Ulsan HD,18_34,paid_membership,True,False,5,0.8861424829786678,4,0.1999999999999999,22936,191234.0,2.0,114680,305914.0,0,0.27632360065096645
FAN-001224,Gangwon FC,18_34,season_ticket_partial,True,False,11,0.8542359269341431,9,0.1818181818181817,0,130873.0,1.0,0,130873.0,0,0.22962052966097085
FAN-001225,Ulsan HD,Under_18,free_registered,True,True,1,0.9122784911743612,0,1.0,21007,23223.0,1.0,21007,44230.0,0,0.4270614610563886
FAN-001226,Jeju SK,35_54,free_registered,False,False,2,0.9590844045906552,1,0.5,18288,88539.0,1.0,36576,125115.0,1,0.7244031674937811
FAN-001227,Ulsan HD,Under_18,paid_membership,True,True,3,0.9997818480620776,2,0.3333333333333333,18671,207187.0,2.0,56013,263200.0,0,0.09786233762098091
FAN-001228,FC Seoul,55_Plus,season_ticket_full,True,True,17,0.8417890099484349,14,0.1764705882352941,0,186459.0,2.0,0,186459.0,0,0.03346178984414279
FAN-001229,Gangwon FC,35_54,free_registered,True,True,2,0.9022535350388416,1,0.5,17020,72453.0,1.0,34040,106493.0,1,0.7914026737565737
FAN-001230,Ulsan HD,18_34,free_registered,False,False,2,0.933222836384997,1,0.5,18953,118309.0,1.0,37906,156215.0,1,0.543547117267339
FAN-001231,Jeonbuk Hyundai Motors,35_54,paid_membership,True,True,4,0.9305077523667976,3,0.25,20882,0.0,0.0,83528,83528.0,0,0.11097515533978802
FAN-001232,FC Seoul,55_Plus,paid_membership,True,True,4,0.8689923692771719,3,0.25,22935,0.0,0.0,91740,91740.0,0,0.20242316152189788
FAN-001233,FC Seoul,35_54,free_registered,True,False,2,0.9734721670353644,1,0.5,21308,0.0,0.0,42616,42616.0,1,0.5078918614194835
FAN-001234,FC Seoul,18_34,paid_membership,True,False,3,0.8601955804284329,2,0.3333333333333333,22276,0.0,0.0,66828,66828.0,0,0.15502017921893532
FAN-001235,Jeju SK,18_34,free_registered,True,False,1,0.9195239881300136,0,1.0,20196,32764.0,1.0,20196,52960.0,0,0.3489264779512164
FAN-001236,Ulsan HD,35_54,paid_membership,True,True,5,0.9786243612554046,4,0.1999999999999999,24097,0.0,0.0,120485,120485.0,0,0.02742211800545134
FAN-001237,Jeonbuk Hyundai Motors,35_54,paid_membership,True,False,3,0.97143269516454,2,0.3333333333333333,21477,65344.0,2.0,64431,129775.0,0,0.07661471687850886
FAN-001238,Ulsan HD,35_54,season_ticket_partial,True,True,11,0.8762532869688098,9,0.1818181818181817,0,79464.0,1.0,0,79464.0,0,0.09660952010952012
FAN-001239,Gangwon FC,35_54,free_registered,True,True,2,0.906623340866898,1,0.5,21484,0.0,0.0,42968,42968.0,1,0.6256293987957225
FAN-001240,FC Seoul,35_54,free_registered,True,True,1,0.920189085350008,0,1.0,19180,148082.0,1.0,19180,167262.0,1,0.544738479113479
FAN-001241,Jeonbuk Hyundai Motors,55_Plus,free_registered,True,False,1,0.9428031636435878,0,1.0,16186,0.0,0.0,16186,16186.0,1,0.6418017698895897
FAN-001242,Jeonbuk Hyundai Motors,Under_18,season_ticket_partial,True,True,7,0.9408335468151294,6,0.1428571428571429,0,35704.0,1.0,0,35704.0,0,0.0820378238375887
FAN-001243,Jeonbuk Hyundai Motors,18_34,free_registered,True,True,1,0.9178737163212172,0,1.0,21471,0.0,0.0,21471,21471.0,1,0.5129187331936982
FAN-001244,Jeonbuk Hyundai Motors,35_54,free_registered,True,True,2,0.9399778490928322,1,0.5,19032,0.0,0.0,38064,38064.0,1,0.5877147937294152
FAN-001245,Jeonbuk Hyundai Motors,35_54,free_registered,True,True,1,0.9989317058203288,0,1.0,16046,88316.0,1.0,16046,104362.0,1,0.5140859247248566
FAN-001246,Jeju SK,35_54,paid_membership,True,False,3,0.8683093083880206,2,0.3333333333333333,18868,160167.0,2.0,56604,216771.0,0,0.12733820990989667
FAN-001247,FC Seoul,18_34,free_registered,True,False,2,0.9614583273661684,1,0.5,19912,0.0,0.0,39824,39824.0,1,0.747349483519197
FAN-001248,FC Seoul,35_54,free_registered,True,True,2,0.9974129367456768,1,0.5,19037,0.0,0.0,38074,38074.0,0,0.4847573094825023
FAN-001249,Gangwon FC,35_54,free_registered,True,True,1,0.950609819051934,0,1.0,19305,0.0,0.0,19305,19305.0,1,0.9233164476643682
FAN-001250,Jeju SK,Under_18,season_ticket_partial,True,True,6,0.8515261174116788,5,0.1666666666666666,0,100536.0,2.0,0,100536.0,0,0.45987654454136806
FAN-001251,Jeonbuk Hyundai Motors,18_34,paid_membership,True,False,2,0.9196783272111876,1,0.5,22360,64337.0,1.0,44720,109057.0,1,0.6969965562297783
FAN-001252,Ulsan HD,18_34,paid_membership,True,True,4,0.9999713460167986,3,0.25,22317,0.0,0.0,89268,89268.0,0,0.11760862539911839
FAN-001253,FC Seoul,18_34,season_ticket_partial,True,True,8,0.9349316120597796,7,0.125,0,188531.0,3.0,0,188531.0,0,0.31826885897650814
FAN-001254,FC Seoul,Under_18,season_ticket_partial,True,True,8,0.932702320478504,7,0.125,0,273453.0,2.0,0,273453.0,0,0.24521462293111776
FAN-001255,Jeju SK,18_34,free_registered,True,True,2,0.9551372256253974,1,0.5,20241,0.0,0.0,40482,40482.0,0,0.4753629587833429
FAN-001256,Ulsan HD,18_34,season_ticket_full,True,True,17,0.7605253829639413,12,0.2941176470588235,0,130964.0,2.0,0,130964.0,0,0.19519094351159427
FAN-001257,FC Seoul,35_54,free_registered,True,True,1,0.908374665234956,0,1.0,19584,46187.0,1.0,19584,65771.0,1,0.8180397108105188
FAN-001258,Ulsan HD,35_54,free_registered,True,True,2,0.976004368232672,1,0.5,18345,0.0,0.0,36690,36690.0,1,0.7112250845140109
FAN-001259,FC Seoul,35_54,season_ticket_partial,True,True,11,0.7833011756694273,8,0.2727272727272727,0,200974.0,3.0,0,200974.0,0,0.03544051519051519
FAN-001260,Jeju SK,18_34,free_registered,True,False,1,0.92557455366618,0,1.0,16580,0.0,0.0,16580,16580.0,1,0.6149604818253531
FAN-001261,FC Seoul,Under_18,free_registered,True,True,2,0.9380446075958744,1,0.5,19545,17961.0,1.0,39090,57051.0,0,0.22077240997856046
FAN-001262,Jeonbuk Hyundai Motors,35_54,free_registered,False,True,1,0.9743818155576937,0,1.0,23561,0.0,0.0,23561,23561.0,1,0.5910618900570077
FAN-001263,Ulsan HD,18_34,paid_membership,False,False,2,0.9734766370090976,1,0.5,23737,19580.0,1.0,47474,67054.0,0,0.4931192315083032
FAN-001264,Ulsan HD,55_Plus,free_registered,True,False,2,0.9542244563906234,1,0.5,17667,0.0,0.0,35334,35334.0,1,0.8168400715019197
FAN-001265,FC Seoul,35_54,paid_membership,True,True,3,0.9571217831559492,2,0.3333333333333333,24410,151542.0,2.0,73230,224772.0,0,0.07620233152401827
FAN-001266,FC Seoul,18_34,season_ticket_partial,True,False,6,0.8281219088592018,4,0.3333333333333333,0,30883.0,1.0,0,30883.0,0,0.1877932413232336
FAN-001267,Ulsan HD,55_Plus,paid_membership,False,True,4,0.9058998710771978,3,0.25,21258,73651.0,1.0,85032,158683.0,0,0.13349193545246177
FAN-001268,Ulsan HD,Under_18,free_registered,True,False,1,0.9492648231104718,0,1.0,22647,104377.0,1.0,22647,127024.0,1,0.6610273478534355
FAN-001269,Jeju SK,18_34,season_ticket_full,True,False,15,0.6580134508609828,9,0.4,0,263372.0,2.0,0,263372.0,0,0.0594966542054138
FAN-001270,FC Seoul,35_54,free_registered,True,True,1,0.9307610477625397,0,1.0,16843,80551.0,1.0,16843,97394.0,1,0.6244108663094732
FAN-001271,Jeju SK,18_34,free_registered,True,True,2,0.9094936392708732,1,0.5,19511,0.0,0.0,39022,39022.0,1,0.7160137950283221
FAN-001272,Jeonbuk Hyundai Motors,55_Plus,free_registered,True,True,2,0.9197637745023386,1,0.5,22708,62987.0,1.0,45416,108403.0,1,0.709055563864009
FAN-001273,Jeonbuk Hyundai Motors,Under_18,paid_membership,False,False,5,0.8825347439244949,4,0.1999999999999999,19837,0.0,0.0,99185,99185.0,0,0.29095694470585776
FAN-001274,FC Seoul,18_34,free_registered,True,True,2,0.9424271822671172,1,0.5,17119,0.0,0.0,34238,34238.0,1,0.6217538206584322
FAN-001275,Ulsan HD,35_54,free_registered,False,False,2,0.970687750874084,1,0.5,22034,101649.0,1.0,44068,145717.0,1,0.519117818863598
FAN-001276,FC Seoul,35_54,free_registered,True,True,1,0.945844892126398,0,1.0,19765,0.0,0.0,19765,19765.0,1,0.6543096389185186
FAN-001277,FC Seoul,18_34,free_registered,True,True,1,0.9049049142259942,0,1.0,23914,120177.0,1.0,23914,144091.0,0,0.4106787656787656
FAN-001278,Gangwon FC,18_34,paid_membership,True,True,3,0.922486639887235,2,0.3333333333333333,22397,188677.0,2.0,67191,255868.0,0,0.057338576760263514
FAN-001279,FC Seoul,35_54,season_ticket_partial,True,True,6,0.8412164854473947,5,0.1666666666666666,0,134810.0,2.0,0,134810.0,0,0.2785280626855332
FAN-001280,Ulsan HD,18_34,paid_membership,True,True,5,0.9757934124868318,4,0.1999999999999999,23958,0.0,0.0,119790,119790.0,0,0.03186656244989579
FAN-001281,Jeju SK,35_54,free_registered,True,True,1,0.963524006449898,0,1.0,17938,0.0,0.0,17938,17938.0,0,0.3673264207001444
FAN-001282,Jeonbuk Hyundai Motors,35_54,free_registered,False,False,2,0.9533931804003,1,0.5,19055,99509.0,1.0,38110,137619.0,0,0.493385781568979
FAN-001283,Jeju SK,35_54,season_ticket_full,True,False,19,0.6404748865840899,12,0.368421052631579,0,460267.0,4.0,0,460267.0,0,0.07311128849364143
FAN-001284,FC Seoul,35_54,free_registered,True,False,1,0.9236460393649696,0,1.0,19096,0.0,0.0,19096,19096.0,1,0.7323788072166622
FAN-001285,Ulsan HD,18_34,season_ticket_partial,True,True,11,0.7866392856040136,8,0.2727272727272727,0,123721.0,1.0,0,123721.0,1,0.6568429750026353
FAN-001286,Ulsan HD,35_54,free_registered,True,False,2,0.9407122826169988,1,0.5,17504,57527.0,1.0,35008,92535.0,1,0.9020374248077506
FAN-001287,FC Seoul,35_54,season_ticket_full,True,False,16,0.7811612863865139,12,0.25,0,169713.0,2.0,0,169713.0,0,0.040954870837223774
FAN-001288,Ulsan HD,18_34,free_registered,True,True,2,0.984420980523326,1,0.5,18190,52676.0,1.0,36380,89056.0,0,0.45139102673642145
FAN-001289,FC Seoul,55_Plus,free_registered,True,True,2,0.9805197399631268,1,0.5,16489,0.0,0.0,32978,32978.0,1,0.6085383689692642
FAN-001290,FC Seoul,18_34,paid_membership,True,True,3,0.8606163302210083,2,0.3333333333333333,23127,46801.0,1.0,69381,116182.0,0,0.12977079126932814
FAN-001291,Ulsan HD,Under_18,paid_membership,True,False,3,0.9978454526273844,2,0.3333333333333333,21314,211228.0,2.0,63942,275170.0,0,0.09178538920707596
FAN-001292,FC Seoul,18_34,free_registered,True,True,1,0.9071905870506533,0,1.0,21355,143873.0,1.0,21355,165228.0,1,0.740537734195629
FAN-001293,Jeju SK,55_Plus,paid_membership,False,True,5,0.9784630407528124,4,0.1999999999999999,18042,0.0,0.0,90210,90210.0,0,0.12339019680874157
FAN-001294,Jeju SK,18_34,paid_membership,False,True,3,0.9510398041384408,2,0.3333333333333333,21880,104053.0,1.0,65640,169693.0,0,0.16381523569023562
FAN-001295,Jeonbuk Hyundai Motors,35_54,free_registered,True,False,1,0.9026715940865474,0,1.0,20882,25289.0,1.0,20882,46171.0,0,0.36208357093156884
FAN-001296,FC Seoul,35_54,free_registered,True,True,2,0.9290500219748468,1,0.5,24313,0.0,0.0,48626,48626.0,1,0.6150951931181812
FAN-001297,FC Seoul,18_34,free_registered,True,True,1,0.9136283189114002,0,1.0,21935,127531.0,1.0,21935,149466.0,1,0.5782821931821932
FAN-001298,FC Seoul,Under_18,free_registered,False,True,1,0.9231278984247512,0,1.0,19288,100344.0,1.0,19288,119632.0,0,0.37544677066228793
FAN-001299,Jeju SK,35_54,paid_membership,True,True,2,0.8630292213996184,1,0.5,23113,106906.0,2.0,46226,153132.0,1,0.7981500189410405
FAN-001300,Jeonbuk Hyundai Motors,18_34,free_registered,True,True,2,0.9109244702237796,1,0.5,24229,0.0,0.0,48458,48458.0,1,0.5777917733771049
FAN-001301,FC Seoul,35_54,free_registered,True,True,1,0.9229834131159538,0,1.0,17961,26008.0,1.0,17961,43969.0,0,0.17866999502833078
FAN-001302,Gangwon FC,18_34,free_registered,True,False,1,0.9564908394859836,0,1.0,21105,0.0,0.0,21105,21105.0,1,0.6804652626806842
FAN-001303,FC Seoul,18_34,paid_membership,True,False,4,0.8683006305308916,3,0.25,19836,0.0,0.0,79344,79344.0,0,0.1365515884090711
FAN-001304,Ulsan HD,35_54,free_registered,True,False,1,0.9857591015118984,0,1.0,20834,0.0,0.0,20834,20834.0,1,0.8022284168528896
FAN-001305,Jeonbuk Hyundai Motors,18_34,free_registered,True,True,2,0.9150579723308916,1,0.5,17026,66934.0,1.0,34052,100986.0,1,0.8312468253173878
FAN-001306,Jeonbuk Hyundai Motors,18_34,free_registered,True,False,2,0.9369884735689068,1,0.5,21928,0.0,0.0,43856,43856.0,1,0.8938848263725648
FAN-001307,Jeonbuk Hyundai Motors,18_34,season_ticket_full,True,True,18,0.6202294982657267,11,0.3888888888888888,0,203483.0,3.0,0,203483.0,0,0.13922645419214047
FAN-001308,Jeonbuk Hyundai Motors,18_34,free_registered,True,True,1,0.9795798255007026,0,1.0,20125,0.0,0.0,20125,20125.0,1,0.8423966716701614
FAN-001309,Ulsan HD,18_34,paid_membership,True,False,2,0.9640582153779844,1,0.5,16627,199593.0,2.0,33254,232847.0,0,0.45880473947189643
FAN-001310,Jeonbuk Hyundai Motors,35_54,free_registered,True,False,2,0.9768992530242236,1,0.5,21286,0.0,0.0,42572,42572.0,1,0.5219339949395582
FAN-001311,FC Seoul,18_34,free_registered,True,True,2,0.9448380781305148,1,0.5,19160,75489.0,1.0,38320,113809.0,1,0.65031733756083
FAN-001312,Jeonbuk Hyundai Motors,18_34,paid_membership,False,False,5,0.892872526159725,4,0.1999999999999999,19767,227375.0,2.0,98835,326210.0,0,0.4377741955370674
FAN-001313,Ulsan HD,35_54,free_registered,True,False,1,0.9599656439143364,0,1.0,21841,93575.0,1.0,21841,115416.0,1,0.8441978894153518
FAN-001314,Jeonbuk Hyundai Motors,18_34,season_ticket_full,True,False,18,0.7429568221903526,13,0.2777777777777778,0,215486.0,3.0,0,215486.0,0,0.039805399937752874
FAN-001315,Ulsan HD,18_34,season_ticket_full,True,False,15,0.7532376249966692,11,0.2666666666666667,0,319629.0,4.0,0,319629.0,0,0.08148132586367877
FAN-001316,Jeju SK,55_Plus,paid_membership,True,False,5,0.8744397183105432,4,0.1999999999999999,24580,72349.0,1.0,122900,195249.0,0,0.057070105820105826
FAN-001317,Ulsan HD,35_54,paid_membership,True,True,4,0.901320334736468,3,0.25,21024,0.0,0.0,84096,84096.0,0,0.06787780225714084
FAN-001318,Jeonbuk Hyundai Motors,35_54,free_registered,True,True,2,0.9073764395218256,1,0.5,21452,0.0,0.0,42904,42904.0,1,0.5612927952588314
FAN-001319,FC Seoul,35_54,free_registered,True,False,1,0.9603849169570466,0,1.0,20714,54977.0,1.0,20714,75691.0,1,0.5875278997775122
FAN-001320,FC Seoul,Under_18,season_ticket_full,True,True,18,0.7921456240709426,14,0.2222222222222222,0,346679.0,4.0,0,346679.0,0,0.15194372457607752
FAN-001321,FC Seoul,35_54,paid_membership,False,True,5,0.8775692707655504,4,0.1999999999999999,24598,0.0,0.0,122990,122990.0,0,0.05877128427128426
FAN-001322,FC Seoul,18_34,paid_membership,False,True,5,0.9570475535983644,4,0.1999999999999999,24188,0.0,0.0,120940,120940.0,0,0.06062978996312329
FAN-001323,Jeonbuk Hyundai Motors,18_34,free_registered,False,True,1,0.9952233716273372,0,1.0,18024,131600.0,1.0,18024,149624.0,1,0.5354046770600863
FAN-001324,FC Seoul,18_34,free_registered,False,False,2,0.9128190322693716,1,0.5,18669,41407.0,1.0,37338,78745.0,1,0.7166253135491311
FAN-001325,Gangwon FC,Under_18,season_ticket_full,True,False,19,0.8295590717176461,15,0.2105263157894736,0,420574.0,5.0,0,420574.0,0,0.1323911146416183
FAN-001326,Ulsan HD,18_34,free_registered,True,True,1,0.9110596489860122,0,1.0,21949,0.0,0.0,21949,21949.0,1,0.8110499862811941
FAN-001327,FC Seoul,55_Plus,free_registered,True,False,2,0.9283007857223594,1,0.5,19119,142114.0,1.0,38238,180352.0,1,0.5631221290511335
FAN-001328,Jeonbuk Hyundai Motors,18_34,free_registered,True,False,2,0.9621492548312488,1,0.5,19261,69922.0,1.0,38522,108444.0,1,0.5707856376897353
FAN-001329,Jeju SK,18_34,season_ticket_partial,True,True,7,0.9155601739900908,6,0.1428571428571429,0,17638.0,1.0,0,17638.0,0,0.05407996481208262
FAN-001330,Ulsan HD,Under_18,free_registered,False,False,1,0.9365550152907096,0,1.0,22212,30004.0,1.0,22212,52216.0,0,0.4386459313633226
FAN-001331,Jeju SK,Under_18,season_ticket_partial,True,True,10,0.8131057532157054,8,0.1999999999999999,0,46064.0,2.0,0,46064.0,0,0.19607147316621001
FAN-001332,Jeonbuk Hyundai Motors,35_54,free_registered,True,True,2,0.9574983158146086,1,0.5,22638,46552.0,1.0,45276,91828.0,0,0.40162547136002064
FAN-001333,FC Seoul,18_34,season_ticket_partial,True,True,9,0.7433332038783856,6,0.3333333333333333,0,354283.0,3.0,0,354283.0,0,0.2523132444964743
FAN-001334,Gangwon FC,18_34,paid_membership,False,False,2,0.984336750976078,1,0.5,23737,150146.0,2.0,47474,197620.0,1,0.8402066819612458
FAN-001335,Gangwon FC,18_34,free_registered,True,True,2,0.970415102903391,1,0.5,23669,85275.0,1.0,47338,132613.0,1,0.8252936252887784
FAN-001336,Jeju SK,35_54,paid_membership,False,False,5,0.939275022075034,4,0.1999999999999999,19347,0.0,0.0,96735,96735.0,0,0.11014788118483772
FAN-001337,FC Seoul,18_34,free_registered,True,False,1,0.9898813775200058,0,1.0,24609,0.0,0.0,24609,24609.0,0,0.4359183929080936
FAN-001338,Jeju SK,18_34,free_registered,True,True,2,0.9601598715437368,1,0.5,21539,0.0,0.0,43078,43078.0,1,0.8767847922973137
FAN-001339,FC Seoul,18_34,season_ticket_partial,True,True,10,0.7228061654884067,7,0.3,0,127223.0,3.0,0,127223.0,0,0.29285647115506447
FAN-001340,FC Seoul,18_34,free_registered,True,True,1,0.9803134492555788,0,1.0,17184,44645.0,1.0,17184,61829.0,0,0.42500680248123107
FAN-001341,FC Seoul,18_34,free_registered,True,True,1,0.9485441179087232,0,1.0,18048,0.0,0.0,18048,18048.0,0,0.396709804583528
FAN-001342,Ulsan HD,35_54,free_registered,True,False,2,0.9279288329997956,1,0.5,21186,139319.0,1.0,42372,181691.0,1,0.6501742621032666
FAN-001343,Jeonbuk Hyundai Motors,35_54,free_registered,False,True,1,0.9155097010367418,0,1.0,23714,30459.0,1.0,23714,54173.0,1,0.6343306517556522
FAN-001344,Jeonbuk Hyundai Motors,35_54,season_ticket_partial,True,True,11,0.9379841236687868,10,0.0909090909090909,0,110398.0,2.0,0,110398.0,0,0.2544104896565423
FAN-001345,Jeonbuk Hyundai Motors,18_34,free_registered,True,True,2,0.9424856600876452,1,0.5,16314,138149.0,1.0,32628,170777.0,1,0.6136846004509576
FAN-001346,Ulsan HD,Under_18,season_ticket_full,True,False,15,0.8387426543527863,12,0.1999999999999999,0,382738.0,4.0,0,382738.0,0,0.07407668832719194
FAN-001347,Ulsan HD,18_34,season_ticket_full,True,False,15,0.8156155711983286,12,0.1999999999999999,0,551336.0,5.0,0,551336.0,0,0.0699273978029014
FAN-001348,Ulsan HD,55_Plus,free_registered,True,False,2,0.967161221588758,1,0.5,23445,138749.0,1.0,46890,185639.0,0,0.4258814507751039
FAN-001349,Gangwon FC,35_54,free_registered,True,False,2,0.9518996436887588,1,0.5,16592,135850.0,1.0,33184,169034.0,0,0.4658953513391207
FAN-001350,FC Seoul,35_54,season_ticket_partial,True,True,5,0.9259844213911598,4,0.1999999999999999,0,195967.0,2.0,0,195967.0,0,0.1936270471219253
FAN-001351,Jeonbuk Hyundai Motors,Under_18,free_registered,True,True,2,0.930812480125993,1,0.5,17737,0.0,0.0,35474,35474.0,1,0.9032538561322069
FAN-001352,Jeju SK,18_34,free_registered,False,False,2,0.9613650978372424,1,0.5,19322,0.0,0.0,38644,38644.0,1,0.7921529268722374
FAN-001353,Ulsan HD,Under_18,free_registered,True,False,2,0.9403516074480228,1,0.5,16730,42483.0,1.0,33460,75943.0,0,0.39359027336124053
FAN-001354,Jeonbuk Hyundai Motors,35_54,paid_membership,False,True,3,0.9606363858584366,2,0.3333333333333333,19692,0.0,0.0,59076,59076.0,0,0.188731903074143
FAN-001355,Ulsan HD,55_Plus,paid_membership,True,True,4,0.9052597320958582,3,0.25,20219,121464.0,1.0,80876,202340.0,0,0.1145330497962077
FAN-001356,Jeonbuk Hyundai Motors,55_Plus,free_registered,False,True,2,0.9289452500784946,1,0.5,19142,58831.0,1.0,38284,97115.0,1,0.6566335808543449
FAN-001357,Gangwon FC,18_34,free_registered,True,False,2,0.914772966681682,1,0.5,19496,97583.0,1.0,38992,136575.0,0,0.3742441093478405
FAN-001358,Ulsan HD,18_34,season_ticket_full,True,True,19,0.7490395224287577,14,0.2631578947368421,0,395437.0,4.0,0,395437.0,0,0.3008787114674503
FAN-001359,FC Seoul,55_Plus,paid_membership,True,True,2,0.8757264702661804,1,0.5,24519,30292.0,1.0,49038,79330.0,1,0.6887406593224371
FAN-001360,Jeju SK,35_54,paid_membership,False,False,4,0.8949781117843766,3,0.25,22710,58657.0,1.0,90840,149497.0,0,0.2237829158156482
FAN-001361,Gangwon FC,Under_18,paid_membership,True,True,2,0.9473055477470024,1,0.5,21083,0.0,0.0,42166,42166.0,1,0.881813266978783
FAN-001362,FC Seoul,18_34,free_registered,True,True,2,0.9386645231000582,1,0.5,24646,0.0,0.0,49292,49292.0,0,0.29714598683934984
FAN-001363,Jeju SK,18_34,paid_membership,False,True,4,0.9559217888548444,3,0.25,22817,15757.0,1.0,91268,107025.0,0,0.15462144390601568
FAN-001364,Jeju SK,18_34,free_registered,True,True,2,0.9458915188007228,1,0.5,24928,127289.0,1.0,49856,177145.0,0,0.37512220233708876
FAN-001365,Jeonbuk Hyundai Motors,18_34,free_registered,True,True,2,0.9890926089177212,1,0.5,17974,79264.0,1.0,35948,115212.0,0,0.4633347392762524
FAN-001366,FC Seoul,35_54,paid_membership,True,True,4,0.8722160424337813,3,0.25,24293,47940.0,1.0,97172,145112.0,0,0.23351325541674398
FAN-001367,Jeonbuk Hyundai Motors,18_34,free_registered,True,True,2,0.92594068210403,1,0.5,20033,79744.0,1.0,40066,119810.0,0,0.46696943398763496
FAN-001368,Gangwon FC,18_34,season_ticket_full,True,False,18,0.6314998385767927,11,0.3888888888888888,0,366057.0,5.0,0,366057.0,0,0.10237738350973644
FAN-001369,FC Seoul,18_34,free_registered,True,False,1,0.9323229124073056,0,1.0,21350,0.0,0.0,21350,21350.0,0,0.4123211235815852
FAN-001370,FC Seoul,35_54,season_ticket_full,True,True,18,0.8086475943923236,14,0.2222222222222222,0,366336.0,4.0,0,366336.0,0,0.23105381767932134
FAN-001371,Gangwon FC,35_54,season_ticket_full,True,True,16,0.8692175753220908,13,0.1875,0,383174.0,5.0,0,383174.0,0,0.08739417748291642
FAN-001372,FC Seoul,18_34,free_registered,False,False,2,0.9025524302579672,1,0.5,16808,0.0,0.0,33616,33616.0,1,0.8185409151153771
FAN-001373,Jeonbuk Hyundai Motors,55_Plus,paid_membership,True,True,5,0.94857809392807,4,0.1999999999999999,17241,0.0,0.0,86205,86205.0,0,0.09653565310682946
FAN-001374,Ulsan HD,55_Plus,free_registered,True,True,1,0.9835886391510522,0,1.0,23086,63014.0,1.0,23086,86100.0,1,0.928919625936063
FAN-001375,FC Seoul,18_34,season_ticket_partial,True,True,11,0.8267477569766963,9,0.1818181818181817,0,129244.0,2.0,0,129244.0,1,0.5327637965606232
FAN-001376,Jeonbuk Hyundai Motors,Under_18,free_registered,True,False,2,0.91393589457174,1,0.5,17392,0.0,0.0,34784,34784.0,1,0.5708616040268982
FAN-001377,Ulsan HD,35_54,paid_membership,True,True,4,0.8879701054022769,3,0.25,18186,32878.0,1.0,72744,105622.0,0,0.09703587533176568
FAN-001378,Ulsan HD,35_54,free_registered,True,False,2,0.9900427461413068,1,0.5,19414,17070.0,1.0,38828,55898.0,1,0.7260393044849454
FAN-001379,Ulsan HD,55_Plus,free_registered,True,False,2,0.9656904221898696,1,0.5,21142,0.0,0.0,42284,42284.0,1,0.7828345409643394
FAN-001380,Jeju SK,35_54,free_registered,False,False,1,0.9846043654251436,0,1.0,23738,89161.0,1.0,23738,112899.0,1,0.8687059416105594
FAN-001381,FC Seoul,35_54,free_registered,True,True,2,0.9998665004236124,1,0.5,19672,0.0,0.0,39344,39344.0,0,0.38507494815267973
FAN-001382,Ulsan HD,18_34,paid_membership,True,False,2,0.9202049248521396,1,0.5,17733,170003.0,2.0,35466,205469.0,0,0.4853902891645972
FAN-001383,Gangwon FC,Under_18,paid_membership,True,True,2,0.9476812136104076,1,0.5,24305,74838.0,1.0,48610,123448.0,1,0.7076476352520757
FAN-001384,FC Seoul,18_34,paid_membership,True,True,3,0.9810148415784384,2,0.3333333333333333,17904,0.0,0.0,53712,53712.0,0,0.20960560743203416
FAN-001385,Jeju SK,18_34,free_registered,False,True,1,0.974564844655684,0,1.0,18587,0.0,0.0,18587,18587.0,0,0.4719934190142619
FAN-001386,Ulsan HD,35_54,free_registered,True,True,1,0.9901466142338932,0,1.0,23406,0.0,0.0,23406,23406.0,0,0.3158095560088223
FAN-001387,Jeonbuk Hyundai Motors,35_54,free_registered,True,False,2,0.9520875263587087,1,0.5,17308,118374.0,1.0,34616,152990.0,1,0.8070251858291093
FAN-001388,FC Seoul,35_54,season_ticket_partial,True,True,9,0.910404130344243,8,0.1111111111111111,0,153999.0,3.0,0,153999.0,0,0.04071598771598771
FAN-001389,Gangwon FC,18_34,season_ticket_full,True,True,15,0.6461740033662379,9,0.4,0,372125.0,5.0,0,372125.0,0,0.43628734500793304
FAN-001390,Ulsan HD,35_54,free_registered,True,True,1,0.925117997303808,0,1.0,20747,146288.0,1.0,20747,167035.0,0,0.41162944925444916
FAN-001391,FC Seoul,Under_18,free_registered,True,False,1,0.9355977885607932,0,1.0,20551,0.0,0.0,20551,20551.0,1,0.6769237206351235
FAN-001392,FC Seoul,18_34,free_registered,True,True,2,0.9772276691302252,1,0.5,22822,63743.0,1.0,45644,109387.0,1,0.7986265119479496
FAN-001393,FC Seoul,35_54,paid_membership,True,False,3,0.8743458849430498,2,0.3333333333333333,19284,0.0,0.0,57852,57852.0,0,0.18577595334110214
FAN-001394,Ulsan HD,35_54,paid_membership,True,False,2,0.988634058784542,1,0.5,20507,86386.0,1.0,41014,127400.0,1,0.6667085827843798
FAN-001395,Ulsan HD,55_Plus,paid_membership,True,False,2,0.914176794656358,1,0.5,16910,107922.0,2.0,33820,141742.0,1,0.5441844889537627
FAN-001396,Jeonbuk Hyundai Motors,18_34,free_registered,True,True,2,0.95654840405595,1,0.5,17979,0.0,0.0,35958,35958.0,1,0.5227961355564189
FAN-001397,Ulsan HD,18_34,paid_membership,True,False,3,0.9775287731903082,2,0.3333333333333333,16550,119025.0,1.0,49650,168675.0,0,0.1346657248374116
FAN-001398,FC Seoul,18_34,paid_membership,False,True,3,0.8923579774185721,2,0.3333333333333333,21733,114073.0,1.0,65199,179272.0,1,0.6531838827965828
FAN-001399,Jeju SK,18_34,free_registered,True,False,1,0.9243902169126124,0,1.0,19542,0.0,0.0,19542,19542.0,1,0.8081861759060136
FAN-001400,Jeonbuk Hyundai Motors,35_54,paid_membership,False,False,5,0.8970083811458918,4,0.1999999999999999,19181,144183.0,1.0,95905,240088.0,0,0.08671839875100745
FAN-001401,FC Seoul,35_54,free_registered,True,True,1,0.9781241062123974,0,1.0,20871,0.0,0.0,20871,20871.0,0,0.35188347741533765
FAN-001402,FC Seoul,35_54,free_registered,False,False,2,0.9021656987193988,1,0.5,22953,120139.0,1.0,45906,166045.0,0,0.47002698372381424
FAN-001403,FC Seoul,18_34,season_ticket_partial,True,True,8,0.7391249004938095,5,0.375,0,169037.0,3.0,0,169037.0,1,0.594994998401177
FAN-001404,Jeonbuk Hyundai Motors,35_54,free_registered,True,True,2,0.9004892591196474,1,0.5,17358,37902.0,1.0,34716,72618.0,0,0.47976133786767217
FAN-001405,Jeju SK,Under_18,season_ticket_partial,True,True,6,0.7778823505837552,4,0.3333333333333333,0,140290.0,2.0,0,140290.0,0,0.08704581456397513
FAN-001406,Ulsan HD,35_54,paid_membership,False,False,2,0.9130001968014024,1,0.5,16915,0.0,0.0,33830,33830.0,1,0.5142456778200014
FAN-001407,Jeonbuk Hyundai Motors,18_34,free_registered,True,False,1,0.9755371763634088,0,1.0,19644,133034.0,1.0,19644,152678.0,1,0.8904689563876556
FAN-001408,Jeonbuk Hyundai Motors,18_34,paid_membership,True,False,3,0.9828283625333706,2,0.3333333333333333,16543,134071.0,1.0,49629,183700.0,0,0.17989819838238513
FAN-001409,Jeju SK,18_34,paid_membership,True,False,3,0.958013917506172,2,0.3333333333333333,16644,0.0,0.0,49932,49932.0,0,0.11375315458684708
FAN-001410,Jeonbuk Hyundai Motors,55_Plus,free_registered,False,True,2,0.9891227066103456,1,0.5,19832,142420.0,1.0,39664,182084.0,1,0.7779002248685027
FAN-001411,FC Seoul,Under_18,free_registered,True,False,1,0.9317420118516172,0,1.0,24214,140437.0,1.0,24214,164651.0,1,0.7951219366258837
FAN-001412,FC Seoul,18_34,free_registered,True,True,1,0.9333690335873897,0,1.0,16143,0.0,0.0,16143,16143.0,1,0.7551603727382379
FAN-001413,FC Seoul,35_54,free_registered,True,False,1,0.9001069161638644,0,1.0,20679,115708.0,1.0,20679,136387.0,0,0.4144272575719943
FAN-001414,FC Seoul,18_34,free_registered,False,False,2,0.9429112877001974,1,0.5,19296,94428.0,1.0,38592,133020.0,1,0.7161040133907448
FAN-001415,Ulsan HD,18_34,free_registered,True,True,2,0.9613014062190208,1,0.5,17071,0.0,0.0,34142,34142.0,0,0.4233021938538639
FAN-001416,Gangwon FC,18_34,free_registered,True,True,1,0.9122694862839584,0,1.0,22548,86416.0,1.0,22548,108964.0,1,0.7821535131535136
FAN-001417,FC Seoul,18_34,season_ticket_full,True,True,18,0.6863768817316485,12,0.3333333333333333,0,301352.0,4.0,0,301352.0,0,0.2013915224209342
FAN-001418,FC Seoul,55_Plus,free_registered,True,False,2,0.9365742670423428,1,0.5,17552,98913.0,1.0,35104,134017.0,1,0.5051587266699674
FAN-001419,Ulsan HD,35_54,paid_membership,True,True,3,0.964791367881915,2,0.3333333333333333,20336,81451.0,1.0,61008,142459.0,0,0.07061276853445526
FAN-001420,Gangwon FC,18_34,paid_membership,True,True,5,0.9827016949360432,4,0.1999999999999999,17970,132791.0,2.0,89850,222641.0,1,0.543192846404803
FAN-001421,Ulsan HD,55_Plus,paid_membership,True,False,3,0.9475014307745224,2,0.3333333333333333,22210,74074.0,1.0,66630,140704.0,0,0.06868280850910051
FAN-001422,Ulsan HD,18_34,free_registered,True,True,1,0.954885286198643,0,1.0,20873,0.0,0.0,20873,20873.0,0,0.29713853074522883
FAN-001423,FC Seoul,Under_18,season_ticket_full,True,True,18,0.7559425074658824,13,0.2777777777777778,0,309742.0,4.0,0,309742.0,0,0.18719725345460636
FAN-001424,FC Seoul,18_34,paid_membership,True,False,4,0.8687655972553647,3,0.25,20077,200139.0,2.0,80308,280447.0,0,0.06447001809501808
FAN-001425,Gangwon FC,18_34,season_ticket_partial,True,True,10,0.7111141496075296,7,0.3,0,97483.0,1.0,0,97483.0,0,0.21559147689007024
FAN-001426,Gangwon FC,18_34,free_registered,True,False,2,0.955425470110498,1,0.5,22191,39412.0,1.0,44382,83794.0,0,0.3720368999284001
FAN-001427,FC Seoul,55_Plus,free_registered,True,True,2,0.9159599246333164,1,0.5,18381,0.0,0.0,36762,36762.0,0,0.44113119247808735
FAN-001428,Gangwon FC,35_54,paid_membership,True,True,4,0.9821202641954851,3,0.25,16135,95460.0,1.0,64540,160000.0,0,0.2576837530389002
FAN-001429,Jeju SK,18_34,free_registered,True,True,1,0.9514086637615712,0,1.0,20614,0.0,0.0,20614,20614.0,1,0.7932286923564061
FAN-001430,Jeonbuk Hyundai Motors,35_54,free_registered,True,True,2,0.9068932817071949,1,0.5,23650,0.0,0.0,47300,47300.0,0,0.3496844674803136
FAN-001431,Ulsan HD,35_54,free_registered,True,False,1,0.9581080976029446,0,1.0,19359,0.0,0.0,19359,19359.0,1,0.9074209609817822
FAN-001432,Ulsan HD,55_Plus,paid_membership,True,False,3,0.9187019951079612,2,0.3333333333333333,24533,119091.0,2.0,73599,192690.0,0,0.08565375347544019
FAN-001433,Ulsan HD,35_54,season_ticket_full,True,True,17,0.7848466411517704,13,0.2352941176470588,0,349004.0,5.0,0,349004.0,0,0.14751294239529542
FAN-001434,Jeju SK,18_34,free_registered,True,True,1,0.9654780763156124,0,1.0,19801,92112.0,1.0,19801,111913.0,0,0.3876603555135458
FAN-001435,FC Seoul,35_54,season_ticket_partial,True,True,10,0.7419842839643899,7,0.3,0,58939.0,2.0,0,58939.0,0,0.19011556479425173
FAN-001436,FC Seoul,35_54,paid_membership,True,True,3,0.8533850780120447,2,0.3333333333333333,24476,143727.0,2.0,73428,217155.0,0,0.11184742276910956
FAN-001437,Ulsan HD,35_54,free_registered,True,True,2,0.9280742598981772,1,0.5,23390,0.0,0.0,46780,46780.0,1,0.5089128442152027
FAN-001438,Jeonbuk Hyundai Motors,Under_18,season_ticket_full,True,False,16,0.6834985579633811,10,0.375,0,348157.0,4.0,0,348157.0,0,0.06554630279707678
FAN-001439,FC Seoul,Under_18,season_ticket_partial,True,True,9,0.7950747494633682,7,0.2222222222222222,0,151383.0,2.0,0,151383.0,0,0.44071260153339364
FAN-001440,Jeju SK,18_34,paid_membership,True,True,5,0.8701335855306971,4,0.1999999999999999,16052,0.0,0.0,80260,80260.0,1,0.7315587194712719
FAN-001441,Gangwon FC,18_34,free_registered,True,True,1,0.9056254609012232,0,1.0,16327,51268.0,1.0,16327,67595.0,0,0.4022570519059557
FAN-001442,FC Seoul,Under_18,paid_membership,True,True,2,0.940293758479606,1,0.5,16638,168457.0,2.0,33276,201733.0,1,0.5332057800797999
FAN-001443,Jeju SK,35_54,free_registered,True,False,1,0.9494885591833094,0,1.0,23285,0.0,0.0,23285,23285.0,1,0.6938636232046448
FAN-001444,Ulsan HD,Under_18,free_registered,True,True,2,0.9375903273338122,1,0.5,21699,0.0,0.0,43398,43398.0,1,0.5100160495843679
FAN-001445,Jeonbuk Hyundai Motors,35_54,free_registered,True,True,2,0.9532348675465672,1,0.5,23657,0.0,0.0,47314,47314.0,0,0.27667485488672605
FAN-001446,FC Seoul,18_34,season_ticket_partial,True,True,7,0.8235078593424625,5,0.2857142857142857,0,131517.0,2.0,0,131517.0,0,0.3214037482984851
FAN-001447,Jeju SK,55_Plus,season_ticket_partial,True,False,11,0.7366719282017239,8,0.2727272727272727,0,67354.0,1.0,0,67354.0,0,0.37319073279323345
FAN-001448,Jeonbuk Hyundai Motors,18_34,free_registered,False,True,1,0.963953162430773,0,1.0,21063,142440.0,1.0,21063,163503.0,1,0.6147775279916681
FAN-001449,Gangwon FC,Under_18,free_registered,False,False,2,0.9018035392840018,1,0.5,24750,0.0,0.0,49500,49500.0,1,0.7159931183941456
FAN-001450,Jeju SK,35_54,season_ticket_partial,True,True,8,0.7014483763513917,5,0.375,0,59176.0,1.0,0,59176.0,0,0.12913071920028443
FAN-001451,Ulsan HD,35_54,free_registered,False,False,2,0.9815629521501874,1,0.5,22797,90201.0,1.0,45594,135795.0,1,0.8980012462236353
FAN-001452,Jeju SK,55_Plus,paid_membership,True,False,2,0.8647264073765589,1,0.5,24200,191259.0,2.0,48400,239659.0,1,0.5304131192881191
FAN-001453,Jeonbuk Hyundai Motors,18_34,free_registered,True,True,2,0.917333324928444,1,0.5,21531,0.0,0.0,43062,43062.0,1,0.9068753854695101
FAN-001454,Jeju SK,18_34,free_registered,False,False,2,0.9811061073298624,1,0.5,18571,69649.0,1.0,37142,106791.0,1,0.8047096936508858
FAN-001455,FC Seoul,55_Plus,season_ticket_full,True,False,17,0.8330912420684118,14,0.1764705882352941,0,91636.0,2.0,0,91636.0,0,0.04414512826498121
FAN-001456,Gangwon FC,18_34,free_registered,False,True,1,0.9075306707385392,0,1.0,16276,93959.0,1.0,16276,110235.0,0,0.40475637795099745
FAN-001457,Jeju SK,35_54,free_registered,True,True,1,0.9579806773766392,0,1.0,22582,0.0,0.0,22582,22582.0,1,0.6308275013454541
FAN-001458,Jeju SK,18_34,free_registered,False,False,2,0.9938154339274854,1,0.5,22963,0.0,0.0,45926,45926.0,1,0.7383295790772793
FAN-001459,FC Seoul,Under_18,season_ticket_partial,True,False,6,0.7380046432904122,4,0.3333333333333333,0,214875.0,3.0,0,214875.0,0,0.10545503730286336
FAN-001460,Jeju SK,18_34,season_ticket_partial,True,False,10,0.8088331101364705,8,0.1999999999999999,0,220116.0,3.0,0,220116.0,0,0.08323568740960045
FAN-001461,Ulsan HD,18_34,free_registered,True,False,2,0.9229821947388523,1,0.5,16434,94741.0,1.0,32868,127609.0,1,0.8587851062212806
FAN-001462,Jeju SK,35_54,free_registered,False,False,2,0.9102335373337456,1,0.5,17267,17677.0,1.0,34534,52211.0,0,0.46310310266511434
FAN-001463,FC Seoul,55_Plus,paid_membership,True,False,4,0.9613058333303623,3,0.25,23716,24909.0,1.0,94864,119773.0,0,0.3191439249307415
FAN-001464,Jeju SK,18_34,free_registered,True,True,2,0.9395110157707852,1,0.5,22887,18229.0,1.0,45774,64003.0,0,0.43922933350519544
FAN-001465,Gangwon FC,35_54,paid_membership,True,True,3,0.918545971136359,2,0.3333333333333333,22988,234705.0,2.0,68964,303669.0,0,0.10830823483286267
FAN-001466,FC Seoul,Under_18,free_registered,True,False,1,0.940629448137464,0,1.0,22052,96337.0,1.0,22052,118389.0,1,0.840240603491399
FAN-001467,Gangwon FC,18_34,free_registered,True,True,1,0.923660225446012,0,1.0,20109,71114.0,1.0,20109,91223.0,0,0.21397291836001514
FAN-001468,Ulsan HD,Under_18,paid_membership,True,True,5,0.8859000472557138,4,0.1999999999999999,23150,38085.0,1.0,115750,153835.0,0,0.15105687830687825
FAN-001469,Jeonbuk Hyundai Motors,55_Plus,free_registered,True,False,1,0.9782654334410252,0,1.0,17158,31719.0,1.0,17158,48877.0,1,0.7912012230958433
FAN-001470,Jeonbuk Hyundai Motors,35_54,season_ticket_partial,True,True,7,0.8982528618740846,6,0.1428571428571429,0,133528.0,3.0,0,133528.0,0,0.16487799852976529
FAN-001471,Jeju SK,35_54,free_registered,True,True,2,0.9207112645404344,1,0.5,16566,93894.0,1.0,33132,127026.0,1,0.8411269031190872
FAN-001472,Jeonbuk Hyundai Motors,35_54,free_registered,True,True,1,0.9204812027427184,0,1.0,20897,81259.0,1.0,20897,102156.0,0,0.2182142374983931
FAN-001473,Jeonbuk Hyundai Motors,35_54,season_ticket_full,True,False,18,0.8602688864715937,15,0.1666666666666666,0,341118.0,4.0,0,341118.0,0,0.16592665222347883
FAN-001474,Ulsan HD,55_Plus,free_registered,True,False,1,0.9530920826890364,0,1.0,21114,0.0,0.0,21114,21114.0,1,0.5630967118516069
FAN-001475,Ulsan HD,35_54,paid_membership,False,True,5,0.930415962416917,4,0.1999999999999999,22055,0.0,0.0,110275,110275.0,0,0.19167045131602012
FAN-001476,Jeju SK,55_Plus,free_registered,True,True,1,0.9123370400845588,0,1.0,17867,0.0,0.0,17867,17867.0,1,0.5180791113141149
FAN-001477,Jeonbuk Hyundai Motors,18_34,paid_membership,True,True,2,0.9004362698337548,1,0.5,19683,109322.0,2.0,39366,148688.0,0,0.3932611413768231
FAN-001478,Jeonbuk Hyundai Motors,Under_18,paid_membership,True,True,4,0.855156518296109,3,0.25,19230,117391.0,1.0,76920,194311.0,1,0.533404644432508
FAN-001479,Jeonbuk Hyundai Motors,18_34,free_registered,True,True,1,0.9052541779003502,0,1.0,17558,0.0,0.0,17558,17558.0,0,0.4901591674586875
FAN-001480,Ulsan HD,Under_18,season_ticket_partial,True,True,8,0.7456696302186834,5,0.375,0,75768.0,1.0,0,75768.0,0,0.10315967549602152
FAN-001481,Jeonbuk Hyundai Motors,35_54,paid_membership,True,True,4,0.99581819644111,3,0.25,16078,82512.0,1.0,64312,146824.0,0,0.2974333922885394
FAN-001482,FC Seoul,18_34,free_registered,False,True,1,0.9151172953940172,0,1.0,19163,0.0,0.0,19163,19163.0,1,0.5538218774731893
FAN-001483,Ulsan HD,35_54,paid_membership,True,True,3,0.9551194333950418,2,0.3333333333333333,18187,0.0,0.0,54561,54561.0,0,0.24046875968527265
FAN-001484,FC Seoul,Under_18,paid_membership,True,False,3,0.95104005493948,2,0.3333333333333333,16266,0.0,0.0,48798,48798.0,0,0.23340215606789325
FAN-001485,Ulsan HD,18_34,free_registered,True,False,1,0.9485891735407757,0,1.0,23218,0.0,0.0,23218,23218.0,1,0.7961139839550058
FAN-001486,Ulsan HD,18_34,free_registered,True,False,1,0.98360363091407,0,1.0,24420,0.0,0.0,24420,24420.0,0,0.3921856967261226
FAN-001487,Ulsan HD,55_Plus,free_registered,False,False,2,0.9264848644166014,1,0.5,17392,0.0,0.0,34784,34784.0,1,0.7800178372171881
FAN-001488,Jeju SK,18_34,free_registered,True,True,1,0.921057437913963,0,1.0,18604,0.0,0.0,18604,18604.0,1,0.5195762860920877
FAN-001489,Ulsan HD,18_34,paid_membership,False,False,2,0.9439176753948176,1,0.5,21218,0.0,0.0,42436,42436.0,1,0.8459064315091691
FAN-001490,Ulsan HD,35_54,free_registered,True,True,1,0.9444204085505395,0,1.0,16596,0.0,0.0,16596,16596.0,0,0.3852611102231316
FAN-001491,FC Seoul,35_54,season_ticket_full,True,False,17,0.8021354656934828,13,0.2352941176470588,0,92563.0,2.0,0,92563.0,0,0.10346472533457823
FAN-001492,Ulsan HD,18_34,free_registered,True,False,1,0.9418259796588468,0,1.0,23976,0.0,0.0,23976,23976.0,1,0.8046984176287687
FAN-001493,FC Seoul,18_34,free_registered,True,False,2,0.942527352476407,1,0.5,17921,0.0,0.0,35842,35842.0,1,0.7577252563039011
FAN-001494,FC Seoul,18_34,paid_membership,True,False,4,0.8670376749609507,3,0.25,18624,0.0,0.0,74496,74496.0,0,0.14306083841832107
FAN-001495,Jeju SK,55_Plus,paid_membership,True,False,5,0.9011931681538567,4,0.1999999999999999,24846,21934.0,1.0,124230,146164.0,0,0.07595038295038294
FAN-001496,Jeju SK,Under_18,paid_membership,True,False,4,0.93027679602394,3,0.25,17974,266053.0,2.0,71896,337949.0,0,0.24163858698298066
FAN-001497,Jeju SK,18_34,free_registered,True,True,2,0.946689408418866,1,0.5,23509,0.0,0.0,47018,47018.0,1,0.7566816244149155
FAN-001498,Ulsan HD,Under_18,free_registered,True,False,1,0.9542293066437134,0,1.0,19091,0.0,0.0,19091,19091.0,1,0.8507594904433762
FAN-001499,Ulsan HD,18_34,free_registered,True,True,2,0.9158755605726856,1,0.5,24524,81228.0,1.0,49048,130276.0,0,0.29225746764184984
FAN-001500,Jeonbuk Hyundai Motors,35_54,season_ticket_full,True,False,18,0.8655329127131504,15,0.1666666666666666,0,203945.0,2.0,0,203945.0,0,0.08555687068922364
FAN-001501,Ulsan HD,18_34,free_registered,True,True,1,0.9727602921913754,0,1.0,19742,69797.0,1.0,19742,89539.0,1,0.5607836455325536
FAN-001502,Ulsan HD,Under_18,season_ticket_partial,True,True,8,0.9262719190232463,7,0.125,0,95917.0,1.0,0,95917.0,0,0.3838307333923062
FAN-001503,FC Seoul,18_34,paid_membership,True,False,5,0.8546059239544495,4,0.1999999999999999,21815,166054.0,2.0,109075,275129.0,0,0.1811761663416593
FAN-001504,Ulsan HD,Under_18,free_registered,True,True,2,0.9990080067970244,1,0.5,24032,0.0,0.0,48064,48064.0,0,0.25747441972364016
FAN-001505,Ulsan HD,Under_18,paid_membership,True,False,5,0.8700086855763721,4,0.1999999999999999,19868,231214.0,2.0,99340,330554.0,0,0.24572377695404024
FAN-001506,Ulsan HD,35_54,season_ticket_partial,True,True,11,0.8969502000881752,9,0.1818181818181817,0,118155.0,2.0,0,118155.0,0,0.20298828968875415
FAN-001507,Jeju SK,35_54,season_ticket_partial,True,False,9,0.7121791899967514,6,0.3333333333333333,0,102526.0,1.0,0,102526.0,0,0.14206274975024974
FAN-001508,Ulsan HD,55_Plus,free_registered,True,False,1,0.9346021760812054,0,1.0,16300,0.0,0.0,16300,16300.0,1,0.5819297051351722
FAN-001509,Jeju SK,35_54,free_registered,True,False,1,0.9544790610407308,0,1.0,21125,37976.0,1.0,21125,59101.0,0,0.37886811321879726
FAN-001510,Jeonbuk Hyundai Motors,35_54,free_registered,True,True,2,0.958340207940113,1,0.5,20317,0.0,0.0,40634,40634.0,1,0.6867463911280496
FAN-001511,Jeonbuk Hyundai Motors,Under_18,free_registered,False,True,1,0.9760762813760696,0,1.0,22456,95554.0,1.0,22456,118010.0,1,0.6664835268979837
FAN-001512,Jeonbuk Hyundai Motors,35_54,paid_membership,True,False,4,0.9447632840534164,3,0.25,20443,0.0,0.0,81772,81772.0,0,0.2468275632542751
FAN-001513,Gangwon FC,35_54,season_ticket_partial,True,True,5,0.7583164867934129,3,0.4,0,118684.0,2.0,0,118684.0,0,0.11035660222529248
FAN-001514,FC Seoul,35_54,free_registered,True,True,1,0.9191330611724722,0,1.0,22234,66108.0,1.0,22234,88342.0,1,0.818801817707497
FAN-001515,FC Seoul,18_34,paid_membership,False,False,4,0.8636310513822868,3,0.25,24102,152367.0,2.0,96408,248775.0,0,0.27526562762089074
FAN-001516,FC Seoul,18_34,paid_membership,True,True,2,0.9538222337950814,1,0.5,19918,0.0,0.0,39836,39836.0,1,0.6193075026882895
FAN-001517,Jeju SK,35_54,free_registered,True,True,2,0.9477704867968032,1,0.5,17194,0.0,0.0,34388,34388.0,0,0.46638294153755283
FAN-001518,Jeonbuk Hyundai Motors,35_54,free_registered,False,True,1,0.9965524757549368,0,1.0,16293,0.0,0.0,16293,16293.0,1,0.8723229735075645
FAN-001519,FC Seoul,55_Plus,paid_membership,True,True,3,0.8581796676050796,2,0.3333333333333333,18239,25968.0,1.0,54717,80685.0,0,0.09545684107708174
FAN-001520,Gangwon FC,18_34,season_ticket_partial,True,False,11,0.7318865546247246,8,0.2727272727272727,0,261330.0,2.0,0,261330.0,0,0.051719200273548094
FAN-001521,FC Seoul,18_34,paid_membership,True,True,2,0.9895607332500193,1,0.5,24222,89140.0,1.0,48444,137584.0,1,0.7606059414125997
FAN-001522,Gangwon FC,18_34,free_registered,False,False,1,0.937683387688771,0,1.0,20877,41620.0,1.0,20877,62497.0,0,0.4588887829152452
FAN-001523,Ulsan HD,35_54,free_registered,False,True,1,0.9175174673152968,0,1.0,21623,129492.0,1.0,21623,151115.0,1,0.825273121769871
FAN-001524,FC Seoul,18_34,free_registered,True,True,2,0.9463846087702632,1,0.5,24190,113512.0,1.0,48380,161892.0,1,0.6813531035241563
FAN-001525,Ulsan HD,Under_18,paid_membership,True,True,5,0.9575994423877408,4,0.1999999999999999,21217,91372.0,1.0,106085,197457.0,0,0.033588624338624334
FAN-001526,FC Seoul,55_Plus,paid_membership,True,True,5,0.9419834317458112,4,0.1999999999999999,20147,0.0,0.0,100735,100735.0,0,0.29385695143267154
FAN-001527,FC Seoul,Under_18,free_registered,True,False,2,0.9966703156200196,1,0.5,23510,0.0,0.0,47020,47020.0,0,0.24743146152799597
FAN-001528,Ulsan HD,35_54,season_ticket_partial,True,False,10,0.9332651995631708,9,0.0999999999999999,0,112620.0,1.0,0,112620.0,0,0.12899983951233954
FAN-001529,Jeonbuk Hyundai Motors,18_34,paid_membership,True,True,2,0.9610453162822492,1,0.5,20445,197723.0,2.0,40890,238613.0,0,0.35154698652853367
FAN-001530,Ulsan HD,35_54,paid_membership,False,False,5,0.9374376249888612,4,0.1999999999999999,21137,0.0,0.0,105685,105685.0,0,0.16643633902329552
FAN-001531,Ulsan HD,35_54,season_ticket_full,True,True,16,0.784171698273579,12,0.25,0,139717.0,3.0,0,139717.0,0,0.3184258221081751
FAN-001532,Jeju SK,55_Plus,free_registered,True,True,2,0.90404880466854,1,0.5,24905,0.0,0.0,49810,49810.0,0,0.33934590579238244
FAN-001533,Jeonbuk Hyundai Motors,55_Plus,season_ticket_partial,True,True,5,0.8104310522261675,4,0.1999999999999999,0,247736.0,3.0,0,247736.0,0,0.2862494506190159
FAN-001534,FC Seoul,Under_18,free_registered,True,False,1,0.973593514147438,0,1.0,16609,137783.0,1.0,16609,154392.0,1,0.6309400339121639
FAN-001535,Ulsan HD,Under_18,free_registered,True,True,1,0.9342222674285058,0,1.0,17504,0.0,0.0,17504,17504.0,1,0.7855888737829515
FAN-001536,FC Seoul,18_34,season_ticket_partial,True,False,11,0.8928342592257026,9,0.1818181818181817,0,282250.0,3.0,0,282250.0,0,0.25531054470945785
FAN-001537,FC Seoul,35_54,season_ticket_partial,True,True,10,0.7837032641635917,7,0.3,0,245114.0,3.0,0,245114.0,0,0.049378964824617
FAN-001538,Jeju SK,35_54,paid_membership,True,True,2,0.93797944858705,1,0.5,24846,0.0,0.0,49692,49692.0,1,0.722424336978786
FAN-001539,FC Seoul,18_34,paid_membership,True,True,3,0.9092492778706204,2,0.3333333333333333,22145,0.0,0.0,66435,66435.0,0,0.32642627343177955
FAN-001540,Ulsan HD,35_54,paid_membership,False,False,2,0.9735414097054388,1,0.5,18939,73008.0,1.0,37878,110886.0,1,0.6220207058903545
FAN-001541,Jeonbuk Hyundai Motors,18_34,season_ticket_partial,True,False,8,0.8658961398973986,6,0.25,0,240690.0,2.0,0,240690.0,0,0.29300078362578363
FAN-001542,FC Seoul,35_54,free_registered,True,True,1,0.9015944754337386,0,1.0,24944,0.0,0.0,24944,24944.0,0,0.31210259676383284
FAN-001543,Jeju SK,55_Plus,season_ticket_partial,True,False,6,0.8119306374303862,4,0.3333333333333333,0,123745.0,1.0,0,123745.0,0,0.10674072270322273
FAN-001544,FC Seoul,18_34,free_registered,True,True,2,0.9735475999634526,1,0.5,21772,42831.0,1.0,43544,86375.0,0,0.4453264819987244
FAN-001545,Gangwon FC,18_34,free_registered,True,False,1,0.9808208371339407,0,1.0,17191,25663.0,1.0,17191,42854.0,1,0.5886022063718265
FAN-001546,Ulsan HD,Under_18,free_registered,True,False,2,0.9204127212753582,1,0.5,23177,20933.0,1.0,46354,67287.0,0,0.45696310417516883
FAN-001547,Jeonbuk Hyundai Motors,35_54,paid_membership,False,False,4,0.8940753458136891,3,0.25,20995,104104.0,2.0,83980,188084.0,0,0.11647394087394088
FAN-001548,Jeju SK,18_34,season_ticket_full,True,False,16,0.6524562023056246,10,0.375,0,185904.0,4.0,0,185904.0,0,0.06206168994404288
FAN-001549,FC Seoul,Under_18,paid_membership,True,True,3,0.9602106172338852,2,0.3333333333333333,17890,24725.0,1.0,53670,78395.0,0,0.1273885380865406
FAN-001550,Jeju SK,18_34,season_ticket_full,True,False,18,0.7501207597673012,13,0.2777777777777778,0,343872.0,3.0,0,343872.0,0,0.15277454299513119
FAN-001551,Gangwon FC,18_34,free_registered,True,True,1,0.982275481359064,0,1.0,22323,0.0,0.0,22323,22323.0,1,0.7136868681160826
FAN-001552,Jeju SK,18_34,paid_membership,True,True,2,0.9368028856048726,1,0.5,16976,0.0,0.0,33952,33952.0,1,0.5561871783852829
FAN-001553,Jeonbuk Hyundai Motors,35_54,season_ticket_partial,True,True,10,0.926862600641169,9,0.0999999999999999,0,82965.0,1.0,0,82965.0,0,0.14101615421615424
FAN-001554,Jeonbuk Hyundai Motors,Under_18,paid_membership,False,True,3,0.9601270231866617,2,0.3333333333333333,20276,173857.0,2.0,60828,234685.0,0,0.10789567539567535
FAN-001555,FC Seoul,35_54,paid_membership,False,True,4,0.8735628564126343,3,0.25,18133,134306.0,2.0,72532,206838.0,0,0.15404125504125504
FAN-001556,FC Seoul,35_54,paid_membership,True,True,2,0.8922881875677988,1,0.5,17706,0.0,0.0,35412,35412.0,1,0.7177104669139753
FAN-001557,Jeju SK,18_34,season_ticket_partial,True,True,11,0.894592961919733,9,0.1818181818181817,0,120000.0,1.0,0,120000.0,0,0.47874334162569465
FAN-001558,Ulsan HD,Under_18,season_ticket_partial,True,True,7,0.750054429599883,5,0.2857142857142857,0,66926.0,2.0,0,66926.0,0,0.27747346132606115
FAN-001559,Jeonbuk Hyundai Motors,35_54,free_registered,False,False,2,0.9314842271718032,1,0.5,23230,143773.0,1.0,46460,190233.0,1,0.7138828717484903
FAN-001560,Gangwon FC,55_Plus,season_ticket_partial,True,True,7,0.8131114731056668,5,0.2857142857142857,0,292698.0,2.0,0,292698.0,0,0.12679713852773677
FAN-001561,Ulsan HD,18_34,free_registered,True,False,2,0.9552682219505684,1,0.5,19724,0.0,0.0,39448,39448.0,1,0.7106608670142867
FAN-001562,FC Seoul,18_34,free_registered,False,True,2,0.9082416389314782,1,0.5,21765,0.0,0.0,43530,43530.0,1,0.8682289832412488
FAN-001563,Jeonbuk Hyundai Motors,18_34,season_ticket_partial,True,True,11,0.8949314813827616,9,0.1818181818181817,0,155453.0,3.0,0,155453.0,0,0.1629700114700115
FAN-001564,FC Seoul,35_54,free_registered,True,True,1,0.9887517294263922,0,1.0,20412,0.0,0.0,20412,20412.0,1,0.8022546883568391
FAN-001565,Jeonbuk Hyundai Motors,18_34,season_ticket_partial,True,True,10,0.8564322856511644,8,0.1999999999999999,0,193390.0,2.0,0,193390.0,0,0.10529167329167329
FAN-001566,Ulsan HD,18_34,free_registered,False,False,1,0.924619689277326,0,1.0,16212,0.0,0.0,16212,16212.0,0,0.4614244872260034
FAN-001567,Jeju SK,35_54,free_registered,True,False,2,0.9628472010883664,1,0.5,16633,66921.0,1.0,33266,100187.0,1,0.5194018660723896
FAN-001568,FC Seoul,35_54,free_registered,True,True,1,0.904330761025006,0,1.0,22017,0.0,0.0,22017,22017.0,0,0.4823810567730971
FAN-001569,Jeju SK,18_34,free_registered,False,True,2,0.9495993606884002,1,0.5,23913,51391.0,1.0,47826,99217.0,0,0.45851230054743247
FAN-001570,Ulsan HD,18_34,paid_membership,True,False,2,0.9290230733577964,1,0.5,24863,146573.0,1.0,49726,196299.0,0,0.313702902896324
FAN-001571,Jeju SK,35_54,free_registered,True,True,2,0.940668526261178,1,0.5,18170,0.0,0.0,36340,36340.0,0,0.3344255970380119
FAN-001572,FC Seoul,Under_18,free_registered,True,True,2,0.9972291546487898,1,0.5,17045,107175.0,1.0,34090,141265.0,1,0.6468557888905181
FAN-001573,Jeonbuk Hyundai Motors,Under_18,free_registered,False,False,2,0.9718864930425656,1,0.5,19289,124511.0,1.0,38578,163089.0,1,0.6751428385848738
FAN-001574,Jeonbuk Hyundai Motors,35_54,free_registered,True,True,1,0.9934066754537184,0,1.0,18600,145770.0,1.0,18600,164370.0,1,0.7379973133349712
FAN-001575,FC Seoul,Under_18,paid_membership,True,False,4,0.8536835736529381,3,0.25,16876,217334.0,2.0,67504,284838.0,0,0.07256117326929346
FAN-001576,FC Seoul,35_54,free_registered,False,False,1,0.9131697159850908,0,1.0,16393,116961.0,1.0,16393,133354.0,0,0.3028891142663963
FAN-001577,FC Seoul,55_Plus,paid_membership,True,True,3,0.9874406812043208,2,0.3333333333333333,22700,17794.0,1.0,68100,85894.0,0,0.0987716343696369
FAN-001578,Jeju SK,18_34,season_ticket_partial,True,True,5,0.7481510588147472,3,0.4,0,142278.0,2.0,0,142278.0,0,0.1530328939015841
FAN-001579,Jeju SK,18_34,paid_membership,True,True,3,0.9647570128097802,2,0.3333333333333333,17768,0.0,0.0,53304,53304.0,0,0.38165442204334893
FAN-001580,Ulsan HD,35_54,season_ticket_partial,True,True,7,0.7100696776773016,4,0.4285714285714286,0,143381.0,1.0,0,143381.0,0,0.2538782201065213
FAN-001581,FC Seoul,35_54,free_registered,True,False,2,0.9534578516065696,1,0.5,19569,47396.0,1.0,39138,86534.0,1,0.6304568134612579
FAN-001582,Ulsan HD,55_Plus,free_registered,True,False,1,0.9548154511004544,0,1.0,21905,48853.0,1.0,21905,70758.0,0,0.4338073306825244
FAN-001583,Jeju SK,35_54,season_ticket_partial,True,True,7,0.8931527914016594,6,0.1428571428571429,0,203756.0,2.0,0,203756.0,0,0.0634962912306431
FAN-001584,Ulsan HD,Under_18,paid_membership,False,True,5,0.8676018138699787,4,0.1999999999999999,24278,107437.0,2.0,121390,228827.0,0,0.06059920634920635
FAN-001585,Gangwon FC,35_54,paid_membership,True,True,2,0.9808323338856524,1,0.5,23040,195594.0,2.0,46080,241674.0,1,0.80568119500131
FAN-001586,FC Seoul,18_34,paid_membership,False,True,3,0.9221161987942816,2,0.3333333333333333,22836,0.0,0.0,68508,68508.0,0,0.3327898292063668
FAN-001587,Jeju SK,18_34,free_registered,True,False,2,0.957088996878308,1,0.5,21348,0.0,0.0,42696,42696.0,1,0.6460268433851363
FAN-001588,Ulsan HD,Under_18,free_registered,True,False,2,0.9883756600394552,1,0.5,23761,107647.0,1.0,47522,155169.0,1,0.8292129271291584
FAN-001589,Ulsan HD,18_34,paid_membership,True,True,5,0.9753658926944372,4,0.1999999999999999,24684,0.0,0.0,123420,123420.0,0,0.030834816418149752
FAN-001590,Jeonbuk Hyundai Motors,35_54,paid_membership,True,True,2,0.9578108138976964,1,0.5,21659,264130.0,2.0,43318,307448.0,0,0.3137254165219258
FAN-001591,Jeju SK,18_34,free_registered,True,False,1,0.9564335594783866,0,1.0,24213,53074.0,1.0,24213,77287.0,0,0.4661375541627478
FAN-001592,Gangwon FC,18_34,season_ticket_partial,True,True,7,0.7331295598039438,5,0.2857142857142857,0,78575.0,1.0,0,78575.0,0,0.22644882555184997
FAN-001593,FC Seoul,18_34,free_registered,True,False,1,0.9725512617024988,0,1.0,19382,0.0,0.0,19382,19382.0,1,0.8797975288583495
FAN-001594,FC Seoul,35_54,free_registered,True,True,1,0.9727168712498068,0,1.0,16344,73715.0,1.0,16344,90059.0,0,0.464548073417131
FAN-001595,Jeonbuk Hyundai Motors,35_54,season_ticket_partial,True,False,6,0.7866368433580337,4,0.3333333333333333,0,203297.0,2.0,0,203297.0,0,0.027838459436285524
FAN-001596,Jeju SK,18_34,paid_membership,True,False,5,0.8677235028898689,4,0.1999999999999999,17160,89404.0,2.0,85800,175204.0,0,0.2635925925925926
FAN-001597,FC Seoul,Under_18,paid_membership,True,False,3,0.9923919054333988,2,0.3333333333333333,16483,203247.0,2.0,49449,252696.0,0,0.12717118859287532
FAN-001598,FC Seoul,18_34,free_registered,True,False,1,0.9821473742399744,0,1.0,20017,51192.0,1.0,20017,71209.0,0,0.40003090868348257
FAN-001599,FC Seoul,55_Plus,free_registered,True,False,2,0.9310432411338458,1,0.5,17828,66678.0,1.0,35656,102334.0,1,0.8526065253614045
FAN-001600,Jeonbuk Hyundai Motors,35_54,paid_membership,False,False,5,0.9917518498364378,4,0.1999999999999999,22720,0.0,0.0,113600,113600.0,0,0.32713835490864485
FAN-001601,FC Seoul,18_34,free_registered,True,False,1,0.9131826246715046,0,1.0,16315,0.0,0.0,16315,16315.0,1,0.7215535813427946
FAN-001602,Ulsan HD,35_54,season_ticket_partial,True,False,10,0.9388827325530176,9,0.0999999999999999,0,123373.0,1.0,0,123373.0,0,0.15285464170905347
FAN-001603,FC Seoul,18_34,season_ticket_full,True,False,15,0.7549663338049717,11,0.2666666666666667,0,227649.0,3.0,0,227649.0,0,0.019079209461562403
FAN-001604,Ulsan HD,35_54,season_ticket_partial,True,True,11,0.7885851004166015,8,0.2727272727272727,0,190261.0,2.0,0,190261.0,0,0.04320169845169846
FAN-001605,FC Seoul,18_34,free_registered,True,True,2,0.9113774624064996,1,0.5,18100,0.0,0.0,36200,36200.0,1,0.5122462391073536
FAN-001606,Ulsan HD,Under_18,paid_membership,True,False,5,0.9026307918091712,4,0.1999999999999999,16808,56733.0,1.0,84040,140773.0,0,0.1383802151552152
FAN-001607,FC Seoul,Under_18,free_registered,True,True,1,0.9448414134846368,0,1.0,20611,0.0,0.0,20611,20611.0,1,0.7572207350359489
FAN-001608,Jeonbuk Hyundai Motors,18_34,free_registered,False,False,2,0.9606052765034384,1,0.5,24705,59728.0,1.0,49410,109138.0,0,0.282885203031773
FAN-001609,FC Seoul,55_Plus,free_registered,True,True,1,0.9192657071574296,0,1.0,18338,0.0,0.0,18338,18338.0,0,0.29336930391870825
FAN-001610,Ulsan HD,18_34,free_registered,True,True,1,0.9753839011630236,0,1.0,24186,0.0,0.0,24186,24186.0,0,0.30999947675700473
FAN-001611,Jeonbuk Hyundai Motors,35_54,season_ticket_partial,True,False,10,0.8899031144181434,8,0.1999999999999999,0,104671.0,2.0,0,104671.0,0,0.05082685601435602
FAN-001612,Jeju SK,35_54,free_registered,True,False,1,0.922119430225656,0,1.0,20580,0.0,0.0,20580,20580.0,1,0.7167074892164538
FAN-001613,Ulsan HD,18_34,free_registered,True,True,2,0.93989249796118,1,0.5,17896,0.0,0.0,35792,35792.0,1,0.8217205969566904
FAN-001614,Ulsan HD,Under_18,season_ticket_full,True,False,19,0.7969641942707377,15,0.2105263157894736,0,309216.0,4.0,0,309216.0,0,0.08722882836118127
FAN-001615,Ulsan HD,Under_18,free_registered,True,False,1,0.9680370673408728,0,1.0,18700,0.0,0.0,18700,18700.0,1,0.7967466815384107
FAN-001616,Jeju SK,35_54,paid_membership,True,True,5,0.9927091277572204,4,0.1999999999999999,23282,166073.0,2.0,116410,282483.0,0,0.3472226556934796
FAN-001617,Gangwon FC,18_34,free_registered,True,True,1,0.9979017917502254,0,1.0,17138,0.0,0.0,17138,17138.0,1,0.7528491740753254
FAN-001618,Jeju SK,18_34,free_registered,True,True,2,0.9131822596547204,1,0.5,16123,147388.0,1.0,32246,179634.0,1,0.8171046243516836
FAN-001619,Jeju SK,18_34,season_ticket_partial,True,True,6,0.8361223115570209,5,0.1666666666666666,0,32868.0,1.0,0,32868.0,0,0.4823630798509253
FAN-001620,Jeonbuk Hyundai Motors,35_54,free_registered,False,True,1,0.9624034792075504,0,1.0,17584,15802.0,1.0,17584,33386.0,0,0.42796895457214296
FAN-001621,Ulsan HD,Under_18,paid_membership,True,True,2,0.9711115112161036,1,0.5,19458,135089.0,1.0,38916,174005.0,0,0.4648213082735929
FAN-001622,FC Seoul,18_34,free_registered,False,True,1,0.9542590494529056,0,1.0,20368,139316.0,1.0,20368,159684.0,0,0.46977346864086
FAN-001623,Jeju SK,18_34,free_registered,True,False,1,0.9442370445663782,0,1.0,20760,0.0,0.0,20760,20760.0,1,0.7643375673119533
FAN-001624,Gangwon FC,18_34,free_registered,False,True,1,0.9922291850494448,0,1.0,17405,0.0,0.0,17405,17405.0,0,0.35101613743867577
FAN-001625,FC Seoul,35_54,free_registered,True,False,2,0.9506383040505988,1,0.5,17244,102702.0,1.0,34488,137190.0,0,0.450196624444707
FAN-001626,Jeju SK,18_34,free_registered,True,True,1,0.9939227587615294,0,1.0,21892,16489.0,1.0,21892,38381.0,1,0.7577496802246949
FAN-001627,FC Seoul,35_54,paid_membership,True,False,2,0.9713271384158146,1,0.5,16198,98937.0,1.0,32396,131333.0,1,0.5640337216898375
FAN-001628,Ulsan HD,35_54,free_registered,True,False,2,0.916788974342606,1,0.5,18130,0.0,0.0,36260,36260.0,1,0.5729794131181939
FAN-001629,FC Seoul,35_54,free_registered,True,True,1,0.9167465664346236,0,1.0,21622,0.0,0.0,21622,21622.0,1,0.5569678414928066
FAN-001630,Ulsan HD,35_54,free_registered,True,False,2,0.93179737684963,1,0.5,17330,122273.0,1.0,34660,156933.0,0,0.4697089584277552
FAN-001631,Jeonbuk Hyundai Motors,18_34,season_ticket_full,True,False,19,0.6769216232842805,12,0.368421052631579,0,410283.0,4.0,0,410283.0,0,0.1973504659828189
FAN-001632,Ulsan HD,Under_18,season_ticket_partial,True,False,11,0.7022694751613064,7,0.3636363636363636,0,42752.0,1.0,0,42752.0,0,0.21043027574277573
FAN-001633,Jeju SK,35_54,paid_membership,True,False,5,0.853133259075306,4,0.1999999999999999,19132,0.0,0.0,95660,95660.0,0,0.2712981651036973
FAN-001634,Jeonbuk Hyundai Motors,18_34,season_ticket_partial,True,True,5,0.7078434479129483,3,0.4,0,292849.0,3.0,0,292849.0,1,0.5432820405848361
FAN-001635,Gangwon FC,35_54,free_registered,True,True,2,0.9648316638827664,1,0.5,22174,129474.0,1.0,44348,173822.0,0,0.3784754484054355
FAN-001636,FC Seoul,18_34,free_registered,True,True,1,0.9981482308123276,0,1.0,19598,0.0,0.0,19598,19598.0,1,0.5006790283392434
FAN-001637,Ulsan HD,55_Plus,paid_membership,False,True,3,0.8816806578962174,2,0.3333333333333333,17344,0.0,0.0,52032,52032.0,0,0.22448800431084961
FAN-001638,FC Seoul,35_54,paid_membership,True,True,5,0.8669461955134982,4,0.1999999999999999,20840,0.0,0.0,104200,104200.0,1,0.5882015344693465
FAN-001639,Gangwon FC,Under_18,free_registered,True,False,1,0.902498979959834,0,1.0,20928,34828.0,1.0,20928,55756.0,0,0.39091920633406463
FAN-001640,Gangwon FC,18_34,free_registered,False,True,1,0.9231893991317832,0,1.0,21919,0.0,0.0,21919,21919.0,1,0.8127707153922676
FAN-001641,Ulsan HD,35_54,season_ticket_full,True,False,15,0.7559166975164002,11,0.2666666666666667,0,134476.0,2.0,0,134476.0,0,0.20336113211928292
FAN-001642,Jeonbuk Hyundai Motors,35_54,season_ticket_partial,True,True,7,0.7970991762509554,5,0.2857142857142857,0,326734.0,3.0,0,326734.0,0,0.26005620153679987
FAN-001643,Ulsan HD,18_34,free_registered,False,True,2,0.9783808305477072,1,0.5,16428,0.0,0.0,32856,32856.0,1,0.7187337988738371
FAN-001644,Jeju SK,35_54,paid_membership,True,True,4,0.9606969291693828,3,0.25,18298,280535.0,2.0,73192,353727.0,0,0.24392571410174588
FAN-001645,FC Seoul,18_34,free_registered,True,True,1,0.9735633518522484,0,1.0,22154,0.0,0.0,22154,22154.0,1,0.515464743048292
FAN-001646,Jeonbuk Hyundai Motors,18_34,free_registered,False,False,1,0.9599557086218664,0,1.0,18464,0.0,0.0,18464,18464.0,0,0.3361827607725776
FAN-001647,FC Seoul,35_54,free_registered,False,False,2,0.9328418298481728,1,0.5,16576,0.0,0.0,33152,33152.0,1,0.50067149438411
FAN-001648,Jeonbuk Hyundai Motors,35_54,free_registered,True,True,2,0.9412403737695652,1,0.5,24741,0.0,0.0,49482,49482.0,1,0.596426974556483
FAN-001649,Jeonbuk Hyundai Motors,35_54,free_registered,True,False,1,0.9541330472774544,0,1.0,20552,40045.0,1.0,20552,60597.0,0,0.4939578464829492
FAN-001650,Jeonbuk Hyundai Motors,35_54,season_ticket_partial,True,False,11,0.8766210089773383,9,0.1818181818181817,0,192200.0,2.0,0,192200.0,0,0.06811501291106555
FAN-001651,FC Seoul,Under_18,free_registered,True,True,2,0.9931362098935416,1,0.5,20375,0.0,0.0,40750,40750.0,1,0.5813389911042958
FAN-001652,Ulsan HD,35_54,paid_membership,True,False,2,0.9228411933570296,1,0.5,24995,112636.0,2.0,49990,162626.0,0,0.4177298941798942
FAN-001653,FC Seoul,18_34,free_registered,True,False,2,0.9016411725770768,1,0.5,19219,0.0,0.0,38438,38438.0,1,0.5408753717125808
FAN-001654,Ulsan HD,18_34,free_registered,False,True,2,0.9717179834509077,1,0.5,23722,0.0,0.0,47444,47444.0,0,0.49100003227544875
FAN-001655,FC Seoul,18_34,season_ticket_partial,True,False,7,0.9092855849718068,6,0.1428571428571429,0,148564.0,1.0,0,148564.0,0,0.06538495252734382
FAN-001656,Gangwon FC,18_34,paid_membership,True,True,3,0.9435549247091116,2,0.3333333333333333,16851,0.0,0.0,50553,50553.0,0,0.0747240006129273
FAN-001657,Jeju SK,18_34,season_ticket_full,True,True,18,0.7467361484977527,13,0.2777777777777778,0,211130.0,3.0,0,211130.0,0,0.05449671787907082
FAN-001658,Ulsan HD,18_34,season_ticket_full,True,True,18,0.6420201126633618,11,0.3888888888888888,0,488516.0,5.0,0,488516.0,0,0.06913630051865347
FAN-001659,Ulsan HD,Under_18,free_registered,True,False,2,0.9444133284185408,1,0.5,20721,0.0,0.0,41442,41442.0,1,0.6177905686229659
FAN-001660,Ulsan HD,18_34,free_registered,True,False,1,0.971419563832898,0,1.0,22907,0.0,0.0,22907,22907.0,0,0.3505799699519675
FAN-001661,Jeju SK,35_54,season_ticket_partial,True,True,9,0.9036362336143576,8,0.1111111111111111,0,234177.0,3.0,0,234177.0,0,0.01707794612794613
FAN-001662,Ulsan HD,18_34,season_ticket_full,True,True,19,0.8275599210728906,15,0.2105263157894736,0,211983.0,3.0,0,211983.0,0,0.06987153750389043
FAN-001663,Gangwon FC,18_34,paid_membership,False,True,3,0.8741462995996918,2,0.3333333333333333,24825,207395.0,2.0,74475,281870.0,0,0.14840201900496017
FAN-001664,Ulsan HD,35_54,paid_membership,True,False,3,0.8513142464787921,2,0.3333333333333333,23698,48090.0,1.0,71094,119184.0,0,0.13146124950390403
FAN-001665,Gangwon FC,35_54,paid_membership,True,True,5,0.963546735622514,4,0.1999999999999999,20983,0.0,0.0,104915,104915.0,1,0.6073949297459534
FAN-001666,Jeonbuk Hyundai Motors,35_54,free_registered,True,False,1,0.9213389870747724,0,1.0,22600,0.0,0.0,22600,22600.0,0,0.45323332909296965
FAN-001667,FC Seoul,18_34,paid_membership,True,False,2,0.8843652477429796,1,0.5,22586,40871.0,1.0,45172,86043.0,1,0.8008582739991581
FAN-001668,Gangwon FC,35_54,season_ticket_partial,True,False,9,0.921562644682609,8,0.1111111111111111,0,159128.0,3.0,0,159128.0,0,0.0457080512080512
FAN-001669,FC Seoul,18_34,paid_membership,True,True,5,0.9834905421154364,4,0.1999999999999999,22329,137843.0,2.0,111645,249488.0,0,0.08265311947920644
FAN-001670,Jeonbuk Hyundai Motors,Under_18,free_registered,True,True,1,0.970123651676956,0,1.0,19636,0.0,0.0,19636,19636.0,1,0.8129962826005436
FAN-001671,Ulsan HD,18_34,free_registered,True,True,1,0.9961724469076504,0,1.0,19995,96339.0,1.0,19995,116334.0,1,0.5701835017573309
FAN-001672,Jeonbuk Hyundai Motors,35_54,free_registered,True,False,2,0.9188512104812342,1,0.5,18013,0.0,0.0,36026,36026.0,1,0.7556638490002713
FAN-001673,Jeonbuk Hyundai Motors,18_34,free_registered,False,False,2,0.9450729548246084,1,0.5,22785,0.0,0.0,45570,45570.0,1,0.8671066601206807
FAN-001674,Jeonbuk Hyundai Motors,Under_18,season_ticket_partial,True,True,8,0.7160339378869457,5,0.375,0,308157.0,3.0,0,308157.0,0,0.084017577200807
FAN-001675,Jeonbuk Hyundai Motors,Under_18,free_registered,True,True,2,0.9672562629653542,1,0.5,16244,0.0,0.0,32488,32488.0,1,0.8312431197788869
FAN-001676,Ulsan HD,35_54,free_registered,True,False,2,0.9213030868742292,1,0.5,21113,75978.0,1.0,42226,118204.0,1,0.7769501539859304
FAN-001677,FC Seoul,35_54,free_registered,True,True,1,0.9867893170896676,0,1.0,19764,0.0,0.0,19764,19764.0,1,0.8123285751832832
FAN-001678,Ulsan HD,18_34,paid_membership,True,True,3,0.8786157639053087,2,0.3333333333333333,24327,61293.0,1.0,72981,134274.0,0,0.11556541516395202
FAN-001679,FC Seoul,35_54,paid_membership,True,False,5,0.9772753530851708,4,0.1999999999999999,24396,265598.0,2.0,121980,387578.0,0,0.18784987214398977
FAN-001680,Jeju SK,18_34,free_registered,True,True,2,0.9739361887535664,1,0.5,19732,0.0,0.0,39464,39464.0,0,0.406471278384723
FAN-001681,Ulsan HD,35_54,free_registered,False,False,1,0.9532800747337544,0,1.0,21979,0.0,0.0,21979,21979.0,1,0.7975358412353315
FAN-001682,Gangwon FC,18_34,free_registered,True,False,2,0.935927913226659,1,0.5,20651,0.0,0.0,41302,41302.0,1,0.705133305360177
FAN-001683,Jeju SK,35_54,paid_membership,True,False,2,0.979544951002734,1,0.5,24006,197776.0,2.0,48012,245788.0,1,0.7802097741419693
FAN-001684,Jeonbuk Hyundai Motors,18_34,free_registered,False,True,2,0.9719208094323124,1,0.5,22392,16703.0,1.0,44784,61487.0,0,0.43250643417308654
FAN-001685,FC Seoul,35_54,season_ticket_full,True,True,16,0.7964854577833358,12,0.25,0,469365.0,5.0,0,469365.0,0,0.06578738041288404
FAN-001686,Jeonbuk Hyundai Motors,Under_18,free_registered,True,True,1,0.9280637514468572,0,1.0,21281,101677.0,1.0,21281,122958.0,0,0.4606604996178167
FAN-001687,Gangwon FC,18_34,free_registered,True,True,2,0.9919611536140474,1,0.5,17220,0.0,0.0,34440,34440.0,0,0.42626664104419876
FAN-001688,Ulsan HD,18_34,paid_membership,True,False,3,0.9891372606859072,2,0.3333333333333333,24897,132143.0,2.0,74691,206834.0,0,0.1345701132201132
FAN-001689,Jeju SK,18_34,free_registered,True,False,1,0.9854084603882424,0,1.0,18606,0.0,0.0,18606,18606.0,1,0.8420910855174301
FAN-001690,Jeonbuk Hyundai Motors,Under_18,paid_membership,True,True,3,0.9110259031836376,2,0.3333333333333333,19283,62033.0,1.0,57849,119882.0,0,0.112366977288664
FAN-001691,FC Seoul,35_54,free_registered,True,False,1,0.9376238935112972,0,1.0,23894,0.0,0.0,23894,23894.0,1,0.8445898843109989
FAN-001692,Ulsan HD,18_34,paid_membership,True,False,5,0.868984752219032,4,0.1999999999999999,17316,181165.0,2.0,86580,267745.0,1,0.5176876405313104
FAN-001693,Ulsan HD,35_54,paid_membership,False,True,3,0.8712681733895817,2,0.3333333333333333,19151,0.0,0.0,57453,57453.0,0,0.14301588655932002
FAN-001694,FC Seoul,35_54,season_ticket_full,True,True,18,0.7217811987128087,12,0.3333333333333333,0,308962.0,4.0,0,308962.0,0,0.10993914742521554
FAN-001695,Ulsan HD,35_54,free_registered,False,True,2,0.9324701296150666,1,0.5,20693,114384.0,1.0,41386,155770.0,1,0.789449612006464
FAN-001696,FC Seoul,35_54,free_registered,True,False,2,0.9673114724997064,1,0.5,22718,136477.0,1.0,45436,181913.0,0,0.3777823334178598
FAN-001697,FC Seoul,35_54,free_registered,True,True,1,0.973029823922512,0,1.0,17908,0.0,0.0,17908,17908.0,1,0.5256202040772607
FAN-001698,FC Seoul,18_34,season_ticket_full,True,False,15,0.6428562946804629,9,0.4,0,408261.0,4.0,0,408261.0,0,0.13043752706988
FAN-001699,Gangwon FC,35_54,season_ticket_partial,True,True,10,0.7834179171632308,7,0.3,0,148802.0,1.0,0,148802.0,1,0.5773704750152608
FAN-001700,Ulsan HD,18_34,free_registered,True,False,2,0.9009311095264264,1,0.5,16426,57363.0,1.0,32852,90215.0,1,0.6404070155878979
FAN-001701,Gangwon FC,35_54,free_registered,False,True,2,0.941820286525689,1,0.5,21735,54609.0,1.0,43470,98079.0,1,0.6299462493904238
FAN-001702,Ulsan HD,35_54,free_registered,True,False,1,0.9350407056338024,0,1.0,21881,0.0,0.0,21881,21881.0,1,0.6524407413281614
FAN-001703,Ulsan HD,18_34,free_registered,True,False,1,0.9932813749616746,0,1.0,16639,0.0,0.0,16639,16639.0,0,0.3040286648161115
FAN-001704,Ulsan HD,18_34,free_registered,True,True,1,0.9986025120320168,0,1.0,19765,91382.0,1.0,19765,111147.0,1,0.8033546872650676
FAN-001705,Ulsan HD,18_34,free_registered,True,False,1,0.9287937583588476,0,1.0,18763,92760.0,1.0,18763,111523.0,0,0.48657962724410114
FAN-001706,FC Seoul,35_54,paid_membership,True,False,4,0.883467012307858,3,0.25,22692,0.0,0.0,90768,90768.0,1,0.5525092487723473
FAN-001707,Jeju SK,55_Plus,season_ticket_full,True,False,17,0.6631600232726289,11,0.3529411764705882,0,310327.0,4.0,0,310327.0,0,0.2164739479551142
FAN-001708,FC Seoul,18_34,season_ticket_full,True,True,16,0.8937447212245822,14,0.125,0,346985.0,4.0,0,346985.0,0,0.04539985640720934
FAN-001709,Jeju SK,35_54,free_registered,True,True,2,0.9686610485699448,1,0.5,19130,0.0,0.0,38260,38260.0,1,0.7502136550766544
FAN-001710,Jeju SK,55_Plus,paid_membership,True,False,5,0.9029734125555944,4,0.1999999999999999,23570,158906.0,2.0,117850,276756.0,0,0.12223553022466069
FAN-001711,FC Seoul,Under_18,season_ticket_partial,True,False,9,0.9262339428446724,8,0.1111111111111111,0,110988.0,1.0,0,110988.0,0,0.0745434681059681
FAN-001712,FC Seoul,18_34,free_registered,True,True,2,0.9850676120003936,1,0.5,23133,126050.0,1.0,46266,172316.0,0,0.3474673494782189
FAN-001713,Jeonbuk Hyundai Motors,35_54,paid_membership,True,False,5,0.8584584560510308,4,0.1999999999999999,17457,0.0,0.0,87285,87285.0,1,0.5907331615886939
FAN-001714,Ulsan HD,35_54,free_registered,False,True,1,0.929696381767504,0,1.0,21490,0.0,0.0,21490,21490.0,1,0.7120493038047087
FAN-001715,FC Seoul,35_54,free_registered,False,False,2,0.9404696306714464,1,0.5,17607,0.0,0.0,35214,35214.0,1,0.6098594097774309
FAN-001716,Gangwon FC,18_34,free_registered,False,True,1,0.9413170842639192,0,1.0,17073,91627.0,1.0,17073,108700.0,1,0.7223052533325218
FAN-001717,FC Seoul,Under_18,free_registered,True,True,1,0.9770034392356692,0,1.0,17522,117490.0,1.0,17522,135012.0,0,0.27301175226833135
FAN-001718,Jeju SK,18_34,paid_membership,True,True,3,0.9050396264803044,2,0.3333333333333333,16535,69305.0,1.0,49605,118910.0,0,0.08307224036489483
FAN-001719,Gangwon FC,18_34,free_registered,True,True,1,0.9475662819555302,0,1.0,22212,61785.0,1.0,22212,83997.0,1,0.7897197004783212
FAN-001720,FC Seoul,18_34,free_registered,True,True,1,0.9322886180072044,0,1.0,19079,0.0,0.0,19079,19079.0,1,0.8917125435151206
FAN-001721,FC Seoul,35_54,free_registered,True,True,2,0.9727264652256812,1,0.5,16760,123471.0,1.0,33520,156991.0,1,0.5568346922645728
FAN-001722,FC Seoul,Under_18,season_ticket_partial,True,True,7,0.8976125427254671,6,0.1428571428571429,0,197212.0,3.0,0,197212.0,0,0.07943057280733952
FAN-001723,Ulsan HD,35_54,free_registered,True,True,1,0.9114085078364916,0,1.0,24099,58556.0,1.0,24099,82655.0,1,0.8677096734682942
FAN-001724,FC Seoul,18_34,paid_membership,False,False,3,0.8800553610638592,2,0.3333333333333333,19263,178926.0,2.0,57789,236715.0,0,0.08289623779623777
FAN-001725,Jeju SK,35_54,paid_membership,True,True,3,0.8946910424691571,2,0.3333333333333333,17997,252751.0,2.0,53991,306742.0,0,0.05891800033968708
FAN-001726,FC Seoul,Under_18,free_registered,False,True,2,0.9867605106052432,1,0.5,20005,122918.0,1.0,40010,162928.0,1,0.5813277961160349
FAN-001727,Ulsan HD,18_34,free_registered,True,False,1,0.9514104940236658,0,1.0,16025,125142.0,1.0,16025,141167.0,0,0.21868821602645136
FAN-001728,Gangwon FC,Under_18,paid_membership,True,False,2,0.8861617458430621,1,0.5,24698,138910.0,1.0,49396,188306.0,1,0.5102580005361285
FAN-001729,Jeonbuk Hyundai Motors,55_Plus,free_registered,False,False,1,0.9554484010514012,0,1.0,16860,93042.0,1.0,16860,109902.0,1,0.5681962182041366
FAN-001730,Jeju SK,35_54,free_registered,True,True,1,0.9144882262089404,0,1.0,20473,56514.0,1.0,20473,76987.0,0,0.4838100210105019
FAN-001731,Ulsan HD,18_34,paid_membership,True,False,5,0.9938262008718206,4,0.1999999999999999,23683,105282.0,1.0,118415,223697.0,0,0.4794996808746811
FAN-001732,Jeju SK,18_34,free_registered,True,False,2,0.9620013737696436,1,0.5,24151,18188.0,1.0,48302,66490.0,0,0.3714245050330352
FAN-001733,Ulsan HD,55_Plus,free_registered,True,True,1,0.9592111441611963,0,1.0,20160,0.0,0.0,20160,20160.0,1,0.8126033609915436
FAN-001734,Ulsan HD,18_34,free_registered,True,False,2,0.9210223857936976,1,0.5,19981,103342.0,1.0,39962,143304.0,0,0.3801391309928624
FAN-001735,FC Seoul,18_34,free_registered,False,True,1,0.9850631597058964,0,1.0,18850,97668.0,1.0,18850,116518.0,1,0.7963825707505451
FAN-001736,Jeonbuk Hyundai Motors,35_54,paid_membership,False,True,2,0.9158901566237078,1,0.5,16596,208270.0,2.0,33192,241462.0,1,0.5145451117606171
FAN-001737,Ulsan HD,55_Plus,paid_membership,True,True,5,0.9081066965247796,4,0.1999999999999999,18019,172126.0,2.0,90095,262221.0,0,0.19230211133472006
FAN-001738,FC Seoul,Under_18,paid_membership,True,False,3,0.9007367838421492,2,0.3333333333333333,22422,16428.0,1.0,67266,83694.0,0,0.13081163418491834
FAN-001739,Ulsan HD,18_34,paid_membership,False,True,5,0.8751850491091299,4,0.1999999999999999,21907,0.0,0.0,109535,109535.0,0,0.1837577159032848
FAN-001740,Ulsan HD,55_Plus,free_registered,True,True,1,0.9702306476938988,0,1.0,21977,122014.0,1.0,21977,143991.0,1,0.7550848907932244
FAN-001741,Jeonbuk Hyundai Motors,18_34,free_registered,True,True,1,0.9904466839767224,0,1.0,16168,0.0,0.0,16168,16168.0,1,0.6297846242143121
FAN-001742,Jeonbuk Hyundai Motors,Under_18,free_registered,False,True,1,0.9456248064040108,0,1.0,17923,0.0,0.0,17923,17923.0,0,0.4402350898753617
FAN-001743,Jeonbuk Hyundai Motors,35_54,free_registered,False,True,2,0.9618427720682056,1,0.5,22506,132061.0,1.0,45012,177073.0,1,0.5045982326497032
FAN-001744,FC Seoul,35_54,season_ticket_full,True,True,15,0.7982507668878085,11,0.2666666666666667,0,123648.0,3.0,0,123648.0,1,0.5801853607721257
FAN-001745,Ulsan HD,18_34,season_ticket_partial,True,True,7,0.8900714736507013,6,0.1428571428571429,0,285819.0,3.0,0,285819.0,0,0.1731936284909248
FAN-001746,Ulsan HD,55_Plus,free_registered,True,False,2,0.9437629295816098,1,0.5,19309,0.0,0.0,38618,38618.0,1,0.7459649461976591
FAN-001747,FC Seoul,35_54,free_registered,False,True,1,0.93170318407134,0,1.0,23625,90480.0,1.0,23625,114105.0,1,0.8676596491270406
FAN-001748,FC Seoul,Under_18,free_registered,True,True,2,0.96296313108125,1,0.5,23873,0.0,0.0,47746,47746.0,0,0.336491429488595
FAN-001749,Jeonbuk Hyundai Motors,55_Plus,free_registered,False,True,2,0.9280695709208668,1,0.5,24700,108073.0,1.0,49400,157473.0,0,0.3782893508093312
FAN-001750,FC Seoul,18_34,free_registered,True,True,2,0.9857566916322824,1,0.5,20076,143477.0,1.0,40152,183629.0,0,0.3759815338982006
FAN-001751,Ulsan HD,18_34,paid_membership,False,True,4,0.885269253686248,3,0.25,22984,109375.0,1.0,91936,201311.0,0,0.19367957042957037
FAN-001752,FC Seoul,35_54,season_ticket_partial,True,True,5,0.7925983153295011,3,0.4,0,171091.0,2.0,0,171091.0,0,0.23265593272542395
FAN-001753,FC Seoul,18_34,paid_membership,True,False,4,0.9037998208370372,3,0.25,16873,218758.0,2.0,67492,286250.0,0,0.11471452395525283
FAN-001754,FC Seoul,Under_18,free_registered,True,True,2,0.908662630569107,1,0.5,19842,0.0,0.0,39684,39684.0,1,0.8109959857097799
FAN-001755,Gangwon FC,Under_18,free_registered,True,True,2,0.9255889167284987,1,0.5,21823,0.0,0.0,43646,43646.0,1,0.5161203366854529
FAN-001756,Jeonbuk Hyundai Motors,18_34,paid_membership,True,True,5,0.9020539709490608,4,0.1999999999999999,16181,99621.0,1.0,80905,180526.0,0,0.2750563445368937
FAN-001757,Gangwon FC,35_54,season_ticket_partial,True,False,10,0.8517912317595473,8,0.1999999999999999,0,250251.0,3.0,0,250251.0,0,0.18432349855175942
FAN-001758,Ulsan HD,35_54,season_ticket_partial,True,False,11,0.8892551676574614,9,0.1818181818181817,0,326396.0,3.0,0,326396.0,0,0.49041894677438136
FAN-001759,FC Seoul,55_Plus,season_ticket_partial,True,True,6,0.9430442097980258,5,0.1666666666666666,0,279344.0,3.0,0,279344.0,1,0.523591651635327
FAN-001760,Ulsan HD,18_34,paid_membership,True,True,5,0.9941664183120428,4,0.1999999999999999,22405,0.0,0.0,112025,112025.0,1,0.5061873998422994
FAN-001761,Ulsan HD,18_34,paid_membership,True,False,3,0.8922682679200357,2,0.3333333333333333,23356,0.0,0.0,70068,70068.0,0,0.2414302884194469
FAN-001762,Jeonbuk Hyundai Motors,18_34,free_registered,False,True,1,0.9422493381988696,0,1.0,24058,62754.0,1.0,24058,86812.0,1,0.5478852429367047
FAN-001763,FC Seoul,18_34,paid_membership,True,True,3,0.9756882534888018,2,0.3333333333333333,16825,207610.0,2.0,50475,258085.0,0,0.14168051018915342
FAN-001764,Ulsan HD,18_34,free_registered,True,True,1,0.9279610770838675,0,1.0,21740,0.0,0.0,21740,21740.0,1,0.5675716370496313
FAN-001765,FC Seoul,35_54,free_registered,False,True,1,0.9717727027642497,0,1.0,16095,0.0,0.0,16095,16095.0,1,0.5115866439164901
FAN-001766,Ulsan HD,55_Plus,paid_membership,True,False,3,0.9221880968644172,2,0.3333333333333333,24590,33626.0,2.0,73770,107396.0,0,0.13804752261058867
FAN-001767,Jeonbuk Hyundai Motors,55_Plus,free_registered,True,False,1,0.9856700597117278,0,1.0,17261,34899.0,1.0,17261,52160.0,1,0.805211032730653
FAN-001768,Ulsan HD,18_34,free_registered,True,False,2,0.9198969110465676,1,0.5,22023,131859.0,1.0,44046,175905.0,0,0.42637827954096286
FAN-001769,Ulsan HD,35_54,free_registered,False,True,1,0.9279720001398472,0,1.0,23700,145509.0,1.0,23700,169209.0,1,0.5419202290514211
FAN-001770,Ulsan HD,18_34,free_registered,True,True,2,0.9054447590306977,1,0.5,23980,0.0,0.0,47960,47960.0,1,0.6551722588189367
FAN-001771,Ulsan HD,Under_18,free_registered,False,True,1,0.948329069775523,0,1.0,24920,139260.0,1.0,24920,164180.0,1,0.728977944141609
FAN-001772,Jeonbuk Hyundai Motors,35_54,free_registered,False,False,2,0.9405279352351996,1,0.5,21090,82021.0,1.0,42180,124201.0,1,0.7950041908039069
FAN-001773,Jeonbuk Hyundai Motors,35_54,free_registered,True,False,1,0.954530375680532,0,1.0,17656,106061.0,1.0,17656,123717.0,1,0.7591783327106497
FAN-001774,Gangwon FC,18_34,free_registered,True,True,1,0.9457877509166768,0,1.0,24999,84653.0,1.0,24999,109652.0,1,0.7578079806671798
FAN-001775,Jeonbuk Hyundai Motors,18_34,season_ticket_full,True,True,16,0.6460995945498407,10,0.375,0,220180.0,2.0,0,220180.0,0,0.03664995353230646
FAN-001776,Ulsan HD,18_34,free_registered,True,True,2,0.9669836361908096,1,0.5,21470,133309.0,1.0,42940,176249.0,0,0.39807597072262435
FAN-001777,Jeju SK,35_54,free_registered,True,False,2,0.9428603148504372,1,0.5,24958,0.0,0.0,49916,49916.0,1,0.5577568213702274
FAN-001778,Ulsan HD,18_34,paid_membership,False,True,2,0.9634218571234732,1,0.5,21130,135789.0,1.0,42260,178049.0,0,0.4603057573500669
FAN-001779,FC Seoul,55_Plus,season_ticket_partial,True,True,5,0.836857111563851,4,0.1999999999999999,0,141258.0,1.0,0,141258.0,0,0.2039342792473227
FAN-001780,Jeonbuk Hyundai Motors,Under_18,paid_membership,True,True,3,0.9390115524462248,2,0.3333333333333333,16381,169165.0,2.0,49143,218308.0,0,0.13227375451059661
FAN-001781,FC Seoul,18_34,free_registered,True,True,1,0.9089358004410591,0,1.0,16294,0.0,0.0,16294,16294.0,1,0.5345189546559708
FAN-001782,Gangwon FC,18_34,paid_membership,True,False,4,0.9180412547611476,3,0.25,16054,63040.0,1.0,64216,127256.0,0,0.25535100080368633
FAN-001783,Ulsan HD,18_34,paid_membership,True,False,4,0.9519221164799836,3,0.25,21963,0.0,0.0,87852,87852.0,0,0.26308728152187755
FAN-001784,Jeju SK,18_34,paid_membership,True,False,2,0.93549336422143,1,0.5,24834,163817.0,2.0,49668,213485.0,0,0.2925356896516747
FAN-001785,Jeju SK,35_54,paid_membership,True,False,5,0.9681355354788126,4,0.1999999999999999,21546,195008.0,2.0,107730,302738.0,0,0.19680666480666478
FAN-001786,Jeonbuk Hyundai Motors,35_54,season_ticket_partial,True,True,10,0.904156038845386,9,0.0999999999999999,0,323399.0,3.0,0,323399.0,0,0.2621818098372445
FAN-001787,Jeju SK,55_Plus,season_ticket_partial,True,True,9,0.7862611914096244,7,0.2222222222222222,0,82569.0,2.0,0,82569.0,0,0.17738448106316793
FAN-001788,Jeju SK,35_54,paid_membership,True,True,2,0.9618948064786133,1,0.5,21370,46798.0,1.0,42740,89538.0,1,0.8100233080109375
FAN-001789,FC Seoul,35_54,free_registered,False,False,2,0.9322260857416728,1,0.5,18343,81862.0,1.0,36686,118548.0,1,0.5391828913242735
FAN-001790,Ulsan HD,35_54,paid_membership,False,True,2,0.9667147049580403,1,0.5,19906,43668.0,1.0,39812,83480.0,1,0.5723967672868882
FAN-001791,FC Seoul,35_54,season_ticket_partial,True,False,6,0.7317588860001432,4,0.3333333333333333,0,98959.0,1.0,0,98959.0,0,0.04710551295631084
FAN-001792,Jeonbuk Hyundai Motors,18_34,free_registered,True,True,1,0.9797313012799252,0,1.0,16898,0.0,0.0,16898,16898.0,1,0.5220649134730012
FAN-001793,Ulsan HD,18_34,season_ticket_full,True,True,17,0.7905389713549591,13,0.2352941176470588,0,185203.0,2.0,0,185203.0,0,0.01938632826868121
FAN-001794,Jeju SK,18_34,free_registered,True,False,2,0.9949177381577856,1,0.5,17512,0.0,0.0,35024,35024.0,1,0.6313807945065398
FAN-001795,FC Seoul,18_34,free_registered,True,False,2,0.9285565953241316,1,0.5,17820,101002.0,1.0,35640,136642.0,0,0.4608233624219082
FAN-001796,FC Seoul,18_34,season_ticket_partial,True,True,11,0.852975767879505,9,0.1818181818181817,0,333093.0,3.0,0,333093.0,0,0.19140645463688946
FAN-001797,Jeonbuk Hyundai Motors,55_Plus,free_registered,True,True,2,0.9639914944596164,1,0.5,18815,0.0,0.0,37630,37630.0,1,0.8578282820069867
FAN-001798,FC Seoul,18_34,free_registered,True,False,1,0.9113384177028844,0,1.0,18021,67940.0,1.0,18021,85961.0,1,0.5573980950351918
FAN-001799,FC Seoul,Under_18,free_registered,True,False,1,0.9695749421349548,0,1.0,19250,67061.0,1.0,19250,86311.0,1,0.7694425314629616
FAN-001800,FC Seoul,18_34,free_registered,False,True,2,0.95335789574693,1,0.5,21199,0.0,0.0,42398,42398.0,1,0.7963445028616017
FAN-001801,Gangwon FC,Under_18,free_registered,True,True,2,0.9610905391207916,1,0.5,20192,0.0,0.0,40384,40384.0,1,0.688163819070478
FAN-001802,Jeonbuk Hyundai Motors,Under_18,free_registered,True,True,2,0.9446925401784476,1,0.5,16029,0.0,0.0,32058,32058.0,1,0.7904783454990293
FAN-001803,Ulsan HD,18_34,free_registered,False,True,1,0.9804362584332528,0,1.0,16993,0.0,0.0,16993,16993.0,0,0.4613214594677571
FAN-001804,FC Seoul,18_34,season_ticket_full,True,False,15,0.6357745230564713,9,0.4,0,168694.0,2.0,0,168694.0,0,0.19056605959972836
FAN-001805,Ulsan HD,18_34,season_ticket_full,True,True,17,0.7981196352267569,13,0.2352941176470588,0,343309.0,4.0,0,343309.0,0,0.23248588611823914
FAN-001806,Jeonbuk Hyundai Motors,35_54,free_registered,False,True,1,0.9752725299918064,0,1.0,21185,144001.0,1.0,21185,165186.0,1,0.785773786852633
FAN-001807,Jeju SK,35_54,paid_membership,True,True,4,0.9144565246176676,3,0.25,22879,0.0,0.0,91516,91516.0,0,0.14021438785995075
FAN-001808,FC Seoul,18_34,free_registered,False,True,1,0.9037274721151564,0,1.0,20948,0.0,0.0,20948,20948.0,0,0.35317603111118195
FAN-001809,FC Seoul,18_34,free_registered,True,True,2,0.939484397634104,1,0.5,21904,75913.0,1.0,43808,119721.0,0,0.44440103194874636
FAN-001810,FC Seoul,18_34,free_registered,True,True,1,0.9401727262869644,0,1.0,23437,53412.0,1.0,23437,76849.0,1,0.5468810159478765
FAN-001811,Jeju SK,35_54,season_ticket_full,True,True,15,0.728372093814919,10,0.3333333333333333,0,230383.0,4.0,0,230383.0,0,0.032563336445689386
FAN-001812,Jeonbuk Hyundai Motors,Under_18,season_ticket_full,True,True,18,0.6466333318815578,11,0.3888888888888888,0,383539.0,4.0,0,383539.0,0,0.3575717953691378
FAN-001813,FC Seoul,Under_18,free_registered,False,True,2,0.9452535207920284,1,0.5,22831,0.0,0.0,45662,45662.0,1,0.8942359316320164
FAN-001814,FC Seoul,35_54,free_registered,True,True,1,0.905440680693294,0,1.0,18361,68579.0,1.0,18361,86940.0,1,0.5992991835699011
FAN-001815,FC Seoul,18_34,free_registered,True,False,1,0.9881439807408616,0,1.0,21574,102263.0,1.0,21574,123837.0,1,0.8220043915306571
FAN-001816,Gangwon FC,Under_18,paid_membership,True,True,2,0.8868200875437727,1,0.5,16156,0.0,0.0,32312,32312.0,1,0.6522634291586078
FAN-001817,FC Seoul,18_34,paid_membership,True,True,2,0.9645893655247528,1,0.5,18952,167151.0,2.0,37904,205055.0,1,0.7734062526454603
FAN-001818,Jeonbuk Hyundai Motors,55_Plus,free_registered,True,True,1,0.9677236873546344,0,1.0,17230,0.0,0.0,17230,17230.0,0,0.45421597991436785
FAN-001819,Jeju SK,35_54,paid_membership,True,False,2,0.8584523584907067,1,0.5,23579,0.0,0.0,47158,47158.0,1,0.5111042572076273
FAN-001820,Ulsan HD,35_54,free_registered,False,False,2,0.9712706831733452,1,0.5,17189,43972.0,1.0,34378,78350.0,1,0.8894048699645976
FAN-001821,FC Seoul,18_34,season_ticket_full,True,True,15,0.6662442922521037,9,0.4,0,136233.0,2.0,0,136233.0,1,0.6376140372727834
FAN-001822,FC Seoul,18_34,paid_membership,True,False,5,0.9059961512545076,4,0.1999999999999999,20600,161305.0,2.0,103000,264305.0,0,0.04749850537350536
FAN-001823,Jeju SK,55_Plus,free_registered,True,True,2,0.9667927920046144,1,0.5,16543,0.0,0.0,33086,33086.0,1,0.5743589581567418
FAN-001824,Jeonbuk Hyundai Motors,55_Plus,paid_membership,True,True,3,0.8671544475601823,2,0.3333333333333333,17575,206326.0,2.0,52725,259051.0,0,0.14100536567705238
FAN-001825,Jeju SK,18_34,season_ticket_partial,True,True,7,0.8742096815213631,6,0.1428571428571429,0,143242.0,1.0,0,143242.0,0,0.07932081780585618
FAN-001826,Ulsan HD,35_54,free_registered,True,True,1,0.9462860231079409,0,1.0,21864,141505.0,1.0,21864,163369.0,1,0.5463710946460949
FAN-001827,FC Seoul,18_34,free_registered,True,True,1,0.9259308426629568,0,1.0,24483,0.0,0.0,24483,24483.0,0,0.2825269221227277
FAN-001828,Gangwon FC,18_34,season_ticket_full,True,False,18,0.8892643718311932,16,0.1111111111111111,0,180980.0,4.0,0,180980.0,0,0.09397199260434552
FAN-001829,Jeonbuk Hyundai Motors,35_54,free_registered,True,False,1,0.934664741159326,0,1.0,16612,0.0,0.0,16612,16612.0,1,0.6342454718847627
FAN-001830,FC Seoul,18_34,free_registered,True,True,1,0.9612955368864642,0,1.0,18640,0.0,0.0,18640,18640.0,1,0.5583359315840712
FAN-001831,Gangwon FC,55_Plus,free_registered,True,True,2,0.9115348674550484,1,0.5,23288,0.0,0.0,46576,46576.0,0,0.36348715831483797
FAN-001832,Jeju SK,Under_18,season_ticket_partial,True,True,7,0.7236854688967014,5,0.2857142857142857,0,187938.0,2.0,0,187938.0,0,0.17164128583693808
FAN-001833,Jeju SK,18_34,paid_membership,True,True,3,0.9398259963411156,2,0.3333333333333333,24922,126872.0,1.0,74766,201638.0,0,0.1090395141895142
FAN-001834,Jeonbuk Hyundai Motors,55_Plus,season_ticket_partial,True,False,10,0.9486535152000012,9,0.0999999999999999,0,132990.0,1.0,0,132990.0,0,0.21454620858444387
FAN-001835,Jeonbuk Hyundai Motors,55_Plus,paid_membership,True,False,3,0.9020207432536524,2,0.3333333333333333,24409,0.0,0.0,73227,73227.0,0,0.2199305177984866
FAN-001836,Jeju SK,18_34,free_registered,True,False,2,0.9899489935098722,1,0.5,23506,0.0,0.0,47012,47012.0,0,0.310635422288116
FAN-001837,FC Seoul,18_34,paid_membership,True,False,5,0.9224821498922569,4,0.1999999999999999,17770,266550.0,2.0,88850,355400.0,0,0.16608591903900827
FAN-001838,Ulsan HD,35_54,paid_membership,True,True,3,0.9017269110732284,2,0.3333333333333333,21696,0.0,0.0,65088,65088.0,0,0.33697647178099754
FAN-001839,Gangwon FC,18_34,free_registered,True,True,2,0.926606494612365,1,0.5,24437,21634.0,1.0,48874,70508.0,1,0.6632837122357671
FAN-001840,FC Seoul,55_Plus,free_registered,False,True,2,0.946999302766013,1,0.5,16403,124291.0,1.0,32806,157097.0,1,0.8191873164961397
FAN-001841,Ulsan HD,55_Plus,free_registered,False,True,1,0.945564311816344,0,1.0,22112,56594.0,1.0,22112,78706.0,1,0.5928113908628532
FAN-001842,Ulsan HD,18_34,paid_membership,False,False,2,0.918593428974704,1,0.5,18080,86227.0,1.0,36160,122387.0,1,0.5954945650402921
FAN-001843,Ulsan HD,Under_18,season_ticket_partial,True,True,8,0.7558956769341532,6,0.25,0,41767.0,1.0,0,41767.0,0,0.28890921855129237
FAN-001844,Jeju SK,Under_18,paid_membership,True,True,4,0.9959877106684284,3,0.25,22442,38577.0,1.0,89768,128345.0,0,0.2920922332944911
FAN-001845,Gangwon FC,55_Plus,season_ticket_full,True,False,17,0.8200389003180842,13,0.2352941176470588,0,156258.0,3.0,0,156258.0,0,0.15059280697515987
FAN-001846,FC Seoul,18_34,free_registered,True,False,1,0.9571126797640358,0,1.0,19912,0.0,0.0,19912,19912.0,1,0.7621918250041186
FAN-001847,FC Seoul,18_34,season_ticket_partial,True,True,11,0.8590838559908069,9,0.1818181818181817,0,216321.0,2.0,0,216321.0,0,0.04700756942862206
FAN-001848,FC Seoul,18_34,season_ticket_partial,True,False,11,0.7740878265025214,8,0.2727272727272727,0,171594.0,2.0,0,171594.0,0,0.044555613055613064
FAN-001849,Jeonbuk Hyundai Motors,35_54,free_registered,True,True,2,0.9539644064713344,1,0.5,23715,0.0,0.0,47430,47430.0,0,0.26673053069240193
FAN-001850,Jeju SK,Under_18,season_ticket_full,True,True,18,0.7392032932387338,13,0.2777777777777778,0,516526.0,4.0,0,516526.0,0,0.19058185908236266
FAN-001851,FC Seoul,18_34,free_registered,False,True,1,0.9492234098450492,0,1.0,17909,35833.0,1.0,17909,53742.0,0,0.45127600942012047
FAN-001852,Jeonbuk Hyundai Motors,55_Plus,season_ticket_partial,True,True,8,0.8052418901032445,6,0.25,0,97062.0,1.0,0,97062.0,1,0.590745947127435
FAN-001853,Jeonbuk Hyundai Motors,55_Plus,season_ticket_partial,True,False,6,0.9310472815047536,5,0.1666666666666666,0,301347.0,3.0,0,301347.0,0,0.40106732848996807
FAN-001854,Jeonbuk Hyundai Motors,35_54,paid_membership,False,True,5,0.907641610412943,4,0.1999999999999999,22539,0.0,0.0,112695,112695.0,0,0.2979974423277285
FAN-001855,Gangwon FC,Under_18,paid_membership,True,False,3,0.9978262975090536,2,0.3333333333333333,19676,73700.0,1.0,59028,132728.0,0,0.18365444335573544
FAN-001856,FC Seoul,18_34,free_registered,False,False,1,0.9723344081463728,0,1.0,19968,0.0,0.0,19968,19968.0,1,0.7550593444066479
FAN-001857,Jeonbuk Hyundai Motors,35_54,paid_membership,True,True,2,0.9748259749669788,1,0.5,23951,48111.0,1.0,47902,96013.0,1,0.6871607146863872
FAN-001858,Ulsan HD,18_34,free_registered,True,False,2,0.9771625195979808,1,0.5,19059,32763.0,1.0,38118,70881.0,0,0.4417042676346294
FAN-001859,Jeonbuk Hyundai Motors,55_Plus,paid_membership,False,True,5,0.9726177719010752,4,0.1999999999999999,18353,47207.0,1.0,91765,138972.0,0,0.11393734968734966
FAN-001860,Jeonbuk Hyundai Motors,35_54,paid_membership,True,True,2,0.8743250317399948,1,0.5,22998,146667.0,2.0,45996,192663.0,1,0.7222485914832404
FAN-001861,Jeonbuk Hyundai Motors,Under_18,season_ticket_partial,True,False,11,0.9276098292869396,10,0.0909090909090909,0,206308.0,2.0,0,206308.0,0,0.10255251892357155
FAN-001862,Jeju SK,55_Plus,free_registered,True,False,1,0.9704497185098476,0,1.0,20027,55442.0,1.0,20027,75469.0,1,0.6654463359207544
FAN-001863,FC Seoul,55_Plus,season_ticket_partial,True,True,9,0.8254547671539745,7,0.2222222222222222,0,229168.0,3.0,0,229168.0,0,0.05711154223110746
FAN-001864,Ulsan HD,Under_18,season_ticket_full,True,False,16,0.8964268212322672,14,0.125,0,283942.0,4.0,0,283942.0,0,0.07809781585516876
FAN-001865,Gangwon FC,18_34,paid_membership,True,True,2,0.9642253084528112,1,0.5,17617,170081.0,2.0,35234,205315.0,1,0.7462416818114643
FAN-001866,Gangwon FC,18_34,free_registered,True,False,2,0.9340153547251072,1,0.5,24340,0.0,0.0,48680,48680.0,1,0.8235385263067566
FAN-001867,FC Seoul,18_34,free_registered,False,True,2,0.9878222446796427,1,0.5,18118,0.0,0.0,36236,36236.0,1,0.8560862286421597
FAN-001868,FC Seoul,18_34,free_registered,True,True,2,0.9323544887288246,1,0.5,18368,0.0,0.0,36736,36736.0,0,0.4671327765629158
FAN-001869,FC Seoul,35_54,paid_membership,True,True,5,0.9908163326929176,4,0.1999999999999999,21722,106013.0,1.0,108610,214623.0,0,0.13390383998717328
FAN-001870,Jeonbuk Hyundai Motors,55_Plus,paid_membership,True,True,2,0.9648961988984464,1,0.5,18491,186169.0,2.0,36982,223151.0,1,0.7925522783030953
FAN-001871,Jeonbuk Hyundai Motors,18_34,season_ticket_full,True,True,16,0.7130677252437636,11,0.3125,0,469520.0,4.0,0,469520.0,0,0.03799968200018563
FAN-001872,FC Seoul,Under_18,free_registered,False,False,1,0.9311892526402172,0,1.0,21479,108603.0,1.0,21479,130082.0,1,0.5478286500134331
FAN-001873,Ulsan HD,35_54,free_registered,True,True,2,0.9774467375576978,1,0.5,16457,0.0,0.0,32914,32914.0,1,0.8588280369995624
FAN-001874,Jeonbuk Hyundai Motors,18_34,paid_membership,False,True,4,0.9068952007573988,3,0.25,17875,80344.0,2.0,71500,151844.0,1,0.5432754841776579
FAN-001875,Jeonbuk Hyundai Motors,35_54,season_ticket_partial,True,True,10,0.7288018846517955,7,0.3,0,362050.0,3.0,0,362050.0,0,0.48596779976260135
FAN-001876,Ulsan HD,18_34,season_ticket_full,True,True,17,0.7474633151613022,12,0.2941176470588235,0,378804.0,4.0,0,378804.0,0,0.1522386110707711
FAN-001877,Jeju SK,18_34,season_ticket_partial,True,False,11,0.751431209053846,8,0.2727272727272727,0,202806.0,3.0,0,202806.0,0,0.04429549354549356
FAN-001878,Ulsan HD,18_34,free_registered,True,False,1,0.9475775007648164,0,1.0,17219,0.0,0.0,17219,17219.0,1,0.6098474042301326
FAN-001879,FC Seoul,35_54,paid_membership,True,False,5,0.9772720209274612,4,0.1999999999999999,23327,255792.0,2.0,116635,372427.0,0,0.24796843876255636
FAN-001880,Jeju SK,18_34,season_ticket_partial,True,True,8,0.8416960736724148,6,0.25,0,235542.0,2.0,0,235542.0,0,0.07674968182691294
FAN-001881,Jeju SK,35_54,free_registered,True,True,2,0.9341132577998368,1,0.5,23847,125324.0,1.0,47694,173018.0,1,0.5586324696893921
FAN-001882,Jeonbuk Hyundai Motors,18_34,free_registered,False,True,2,0.9901637289525158,1,0.5,22288,0.0,0.0,44576,44576.0,1,0.8718746920061928
FAN-001883,Jeju SK,18_34,free_registered,True,False,2,0.9910799780754111,1,0.5,17094,26430.0,1.0,34188,60618.0,1,0.5216536033076709
FAN-001884,Jeonbuk Hyundai Motors,18_34,free_registered,True,False,1,0.928517557743382,0,1.0,23866,100688.0,1.0,23866,124554.0,1,0.7439969844969844
FAN-001885,FC Seoul,55_Plus,paid_membership,True,True,2,0.9161301423903097,1,0.5,18714,0.0,0.0,37428,37428.0,1,0.5043851082740226
FAN-001886,Ulsan HD,55_Plus,free_registered,True,True,2,0.99290149402716,1,0.5,23566,0.0,0.0,47132,47132.0,0,0.3594068334786699
FAN-001887,FC Seoul,18_34,free_registered,False,False,1,0.9300404053251816,0,1.0,19773,137871.0,1.0,19773,157644.0,0,0.4400149847472216
FAN-001888,FC Seoul,18_34,free_registered,True,False,2,0.91201193831531,1,0.5,24965,131237.0,1.0,49930,181167.0,0,0.27216890056394694
FAN-001889,Jeonbuk Hyundai Motors,Under_18,paid_membership,True,False,2,0.9136143935418568,1,0.5,23145,0.0,0.0,46290,46290.0,1,0.6626816029059224
FAN-001890,Gangwon FC,18_34,free_registered,True,True,2,0.9281999024407588,1,0.5,20375,0.0,0.0,40750,40750.0,0,0.21452080965093534
FAN-001891,FC Seoul,18_34,paid_membership,True,False,3,0.93177369342153,2,0.3333333333333333,22276,0.0,0.0,66828,66828.0,0,0.14372185475835594
FAN-001892,Ulsan HD,55_Plus,free_registered,True,True,1,0.9983739191193308,0,1.0,22229,68187.0,1.0,22229,90416.0,1,0.8469725432279951
FAN-001893,Jeonbuk Hyundai Motors,55_Plus,free_registered,True,False,2,0.929377077450204,1,0.5,17204,98608.0,1.0,34408,133016.0,1,0.7213595907326732
FAN-001894,FC Seoul,18_34,free_registered,False,False,1,0.9272379463028247,0,1.0,17529,0.0,0.0,17529,17529.0,0,0.3872437198787798
FAN-001895,Jeju SK,18_34,free_registered,True,False,2,0.94199305258085,1,0.5,24801,75014.0,1.0,49602,124616.0,0,0.23481674650026046
FAN-001896,Jeonbuk Hyundai Motors,35_54,free_registered,True,False,2,0.9414821741825328,1,0.5,20573,47159.0,1.0,41146,88305.0,0,0.44640061170068446
FAN-001897,Jeju SK,35_54,free_registered,True,True,1,0.9433827553300468,0,1.0,17746,0.0,0.0,17746,17746.0,1,0.7705509301812655
FAN-001898,FC Seoul,Under_18,season_ticket_partial,True,True,11,0.8244657035416383,9,0.1818181818181817,0,54466.0,1.0,0,54466.0,0,0.1776710597394808
FAN-001899,Ulsan HD,18_34,paid_membership,False,True,2,0.8800543668304973,1,0.5,18432,50796.0,1.0,36864,87660.0,0,0.41389049627345564
FAN-001900,Jeonbuk Hyundai Motors,18_34,free_registered,False,True,2,0.9941645045714086,1,0.5,23848,0.0,0.0,47696,47696.0,0,0.43149201578456314
FAN-001901,Jeju SK,18_34,free_registered,True,True,2,0.9665920480316342,1,0.5,19193,117714.0,1.0,38386,156100.0,1,0.7731524231441917
FAN-001902,FC Seoul,18_34,season_ticket_full,True,True,16,0.7806453627215666,12,0.25,0,530405.0,5.0,0,530405.0,0,0.06975939913490274
FAN-001903,Jeonbuk Hyundai Motors,Under_18,paid_membership,True,False,5,0.9777875417537676,4,0.1999999999999999,17959,0.0,0.0,89795,89795.0,0,0.18046782424499824
FAN-001904,FC Seoul,35_54,free_registered,True,True,2,0.9329125598135308,1,0.5,21181,96770.0,1.0,42362,139132.0,0,0.397940762247236
FAN-001905,Jeonbuk Hyundai Motors,18_34,paid_membership,True,False,2,0.8890712273268254,1,0.5,21467,271401.0,2.0,42934,314335.0,1,0.628706276967808
FAN-001906,FC Seoul,Under_18,paid_membership,False,False,3,0.8614472117187528,2,0.3333333333333333,19594,116736.0,1.0,58782,175518.0,0,0.35284822123592147
FAN-001907,Gangwon FC,18_34,paid_membership,True,True,3,0.8603890714495379,2,0.3333333333333333,16239,147371.0,2.0,48717,196088.0,0,0.2754486603105026
FAN-001908,Ulsan HD,35_54,free_registered,True,True,2,0.9551253488566682,1,0.5,16819,138015.0,1.0,33638,171653.0,1,0.5003873898184527
FAN-001909,Ulsan HD,35_54,free_registered,False,True,2,0.97527283090896,1,0.5,20950,146425.0,1.0,41900,188325.0,1,0.7778169774031848
FAN-001910,FC Seoul,18_34,free_registered,True,False,2,0.95535341035572,1,0.5,24239,145556.0,1.0,48478,194034.0,1,0.8119301540032028
FAN-001911,Ulsan HD,18_34,season_ticket_full,True,True,17,0.8834681213797955,15,0.1176470588235294,0,65781.0,2.0,0,65781.0,0,0.050662302294655244
FAN-001912,Jeonbuk Hyundai Motors,55_Plus,paid_membership,True,True,4,0.8993950503478069,3,0.25,20582,75219.0,2.0,82328,157547.0,0,0.12236309061309063
FAN-001913,Gangwon FC,18_34,free_registered,False,False,1,0.9867157758539324,0,1.0,19007,52382.0,1.0,19007,71389.0,1,0.8353238994324647
FAN-001914,Ulsan HD,18_34,season_ticket_partial,True,True,8,0.9424176179214312,7,0.125,0,28828.0,1.0,0,28828.0,0,0.12513176712460605
FAN-001915,Ulsan HD,18_34,season_ticket_partial,True,False,7,0.8827017003713655,6,0.1428571428571429,0,136263.0,1.0,0,136263.0,0,0.06852489952098076
FAN-001916,Jeonbuk Hyundai Motors,18_34,season_ticket_full,True,True,17,0.8329421315198605,14,0.1764705882352941,0,430996.0,4.0,0,430996.0,0,0.21846140546190915
FAN-001917,Jeonbuk Hyundai Motors,18_34,season_ticket_partial,True,False,10,0.8407926132694834,8,0.1999999999999999,0,210521.0,2.0,0,210521.0,0,0.05742933192933194
FAN-001918,Jeju SK,55_Plus,season_ticket_full,True,False,17,0.6024346957301071,10,0.4117647058823529,0,527619.0,4.0,0,527619.0,0,0.06338165084733709
FAN-001919,Ulsan HD,35_54,free_registered,False,False,2,0.9456325431976365,1,0.5,16034,37952.0,1.0,32068,70020.0,1,0.7673324694820342
FAN-001920,Ulsan HD,18_34,season_ticket_partial,True,True,6,0.8386668085255582,5,0.1666666666666666,0,193486.0,2.0,0,193486.0,0,0.45755218685542426
FAN-001921,Jeju SK,55_Plus,season_ticket_partial,True,True,9,0.8465475237536281,7,0.2222222222222222,0,202478.0,2.0,0,202478.0,0,0.10204306923872138
FAN-001922,FC Seoul,Under_18,free_registered,True,False,2,0.9774344083068208,1,0.5,18912,0.0,0.0,37824,37824.0,1,0.5165492343453628
FAN-001923,Jeju SK,18_34,free_registered,True,True,2,0.9748820393432376,1,0.5,17544,33409.0,1.0,35088,68497.0,1,0.5476824741382561
FAN-001924,Ulsan HD,35_54,season_ticket_full,True,True,16,0.6222734624912815,9,0.4375,0,302472.0,3.0,0,302472.0,0,0.03874156127097303
FAN-001925,Jeonbuk Hyundai Motors,35_54,free_registered,True,False,2,0.9191854744115115,1,0.5,21897,80326.0,1.0,43794,124120.0,0,0.47368866922101316
FAN-001926,FC Seoul,Under_18,season_ticket_partial,True,True,7,0.7427318116745579,5,0.2857142857142857,0,37072.0,1.0,0,37072.0,0,0.2529319257849503
FAN-001927,Jeju SK,18_34,free_registered,True,True,1,0.9706738172333892,0,1.0,21612,104491.0,1.0,21612,126103.0,1,0.5677629799999584
FAN-001928,Ulsan HD,35_54,free_registered,True,False,2,0.9261289536994568,1,0.5,16904,0.0,0.0,33808,33808.0,1,0.7390651318212672
FAN-001929,Jeju SK,35_54,free_registered,True,True,1,0.9440454519305832,0,1.0,17589,115722.0,1.0,17589,133311.0,0,0.31144147094147084
FAN-001930,FC Seoul,35_54,free_registered,False,True,1,0.91079056083782,0,1.0,24343,15199.0,1.0,24343,39542.0,0,0.44780760570498945
FAN-001931,Jeju SK,18_34,paid_membership,True,False,3,0.9764716132352542,2,0.3333333333333333,23229,83595.0,2.0,69687,153282.0,0,0.04078101510270185
FAN-001932,Jeju SK,Under_18,paid_membership,True,False,5,0.8772170795874198,4,0.1999999999999999,23551,259319.0,2.0,117755,377074.0,0,0.23225221000221008
FAN-001933,Jeju SK,18_34,free_registered,True,True,1,0.9084833191340164,0,1.0,22970,88732.0,1.0,22970,111702.0,1,0.7887551245051247
FAN-001934,Jeju SK,Under_18,free_registered,True,False,2,0.9274560409966154,1,0.5,21431,147020.0,1.0,42862,189882.0,1,0.8197189920551987
FAN-001935,Jeju SK,55_Plus,free_registered,True,False,2,0.9568192626014396,1,0.5,24251,112169.0,1.0,48502,160671.0,1,0.859098052822179
FAN-001936,Jeonbuk Hyundai Motors,18_34,free_registered,True,True,1,0.9744768779981904,0,1.0,24160,0.0,0.0,24160,24160.0,0,0.287794335280124
FAN-001937,FC Seoul,18_34,paid_membership,True,True,5,0.890230488036247,4,0.1999999999999999,19738,69277.0,1.0,98690,167967.0,0,0.14504201354201351
FAN-001938,Jeonbuk Hyundai Motors,35_54,free_registered,True,True,2,0.9600616782771612,1,0.5,19691,0.0,0.0,39382,39382.0,1,0.627623872110313
FAN-001939,Ulsan HD,18_34,free_registered,False,False,2,0.936318645068599,1,0.5,19371,81974.0,1.0,38742,120716.0,0,0.4391848922069178
FAN-001940,FC Seoul,18_34,free_registered,True,False,2,0.9226641298133942,1,0.5,23736,0.0,0.0,47472,47472.0,0,0.47906816959179715
FAN-001941,FC Seoul,35_54,free_registered,True,True,2,0.9031857761708404,1,0.5,18007,64153.0,1.0,36014,100167.0,0,0.4504117132867132
FAN-001942,Ulsan HD,35_54,free_registered,True,False,1,0.9325937212583082,0,1.0,24138,19857.0,1.0,24138,43995.0,0,0.4215626647930016
FAN-001943,Jeonbuk Hyundai Motors,35_54,free_registered,True,False,2,0.9789678199844362,1,0.5,21980,0.0,0.0,43960,43960.0,1,0.5241705217540493
FAN-001944,Jeonbuk Hyundai Motors,Under_18,season_ticket_partial,True,True,10,0.7211368019147748,7,0.3,0,126509.0,2.0,0,126509.0,0,0.28451309279852816
FAN-001945,Jeonbuk Hyundai Motors,35_54,season_ticket_full,True,False,19,0.889492949894648,16,0.1578947368421053,0,257524.0,3.0,0,257524.0,0,0.16710709758327202
FAN-001946,Ulsan HD,35_54,season_ticket_partial,True,True,8,0.8503162274046974,6,0.25,0,208136.0,3.0,0,208136.0,0,0.3830970216216211
FAN-001947,Ulsan HD,Under_18,free_registered,False,False,1,0.9843254266303844,0,1.0,21961,0.0,0.0,21961,21961.0,1,0.5581645606802534
FAN-001948,FC Seoul,18_34,free_registered,False,True,2,0.9150354400080308,1,0.5,19806,93042.0,1.0,39612,132654.0,1,0.8484140759325263
FAN-001949,Ulsan HD,35_54,paid_membership,True,False,3,0.8564794038435609,2,0.3333333333333333,21826,0.0,0.0,65478,65478.0,0,0.11394497020022779
FAN-001950,Ulsan HD,Under_18,paid_membership,True,False,4,0.979006421178235,3,0.25,17716,144916.0,1.0,70864,215780.0,1,0.5969439347975098
FAN-001951,FC Seoul,35_54,season_ticket_full,True,True,17,0.8162006616262119,13,0.2352941176470588,0,326087.0,4.0,0,326087.0,0,0.427852288234641
FAN-001952,FC Seoul,18_34,free_registered,True,False,1,0.9240422137347778,0,1.0,22503,50496.0,1.0,22503,72999.0,0,0.3833155417047705
FAN-001953,Jeju SK,18_34,free_registered,True,False,1,0.9486157007217504,0,1.0,21530,0.0,0.0,21530,21530.0,1,0.7487817436678634
FAN-001954,Jeonbuk Hyundai Motors,Under_18,paid_membership,False,False,4,0.881800389498816,3,0.25,23216,147529.0,2.0,92864,240393.0,0,0.46334495324201197
FAN-001955,Gangwon FC,35_54,season_ticket_partial,True,True,9,0.8067825062738949,7,0.2222222222222222,0,67339.0,1.0,0,67339.0,1,0.5194576918641802
FAN-001956,Gangwon FC,18_34,season_ticket_partial,True,True,5,0.7277912664700245,3,0.4,0,37394.0,1.0,0,37394.0,1,0.5475041414982562
FAN-001957,Jeju SK,18_34,paid_membership,True,False,4,0.8641346244590529,3,0.25,16738,181667.0,2.0,66952,248619.0,0,0.09445282953594973
FAN-001958,Ulsan HD,35_54,season_ticket_full,True,False,15,0.6565723984771749,9,0.4,0,269582.0,3.0,0,269582.0,0,0.07325957646833609
FAN-001959,Jeju SK,35_54,paid_membership,False,False,5,0.8671677120906329,4,0.1999999999999999,18440,0.0,0.0,92200,92200.0,0,0.24523755358972765
FAN-001960,Jeonbuk Hyundai Motors,55_Plus,season_ticket_partial,True,False,6,0.8009075909463418,4,0.3333333333333333,0,265490.0,3.0,0,265490.0,0,0.06197475369757978
FAN-001961,FC Seoul,18_34,season_ticket_full,True,True,17,0.75841407808418,12,0.2941176470588235,0,285983.0,3.0,0,285983.0,0,0.0506549346622876
FAN-001962,Ulsan HD,18_34,season_ticket_partial,True,True,6,0.8875295566036672,5,0.1666666666666666,0,193137.0,3.0,0,193137.0,0,0.26010624732140075
FAN-001963,Jeonbuk Hyundai Motors,55_Plus,free_registered,True,True,1,0.985015291420834,0,1.0,18475,96670.0,1.0,18475,115145.0,1,0.8747579163035907
FAN-001964,Ulsan HD,35_54,free_registered,True,False,2,0.901215340575972,1,0.5,16315,0.0,0.0,32630,32630.0,1,0.7179934983806577
FAN-001965,Jeju SK,18_34,paid_membership,False,False,2,0.8504798877042279,1,0.5,16476,72991.0,1.0,32952,105943.0,1,0.7761174734163241
FAN-001966,Jeju SK,Under_18,free_registered,True,False,2,0.9264768326323576,1,0.5,22270,41966.0,1.0,44540,86506.0,0,0.4888526885974545
FAN-001967,FC Seoul,35_54,season_ticket_partial,True,True,10,0.8573503524842389,8,0.1999999999999999,0,145439.0,2.0,0,145439.0,0,0.16645309755603868
FAN-001968,Ulsan HD,18_34,free_registered,True,False,1,0.900962930313986,0,1.0,18472,64755.0,1.0,18472,83227.0,1,0.8503070903268273
FAN-001969,Ulsan HD,35_54,free_registered,True,False,1,0.9731492691074396,0,1.0,24072,0.0,0.0,24072,24072.0,0,0.3958582015315194
FAN-001970,FC Seoul,18_34,paid_membership,True,False,4,0.9616223794915364,3,0.25,23040,135157.0,1.0,92160,227317.0,0,0.2211856570498393
FAN-001971,FC Seoul,18_34,free_registered,True,True,1,0.9845800101942984,0,1.0,18186,59713.0,1.0,18186,77899.0,0,0.4117822959369569
FAN-001972,Jeonbuk Hyundai Motors,35_54,free_registered,False,False,1,0.9555520002264865,0,1.0,20227,67436.0,1.0,20227,87663.0,1,0.8435346893982482
FAN-001973,FC Seoul,Under_18,free_registered,True,False,2,0.983465681278998,1,0.5,22304,55390.0,1.0,44608,99998.0,1,0.8416810974311766
FAN-001974,Ulsan HD,18_34,paid_membership,False,False,5,0.955608662631534,4,0.1999999999999999,24748,0.0,0.0,123740,123740.0,0,0.08704045337378667
FAN-001975,FC Seoul,18_34,free_registered,True,False,2,0.9745869703442922,1,0.5,19475,32853.0,1.0,38950,71803.0,0,0.452986792650551
FAN-001976,Gangwon FC,18_34,season_ticket_partial,True,False,11,0.8230493722861109,9,0.1818181818181817,0,230202.0,3.0,0,230202.0,0,0.05080827948219252
FAN-001977,FC Seoul,35_54,free_registered,True,True,2,0.9246659020832588,1,0.5,22995,0.0,0.0,45990,45990.0,1,0.516071346852774
FAN-001978,Ulsan HD,35_54,season_ticket_partial,True,True,5,0.7258922471749408,3,0.4,0,243810.0,3.0,0,243810.0,1,0.5744333995203561
FAN-001979,Jeonbuk Hyundai Motors,35_54,free_registered,True,False,2,0.9873863318256416,1,0.5,17330,0.0,0.0,34660,34660.0,1,0.7780361748063168
FAN-001980,Jeonbuk Hyundai Motors,Under_18,free_registered,True,True,1,0.9878876481657726,0,1.0,23823,0.0,0.0,23823,23823.0,1,0.5157708629829438
FAN-001981,FC Seoul,18_34,free_registered,False,True,2,0.9384707646505462,1,0.5,22879,0.0,0.0,45758,45758.0,1,0.9506329770335202
FAN-001982,Jeonbuk Hyundai Motors,18_34,free_registered,True,True,2,0.9324894102087384,1,0.5,20273,67517.0,1.0,40546,108063.0,0,0.43876078442675437
FAN-001983,Ulsan HD,55_Plus,paid_membership,False,True,2,0.9529488688012784,1,0.5,19575,90754.0,1.0,39150,129904.0,1,0.8249076398135066
FAN-001984,Ulsan HD,35_54,free_registered,False,False,2,0.977849435212672,1,0.5,19369,60000.0,1.0,38738,98738.0,1,0.6053581227232563
FAN-001985,FC Seoul,35_54,free_registered,True,True,1,0.9035468871716796,0,1.0,19681,108721.0,1.0,19681,128402.0,1,0.8491711872732411
FAN-001986,FC Seoul,18_34,paid_membership,True,False,4,0.937740686517657,3,0.25,19258,140267.0,1.0,77032,217299.0,0,0.27502281790270927
FAN-001987,Jeonbuk Hyundai Motors,18_34,free_registered,True,False,1,0.9778731996446012,0,1.0,16950,117142.0,1.0,16950,134092.0,0,0.19906492047668523
FAN-001988,Ulsan HD,18_34,free_registered,True,True,1,0.9436799252726932,0,1.0,18935,0.0,0.0,18935,18935.0,1,0.8300837480573781
FAN-001989,Ulsan HD,18_34,paid_membership,False,True,4,0.9385286369457148,3,0.25,21203,91946.0,2.0,84812,176758.0,0,0.08305856180856183
FAN-001990,Jeonbuk Hyundai Motors,Under_18,season_ticket_full,True,False,16,0.775671052044383,12,0.25,0,233057.0,3.0,0,233057.0,0,0.009801431683784625
FAN-001991,Jeonbuk Hyundai Motors,55_Plus,free_registered,True,False,2,0.9756802586783416,1,0.5,18687,0.0,0.0,37374,37374.0,0,0.3100436672710618
FAN-001992,FC Seoul,18_34,free_registered,True,True,1,0.9809717830350024,0,1.0,18698,0.0,0.0,18698,18698.0,1,0.7997092450403378
FAN-001993,Jeju SK,18_34,season_ticket_full,True,True,19,0.8090219862013334,15,0.2105263157894736,0,193054.0,3.0,0,193054.0,0,0.08675068613303905
FAN-001994,FC Seoul,Under_18,free_registered,True,True,1,0.9157772420445596,0,1.0,20642,112987.0,1.0,20642,133629.0,0,0.3599591023164194
FAN-001995,Jeonbuk Hyundai Motors,55_Plus,season_ticket_full,True,True,17,0.8866034939939165,15,0.1176470588235294,0,473576.0,4.0,0,473576.0,0,0.07764167426717787
FAN-001996,Jeju SK,35_54,free_registered,True,True,2,0.996328848940511,1,0.5,19716,0.0,0.0,39432,39432.0,1,0.5925030037550771
FAN-001997,Gangwon FC,35_54,season_ticket_partial,True,False,8,0.8600586966855511,6,0.25,0,165613.0,2.0,0,165613.0,0,0.29918509332193544
FAN-001998,FC Seoul,55_Plus,free_registered,True,False,2,0.9419270921426788,1,0.5,18829,0.0,0.0,37658,37658.0,0,0.34847053659565685
FAN-001999,FC Seoul,18_34,season_ticket_full,True,False,18,0.8812060321082111,15,0.1666666666666666,0,325025.0,4.0,0,325025.0,0,0.2555727191195459
FAN-002000,FC Seoul,35_54,free_registered,True,True,2,0.9075973395803744,1,0.5,16971,45781.0,1.0,33942,79723.0,0,0.40384891987097854
FAN-002001,FC Seoul,Under_18,paid_membership,False,False,5,0.8741882235225269,4,0.1999999999999999,17986,77468.0,2.0,89930,167398.0,0,0.24420357882857885
FAN-002002,FC Seoul,18_34,free_registered,True,True,2,0.9274212669198983,1,0.5,24365,0.0,0.0,48730,48730.0,1,0.5086694113092664
FAN-002003,Gangwon FC,35_54,free_registered,False,True,1,0.9267327373443656,0,1.0,16579,0.0,0.0,16579,16579.0,1,0.7375415559039628
FAN-002004,FC Seoul,35_54,paid_membership,True,False,5,0.9883467039873112,4,0.1999999999999999,21688,0.0,0.0,108440,108440.0,0,0.3048946363904165
FAN-002005,FC Seoul,18_34,paid_membership,False,False,4,0.8631436710405258,3,0.25,22695,0.0,0.0,90780,90780.0,0,0.3125237447929921
FAN-002006,Jeonbuk Hyundai Motors,18_34,season_ticket_full,True,True,18,0.7786472798343749,14,0.2222222222222222,0,188440.0,3.0,0,188440.0,0,0.06514575402810698
FAN-002007,Ulsan HD,18_34,free_registered,True,False,2,0.9908851617897414,1,0.5,21519,0.0,0.0,43038,43038.0,0,0.4370408238058166
FAN-002008,Jeonbuk Hyundai Motors,Under_18,season_ticket_partial,True,False,11,0.8891276502502693,9,0.1818181818181817,0,140624.0,2.0,0,140624.0,0,0.08530088926238305
FAN-002009,FC Seoul,18_34,free_registered,False,True,2,0.9943553411075896,1,0.5,18326,59501.0,1.0,36652,96153.0,1,0.6125089587372222
FAN-002010,Ulsan HD,18_34,season_ticket_full,True,False,18,0.7687253628550712,13,0.2777777777777778,0,234911.0,2.0,0,234911.0,0,0.014694288826641765
FAN-002011,FC Seoul,18_34,season_ticket_full,True,False,19,0.8082451830533648,15,0.2105263157894736,0,243053.0,4.0,0,243053.0,0,0.08683654471889767
FAN-002012,FC Seoul,35_54,free_registered,False,False,2,0.9431786600825294,1,0.5,20605,0.0,0.0,41210,41210.0,1,0.5524478571844154
FAN-002013,Gangwon FC,18_34,season_ticket_partial,True,True,5,0.7051629640984818,3,0.4,0,241557.0,2.0,0,241557.0,0,0.32745972042167704
FAN-002014,FC Seoul,18_34,season_ticket_partial,True,True,7,0.7107960591142498,4,0.4285714285714286,0,82250.0,1.0,0,82250.0,0,0.1942436751127899
FAN-002015,Ulsan HD,18_34,free_registered,True,True,2,0.9475353222788582,1,0.5,23134,52550.0,1.0,46268,98818.0,0,0.4330621073773248
FAN-002016,Ulsan HD,35_54,paid_membership,False,True,4,0.928196417782172,3,0.25,19122,132879.0,2.0,76488,209367.0,0,0.1756503180914945
FAN-002017,Ulsan HD,18_34,free_registered,True,False,2,0.9809994468291212,1,0.5,24960,148166.0,1.0,49920,198086.0,0,0.35003898484256823
FAN-002018,Jeonbuk Hyundai Motors,Under_18,season_ticket_partial,True,True,6,0.8556445115338867,5,0.1666666666666666,0,209590.0,3.0,0,209590.0,0,0.1586052768819628
FAN-002019,FC Seoul,18_34,free_registered,True,False,2,0.9221510068984818,1,0.5,22793,0.0,0.0,45586,45586.0,1,0.859759849112608
FAN-002020,Jeju SK,35_54,free_registered,True,True,1,0.9175553285622388,0,1.0,20857,76839.0,1.0,20857,97696.0,0,0.3363201778543336
FAN-002021,Gangwon FC,35_54,free_registered,True,False,2,0.9166629860687164,1,0.5,18077,0.0,0.0,36154,36154.0,1,0.7630073073937297
FAN-002022,Jeju SK,35_54,paid_membership,True,True,5,0.8796569727654486,4,0.1999999999999999,24077,180181.0,2.0,120385,300566.0,0,0.20909319217055797
FAN-002023,Gangwon FC,55_Plus,season_ticket_partial,True,True,7,0.9135399862801244,6,0.1428571428571429,0,243724.0,2.0,0,243724.0,0,0.09224860003295189
FAN-002024,FC Seoul,35_54,season_ticket_full,True,False,18,0.8919721250259617,16,0.1111111111111111,0,264037.0,3.0,0,264037.0,0,0.15135366729036806
FAN-002025,Ulsan HD,35_54,free_registered,False,True,1,0.938030913189779,0,1.0,24708,0.0,0.0,24708,24708.0,0,0.4157108431065735
FAN-002026,FC Seoul,18_34,free_registered,True,True,1,0.9446229331496157,0,1.0,22636,0.0,0.0,22636,22636.0,1,0.5327278484565857
FAN-002027,Jeonbuk Hyundai Motors,Under_18,paid_membership,False,True,5,0.9162390583770536,4,0.1999999999999999,22414,0.0,0.0,112070,112070.0,0,0.3704373172676036
FAN-002028,Gangwon FC,55_Plus,paid_membership,False,True,2,0.8901952345309574,1,0.5,21472,0.0,0.0,42944,42944.0,1,0.5480144603557066
FAN-002029,FC Seoul,18_34,free_registered,True,False,2,0.958977772922164,1,0.5,17739,55623.0,1.0,35478,91101.0,1,0.6910188897154167
FAN-002030,Jeju SK,18_34,free_registered,True,False,2,0.9517973563873758,1,0.5,18328,137955.0,1.0,36656,174611.0,1,0.5727662332994997
FAN-002031,FC Seoul,35_54,paid_membership,True,True,5,0.9308671453340412,4,0.1999999999999999,24466,0.0,0.0,122330,122330.0,0,0.012464058375749919
FAN-002032,Jeju SK,18_34,free_registered,True,True,2,0.9183481863023116,1,0.5,20566,36175.0,1.0,41132,77307.0,1,0.5440123457571573
FAN-002033,Ulsan HD,35_54,paid_membership,True,False,3,0.989022082852018,2,0.3333333333333333,16678,0.0,0.0,50034,50034.0,0,0.10896621082073665
FAN-002034,Gangwon FC,35_54,paid_membership,False,False,4,0.9895011550936348,3,0.25,16894,164943.0,2.0,67576,232519.0,0,0.22917314977314973
FAN-002035,Jeju SK,18_34,season_ticket_partial,True,False,10,0.7679202909461534,7,0.3,0,163902.0,2.0,0,163902.0,0,0.108401674888517
FAN-002036,Ulsan HD,35_54,paid_membership,False,False,5,0.9277009770961846,4,0.1999999999999999,24291,0.0,0.0,121455,121455.0,0,0.09385679444012775
FAN-002037,FC Seoul,18_34,free_registered,True,True,1,0.9848993862134856,0,1.0,22162,106544.0,1.0,22162,128706.0,1,0.9514002093653428
FAN-002038,FC Seoul,18_34,season_ticket_partial,True,True,7,0.9425383919803793,6,0.1428571428571429,0,75124.0,1.0,0,75124.0,0,0.12337038865838883
FAN-002039,FC Seoul,18_34,paid_membership,False,True,2,0.9722668496736392,1,0.5,22633,0.0,0.0,45266,45266.0,1,0.7858293397350578
FAN-002040,FC Seoul,35_54,free_registered,True,True,1,0.9745975947319812,0,1.0,21778,34430.0,1.0,21778,56208.0,1,0.9139702825146494
FAN-002041,Jeonbuk Hyundai Motors,35_54,paid_membership,True,False,4,0.937279791252903,3,0.25,21434,147964.0,1.0,85736,233700.0,0,0.08090022670185712
FAN-002042,Jeju SK,18_34,free_registered,True,False,1,0.9454018914409462,0,1.0,21436,131837.0,1.0,21436,153273.0,1,0.8833885879655385
FAN-002043,Ulsan HD,35_54,season_ticket_partial,True,False,7,0.7270960538486217,5,0.2857142857142857,0,261381.0,3.0,0,261381.0,0,0.1270058129531814
FAN-002044,FC Seoul,18_34,free_registered,True,True,2,0.9133180096111,1,0.5,23017,120447.0,1.0,46034,166481.0,1,0.5955996359041102
FAN-002045,Jeonbuk Hyundai Motors,55_Plus,paid_membership,True,False,3,0.8568135862420393,2,0.3333333333333333,17580,151938.0,2.0,52740,204678.0,0,0.4878764999210129
FAN-002046,Jeonbuk Hyundai Motors,18_34,free_registered,True,True,1,0.9045664487738362,0,1.0,18466,0.0,0.0,18466,18466.0,1,0.5804777309387971
FAN-002047,FC Seoul,35_54,free_registered,True,True,2,0.930701318566678,1,0.5,19509,109861.0,1.0,39018,148879.0,0,0.35716249520494375
FAN-002048,Jeonbuk Hyundai Motors,Under_18,season_ticket_full,True,True,18,0.6839430175774045,12,0.3333333333333333,0,155894.0,2.0,0,155894.0,0,0.10638611345654686
FAN-002049,Ulsan HD,18_34,season_ticket_partial,True,False,5,0.7992053492307573,3,0.4,0,221367.0,3.0,0,221367.0,0,0.27594404829187447
FAN-002050,FC Seoul,18_34,free_registered,True,True,1,0.9065325535279402,0,1.0,24864,18037.0,1.0,24864,42901.0,0,0.3254556504684176
FAN-002051,Ulsan HD,35_54,free_registered,True,False,1,0.901628040156364,0,1.0,23958,0.0,0.0,23958,23958.0,1,0.7053809541016283
FAN-002052,Ulsan HD,18_34,free_registered,True,True,2,0.9485322630764776,1,0.5,21112,146650.0,1.0,42224,188874.0,0,0.47792102150722826
FAN-002053,FC Seoul,55_Plus,paid_membership,True,True,5,0.9019748791783976,4,0.1999999999999999,23785,69716.0,1.0,118925,188641.0,0,0.027928451178451177
FAN-002054,Gangwon FC,18_34,paid_membership,True,False,4,0.9992086319031142,3,0.25,23133,207432.0,2.0,92532,299964.0,0,0.3776027537991728
FAN-002055,Jeonbuk Hyundai Motors,18_34,paid_membership,True,True,3,0.945070408232792,2,0.3333333333333333,20676,128794.0,2.0,62028,190822.0,0,0.05222520239688914
FAN-002056,Jeju SK,Under_18,paid_membership,True,True,3,0.8539657853660003,2,0.3333333333333333,24148,114093.0,2.0,72444,186537.0,0,0.2643657072623941
FAN-002057,Ulsan HD,35_54,season_ticket_partial,True,True,10,0.7400858579492927,7,0.3,0,103150.0,2.0,0,103150.0,0,0.15247590445459136
FAN-002058,Ulsan HD,18_34,free_registered,False,False,1,0.9917783505975912,0,1.0,21318,110581.0,1.0,21318,131899.0,1,0.5265605162687051
FAN-002059,Jeju SK,35_54,free_registered,True,True,1,0.9124334760595408,0,1.0,23816,0.0,0.0,23816,23816.0,1,0.6324586734089196
FAN-002060,Ulsan HD,55_Plus,paid_membership,True,True,4,0.9272411156520036,3,0.25,24217,0.0,0.0,96868,96868.0,0,0.20565901642273357
FAN-002061,FC Seoul,55_Plus,season_ticket_full,True,True,17,0.6071656855287751,10,0.4117647058823529,0,139879.0,2.0,0,139879.0,1,0.5669446668589602
FAN-002062,Ulsan HD,18_34,paid_membership,True,True,2,0.941992036350839,1,0.5,21610,245114.0,2.0,43220,288334.0,0,0.2493841447762423
FAN-002063,Jeonbuk Hyundai Motors,35_54,paid_membership,False,True,2,0.882454634648596,1,0.5,23450,0.0,0.0,46900,46900.0,0,0.4926856591188171
FAN-002064,Ulsan HD,35_54,paid_membership,True,False,4,0.9746579629876284,3,0.25,22312,0.0,0.0,89248,89248.0,0,0.22217350249045148
FAN-002065,FC Seoul,Under_18,season_ticket_full,True,False,16,0.6464756808573111,10,0.375,0,276189.0,4.0,0,276189.0,0,0.0514083389377507
FAN-002066,Jeonbuk Hyundai Motors,35_54,free_registered,True,True,1,0.9744954541620996,0,1.0,24402,27447.0,1.0,24402,51849.0,1,0.7588019893449912
FAN-002067,FC Seoul,Under_18,free_registered,True,False,2,0.9905689300131088,1,0.5,19178,136001.0,1.0,38356,174357.0,1,0.5321280508721297
FAN-002068,FC Seoul,18_34,season_ticket_full,True,False,18,0.7535429345352557,13,0.2777777777777778,0,419387.0,5.0,0,419387.0,1,0.550625964214703
FAN-002069,FC Seoul,18_34,season_ticket_partial,True,False,8,0.8892336075989044,7,0.125,0,64313.0,1.0,0,64313.0,0,0.09665228326305692
FAN-002070,Ulsan HD,18_34,free_registered,False,True,1,0.9148147261664904,0,1.0,24088,0.0,0.0,24088,24088.0,0,0.4712888419207498
FAN-002071,Jeonbuk Hyundai Motors,18_34,free_registered,True,True,2,0.9344645628716532,1,0.5,18666,52658.0,1.0,37332,89990.0,1,0.7003757800142024
FAN-002072,Ulsan HD,18_34,free_registered,True,False,1,0.9829841772711752,0,1.0,17085,130204.0,1.0,17085,147289.0,0,0.48394324956905604
FAN-002073,FC Seoul,35_54,free_registered,True,True,2,0.955331443674414,1,0.5,23645,70352.0,1.0,47290,117642.0,0,0.3139329610991668
FAN-002074,Jeonbuk Hyundai Motors,Under_18,season_ticket_full,True,True,15,0.6283699879358919,9,0.4,0,254018.0,3.0,0,254018.0,0,0.10196981992857951
FAN-002075,Jeonbuk Hyundai Motors,18_34,free_registered,True,False,1,0.946038582777022,0,1.0,19863,50755.0,1.0,19863,70618.0,0,0.4186171917672942
FAN-002076,Jeonbuk Hyundai Motors,18_34,season_ticket_partial,True,True,10,0.7974958953275548,7,0.3,0,109375.0,1.0,0,109375.0,0,0.15340708990622504
FAN-002077,FC Seoul,35_54,free_registered,True,True,2,0.9080340303223636,1,0.5,20960,37090.0,1.0,41920,79010.0,1,0.794463176165623
FAN-002078,Ulsan HD,35_54,paid_membership,True,True,4,0.9674291818534756,3,0.25,20026,0.0,0.0,80104,80104.0,0,0.21173773506812735
FAN-002079,Gangwon FC,35_54,free_registered,True,False,1,0.9189458281794864,0,1.0,24780,0.0,0.0,24780,24780.0,0,0.4182579821663987
FAN-002080,Jeonbuk Hyundai Motors,35_54,paid_membership,False,True,4,0.950126959207699,3,0.25,22238,16693.0,1.0,88952,105645.0,0,0.1511363563814545
FAN-002081,FC Seoul,18_34,paid_membership,True,False,5,0.9648699374372222,4,0.1999999999999999,24869,66529.0,2.0,124345,190874.0,0,0.08479670254670253
FAN-002082,FC Seoul,35_54,paid_membership,True,False,5,0.934092670280561,4,0.1999999999999999,23687,0.0,0.0,118435,118435.0,0,0.10032964880384038
FAN-002083,Ulsan HD,18_34,free_registered,True,True,1,0.9118347182473618,0,1.0,17849,131751.0,1.0,17849,149600.0,1,0.8248036808044873
FAN-002084,Gangwon FC,18_34,free_registered,False,True,1,0.9465032816603068,0,1.0,17309,0.0,0.0,17309,17309.0,0,0.3446166312024886
FAN-002085,Ulsan HD,35_54,free_registered,True,True,1,0.9063129195885632,0,1.0,17590,28892.0,1.0,17590,46482.0,0,0.4415915868271151
FAN-002086,Ulsan HD,Under_18,free_registered,False,False,1,0.9269407050593929,0,1.0,23521,72157.0,1.0,23521,95678.0,1,0.5626106994856995
FAN-002087,FC Seoul,35_54,paid_membership,False,True,5,0.9682482626132664,4,0.1999999999999999,19973,38308.0,1.0,99865,138173.0,0,0.16175732600732598
FAN-002088,Jeju SK,35_54,paid_membership,True,False,4,0.9220407627787068,3,0.25,22593,109571.0,2.0,90372,199943.0,0,0.16517189405477828
FAN-002089,Jeonbuk Hyundai Motors,18_34,paid_membership,True,True,5,0.9384357910747156,4,0.1999999999999999,16836,116823.0,2.0,84180,201003.0,0,0.13969661357161356
FAN-002090,Ulsan HD,Under_18,paid_membership,False,True,4,0.8770224466049097,3,0.25,21374,0.0,0.0,85496,85496.0,0,0.06439027044125081
FAN-002091,Jeonbuk Hyundai Motors,Under_18,free_registered,True,True,1,0.9920916121995108,0,1.0,23122,0.0,0.0,23122,23122.0,0,0.3228039824881887
FAN-002092,Gangwon FC,55_Plus,free_registered,True,False,2,0.9786871579222548,1,0.5,20160,0.0,0.0,40320,40320.0,1,0.530414233984685
FAN-002093,FC Seoul,35_54,free_registered,False,True,2,0.982617902638254,1,0.5,19045,0.0,0.0,38090,38090.0,1,0.6774662502440033
FAN-002094,Ulsan HD,Under_18,season_ticket_partial,True,True,10,0.8398757470929887,8,0.1999999999999999,0,20898.0,1.0,0,20898.0,0,0.0619248464011622
FAN-002095,FC Seoul,18_34,paid_membership,False,False,4,0.9364311065571737,3,0.25,20431,35438.0,1.0,81724,117162.0,1,0.5619473568899805
FAN-002096,Jeonbuk Hyundai Motors,35_54,free_registered,False,True,1,0.9477121004559326,0,1.0,17959,0.0,0.0,17959,17959.0,0,0.3919975461291972
FAN-002097,Jeju SK,35_54,free_registered,True,True,2,0.9351579077805297,1,0.5,17715,143514.0,1.0,35430,178944.0,1,0.5476571576536298
FAN-002098,Jeju SK,Under_18,season_ticket_partial,True,False,5,0.9349810488403536,4,0.1999999999999999,0,46766.0,1.0,0,46766.0,0,0.192698345250605
FAN-002099,Jeonbuk Hyundai Motors,18_34,paid_membership,True,False,3,0.9876659876512072,2,0.3333333333333333,24212,100881.0,1.0,72636,173517.0,0,0.12530367993786662
FAN-002100,Ulsan HD,35_54,paid_membership,True,True,4,0.9209331457147696,3,0.25,18406,0.0,0.0,73624,73624.0,0,0.11910715808099707
FAN-002101,Gangwon FC,Under_18,free_registered,False,True,1,0.9726022115014684,0,1.0,23246,45064.0,1.0,23246,68310.0,1,0.9439502580607934
FAN-002102,Ulsan HD,18_34,free_registered,False,False,1,0.9388088744529044,0,1.0,16132,0.0,0.0,16132,16132.0,0,0.33483854173438415
FAN-002103,FC Seoul,55_Plus,season_ticket_full,True,True,15,0.6825067935163202,10,0.3333333333333333,0,212354.0,3.0,0,212354.0,0,0.04893879432114725
FAN-002104,Jeju SK,35_54,paid_membership,True,False,3,0.945049827661858,2,0.3333333333333333,24818,237131.0,2.0,74454,311585.0,0,0.4470268795245576
FAN-002105,Jeonbuk Hyundai Motors,18_34,free_registered,True,True,1,0.9168237780540668,0,1.0,23154,0.0,0.0,23154,23154.0,1,0.7561563411521328
FAN-002106,Ulsan HD,Under_18,season_ticket_partial,True,True,9,0.9122653953408376,8,0.1111111111111111,0,175749.0,2.0,0,175749.0,0,0.06426300473405736
FAN-002107,Jeonbuk Hyundai Motors,Under_18,paid_membership,True,True,3,0.8932903541362189,2,0.3333333333333333,21511,0.0,0.0,64533,64533.0,0,0.18835333023544218
FAN-002108,Gangwon FC,18_34,free_registered,False,True,1,0.9616161392460958,0,1.0,16990,0.0,0.0,16990,16990.0,1,0.6443760206248036
FAN-002109,FC Seoul,35_54,free_registered,True,False,2,0.9447107216504964,1,0.5,19456,105606.0,1.0,38912,144518.0,0,0.3659856805785424
FAN-002110,Gangwon FC,18_34,free_registered,False,True,2,0.9125481113555182,1,0.5,24987,0.0,0.0,49974,49974.0,0,0.42453852104854956
FAN-002111,FC Seoul,35_54,free_registered,True,True,2,0.9816149515848624,1,0.5,23988,115977.0,1.0,47976,163953.0,1,0.5326148162090194
FAN-002112,FC Seoul,55_Plus,paid_membership,True,False,5,0.9709739503990272,4,0.1999999999999999,20247,90257.0,1.0,101235,191492.0,0,0.06357808164058164
FAN-002113,FC Seoul,18_34,free_registered,True,True,2,0.9602679892654132,1,0.5,23421,67238.0,1.0,46842,114080.0,0,0.3881399716456913
FAN-002114,Jeonbuk Hyundai Motors,18_34,season_ticket_partial,True,False,7,0.7431113821205613,5,0.2857142857142857,0,125117.0,2.0,0,125117.0,0,0.1792415865085745
FAN-002115,Jeju SK,18_34,season_ticket_full,True,False,15,0.7073632532165459,10,0.3333333333333333,0,126319.0,2.0,0,126319.0,0,0.1989696147806442
FAN-002116,FC Seoul,55_Plus,free_registered,True,False,1,0.9129657087036672,0,1.0,19922,145671.0,1.0,19922,165593.0,1,0.8197172995518585
FAN-002117,Ulsan HD,35_54,free_registered,True,False,1,0.965549986721678,0,1.0,22696,0.0,0.0,22696,22696.0,0,0.4083342918827602
FAN-002118,Jeju SK,Under_18,season_ticket_partial,True,True,9,0.7090648821992365,6,0.3333333333333333,0,86515.0,2.0,0,86515.0,0,0.1505842894667838
FAN-002119,FC Seoul,35_54,paid_membership,True,False,4,0.9139664905102703,3,0.25,23958,124597.0,1.0,95832,220429.0,0,0.19427986719768217
FAN-002120,Jeonbuk Hyundai Motors,35_54,paid_membership,True,False,2,0.9785801957287416,1,0.5,24521,26768.0,1.0,49042,75810.0,0,0.3564799141333771
FAN-002121,Jeonbuk Hyundai Motors,55_Plus,free_registered,True,False,2,0.952915867288321,1,0.5,19542,0.0,0.0,39084,39084.0,0,0.47584198987114246
FAN-002122,Ulsan HD,Under_18,free_registered,True,True,2,0.989710453843522,1,0.5,17696,126541.0,1.0,35392,161933.0,0,0.44321716038996734
FAN-002123,Gangwon FC,18_34,paid_membership,True,False,5,0.8918604846673794,4,0.1999999999999999,19126,0.0,0.0,95630,95630.0,0,0.12169349199902411
FAN-002124,Ulsan HD,35_54,season_ticket_full,True,False,18,0.8756542860914556,15,0.1666666666666666,0,195275.0,2.0,0,195275.0,0,0.09098890162125456
FAN-002125,Gangwon FC,18_34,free_registered,True,False,1,0.9113712580518034,0,1.0,24868,0.0,0.0,24868,24868.0,0,0.3796174629633798
FAN-002126,Jeju SK,18_34,season_ticket_full,True,True,16,0.8259089543849694,13,0.1875,0,322514.0,5.0,0,322514.0,0,0.10797481385716674
FAN-002127,Jeju SK,Under_18,free_registered,True,True,1,0.9683830819299876,0,1.0,24002,50324.0,1.0,24002,74326.0,1,0.574703173258028
FAN-002128,FC Seoul,18_34,season_ticket_full,True,False,18,0.7765770375132819,13,0.2777777777777778,0,189602.0,5.0,0,189602.0,0,0.056232768865121796
FAN-002129,Jeonbuk Hyundai Motors,18_34,paid_membership,True,True,5,0.9082933181756608,4,0.1999999999999999,17350,15281.0,1.0,86750,102031.0,0,0.11760838048611869
FAN-002130,Ulsan HD,55_Plus,free_registered,False,True,1,0.9963357988959842,0,1.0,24368,66183.0,1.0,24368,90551.0,0,0.47110475032214166
FAN-002131,FC Seoul,18_34,paid_membership,False,False,3,0.9755538946185602,2,0.3333333333333333,23934,141908.0,2.0,71802,213710.0,0,0.09540943130943129
FAN-002132,FC Seoul,18_34,free_registered,True,True,2,0.9914868906434856,1,0.5,20003,109653.0,1.0,40006,149659.0,1,0.7738761160184568
FAN-002133,Jeju SK,35_54,free_registered,True,True,1,0.9494830116667574,0,1.0,19264,0.0,0.0,19264,19264.0,1,0.918223387130131
FAN-002134,Ulsan HD,18_34,free_registered,True,True,2,0.934104167315743,1,0.5,20191,122776.0,1.0,40382,163158.0,1,0.6236329256663611
FAN-002135,Jeonbuk Hyundai Motors,18_34,free_registered,False,True,1,0.9279592308877525,0,1.0,16688,0.0,0.0,16688,16688.0,1,0.6291197390082679
FAN-002136,Jeonbuk Hyundai Motors,35_54,free_registered,False,True,1,0.9575689255747648,0,1.0,21074,0.0,0.0,21074,21074.0,0,0.3941197013425613
FAN-002137,FC Seoul,35_54,paid_membership,True,True,2,0.8932820368594908,1,0.5,17582,59605.0,1.0,35164,94769.0,1,0.5702476635485376
FAN-002138,Jeonbuk Hyundai Motors,35_54,paid_membership,True,True,3,0.8718175828156267,2,0.3333333333333333,20907,107715.0,1.0,62721,170436.0,0,0.256817481949695
FAN-002139,FC Seoul,35_54,free_registered,False,False,1,0.953557522600564,0,1.0,19808,0.0,0.0,19808,19808.0,1,0.847277840798012
FAN-002140,Jeonbuk Hyundai Motors,Under_18,season_ticket_partial,True,False,8,0.9271703852109552,7,0.125,0,143549.0,1.0,0,143549.0,0,0.15776602091429456
FAN-002141,Jeonbuk Hyundai Motors,55_Plus,paid_membership,True,True,5,0.9057659823788994,4,0.1999999999999999,16515,214152.0,2.0,82575,296727.0,0,0.14681751119251124
FAN-002142,Ulsan HD,Under_18,season_ticket_full,True,True,17,0.7807623135181826,13,0.2352941176470588,0,323503.0,4.0,0,323503.0,0,0.2003033464356994
FAN-002143,Jeonbuk Hyundai Motors,35_54,paid_membership,True,True,3,0.9704590069307696,2,0.3333333333333333,20917,66164.0,1.0,62751,128915.0,0,0.03867899628818303
FAN-002144,Ulsan HD,18_34,free_registered,True,False,2,0.9663662974730356,1,0.5,22908,67536.0,1.0,45816,113352.0,0,0.4960948997925368
FAN-002145,Ulsan HD,55_Plus,free_registered,False,False,2,0.9123340676192582,1,0.5,24142,30785.0,1.0,48284,79069.0,1,0.6924915583690099
FAN-002146,Jeonbuk Hyundai Motors,35_54,paid_membership,True,True,2,0.8982546804545151,1,0.5,20776,0.0,0.0,41552,41552.0,1,0.8125817924856268
FAN-002147,Ulsan HD,35_54,free_registered,True,True,1,0.9061908254572127,0,1.0,22133,0.0,0.0,22133,22133.0,0,0.38527970224527197
FAN-002148,Ulsan HD,18_34,free_registered,True,False,1,0.9593889589197108,0,1.0,24733,0.0,0.0,24733,24733.0,1,0.8496983865571994
FAN-002149,Ulsan HD,18_34,free_registered,True,False,2,0.9678482060726066,1,0.5,23238,0.0,0.0,46476,46476.0,1,0.5070883229863223
FAN-002150,Jeonbuk Hyundai Motors,35_54,free_registered,True,True,2,0.9779594517665916,1,0.5,23909,0.0,0.0,47818,47818.0,0,0.2802208721133728
FAN-002151,Ulsan HD,35_54,free_registered,True,False,2,0.9885698963575924,1,0.5,20049,0.0,0.0,40098,40098.0,0,0.467260709235249
FAN-002152,FC Seoul,Under_18,free_registered,True,False,2,0.9312236227169882,1,0.5,17373,0.0,0.0,34746,34746.0,1,0.662754988931881
FAN-002153,Jeonbuk Hyundai Motors,55_Plus,free_registered,False,False,1,0.971916445541302,0,1.0,23815,0.0,0.0,23815,23815.0,1,0.7462565842744776
FAN-002154,Jeonbuk Hyundai Motors,35_54,paid_membership,True,True,5,0.949101127917541,4,0.1999999999999999,18132,102257.0,2.0,90660,192917.0,0,0.15854629629629624
FAN-002155,FC Seoul,18_34,paid_membership,False,False,2,0.9672948652237804,1,0.5,22508,0.0,0.0,45016,45016.0,1,0.8653473063850886
FAN-002156,FC Seoul,35_54,free_registered,True,True,2,0.9890229024854654,1,0.5,22470,0.0,0.0,44940,44940.0,1,0.7507354244032544
FAN-002157,FC Seoul,18_34,free_registered,False,False,1,0.9748657739970216,0,1.0,18539,0.0,0.0,18539,18539.0,0,0.4952552795468508
FAN-002158,Ulsan HD,18_34,free_registered,True,True,1,0.9281329445276626,0,1.0,18756,130033.0,1.0,18756,148789.0,0,0.4590014228772293
FAN-002159,Ulsan HD,18_34,free_registered,True,True,2,0.9062343540225714,1,0.5,21279,45331.0,1.0,42558,87889.0,0,0.34912448484203057
FAN-002160,Jeonbuk Hyundai Motors,35_54,free_registered,True,False,1,0.9421605651833168,0,1.0,23375,0.0,0.0,23375,23375.0,0,0.34676399959183046
FAN-002161,Jeju SK,35_54,free_registered,True,True,1,0.9270635616481172,0,1.0,22333,74434.0,1.0,22333,96767.0,0,0.453997921135018
FAN-002162,Jeju SK,18_34,paid_membership,True,True,3,0.9970744462864856,2,0.3333333333333333,18549,91142.0,1.0,55647,146789.0,0,0.12806904142822814
FAN-002163,Ulsan HD,35_54,paid_membership,True,True,3,0.98607069636529,2,0.3333333333333333,21242,128953.0,2.0,63726,192679.0,0,0.04612008287872614
FAN-002164,Jeonbuk Hyundai Motors,35_54,free_registered,False,True,1,0.9135989519707264,0,1.0,24923,124344.0,1.0,24923,149267.0,0,0.4905336332528529
FAN-002165,Ulsan HD,35_54,free_registered,False,True,2,0.9836683920977984,1,0.5,16833,0.0,0.0,33666,33666.0,1,0.8697252929890938
FAN-002166,Gangwon FC,Under_18,paid_membership,False,False,2,0.9550132504419712,1,0.5,20686,0.0,0.0,41372,41372.0,1,0.6113850388216021
FAN-002167,Jeju SK,35_54,season_ticket_partial,True,True,10,0.907824758626465,9,0.0999999999999999,0,164292.0,3.0,0,164292.0,0,0.06200785880785879
FAN-002168,FC Seoul,18_34,paid_membership,False,True,2,0.8663259942339776,1,0.5,16284,102205.0,2.0,32568,134773.0,1,0.695935643060643
FAN-002169,Jeju SK,18_34,paid_membership,False,True,3,0.9693966533137752,2,0.3333333333333333,23491,18179.0,1.0,70473,88652.0,0,0.20047174782763005
FAN-002170,Ulsan HD,18_34,free_registered,True,True,1,0.9171465996401296,0,1.0,19538,22248.0,1.0,19538,41786.0,0,0.33657906990278763
FAN-002171,Jeju SK,18_34,free_registered,True,True,1,0.9665204478511292,0,1.0,20233,76874.0,1.0,20233,97107.0,0,0.3070807430710302
FAN-002172,FC Seoul,35_54,season_ticket_partial,True,True,11,0.8081284477643279,8,0.2727272727272727,0,194836.0,2.0,0,194836.0,0,0.04916466141466143
FAN-002173,FC Seoul,18_34,free_registered,True,True,1,0.9581535929300222,0,1.0,23015,0.0,0.0,23015,23015.0,0,0.45674184625979924
FAN-002174,Jeonbuk Hyundai Motors,35_54,season_ticket_full,True,True,16,0.6068205790448551,9,0.4375,0,279558.0,4.0,0,279558.0,0,0.04796033323974501
FAN-002175,FC Seoul,Under_18,paid_membership,True,False,2,0.9355395883500168,1,0.5,23237,121439.0,2.0,46474,167913.0,1,0.6466931457050606
FAN-002176,Jeonbuk Hyundai Motors,18_34,paid_membership,True,False,3,0.8911123935277361,2,0.3333333333333333,22700,272977.0,2.0,68100,341077.0,0,0.10759203105443703
FAN-002177,FC Seoul,55_Plus,free_registered,True,True,1,0.9247657004804316,0,1.0,23345,0.0,0.0,23345,23345.0,0,0.4254165438662236
FAN-002178,Jeju SK,35_54,paid_membership,True,True,3,0.975556619174872,2,0.3333333333333333,20783,47929.0,2.0,62349,110278.0,0,0.0826714505931373
FAN-002179,Jeju SK,18_34,free_registered,False,False,2,0.9532505734185704,1,0.5,19341,0.0,0.0,38682,38682.0,1,0.7064337263364546
FAN-002180,Ulsan HD,18_34,free_registered,False,True,1,0.9976026926527856,0,1.0,23008,0.0,0.0,23008,23008.0,1,0.670259641317345
FAN-002181,Ulsan HD,18_34,free_registered,False,False,2,0.9863012440332708,1,0.5,17707,105476.0,1.0,35414,140890.0,1,0.831852994280655
FAN-002182,FC Seoul,18_34,season_ticket_partial,True,True,5,0.7112233708810498,3,0.4,0,63067.0,1.0,0,63067.0,1,0.5775219107660257
FAN-002183,FC Seoul,35_54,paid_membership,True,True,2,0.8956860158515029,1,0.5,19778,71015.0,1.0,39556,110571.0,1,0.8118984274148574
FAN-002184,Ulsan HD,35_54,free_registered,True,False,1,0.943564811533436,0,1.0,21013,0.0,0.0,21013,21013.0,0,0.2843793742110108
FAN-002185,Jeju SK,18_34,free_registered,True,False,1,0.9974647592988942,0,1.0,22236,0.0,0.0,22236,22236.0,1,0.503106460186469
FAN-002186,Gangwon FC,55_Plus,paid_membership,True,True,5,0.9164821891220538,4,0.1999999999999999,16645,198397.0,2.0,83225,281622.0,0,0.15445403811164685
FAN-002187,Jeonbuk Hyundai Motors,35_54,paid_membership,True,True,2,0.9643765036205294,1,0.5,18239,146174.0,2.0,36478,182652.0,1,0.8673144675401058
FAN-002188,Jeonbuk Hyundai Motors,18_34,paid_membership,False,True,3,0.9021315129885544,2,0.3333333333333333,18278,152153.0,2.0,54834,206987.0,0,0.25035117660117656
FAN-002189,Jeonbuk Hyundai Motors,18_34,paid_membership,True,False,2,0.9261292575161442,1,0.5,23094,117845.0,1.0,46188,164033.0,1,0.6519347132664184
FAN-002190,Jeju SK,35_54,free_registered,True,False,2,0.9830286932549396,1,0.5,24718,0.0,0.0,49436,49436.0,1,0.6339818792550411
FAN-002191,FC Seoul,35_54,paid_membership,True,True,2,0.9645207338999956,1,0.5,20458,0.0,0.0,40916,40916.0,1,0.500324662755628
FAN-002192,Gangwon FC,18_34,free_registered,True,True,2,0.9891763740755668,1,0.5,18417,68660.0,1.0,36834,105494.0,1,0.7613566025374704
FAN-002193,Jeju SK,18_34,season_ticket_full,True,True,17,0.8212990947083171,13,0.2352941176470588,0,526144.0,5.0,0,526144.0,0,0.1867685381440418
FAN-002194,Jeju SK,18_34,paid_membership,True,True,2,0.8898902622122046,1,0.5,22765,116674.0,2.0,45530,162204.0,1,0.626555923633197
FAN-002195,FC Seoul,35_54,free_registered,True,True,1,0.9682071610648116,0,1.0,20540,0.0,0.0,20540,20540.0,1,0.5739624196826946
FAN-002196,Ulsan HD,18_34,free_registered,True,False,1,0.9878921282767364,0,1.0,20054,0.0,0.0,20054,20054.0,1,0.8178322485964862
FAN-002197,Ulsan HD,Under_18,season_ticket_partial,True,True,6,0.730640876226271,4,0.3333333333333333,0,256727.0,3.0,0,256727.0,0,0.05007468114533332
FAN-002198,Jeonbuk Hyundai Motors,35_54,free_registered,True,True,2,0.941345345486392,1,0.5,19153,15594.0,1.0,38306,53900.0,0,0.2740514392036816
FAN-002199,Ulsan HD,55_Plus,free_registered,True,False,2,0.9726222640056834,1,0.5,24400,125343.0,1.0,48800,174143.0,0,0.4296018459461239
FAN-002200,Ulsan HD,55_Plus,paid_membership,False,True,2,0.8959980087972831,1,0.5,24237,0.0,0.0,48474,48474.0,1,0.7508103496866674
FAN-002201,Gangwon FC,18_34,free_registered,True,True,2,0.9820054915218208,1,0.5,22635,122216.0,1.0,45270,167486.0,0,0.3799588306981485
FAN-002202,FC Seoul,Under_18,paid_membership,True,True,4,0.9829156299842292,3,0.25,16000,128722.0,2.0,64000,192722.0,1,0.6060279071787952
FAN-002203,Ulsan HD,18_34,free_registered,True,True,1,0.9043213421902596,0,1.0,19235,101083.0,1.0,19235,120318.0,1,0.8769273993847165
FAN-002204,FC Seoul,Under_18,paid_membership,True,False,3,0.9869039447555004,2,0.3333333333333333,20932,186873.0,2.0,62796,249669.0,0,0.018852368524055273
FAN-002205,Jeonbuk Hyundai Motors,55_Plus,free_registered,True,False,2,0.9835973552700812,1,0.5,24004,0.0,0.0,48008,48008.0,1,0.5360957463772936
FAN-002206,Gangwon FC,18_34,free_registered,True,True,2,0.9690469269665036,1,0.5,22015,0.0,0.0,44030,44030.0,1,0.8135284867920056
FAN-002207,FC Seoul,18_34,season_ticket_partial,True,True,8,0.8472410539614349,6,0.25,0,241359.0,3.0,0,241359.0,0,0.15528947561012776
FAN-002208,Jeonbuk Hyundai Motors,18_34,paid_membership,True,True,5,0.9169572313459398,4,0.1999999999999999,24989,102827.0,2.0,124945,227772.0,0,0.04871024271024272
FAN-002209,FC Seoul,18_34,free_registered,True,True,2,0.9344566373028104,1,0.5,20353,0.0,0.0,40706,40706.0,0,0.2342098335899593
FAN-002210,Gangwon FC,35_54,free_registered,False,True,1,0.9379943006665972,0,1.0,17894,22790.0,1.0,17894,40684.0,0,0.2976634094544998
FAN-002211,Jeonbuk Hyundai Motors,18_34,paid_membership,False,True,4,0.8588001837739745,3,0.25,21656,38331.0,1.0,86624,124955.0,1,0.5911832054411702
FAN-002212,Jeonbuk Hyundai Motors,18_34,paid_membership,True,True,4,0.9247686867400428,3,0.25,21266,52709.0,1.0,85064,137773.0,0,0.08246655147970937
FAN-002213,FC Seoul,18_34,season_ticket_full,True,True,15,0.8722879184606616,13,0.1333333333333333,0,472291.0,5.0,0,472291.0,0,0.021171385296888924
FAN-002214,Gangwon FC,18_34,season_ticket_full,True,False,15,0.7638412513807284,11,0.2666666666666667,0,274827.0,4.0,0,274827.0,0,0.06372695060930354
FAN-002215,Jeonbuk Hyundai Motors,Under_18,paid_membership,True,False,4,0.9967292306465344,3,0.25,19943,107360.0,1.0,79772,187132.0,1,0.6100917212975029
FAN-002216,Ulsan HD,35_54,free_registered,True,False,2,0.97096435307834,1,0.5,18061,0.0,0.0,36122,36122.0,1,0.6645413066497923
FAN-002217,Jeonbuk Hyundai Motors,35_54,free_registered,True,True,2,0.9446763410826292,1,0.5,24067,106799.0,1.0,48134,154933.0,1,0.5208955526209529
FAN-002218,FC Seoul,35_54,paid_membership,False,False,3,0.9598082068543852,2,0.3333333333333333,20525,148491.0,1.0,61575,210066.0,0,0.14003126503126503
FAN-002219,Jeonbuk Hyundai Motors,55_Plus,free_registered,True,False,1,0.9015570037764912,0,1.0,19364,28193.0,1.0,19364,47557.0,1,0.7396824165304142
FAN-002220,FC Seoul,55_Plus,free_registered,True,False,2,0.917537980498778,1,0.5,18845,80407.0,1.0,37690,118097.0,0,0.36853848545783835
FAN-002221,Jeonbuk Hyundai Motors,55_Plus,free_registered,True,True,2,0.9387189043530972,1,0.5,24174,37565.0,1.0,48348,85913.0,1,0.5488495617760492
FAN-002222,Ulsan HD,18_34,free_registered,True,False,1,0.9370457331407442,0,1.0,21018,0.0,0.0,21018,21018.0,0,0.2701602016036803
FAN-002223,FC Seoul,Under_18,free_registered,False,True,2,0.9259361261729238,1,0.5,16268,66655.0,1.0,32536,99191.0,1,0.6242687429601933
FAN-002224,FC Seoul,18_34,free_registered,True,False,2,0.999712924605628,1,0.5,23622,0.0,0.0,47244,47244.0,0,0.16986598370516515
FAN-002225,FC Seoul,35_54,paid_membership,False,True,3,0.8880370663478737,2,0.3333333333333333,19409,0.0,0.0,58227,58227.0,0,0.14833220640505163
FAN-002226,Ulsan HD,55_Plus,free_registered,True,False,1,0.9267832007535975,0,1.0,19877,0.0,0.0,19877,19877.0,1,0.507335183159937
FAN-002227,Ulsan HD,35_54,free_registered,True,False,2,0.9407065191976391,1,0.5,22118,120059.0,1.0,44236,164295.0,1,0.6803375465199425
FAN-002228,Jeju SK,Under_18,free_registered,False,True,2,0.9279413282835592,1,0.5,20680,113803.0,1.0,41360,155163.0,1,0.6427360446673835
FAN-002229,FC Seoul,55_Plus,paid_membership,True,True,4,0.9833697889954408,3,0.25,19495,203688.0,2.0,77980,281668.0,0,0.13727841997109397
FAN-002230,FC Seoul,18_34,free_registered,True,True,1,0.9125875417647026,0,1.0,21797,0.0,0.0,21797,21797.0,1,0.8464398088687453
FAN-002231,Jeonbuk Hyundai Motors,Under_18,paid_membership,True,True,5,0.9357986698515024,4,0.1999999999999999,17254,94720.0,1.0,86270,180990.0,0,0.07014581665897456
FAN-002232,FC Seoul,18_34,season_ticket_full,True,True,19,0.8955049360956777,17,0.1052631578947368,0,323790.0,3.0,0,323790.0,0,0.1615351979175509
FAN-002233,Gangwon FC,Under_18,free_registered,True,True,2,0.9489142127060326,1,0.5,24759,0.0,0.0,49518,49518.0,0,0.4294465452558353
FAN-002234,Jeonbuk Hyundai Motors,18_34,free_registered,False,False,1,0.915696173746898,0,1.0,20310,0.0,0.0,20310,20310.0,1,0.7057825363501373
FAN-002235,Jeju SK,18_34,free_registered,False,True,1,0.98326796356519,0,1.0,20774,0.0,0.0,20774,20774.0,1,0.7424581488344889
FAN-002236,Jeju SK,18_34,season_ticket_full,True,False,18,0.8565280171352674,15,0.1666666666666666,0,353122.0,4.0,0,353122.0,0,0.16655892735575398
FAN-002237,Jeonbuk Hyundai Motors,35_54,paid_membership,True,False,3,0.8694477722415468,2,0.3333333333333333,17794,67465.0,1.0,53382,120847.0,0,0.13211225405490856
FAN-002238,FC Seoul,35_54,season_ticket_partial,True,False,11,0.7912439803782589,8,0.2727272727272727,0,209833.0,2.0,0,209833.0,0,0.024074714324714325
FAN-002239,FC Seoul,35_54,free_registered,False,False,1,0.9281263342198915,0,1.0,21838,0.0,0.0,21838,21838.0,1,0.5021577305069923
FAN-002240,FC Seoul,18_34,season_ticket_full,True,True,16,0.8209706176977374,13,0.1875,0,384063.0,4.0,0,384063.0,0,0.20341813500687397
FAN-002241,Jeonbuk Hyundai Motors,35_54,free_registered,True,False,1,0.9229588628806246,0,1.0,16328,61400.0,1.0,16328,77728.0,0,0.39620051028669373
FAN-002242,FC Seoul,55_Plus,free_registered,True,True,1,0.9952573990008332,0,1.0,22407,0.0,0.0,22407,22407.0,1,0.6277487120367977
FAN-002243,Jeju SK,Under_18,season_ticket_partial,True,False,10,0.7110960238303781,7,0.3,0,124100.0,2.0,0,124100.0,0,0.17057620410348745
FAN-002244,Gangwon FC,18_34,season_ticket_full,True,False,18,0.6339141341812354,11,0.3888888888888888,0,605666.0,5.0,0,605666.0,0,0.10322961461196754
FAN-002245,Jeonbuk Hyundai Motors,18_34,free_registered,True,False,2,0.973517397064382,1,0.5,18015,0.0,0.0,36030,36030.0,1,0.6592831419749609
FAN-002246,Ulsan HD,Under_18,free_registered,True,True,2,0.9319133563535308,1,0.5,18505,0.0,0.0,37010,37010.0,0,0.4000434129323588
FAN-002247,FC Seoul,35_54,free_registered,True,True,1,0.9011700736928184,0,1.0,24971,147943.0,1.0,24971,172914.0,0,0.47057284815263584
FAN-002248,Jeonbuk Hyundai Motors,35_54,free_registered,False,False,1,0.9761690584474222,0,1.0,24890,74875.0,1.0,24890,99765.0,1,0.7897334981306772
FAN-002249,Jeju SK,18_34,free_registered,False,False,1,0.9284032379214164,0,1.0,24378,0.0,0.0,24378,24378.0,0,0.37119090011909633
FAN-002250,FC Seoul,35_54,season_ticket_full,True,True,16,0.6332899102491584,10,0.375,0,238674.0,3.0,0,238674.0,0,0.034173282055634996
FAN-002251,FC Seoul,35_54,paid_membership,True,False,2,0.9521354222643374,1,0.5,24357,124923.0,1.0,48714,173637.0,0,0.39834162596314865
FAN-002252,Gangwon FC,55_Plus,paid_membership,True,True,5,0.8763474528707553,4,0.1999999999999999,16700,0.0,0.0,83500,83500.0,0,0.18832290304085877
FAN-002253,Jeju SK,18_34,paid_membership,True,False,4,0.9915382104373796,3,0.25,22483,199598.0,2.0,89932,289530.0,0,0.3767194063960887
FAN-002254,Jeonbuk Hyundai Motors,55_Plus,paid_membership,True,False,4,0.8656919002410743,3,0.25,23983,110092.0,1.0,95932,206024.0,0,0.22500605767387266
FAN-002255,Jeonbuk Hyundai Motors,18_34,paid_membership,True,True,3,0.9565449661202504,2,0.3333333333333333,24400,53891.0,1.0,73200,127091.0,0,0.06245732898489808
FAN-002256,Jeju SK,35_54,paid_membership,False,True,3,0.9556454003852326,2,0.3333333333333333,19269,0.0,0.0,57807,57807.0,0,0.17454109388333378
FAN-002257,Ulsan HD,Under_18,free_registered,True,False,1,0.9169289793351838,0,1.0,23615,0.0,0.0,23615,23615.0,1,0.6707217618880416
FAN-002258,Ulsan HD,Under_18,paid_membership,False,True,4,0.9989564129212444,3,0.25,19176,130706.0,1.0,76704,207410.0,0,0.22757883042883045
FAN-002259,Ulsan HD,35_54,paid_membership,False,True,2,0.8551470817054521,1,0.5,23089,95194.0,1.0,46178,141372.0,1,0.6152203205961094
FAN-002260,Ulsan HD,18_34,season_ticket_partial,True,False,5,0.9330911586174716,4,0.1999999999999999,0,117834.0,2.0,0,117834.0,0,0.15317625729956966
FAN-002261,Jeonbuk Hyundai Motors,18_34,season_ticket_full,True,False,19,0.6688338809802317,12,0.368421052631579,0,231055.0,2.0,0,231055.0,0,0.07584093384828677
FAN-002262,Jeju SK,18_34,free_registered,True,True,1,0.9803455032374984,0,1.0,21468,0.0,0.0,21468,21468.0,1,0.8063068219552014
FAN-002263,Jeonbuk Hyundai Motors,35_54,paid_membership,False,True,4,0.8544726071651426,3,0.25,17495,57387.0,2.0,69980,127367.0,0,0.39171297798611965
FAN-002264,Ulsan HD,Under_18,free_registered,True,True,2,0.9084961873629314,1,0.5,17090,148035.0,1.0,34180,182215.0,1,0.6250086431991807
FAN-002265,Jeju SK,35_54,paid_membership,False,False,3,0.8806001527053822,2,0.3333333333333333,24360,141405.0,1.0,73080,214485.0,0,0.16434682724682725
FAN-002266,Jeju SK,Under_18,free_registered,True,True,2,0.9978066510583156,1,0.5,18199,0.0,0.0,36398,36398.0,0,0.4445931108158466
FAN-002267,Jeju SK,18_34,free_registered,True,False,1,0.985840764033699,0,1.0,20569,0.0,0.0,20569,20569.0,1,0.9000282798900407
FAN-002268,Jeonbuk Hyundai Motors,18_34,free_registered,True,False,1,0.9841388218545551,0,1.0,24932,0.0,0.0,24932,24932.0,1,0.5341525261929518
FAN-002269,FC Seoul,18_34,paid_membership,True,True,3,0.8601196966202944,2,0.3333333333333333,24353,47739.0,1.0,73059,120798.0,0,0.12198543958397645
FAN-002270,Ulsan HD,18_34,free_registered,True,True,1,0.9116267685330698,0,1.0,22786,0.0,0.0,22786,22786.0,1,0.8557214789129224
FAN-002271,FC Seoul,18_34,season_ticket_full,True,False,18,0.8794506120976904,15,0.1666666666666666,0,165643.0,2.0,0,165643.0,0,0.10657932971168263
FAN-002272,Ulsan HD,55_Plus,free_registered,False,True,2,0.9222038423189574,1,0.5,16727,0.0,0.0,33454,33454.0,1,0.8593816363716232
FAN-002273,Ulsan HD,35_54,season_ticket_full,True,False,18,0.7104602607164235,12,0.3333333333333333,0,226843.0,2.0,0,226843.0,0,0.022724050731403673
FAN-002274,Jeju SK,Under_18,paid_membership,True,False,5,0.981219444017336,4,0.1999999999999999,23063,0.0,0.0,115315,115315.0,0,0.25776007958919306
FAN-002275,Gangwon FC,18_34,free_registered,True,False,1,0.9716906046257064,0,1.0,23499,42705.0,1.0,23499,66204.0,1,0.8082326061737827
FAN-002276,Jeju SK,35_54,free_registered,True,True,2,0.907256265144009,1,0.5,20043,0.0,0.0,40086,40086.0,0,0.30852510432011565
FAN-002277,Jeonbuk Hyundai Motors,18_34,paid_membership,True,True,3,0.929686743830729,2,0.3333333333333333,23760,187858.0,2.0,71280,259138.0,0,0.08600824967993641
FAN-002278,Ulsan HD,Under_18,paid_membership,True,False,3,0.968527842745598,2,0.3333333333333333,22377,76126.0,1.0,67131,143257.0,0,0.03483239965869167
FAN-002279,Jeju SK,35_54,paid_membership,True,False,2,0.8835648756647232,1,0.5,19527,0.0,0.0,39054,39054.0,1,0.8417124913847688
FAN-002280,FC Seoul,35_54,free_registered,True,True,1,0.926631110022788,0,1.0,19766,42682.0,1.0,19766,62448.0,1,0.7423093254551334
FAN-002281,FC Seoul,35_54,free_registered,True,True,1,0.976065013797762,0,1.0,16153,0.0,0.0,16153,16153.0,1,0.5805777054055703
FAN-002282,Ulsan HD,Under_18,season_ticket_full,True,True,17,0.8795299161229968,14,0.1764705882352941,0,58373.0,2.0,0,58373.0,0,0.050112278244631187
FAN-002283,Ulsan HD,Under_18,free_registered,True,False,2,0.938006122943266,1,0.5,17207,0.0,0.0,34414,34414.0,0,0.48421579593801845
FAN-002284,FC Seoul,35_54,free_registered,False,True,2,0.9898117274531728,1,0.5,18615,35478.0,1.0,37230,72708.0,1,0.8057663356032532
FAN-002285,FC Seoul,18_34,free_registered,True,False,1,0.9548203456980996,0,1.0,20660,98562.0,1.0,20660,119222.0,1,0.6268281121448497
FAN-002286,FC Seoul,18_34,paid_membership,True,False,5,0.8869280822088104,4,0.1999999999999999,21319,180628.0,2.0,106595,287223.0,0,0.12151966585790114
FAN-002287,Gangwon FC,18_34,paid_membership,True,False,4,0.8602941757040475,3,0.25,17980,146738.0,2.0,71920,218658.0,0,0.18570780808280804
FAN-002288,Ulsan HD,18_34,free_registered,True,False,1,0.964358074889905,0,1.0,23213,0.0,0.0,23213,23213.0,1,0.7457286285696504
FAN-002289,Ulsan HD,55_Plus,free_registered,True,False,1,0.9517282491580462,0,1.0,18889,49686.0,1.0,18889,68575.0,1,0.6088310351850853
FAN-002290,FC Seoul,35_54,free_registered,True,True,2,0.9533442147682843,1,0.5,24900,48036.0,1.0,49800,97836.0,0,0.3521542534377673
FAN-002291,Jeju SK,35_54,free_registered,True,True,2,0.985216966206728,1,0.5,22002,104684.0,1.0,44004,148688.0,1,0.5529132506896801
FAN-002292,FC Seoul,Under_18,free_registered,False,False,1,0.9302658329936636,0,1.0,24165,0.0,0.0,24165,24165.0,1,0.6689674388446601
FAN-002293,FC Seoul,Under_18,season_ticket_full,True,True,18,0.6173384726647407,11,0.3888888888888888,0,492011.0,5.0,0,492011.0,0,0.0756839195662725
FAN-002294,Ulsan HD,18_34,free_registered,False,True,1,0.9268575353794606,0,1.0,24147,0.0,0.0,24147,24147.0,0,0.4399499889818968
FAN-002295,FC Seoul,18_34,free_registered,True,True,2,0.9070729782015068,1,0.5,23348,0.0,0.0,46696,46696.0,0,0.2925098214602617
FAN-002296,FC Seoul,55_Plus,season_ticket_partial,True,True,10,0.9178618234349064,9,0.0999999999999999,0,302991.0,3.0,0,302991.0,0,0.10252203905247383
FAN-002297,FC Seoul,18_34,free_registered,False,False,2,0.94106615652116,1,0.5,18121,59346.0,1.0,36242,95588.0,1,0.8336327878210589
FAN-002298,FC Seoul,18_34,paid_membership,False,False,3,0.9133063097993672,2,0.3333333333333333,18941,0.0,0.0,56823,56823.0,0,0.12240889853310755
FAN-002299,FC Seoul,18_34,free_registered,True,True,2,0.975788683130726,1,0.5,19880,0.0,0.0,39760,39760.0,0,0.3803390324715948
FAN-002300,Ulsan HD,35_54,free_registered,False,False,1,0.9797010188035162,0,1.0,24556,53190.0,1.0,24556,77746.0,1,0.7989532507344876
FAN-002301,Jeonbuk Hyundai Motors,Under_18,season_ticket_full,True,True,19,0.6556318558228018,12,0.368421052631579,0,251762.0,4.0,0,251762.0,0,0.41305547501423445
FAN-002302,Jeju SK,18_34,paid_membership,True,False,5,0.8511658604034699,4,0.1999999999999999,16184,275783.0,2.0,80920,356703.0,0,0.17769406010429226
FAN-002303,Ulsan HD,18_34,free_registered,True,True,2,0.976024403777523,1,0.5,20788,102657.0,1.0,41576,144233.0,0,0.3875355721558232
FAN-002304,FC Seoul,35_54,paid_membership,True,False,5,0.948509169156844,4,0.1999999999999999,19005,148202.0,2.0,95025,243227.0,0,0.11863632341893213
FAN-002305,Gangwon FC,Under_18,season_ticket_partial,True,True,6,0.7411915449617072,4,0.3333333333333333,0,218822.0,2.0,0,218822.0,0,0.036166721901847755
FAN-002306,Ulsan HD,55_Plus,free_registered,True,True,1,0.9363900632846168,0,1.0,16729,0.0,0.0,16729,16729.0,0,0.28969137346260554
FAN-002307,FC Seoul,35_54,paid_membership,True,False,4,0.9803428570618008,3,0.25,21225,140240.0,2.0,84900,225140.0,0,0.15944181340462796
FAN-002308,Jeju SK,18_34,season_ticket_full,True,True,15,0.6489979867611423,9,0.4,0,320417.0,4.0,0,320417.0,0,0.14606208358491646
FAN-002309,FC Seoul,35_54,free_registered,True,False,2,0.9642698787638596,1,0.5,16566,58745.0,1.0,33132,91877.0,1,0.6191407680958182
FAN-002310,Ulsan HD,Under_18,paid_membership,True,False,3,0.906211562033323,2,0.3333333333333333,17311,0.0,0.0,51933,51933.0,0,0.11235547093426147
FAN-002311,Ulsan HD,55_Plus,paid_membership,True,True,5,0.954973388252842,4,0.1999999999999999,20438,0.0,0.0,102190,102190.0,1,0.6024842108352345
FAN-002312,Jeonbuk Hyundai Motors,18_34,paid_membership,True,False,3,0.9472961187513108,2,0.3333333333333333,23736,96050.0,2.0,71208,167258.0,0,0.0747624965841833
FAN-002313,Ulsan HD,18_34,free_registered,False,True,1,0.9517015430117316,0,1.0,24803,64109.0,1.0,24803,88912.0,0,0.4974441482829936
FAN-002314,Jeonbuk Hyundai Motors,18_34,free_registered,True,True,1,0.9882876784480032,0,1.0,16623,0.0,0.0,16623,16623.0,0,0.4241371919474579
FAN-002315,Gangwon FC,Under_18,paid_membership,True,False,5,0.8733441989201199,4,0.1999999999999999,23616,93107.0,2.0,118080,211187.0,0,0.08128683353683355
FAN-002316,FC Seoul,55_Plus,free_registered,True,True,2,0.9881568610702224,1,0.5,24689,113805.0,1.0,49378,163183.0,0,0.2854197521638868
FAN-002317,FC Seoul,Under_18,free_registered,True,False,1,0.9565146977834134,0,1.0,22065,28531.0,1.0,22065,50596.0,0,0.4531068949568947
FAN-002318,Ulsan HD,35_54,free_registered,True,True,1,0.9221376678321028,0,1.0,24414,44166.0,1.0,24414,68580.0,1,0.7275718544072278
FAN-002319,Ulsan HD,18_34,free_registered,False,False,1,0.903180735011518,0,1.0,21817,0.0,0.0,21817,21817.0,1,0.5744190294215095
FAN-002320,Ulsan HD,55_Plus,season_ticket_full,True,True,19,0.8721968807315621,16,0.1578947368421053,0,166695.0,3.0,0,166695.0,0,0.44973522011757333
FAN-002321,Gangwon FC,18_34,free_registered,True,True,1,0.947522774411928,0,1.0,17160,0.0,0.0,17160,17160.0,1,0.5436629374503347
FAN-002322,Jeonbuk Hyundai Motors,18_34,season_ticket_full,True,False,17,0.8196187412731293,13,0.2352941176470588,0,196937.0,4.0,0,196937.0,0,0.06083209546444839
FAN-002323,Jeju SK,18_34,free_registered,True,True,2,0.9732981082040044,1,0.5,19834,49994.0,1.0,39668,89662.0,0,0.4127113848567059
FAN-002324,Ulsan HD,35_54,paid_membership,True,False,4,0.8542478349877483,3,0.25,21986,0.0,0.0,87944,87944.0,0,0.29791177516752093
FAN-002325,Jeonbuk Hyundai Motors,Under_18,free_registered,True,True,1,0.9210653403338188,0,1.0,24894,0.0,0.0,24894,24894.0,0,0.3256761112005185
FAN-002326,Gangwon FC,18_34,paid_membership,False,True,5,0.9249775179854488,4,0.1999999999999999,22337,0.0,0.0,111685,111685.0,0,0.47361399926007514
FAN-002327,Jeonbuk Hyundai Motors,18_34,paid_membership,True,False,2,0.905019053024652,1,0.5,22945,158093.0,2.0,45890,203983.0,1,0.6004787693872361
FAN-002328,FC Seoul,35_54,free_registered,True,True,1,0.955261739937812,0,1.0,19408,0.0,0.0,19408,19408.0,1,0.6298959106161138
FAN-002329,Jeju SK,18_34,season_ticket_partial,True,True,5,0.8512664783796673,4,0.1999999999999999,0,113553.0,2.0,0,113553.0,0,0.21476047181693625
FAN-002330,FC Seoul,35_54,free_registered,True,False,1,0.998820700659943,0,1.0,21949,128012.0,1.0,21949,149961.0,1,0.5089684309465862
FAN-002331,FC Seoul,18_34,paid_membership,True,False,3,0.8954489249531822,2,0.3333333333333333,20827,189909.0,2.0,62481,252390.0,0,0.03565237407406082
FAN-002332,FC Seoul,35_54,season_ticket_full,True,True,16,0.7673531018222359,12,0.25,0,229643.0,3.0,0,229643.0,0,0.018531590413943356
FAN-002333,Jeju SK,55_Plus,season_ticket_partial,True,True,11,0.8725049722158662,9,0.1818181818181817,0,96965.0,2.0,0,96965.0,0,0.16946168013273283
FAN-002334,Jeju SK,18_34,season_ticket_full,True,False,16,0.7745258673141437,12,0.25,0,270685.0,4.0,0,270685.0,0,0.06520896014566091
FAN-002335,FC Seoul,18_34,free_registered,True,False,1,0.946784672337005,0,1.0,18723,0.0,0.0,18723,18723.0,0,0.4847293185572794
FAN-002336,Ulsan HD,18_34,free_registered,False,False,2,0.9842155188407716,1,0.5,17004,35315.0,1.0,34008,69323.0,1,0.8246732631106903
FAN-002337,Ulsan HD,Under_18,free_registered,True,False,1,0.9675045229007838,0,1.0,17775,0.0,0.0,17775,17775.0,1,0.7729166765878299
FAN-002338,Ulsan HD,18_34,paid_membership,True,True,4,0.917577380455973,3,0.25,17114,54352.0,1.0,68456,122808.0,0,0.1698264834867001
FAN-002339,FC Seoul,35_54,paid_membership,True,False,5,0.856215795393036,4,0.1999999999999999,20720,132212.0,2.0,103600,235812.0,0,0.08369537869537869
FAN-002340,Ulsan HD,18_34,free_registered,True,False,2,0.9367343637685738,1,0.5,23507,0.0,0.0,47014,47014.0,1,0.5374661281147555
FAN-002341,Jeonbuk Hyundai Motors,55_Plus,paid_membership,True,True,5,0.87203029181834,4,0.1999999999999999,16612,0.0,0.0,83060,83060.0,0,0.24993908559125175
FAN-002342,FC Seoul,18_34,free_registered,True,True,1,0.9906121481048434,0,1.0,23377,52521.0,1.0,23377,75898.0,1,0.6140520640598806
FAN-002343,FC Seoul,35_54,free_registered,False,True,1,0.9695647319995864,0,1.0,17403,144689.0,1.0,17403,162092.0,1,0.704411515535486
FAN-002344,Ulsan HD,18_34,paid_membership,True,False,2,0.9162832456501826,1,0.5,16010,0.0,0.0,32020,32020.0,1,0.5714938100846302
FAN-002345,Gangwon FC,18_34,free_registered,True,True,1,0.91359791695239,0,1.0,17997,99993.0,1.0,17997,117990.0,1,0.7706768721341896
FAN-002346,Jeju SK,18_34,season_ticket_partial,True,True,5,0.7819864482407632,3,0.4,0,32657.0,1.0,0,32657.0,0,0.4500084276081421
FAN-002347,Jeju SK,18_34,free_registered,True,True,1,0.9885156057166096,0,1.0,23782,0.0,0.0,23782,23782.0,1,0.5824080782558535
FAN-002348,Ulsan HD,18_34,paid_membership,True,True,5,0.946841484077346,4,0.1999999999999999,23762,150113.0,2.0,118810,268923.0,0,0.07151340975254018
FAN-002349,Jeju SK,35_54,free_registered,True,True,2,0.959094130171508,1,0.5,16554,0.0,0.0,33108,33108.0,1,0.6208317723795559
FAN-002350,FC Seoul,55_Plus,free_registered,True,False,2,0.9883665514666432,1,0.5,24955,0.0,0.0,49910,49910.0,1,0.5653675964827265
FAN-002351,Jeju SK,18_34,paid_membership,False,True,2,0.8721082056055778,1,0.5,20646,0.0,0.0,41292,41292.0,0,0.3873903807769698
FAN-002352,Gangwon FC,Under_18,season_ticket_partial,True,False,9,0.8871939964412585,7,0.2222222222222222,0,140790.0,2.0,0,140790.0,0,0.09464559818836134
FAN-002353,Jeju SK,18_34,free_registered,True,False,1,0.9112176361013072,0,1.0,19155,21094.0,1.0,19155,40249.0,0,0.47979765334445035
FAN-002354,Jeonbuk Hyundai Motors,18_34,free_registered,True,False,2,0.9991413150205268,1,0.5,24528,0.0,0.0,49056,49056.0,0,0.3136544848487463
FAN-002355,Jeonbuk Hyundai Motors,18_34,paid_membership,True,False,2,0.925316230766319,1,0.5,24246,71221.0,1.0,48492,119713.0,0,0.49845524823104675
FAN-002356,FC Seoul,35_54,free_registered,True,True,1,0.9296537575807216,0,1.0,17116,0.0,0.0,17116,17116.0,1,0.7716220802930984
FAN-002357,Gangwon FC,55_Plus,season_ticket_partial,True,True,8,0.7118779328585786,5,0.375,0,260391.0,3.0,0,260391.0,0,0.07307618427183642
FAN-002358,FC Seoul,55_Plus,paid_membership,True,True,4,0.98460415320414,3,0.25,22994,115621.0,2.0,91976,207597.0,0,0.17274973048139997
FAN-002359,Ulsan HD,18_34,free_registered,False,False,1,0.9146587675573808,0,1.0,19421,0.0,0.0,19421,19421.0,1,0.8738215030880205
FAN-002360,FC Seoul,35_54,free_registered,True,True,2,0.9023892841677468,1,0.5,22552,0.0,0.0,45104,45104.0,0,0.43819168033873895
FAN-002361,FC Seoul,35_54,paid_membership,True,True,5,0.9977941855669316,4,0.1999999999999999,18793,156598.0,2.0,93965,250563.0,0,0.13143653930610455
FAN-002362,Ulsan HD,18_34,free_registered,True,False,2,0.9065722030040776,1,0.5,21327,0.0,0.0,42654,42654.0,0,0.4743471391534592
FAN-002363,FC Seoul,18_34,paid_membership,False,False,2,0.9577791800571476,1,0.5,20945,75376.0,1.0,41890,117266.0,1,0.5806699619154159
FAN-002364,Ulsan HD,35_54,free_registered,True,False,1,0.949217014814384,0,1.0,20584,29576.0,1.0,20584,50160.0,0,0.47774315032639236
FAN-002365,Jeju SK,18_34,paid_membership,False,False,2,0.9129685150499642,1,0.5,20168,0.0,0.0,40336,40336.0,1,0.7277551873536164
FAN-002366,FC Seoul,18_34,free_registered,False,True,1,0.9286537630355756,0,1.0,18867,0.0,0.0,18867,18867.0,1,0.7493826075927429
FAN-002367,FC Seoul,18_34,season_ticket_partial,True,False,5,0.9037772735376564,4,0.1999999999999999,0,47192.0,1.0,0,47192.0,0,0.1918900017422615
FAN-002368,Jeju SK,35_54,free_registered,False,True,1,0.9387101878429668,0,1.0,22949,110972.0,1.0,22949,133921.0,1,0.5855262968718772
FAN-002369,Ulsan HD,18_34,free_registered,True,False,1,0.9098320155168468,0,1.0,23979,88675.0,1.0,23979,112654.0,1,0.643395418307183
FAN-002370,Jeonbuk Hyundai Motors,55_Plus,season_ticket_partial,True,True,6,0.8963863914656149,5,0.1666666666666666,0,211731.0,3.0,0,211731.0,0,0.09546380516951923
FAN-002371,Jeju SK,35_54,free_registered,True,True,1,0.9400001964895552,0,1.0,23402,0.0,0.0,23402,23402.0,0,0.2910013980099013
FAN-002372,Jeonbuk Hyundai Motors,35_54,free_registered,True,False,2,0.991692009069694,1,0.5,23893,0.0,0.0,47786,47786.0,0,0.35569419768120514
FAN-002373,Jeju SK,Under_18,free_registered,True,True,2,0.9936927400877976,1,0.5,19287,0.0,0.0,38574,38574.0,0,0.4940772842541646
FAN-002374,Ulsan HD,35_54,free_registered,True,False,2,0.9820144562687192,1,0.5,16165,0.0,0.0,32330,32330.0,0,0.4947789130601898
FAN-002375,Jeju SK,Under_18,season_ticket_partial,True,False,10,0.9212198840731908,9,0.0999999999999999,0,108940.0,1.0,0,108940.0,0,0.07526629157879156
FAN-002376,FC Seoul,Under_18,paid_membership,False,False,2,0.8731057854755835,1,0.5,17819,0.0,0.0,35638,35638.0,0,0.40102351431246896
FAN-002377,Ulsan HD,18_34,free_registered,True,True,1,0.912416439357784,0,1.0,20165,0.0,0.0,20165,20165.0,1,0.7379013400005855
FAN-002378,Jeonbuk Hyundai Motors,18_34,paid_membership,True,True,4,0.9269008641184888,3,0.25,24734,147590.0,1.0,98936,246526.0,0,0.2006790989498551
FAN-002379,Ulsan HD,35_54,paid_membership,False,False,2,0.8711208307997257,1,0.5,18232,208505.0,2.0,36464,244969.0,0,0.46733892972157104
FAN-002380,Jeonbuk Hyundai Motors,Under_18,season_ticket_partial,True,False,5,0.8916181676784014,4,0.1999999999999999,0,63092.0,2.0,0,63092.0,0,0.24726747719078954
FAN-002381,Jeonbuk Hyundai Motors,18_34,free_registered,True,True,2,0.9721314685690788,1,0.5,19334,29832.0,1.0,38668,68500.0,1,0.6533245484360457
FAN-002382,Jeonbuk Hyundai Motors,18_34,paid_membership,False,True,3,0.9433544137057994,2,0.3333333333333333,20251,280626.0,2.0,60753,341379.0,0,0.11245655806182112
FAN-002383,Gangwon FC,55_Plus,paid_membership,True,True,3,0.9632179836661844,2,0.3333333333333333,23955,0.0,0.0,71865,71865.0,0,0.22208655850207548
FAN-002384,Ulsan HD,35_54,free_registered,True,False,2,0.951377429615414,1,0.5,20416,0.0,0.0,40832,40832.0,1,0.5442224979468858
FAN-002385,Ulsan HD,35_54,free_registered,True,True,2,0.93689091309692,1,0.5,22281,0.0,0.0,44562,44562.0,0,0.44154416462953916
FAN-002386,Jeju SK,18_34,free_registered,False,True,2,0.9360841858389162,1,0.5,24082,0.0,0.0,48164,48164.0,1,0.7570136262157547
FAN-002387,Ulsan HD,Under_18,paid_membership,True,False,4,0.9295466943226044,3,0.25,24393,0.0,0.0,97572,97572.0,1,0.5717762656741852
FAN-002388,Jeju SK,55_Plus,free_registered,True,True,2,0.9472897980499716,1,0.5,20185,0.0,0.0,40370,40370.0,0,0.40067585910933695
FAN-002389,Jeonbuk Hyundai Motors,18_34,season_ticket_full,True,False,17,0.7425227647231927,12,0.2941176470588235,0,255318.0,3.0,0,255318.0,0,0.0582501319368327
FAN-002390,Jeju SK,18_34,free_registered,True,True,2,0.9661706200710256,1,0.5,17469,100914.0,1.0,34938,135852.0,1,0.6402166637320609
FAN-002391,Ulsan HD,35_54,paid_membership,False,True,4,0.901131097122083,3,0.25,20896,154967.0,2.0,83584,238551.0,0,0.06765185984303632
FAN-002392,FC Seoul,Under_18,season_ticket_full,True,True,15,0.8541591988406814,12,0.1999999999999999,0,172034.0,2.0,0,172034.0,0,0.11431925645160942
FAN-002393,Ulsan HD,35_54,paid_membership,False,True,3,0.924966143034454,2,0.3333333333333333,19553,69433.0,1.0,58659,128092.0,0,0.20459584434313532
FAN-002394,FC Seoul,18_34,season_ticket_partial,True,True,10,0.707179477714354,7,0.3,0,269177.0,3.0,0,269177.0,0,0.08851012070577285
FAN-002395,Jeonbuk Hyundai Motors,18_34,season_ticket_partial,True,True,6,0.8284683120291257,4,0.3333333333333333,0,412397.0,3.0,0,412397.0,0,0.4261819812347759
FAN-002396,Ulsan HD,Under_18,free_registered,False,True,1,0.9989181648161434,0,1.0,24029,0.0,0.0,24029,24029.0,1,0.6469798808564459
FAN-002397,FC Seoul,18_34,paid_membership,True,False,5,0.9735427879042666,4,0.1999999999999999,19049,19800.0,1.0,95245,115045.0,0,0.2551857036564837
FAN-002398,FC Seoul,35_54,free_registered,True,True,1,0.9034457517138909,0,1.0,17889,144913.0,1.0,17889,162802.0,1,0.7343427933633371
FAN-002399,Jeju SK,35_54,paid_membership,True,False,3,0.9842166526859918,2,0.3333333333333333,17828,0.0,0.0,53484,53484.0,0,0.14484862470315052
FAN-002400,Jeju SK,18_34,free_registered,False,False,1,0.9896636097017184,0,1.0,23197,110609.0,1.0,23197,133806.0,1,0.8660304629886522
FAN-002401,Ulsan HD,Under_18,paid_membership,True,True,3,0.9959045307169164,2,0.3333333333333333,23381,29990.0,1.0,70143,100133.0,0,0.16695661887830557
FAN-002402,FC Seoul,35_54,paid_membership,False,True,3,0.974159123522152,2,0.3333333333333333,24955,177823.0,2.0,74865,252688.0,0,0.09216397931397927
FAN-002403,Ulsan HD,35_54,free_registered,True,True,2,0.9772123323176476,1,0.5,22311,109816.0,1.0,44622,154438.0,1,0.7870997613873965
FAN-002404,Ulsan HD,18_34,free_registered,False,True,1,0.9712345257421884,0,1.0,20750,29573.0,1.0,20750,50323.0,1,0.8579918442388969
FAN-002405,Jeju SK,18_34,season_ticket_full,True,True,17,0.8263835941865656,14,0.1764705882352941,0,299793.0,5.0,0,299793.0,0,0.1034491265814795
FAN-002406,Jeju SK,18_34,free_registered,True,True,1,0.9514583182536874,0,1.0,16084,0.0,0.0,16084,16084.0,0,0.40415326748113256
FAN-002407,Ulsan HD,35_54,free_registered,True,False,1,0.9530480828661988,0,1.0,19175,0.0,0.0,19175,19175.0,1,0.8296856311342226
FAN-002408,FC Seoul,55_Plus,free_registered,True,True,2,0.9555822824404004,1,0.5,17141,51709.0,1.0,34282,85991.0,1,0.5955066542304603
FAN-002409,Gangwon FC,18_34,season_ticket_full,True,True,18,0.8341653396745436,15,0.1666666666666666,0,113190.0,3.0,0,113190.0,0,0.2984180280503809
FAN-002410,Ulsan HD,35_54,season_ticket_full,True,True,19,0.627085212836353,11,0.4210526315789473,0,177984.0,2.0,0,177984.0,0,0.46596523855592464
FAN-002411,Jeju SK,18_34,paid_membership,True,False,4,0.8868480290985667,3,0.25,20231,80418.0,1.0,80924,161342.0,0,0.250140257890258
FAN-002412,FC Seoul,18_34,season_ticket_partial,True,True,8,0.9108845613187172,7,0.125,0,348701.0,3.0,0,348701.0,1,0.535146053254283
FAN-002413,Ulsan HD,18_34,free_registered,True,False,1,0.9855468130147528,0,1.0,22438,31784.0,1.0,22438,54222.0,1,0.6894577606859162
FAN-002414,FC Seoul,35_54,season_ticket_full,True,True,15,0.8221213358736156,12,0.1999999999999999,0,403307.0,4.0,0,403307.0,0,0.12379312929363293
FAN-002415,Ulsan HD,18_34,free_registered,True,False,2,0.992631913125146,1,0.5,24688,0.0,0.0,49376,49376.0,0,0.4949086108780645
FAN-002416,Gangwon FC,18_34,free_registered,False,True,2,0.9793384614987398,1,0.5,24812,128926.0,1.0,49624,178550.0,0,0.2863628256189403
FAN-002417,Ulsan HD,18_34,free_registered,True,False,1,0.9861503413579852,0,1.0,19639,0.0,0.0,19639,19639.0,1,0.7042077346980538
FAN-002418,FC Seoul,18_34,paid_membership,True,False,2,0.9200313915422552,1,0.5,24209,0.0,0.0,48418,48418.0,0,0.44315216665589785
FAN-002419,FC Seoul,Under_18,paid_membership,True,True,4,0.8952722808939999,3,0.25,20527,0.0,0.0,82108,82108.0,0,0.14348459361393226
FAN-002420,Ulsan HD,35_54,free_registered,True,True,1,0.923662629144676,0,1.0,24807,0.0,0.0,24807,24807.0,0,0.4649734174048649
FAN-002421,FC Seoul,18_34,season_ticket_full,True,True,18,0.6248168013463731,11,0.3888888888888888,0,230982.0,2.0,0,230982.0,0,0.07651786185854813
FAN-002422,FC Seoul,35_54,free_registered,True,False,1,0.9476287007683176,0,1.0,20535,0.0,0.0,20535,20535.0,1,0.7268827775944516
FAN-002423,Jeonbuk Hyundai Motors,18_34,free_registered,True,False,1,0.9169813389037732,0,1.0,20314,66308.0,1.0,20314,86622.0,1,0.7542854830354829
FAN-002424,Ulsan HD,18_34,free_registered,False,True,2,0.9745782570975272,1,0.5,22149,0.0,0.0,44298,44298.0,1,0.8687304190328922
FAN-002425,FC Seoul,18_34,paid_membership,True,True,4,0.8871623657383011,3,0.25,24862,19220.0,1.0,99448,118668.0,1,0.5475278694044531
FAN-002426,Gangwon FC,18_34,season_ticket_partial,True,True,9,0.914635393952877,8,0.1111111111111111,0,284274.0,2.0,0,284274.0,0,0.07479996872816422
FAN-002427,FC Seoul,Under_18,free_registered,True,False,1,0.9909472426869056,0,1.0,22982,0.0,0.0,22982,22982.0,0,0.4923676122863119
FAN-002428,Gangwon FC,18_34,paid_membership,True,False,4,0.9374318424656644,3,0.25,18942,0.0,0.0,75768,75768.0,0,0.1627397801622783
FAN-002429,Ulsan HD,35_54,free_registered,False,True,1,0.9301117618248368,0,1.0,22005,0.0,0.0,22005,22005.0,1,0.7591983456875497
FAN-002430,Jeonbuk Hyundai Motors,35_54,paid_membership,True,True,5,0.9615596182991176,4,0.1999999999999999,21560,71998.0,1.0,107800,179798.0,0,0.07210161135161135
FAN-002431,Jeju SK,18_34,season_ticket_full,True,True,19,0.6061572783468706,11,0.4210526315789473,0,340776.0,3.0,0,340776.0,0,0.13754205525774157
FAN-002432,Jeonbuk Hyundai Motors,18_34,free_registered,False,True,1,0.9083880770161744,0,1.0,18671,0.0,0.0,18671,18671.0,1,0.7115227425122894
FAN-002433,Gangwon FC,18_34,season_ticket_partial,True,True,9,0.823525037349367,7,0.2222222222222222,0,216050.0,3.0,0,216050.0,0,0.07866216753173273
FAN-002434,FC Seoul,18_34,paid_membership,True,True,5,0.8822787882327754,4,0.1999999999999999,21946,0.0,0.0,109730,109730.0,0,0.08696907369300062
FAN-002435,Gangwon FC,Under_18,free_registered,True,True,2,0.9971824331827068,1,0.5,18562,116670.0,1.0,37124,153794.0,1,0.8114723355218915
FAN-002436,Ulsan HD,35_54,season_ticket_full,True,False,17,0.693075703299804,11,0.3529411764705882,0,316683.0,4.0,0,316683.0,0,0.41083920307036903
FAN-002437,Ulsan HD,18_34,free_registered,True,False,2,0.9820524372855122,1,0.5,24346,0.0,0.0,48692,48692.0,1,0.7769704723818752
FAN-002438,Ulsan HD,18_34,free_registered,True,False,1,0.9223425634325428,0,1.0,23680,0.0,0.0,23680,23680.0,1,0.6212482593557153
FAN-002439,Ulsan HD,18_34,free_registered,True,True,1,0.9417292328049426,0,1.0,21454,0.0,0.0,21454,21454.0,0,0.46915413450904586
FAN-002440,FC Seoul,Under_18,free_registered,False,False,1,0.9726449997698058,0,1.0,16387,0.0,0.0,16387,16387.0,1,0.5006113819342692
FAN-002441,Jeju SK,35_54,season_ticket_partial,True,False,8,0.9344616447510216,7,0.125,0,189385.0,3.0,0,189385.0,0,0.41948831070030757
FAN-002442,Ulsan HD,Under_18,paid_membership,True,True,2,0.9083550108294106,1,0.5,18427,125698.0,1.0,36854,162552.0,0,0.2802940795315184
FAN-002443,Jeonbuk Hyundai Motors,Under_18,season_ticket_partial,True,True,8,0.7371585289889238,5,0.375,0,183358.0,2.0,0,183358.0,0,0.1491144330600852
FAN-002444,Jeonbuk Hyundai Motors,35_54,free_registered,True,False,1,0.9009017644483136,0,1.0,16715,102851.0,1.0,16715,119566.0,1,0.5042707717845905
FAN-002445,Ulsan HD,18_34,free_registered,True,False,1,0.9924520617049352,0,1.0,23886,85128.0,1.0,23886,109014.0,1,0.5452281142430347
FAN-002446,Ulsan HD,35_54,free_registered,True,True,2,0.9413447254183734,1,0.5,17532,0.0,0.0,35064,35064.0,1,0.9234554972856736
FAN-002447,FC Seoul,35_54,paid_membership,True,True,3,0.9362228142473206,2,0.3333333333333333,22328,84639.0,1.0,66984,151623.0,0,0.055042597964284706
FAN-002448,FC Seoul,18_34,season_ticket_full,True,False,18,0.7168731839337594,12,0.3333333333333333,0,423992.0,4.0,0,423992.0,0,0.22589014339064695
FAN-002449,FC Seoul,35_54,paid_membership,True,False,4,0.9291797595446945,3,0.25,16921,138544.0,1.0,67684,206228.0,0,0.2607445050450167
FAN-002450,Ulsan HD,Under_18,free_registered,True,False,1,0.9758988895449762,0,1.0,16693,0.0,0.0,16693,16693.0,0,0.41691386611236714
FAN-002451,FC Seoul,18_34,season_ticket_partial,True,True,11,0.7728774154312756,8,0.2727272727272727,0,224408.0,2.0,0,224408.0,0,0.01343185718185718
FAN-002452,Gangwon FC,18_34,paid_membership,True,True,5,0.8616997846253655,4,0.1999999999999999,17251,62685.0,1.0,86255,148940.0,0,0.18512767554083345
FAN-002453,Jeju SK,18_34,free_registered,True,True,1,0.9215112591060152,0,1.0,16101,0.0,0.0,16101,16101.0,1,0.7019244918657079
FAN-002454,Ulsan HD,35_54,season_ticket_partial,True,False,7,0.7773591736822505,5,0.2857142857142857,0,212601.0,3.0,0,212601.0,0,0.11629149948886788
FAN-002455,Jeju SK,35_54,free_registered,True,False,1,0.9530206869705228,0,1.0,17800,0.0,0.0,17800,17800.0,1,0.8416032942744474
FAN-002456,FC Seoul,55_Plus,free_registered,True,True,1,0.9345116337453564,0,1.0,16071,0.0,0.0,16071,16071.0,1,0.5020118175896829
FAN-002457,Ulsan HD,35_54,free_registered,False,True,1,0.929972652572808,0,1.0,23666,0.0,0.0,23666,23666.0,1,0.8762580528796218
FAN-002458,Jeju SK,18_34,free_registered,True,False,2,0.918269396932904,1,0.5,16883,22405.0,1.0,33766,56171.0,0,0.4162103621192522
FAN-002459,Ulsan HD,18_34,free_registered,True,False,2,0.9159200997596048,1,0.5,19049,0.0,0.0,38098,38098.0,1,0.5177614110407216
FAN-002460,Ulsan HD,18_34,free_registered,True,False,1,0.9472939740338538,0,1.0,19903,123953.0,1.0,19903,143856.0,0,0.34728482665982646
FAN-002461,Gangwon FC,18_34,free_registered,True,True,1,0.944590002565788,0,1.0,23408,135702.0,1.0,23408,159110.0,1,0.7414897371691495
FAN-002462,Jeonbuk Hyundai Motors,18_34,paid_membership,True,False,5,0.8735302439493269,4,0.1999999999999999,23956,132892.0,1.0,119780,252672.0,0,0.05415948664861709
FAN-002463,Jeju SK,55_Plus,season_ticket_full,True,False,16,0.8466591838997923,13,0.1875,0,234485.0,3.0,0,234485.0,0,0.05105936819172114
FAN-002464,Jeju SK,18_34,paid_membership,True,True,3,0.9411695702697176,2,0.3333333333333333,23822,112867.0,1.0,71466,184333.0,0,0.21973218430387106
FAN-002465,Jeju SK,18_34,free_registered,True,False,1,0.983120310376114,0,1.0,21546,52062.0,1.0,21546,73608.0,0,0.4033476517931984
FAN-002466,FC Seoul,18_34,free_registered,True,True,1,0.9108851926480312,0,1.0,21848,0.0,0.0,21848,21848.0,1,0.8256481838271201
FAN-002467,Ulsan HD,35_54,free_registered,True,False,2,0.9457759679226267,1,0.5,21647,0.0,0.0,43294,43294.0,1,0.7010372008535528
FAN-002468,FC Seoul,35_54,free_registered,True,False,2,0.9286453137194992,1,0.5,22690,0.0,0.0,45380,45380.0,1,0.6569750413278005
FAN-002469,Ulsan HD,35_54,paid_membership,False,True,4,0.8609978668496533,3,0.25,19211,146339.0,2.0,76844,223183.0,0,0.13810322285322282
FAN-002470,Ulsan HD,18_34,paid_membership,True,False,2,0.9472077473124556,1,0.5,24119,86176.0,1.0,48238,134414.0,1,0.5562509455489439
FAN-002471,FC Seoul,35_54,paid_membership,False,True,4,0.910970448065918,3,0.25,23919,0.0,0.0,95676,95676.0,0,0.2143161255859915
FAN-002472,Gangwon FC,Under_18,paid_membership,True,False,3,0.884575162870778,2,0.3333333333333333,16307,110150.0,1.0,48921,159071.0,0,0.1348874532874533
FAN-002473,Gangwon FC,35_54,free_registered,True,False,2,0.912409941001354,1,0.5,20487,146059.0,1.0,40974,187033.0,1,0.7969623787960113
FAN-002474,Jeonbuk Hyundai Motors,18_34,free_registered,True,False,1,0.9639403434845946,0,1.0,16086,0.0,0.0,16086,16086.0,0,0.26607648074518303
FAN-002475,Ulsan HD,18_34,paid_membership,True,False,2,0.9161272856060284,1,0.5,21498,0.0,0.0,42996,42996.0,1,0.6040330913689658
FAN-002476,Jeonbuk Hyundai Motors,18_34,free_registered,True,True,2,0.9768384709624888,1,0.5,23210,0.0,0.0,46420,46420.0,1,0.6189473984851869
FAN-002477,FC Seoul,35_54,free_registered,True,True,1,0.982869512978268,0,1.0,16865,0.0,0.0,16865,16865.0,1,0.545069290918168
FAN-002478,Jeonbuk Hyundai Motors,Under_18,free_registered,False,True,1,0.9522844007972132,0,1.0,24344,0.0,0.0,24344,24344.0,0,0.43062699571123325
FAN-002479,FC Seoul,35_54,free_registered,True,False,1,0.9908402545946648,0,1.0,22615,130045.0,1.0,22615,152660.0,1,0.5014406050687605
FAN-002480,Jeonbuk Hyundai Motors,18_34,free_registered,True,True,1,0.9020350880483456,0,1.0,18711,0.0,0.0,18711,18711.0,1,0.8064228638051257
FAN-002481,FC Seoul,18_34,season_ticket_partial,True,False,7,0.8102951277940604,5,0.2857142857142857,0,77095.0,1.0,0,77095.0,0,0.19631792404218892
FAN-002482,Jeonbuk Hyundai Motors,Under_18,season_ticket_partial,True,True,8,0.7289136555965383,5,0.375,0,265475.0,3.0,0,265475.0,0,0.050345905291557455
FAN-002483,Gangwon FC,18_34,free_registered,True,False,1,0.9957300537109032,0,1.0,16937,103505.0,1.0,16937,120442.0,1,0.5024742680933503
FAN-002484,FC Seoul,18_34,free_registered,True,True,2,0.9960579526210558,1,0.5,17614,0.0,0.0,35228,35228.0,0,0.4681611866637165
FAN-002485,Ulsan HD,18_34,paid_membership,False,False,3,0.9408200249910772,2,0.3333333333333333,21230,0.0,0.0,63690,63690.0,0,0.09445355866600302
FAN-002486,Gangwon FC,35_54,free_registered,True,False,1,0.9631863491970696,0,1.0,23435,73286.0,1.0,23435,96721.0,1,0.5366759900593238
FAN-002487,Ulsan HD,18_34,free_registered,True,False,1,0.9027328999703476,0,1.0,18524,0.0,0.0,18524,18524.0,1,0.9340080954012275
FAN-002488,Jeonbuk Hyundai Motors,55_Plus,free_registered,True,False,2,0.9700325814704458,1,0.5,19731,0.0,0.0,39462,39462.0,1,0.6011171008082363
FAN-002489,Jeju SK,35_54,free_registered,False,False,2,0.9768041754815748,1,0.5,22530,126818.0,1.0,45060,171878.0,0,0.3800809622256991
FAN-002490,Ulsan HD,35_54,paid_membership,False,False,3,0.9237409841015172,2,0.3333333333333333,19407,160394.0,2.0,58221,218615.0,0,0.08095129870129866
FAN-002491,FC Seoul,Under_18,season_ticket_partial,True,False,8,0.8764525562829658,7,0.125,0,218781.0,3.0,0,218781.0,0,0.1958401386905223
FAN-002492,FC Seoul,18_34,free_registered,True,True,1,0.9850112411606798,0,1.0,17264,130373.0,1.0,17264,147637.0,1,0.6143532824374226
FAN-002493,Jeonbuk Hyundai Motors,18_34,free_registered,False,False,2,0.9923843415032374,1,0.5,20323,0.0,0.0,40646,40646.0,1,0.655247619982965
FAN-002494,Ulsan HD,35_54,free_registered,True,False,2,0.9533228865718694,1,0.5,17685,113975.0,1.0,35370,149345.0,1,0.7823381555130114
FAN-002495,Ulsan HD,35_54,free_registered,True,True,1,0.9524115220409116,0,1.0,20168,0.0,0.0,20168,20168.0,1,0.8020595699296367
FAN-002496,Ulsan HD,Under_18,season_ticket_full,True,False,17,0.7393907555330113,12,0.2941176470588235,0,229180.0,3.0,0,229180.0,0,0.011943678326031265
FAN-002497,Jeju SK,Under_18,paid_membership,True,False,5,0.9810172575439928,4,0.1999999999999999,20318,124587.0,2.0,101590,226177.0,0,0.11946622746622747
FAN-002498,Jeonbuk Hyundai Motors,35_54,paid_membership,True,False,3,0.9315947149127528,2,0.3333333333333333,21645,99157.0,1.0,64935,164092.0,0,0.09942178164609998
FAN-002499,Gangwon FC,18_34,paid_membership,True,False,2,0.8908351285185898,1,0.5,16484,0.0,0.0,32968,32968.0,1,0.7391896018487167
FAN-002500,Ulsan HD,35_54,season_ticket_partial,True,True,7,0.8536070321805174,5,0.2857142857142857,0,145258.0,1.0,0,145258.0,0,0.238491312852381
FAN-002501,Jeonbuk Hyundai Motors,18_34,season_ticket_partial,True,True,9,0.7985534273438211,7,0.2222222222222222,0,115491.0,2.0,0,115491.0,0,0.17905379189418086
FAN-002502,Jeonbuk Hyundai Motors,35_54,free_registered,True,True,1,0.921445574062842,0,1.0,22359,0.0,0.0,22359,22359.0,0,0.4606480449110996
FAN-002503,Jeju SK,Under_18,free_registered,False,True,1,0.954127604186368,0,1.0,22897,91792.0,1.0,22897,114689.0,1,0.8550634068945305
FAN-002504,Gangwon FC,Under_18,paid_membership,True,False,2,0.9443338728761324,1,0.5,23349,110876.0,1.0,46698,157574.0,1,0.7961834210143585
FAN-002505,FC Seoul,35_54,free_registered,True,True,1,0.9737582467048193,0,1.0,21248,0.0,0.0,21248,21248.0,1,0.5753657186314793
FAN-002506,FC Seoul,55_Plus,season_ticket_full,True,False,15,0.7032526838508194,10,0.3333333333333333,0,314678.0,3.0,0,314678.0,0,0.11613029777813068
FAN-002507,Jeonbuk Hyundai Motors,18_34,paid_membership,True,False,2,0.9861869233188798,1,0.5,21983,152034.0,2.0,43966,196000.0,1,0.8584252078541295
FAN-002508,Ulsan HD,18_34,season_ticket_full,True,False,18,0.6344618034191621,11,0.3888888888888888,0,210677.0,3.0,0,210677.0,0,0.33008654317722935
FAN-002509,Jeonbuk Hyundai Motors,35_54,free_registered,True,True,1,0.9630892427106283,0,1.0,24274,95251.0,1.0,24274,119525.0,1,0.6805665286795232
FAN-002510,Jeonbuk Hyundai Motors,55_Plus,season_ticket_partial,True,True,6,0.9374855899345664,5,0.1666666666666666,0,76382.0,1.0,0,76382.0,0,0.09628093698805476
FAN-002511,FC Seoul,35_54,free_registered,True,True,1,0.9688657021458524,0,1.0,23600,0.0,0.0,23600,23600.0,0,0.2572013173813894
FAN-002512,Jeonbuk Hyundai Motors,55_Plus,season_ticket_full,True,True,17,0.6834666260746068,11,0.3529411764705882,0,301784.0,3.0,0,301784.0,0,0.17953373052147564
FAN-002513,Ulsan HD,Under_18,free_registered,True,False,2,0.9342236343976084,1,0.5,21763,101518.0,1.0,43526,145044.0,0,0.3837249001954793
FAN-002514,Ulsan HD,Under_18,paid_membership,True,False,2,0.985343924877475,1,0.5,18477,0.0,0.0,36954,36954.0,1,0.6805822070888659
FAN-002515,Jeju SK,35_54,paid_membership,True,True,3,0.957619972090043,2,0.3333333333333333,17989,0.0,0.0,53967,53967.0,0,0.24368728732621406
FAN-002516,Gangwon FC,35_54,free_registered,False,False,2,0.9437453395575016,1,0.5,22008,77006.0,1.0,44016,121022.0,1,0.7282734371521006
FAN-002517,FC Seoul,18_34,free_registered,True,True,2,0.9247648771401148,1,0.5,24651,0.0,0.0,49302,49302.0,0,0.321923930845235
FAN-002518,Ulsan HD,18_34,season_ticket_full,True,False,19,0.798249594817597,15,0.2105263157894736,0,222258.0,3.0,0,222258.0,0,0.033531590413943366
FAN-002519,Jeju SK,35_54,free_registered,False,True,2,0.9958362823217676,1,0.5,21561,119258.0,1.0,43122,162380.0,1,0.6180329647585293
FAN-002520,Jeonbuk Hyundai Motors,Under_18,paid_membership,True,False,4,0.9841984311483776,3,0.25,22309,0.0,0.0,89236,89236.0,0,0.21304585698780595
FAN-002521,Jeju SK,18_34,free_registered,True,True,2,0.962690808984906,1,0.5,21571,0.0,0.0,43142,43142.0,1,0.6617833539208752
FAN-002522,FC Seoul,18_34,season_ticket_partial,True,True,6,0.7691199758890059,4,0.3333333333333333,0,178871.0,2.0,0,178871.0,0,0.1270168532519791
FAN-002523,FC Seoul,35_54,paid_membership,True,True,3,0.8847703591448257,2,0.3333333333333333,18514,0.0,0.0,55542,55542.0,0,0.10798273227767652
FAN-002524,Ulsan HD,35_54,free_registered,False,True,2,0.9695946103966048,1,0.5,19754,0.0,0.0,39508,39508.0,1,0.8818782639029876
FAN-002525,Jeonbuk Hyundai Motors,18_34,free_registered,True,False,2,0.932822728137985,1,0.5,23204,0.0,0.0,46408,46408.0,1,0.801299152316407
FAN-002526,FC Seoul,35_54,paid_membership,True,True,3,0.8688309974926486,2,0.3333333333333333,20507,0.0,0.0,61521,61521.0,0,0.10503521604212784
FAN-002527,FC Seoul,35_54,free_registered,True,False,1,0.975674437429524,0,1.0,24577,0.0,0.0,24577,24577.0,1,0.710590116046435
FAN-002528,Gangwon FC,18_34,free_registered,False,False,1,0.9138291618398714,0,1.0,19493,95621.0,1.0,19493,115114.0,1,0.7993517408517409
FAN-002529,FC Seoul,35_54,paid_membership,False,False,5,0.8595640319375647,4,0.1999999999999999,20133,0.0,0.0,100665,100665.0,0,0.310446818358775
FAN-002530,Gangwon FC,18_34,free_registered,True,False,1,0.980775930331538,0,1.0,23385,40126.0,1.0,23385,63511.0,1,0.8484168304359067
FAN-002531,Jeju SK,Under_18,free_registered,True,True,2,0.9050348904519768,1,0.5,19114,0.0,0.0,38228,38228.0,1,0.6236980265436471
FAN-002532,Jeonbuk Hyundai Motors,Under_18,paid_membership,True,True,4,0.9940286558235504,3,0.25,18165,0.0,0.0,72660,72660.0,0,0.18854824890738206
FAN-002533,FC Seoul,18_34,free_registered,True,False,1,0.9839834885240168,0,1.0,18653,91027.0,1.0,18653,109680.0,1,0.8159285059899949
FAN-002534,FC Seoul,18_34,free_registered,False,False,1,0.9952762708564334,0,1.0,16197,66955.0,1.0,16197,83152.0,0,0.4256862757042563
FAN-002535,Jeonbuk Hyundai Motors,35_54,free_registered,False,False,2,0.965598512895391,1,0.5,22394,0.0,0.0,44788,44788.0,1,0.8239188007251669
FAN-002536,Jeonbuk Hyundai Motors,35_54,paid_membership,False,False,2,0.9598657910072538,1,0.5,18515,0.0,0.0,37030,37030.0,1,0.7772376940174784
FAN-002537,Jeonbuk Hyundai Motors,35_54,paid_membership,True,True,2,0.8721604667639934,1,0.5,23670,28191.0,1.0,47340,75531.0,1,0.8662217719999046
FAN-002538,FC Seoul,18_34,paid_membership,False,False,5,0.9906974662580008,4,0.1999999999999999,24295,65980.0,1.0,121475,187455.0,0,0.09884551867885198
FAN-002539,Jeonbuk Hyundai Motors,18_34,free_registered,False,False,2,0.945586169742578,1,0.5,18032,85670.0,1.0,36064,121734.0,1,0.5513656170778213
FAN-002540,Jeonbuk Hyundai Motors,18_34,free_registered,True,True,1,0.9727327391285496,0,1.0,17257,123292.0,1.0,17257,140549.0,0,0.31690565928723824
FAN-002541,Jeju SK,18_34,free_registered,True,False,2,0.9036207106383825,1,0.5,22216,0.0,0.0,44432,44432.0,0,0.3954354556452962
FAN-002542,Jeonbuk Hyundai Motors,Under_18,free_registered,False,True,2,0.9603233466645724,1,0.5,21281,0.0,0.0,42562,42562.0,1,0.7726814573014973
FAN-002543,Jeonbuk Hyundai Motors,35_54,season_ticket_full,True,True,16,0.6916990633590783,11,0.3125,0,524098.0,5.0,0,524098.0,0,0.1840032298855828
FAN-002544,Jeju SK,55_Plus,free_registered,False,False,1,0.9189672378773802,0,1.0,16336,83385.0,1.0,16336,99721.0,0,0.26129009145684706
FAN-002545,FC Seoul,18_34,free_registered,True,False,2,0.9569222730198076,1,0.5,21608,129208.0,1.0,43216,172424.0,0,0.2958203856328857
FAN-002546,Ulsan HD,Under_18,free_registered,True,False,2,0.9409450254508106,1,0.5,20292,0.0,0.0,40584,40584.0,1,0.6184983990613858
FAN-002547,FC Seoul,35_54,paid_membership,False,False,5,0.9638237788634112,4,0.1999999999999999,16994,122918.0,2.0,84970,207888.0,1,0.567691021941022
FAN-002548,Ulsan HD,18_34,paid_membership,True,True,3,0.9875282201008568,2,0.3333333333333333,16099,0.0,0.0,48297,48297.0,0,0.25891058453228843
FAN-002549,Ulsan HD,35_54,paid_membership,False,False,3,0.9479189709343248,2,0.3333333333333333,18110,19213.0,1.0,54330,73543.0,0,0.16632871977749025
FAN-002550,FC Seoul,35_54,season_ticket_partial,True,True,10,0.8064233521401173,8,0.1999999999999999,0,258513.0,3.0,0,258513.0,0,0.08540375163201251
FAN-002551,Ulsan HD,55_Plus,free_registered,True,True,2,0.9790810040583734,1,0.5,19777,70765.0,1.0,39554,110319.0,0,0.41173289399627966
FAN-002552,FC Seoul,18_34,free_registered,True,True,2,0.9076573052648612,1,0.5,18331,71243.0,1.0,36662,107905.0,0,0.4690865528806707
FAN-002553,Jeonbuk Hyundai Motors,35_54,free_registered,True,False,1,0.9278578812901954,0,1.0,16875,0.0,0.0,16875,16875.0,1,0.6780909421628732
FAN-002554,Gangwon FC,18_34,paid_membership,True,True,3,0.9148247985573786,2,0.3333333333333333,24173,111872.0,1.0,72519,184391.0,0,0.4634820131787001
FAN-002555,FC Seoul,35_54,paid_membership,False,False,3,0.8724802632305917,2,0.3333333333333333,23305,118100.0,1.0,69915,188015.0,0,0.18886351426351422
FAN-002556,Gangwon FC,18_34,paid_membership,True,False,4,0.967015172109539,3,0.25,24610,95974.0,1.0,98440,194414.0,0,0.20975628198659696
FAN-002557,Ulsan HD,18_34,paid_membership,True,True,5,0.924462858437894,4,0.1999999999999999,21889,0.0,0.0,109445,109445.0,0,0.10544550466943159
FAN-002558,FC Seoul,18_34,paid_membership,True,False,4,0.8785213981282416,3,0.25,16990,199176.0,2.0,67960,267136.0,0,0.1048562218469507
FAN-002559,FC Seoul,18_34,season_ticket_partial,True,True,7,0.8953872222349815,6,0.1428571428571429,0,65063.0,1.0,0,65063.0,0,0.04725070725047212
FAN-002560,Ulsan HD,35_54,paid_membership,False,True,5,0.9779828085627712,4,0.1999999999999999,24875,0.0,0.0,124375,124375.0,0,0.06420482603815936
FAN-002561,Jeonbuk Hyundai Motors,35_54,paid_membership,True,False,2,0.9338239224898508,1,0.5,16042,131738.0,2.0,32084,163822.0,1,0.7681043818176028
FAN-002562,Jeonbuk Hyundai Motors,35_54,free_registered,True,True,2,0.9860238816506566,1,0.5,18035,56616.0,1.0,36070,92686.0,1,0.7025000083258913
FAN-002563,FC Seoul,Under_18,paid_membership,True,False,3,0.9890755401390716,2,0.3333333333333333,19379,0.0,0.0,58137,58137.0,0,0.12538613853535588
FAN-002564,FC Seoul,35_54,season_ticket_partial,True,False,11,0.8543693898458757,9,0.1818181818181817,0,344094.0,3.0,0,344094.0,0,0.2774806794861144
FAN-002565,Ulsan HD,18_34,free_registered,True,True,2,0.9624063326615326,1,0.5,20912,0.0,0.0,41824,41824.0,1,0.9278906434556666
FAN-002566,FC Seoul,35_54,paid_membership,True,False,4,0.8941944346928096,3,0.25,18428,0.0,0.0,73712,73712.0,0,0.07724657347789514
FAN-002567,FC Seoul,55_Plus,paid_membership,True,True,5,0.9115285322964738,4,0.1999999999999999,19187,131114.0,1.0,95935,227049.0,0,0.061225783475783474
FAN-002568,FC Seoul,Under_18,free_registered,False,True,1,0.9492949622016268,0,1.0,19740,51977.0,1.0,19740,71717.0,1,0.5061150766300234
FAN-002569,Jeonbuk Hyundai Motors,35_54,paid_membership,False,True,3,0.9806853642560328,2,0.3333333333333333,16843,136091.0,2.0,50529,186620.0,0,0.29329894179894167
FAN-002570,Gangwon FC,Under_18,free_registered,False,True,2,0.9636109775683802,1,0.5,19278,0.0,0.0,38556,38556.0,1,0.8263363631167067
FAN-002571,Ulsan HD,18_34,season_ticket_full,True,True,18,0.8916247273302509,16,0.1111111111111111,0,390690.0,4.0,0,390690.0,0,0.23062526937577293
FAN-002572,Gangwon FC,18_34,season_ticket_partial,True,False,6,0.8560257559326998,5,0.1666666666666666,0,157259.0,2.0,0,157259.0,0,0.13493957951192442
FAN-002573,Ulsan HD,Under_18,free_registered,True,True,2,0.9241686961765856,1,0.5,22068,52307.0,1.0,44136,96443.0,1,0.7581967074900132
FAN-002574,Ulsan HD,35_54,free_registered,True,False,2,0.973521444479644,1,0.5,22800,0.0,0.0,45600,45600.0,1,0.7945402929503589
FAN-002575,FC Seoul,Under_18,paid_membership,True,True,5,0.9991231113419003,4,0.1999999999999999,22900,0.0,0.0,114500,114500.0,0,0.2503520290440801
FAN-002576,Jeju SK,18_34,free_registered,False,True,2,0.995213482288952,1,0.5,18295,0.0,0.0,36590,36590.0,1,0.8258267015712588
FAN-002577,Gangwon FC,35_54,free_registered,True,True,2,0.9679479681782904,1,0.5,18897,0.0,0.0,37794,37794.0,1,0.8682050145337191
FAN-002578,Jeju SK,35_54,paid_membership,True,False,3,0.9715872800705948,2,0.3333333333333333,19927,28934.0,1.0,59781,88715.0,0,0.1373687952214439
FAN-002579,Ulsan HD,55_Plus,free_registered,True,True,1,0.9978631810466836,0,1.0,23499,0.0,0.0,23499,23499.0,0,0.3514695291395087
FAN-002580,Jeju SK,35_54,free_registered,True,True,1,0.9043380803227098,0,1.0,19107,0.0,0.0,19107,19107.0,1,0.8981897051509143
FAN-002581,FC Seoul,35_54,season_ticket_partial,True,True,10,0.8345586654339405,8,0.1999999999999999,0,153800.0,2.0,0,153800.0,0,0.13212225937225938
FAN-002582,Jeonbuk Hyundai Motors,18_34,season_ticket_partial,True,False,8,0.8561434496099449,6,0.25,0,268856.0,2.0,0,268856.0,0,0.23666942030099922
FAN-002583,Ulsan HD,Under_18,paid_membership,True,True,2,0.964342252476848,1,0.5,24258,116044.0,1.0,48516,164560.0,1,0.7541852120246282
FAN-002584,Ulsan HD,Under_18,season_ticket_partial,True,False,8,0.736660860286444,5,0.375,0,203359.0,3.0,0,203359.0,0,0.144680008640535
FAN-002585,Jeju SK,18_34,free_registered,True,True,2,0.9983386157155594,1,0.5,21286,26560.0,1.0,42572,69132.0,1,0.5477134686540672
FAN-002586,Jeju SK,35_54,free_registered,True,False,2,0.9904924390433576,1,0.5,22841,105978.0,1.0,45682,151660.0,1,0.5631159785349321
FAN-002587,FC Seoul,18_34,free_registered,True,True,2,0.9197117442020244,1,0.5,17268,0.0,0.0,34536,34536.0,1,0.5798768381239645
FAN-002588,Jeju SK,35_54,paid_membership,True,True,3,0.9435031956509872,2,0.3333333333333333,20691,69838.0,2.0,62073,131911.0,0,0.04137359104527779
FAN-002589,FC Seoul,18_34,season_ticket_full,True,True,19,0.8352750735363336,15,0.2105263157894736,0,333336.0,3.0,0,333336.0,0,0.1857604633928163
FAN-002590,Jeonbuk Hyundai Motors,Under_18,paid_membership,True,False,3,0.9571568759771084,2,0.3333333333333333,22762,133531.0,1.0,68286,201817.0,0,0.028511860646047396
FAN-002591,Jeonbuk Hyundai Motors,18_34,season_ticket_partial,True,True,9,0.7452557141531089,6,0.3333333333333333,0,303230.0,3.0,0,303230.0,0,0.08178641221964202
FAN-002592,Jeonbuk Hyundai Motors,35_54,paid_membership,False,False,3,0.9542430644228516,2,0.3333333333333333,17874,153598.0,2.0,53622,207220.0,0,0.2322952417952418
FAN-002593,Jeju SK,35_54,free_registered,True,True,1,0.9994164261589362,0,1.0,16601,37957.0,1.0,16601,54558.0,1,0.7648442127617824
FAN-002594,Ulsan HD,35_54,free_registered,True,True,1,0.904006964380088,0,1.0,22259,100162.0,1.0,22259,122421.0,1,0.5011906889406886
FAN-002595,FC Seoul,Under_18,free_registered,False,True,1,0.9257162934461935,0,1.0,23044,0.0,0.0,23044,23044.0,1,0.636467351878132
FAN-002596,Jeonbuk Hyundai Motors,55_Plus,free_registered,True,True,2,0.993457607773858,1,0.5,20780,0.0,0.0,41560,41560.0,1,0.819533545735027
FAN-002597,FC Seoul,18_34,paid_membership,True,False,2,0.9575061507350257,1,0.5,23512,0.0,0.0,47024,47024.0,0,0.3881659805929002
FAN-002598,Ulsan HD,Under_18,free_registered,True,False,1,0.9106489138962944,0,1.0,18582,26760.0,1.0,18582,45342.0,0,0.48380731720999665
FAN-002599,FC Seoul,55_Plus,paid_membership,False,False,5,0.855219160708965,4,0.1999999999999999,16095,0.0,0.0,80475,80475.0,1,0.735340255557647
FAN-002600,FC Seoul,18_34,paid_membership,False,False,3,0.968943723409032,2,0.3333333333333333,20220,17819.0,1.0,60660,78479.0,0,0.12303215413552986
FAN-002601,Jeju SK,35_54,free_registered,True,True,2,0.9386091253115696,1,0.5,24425,86812.0,1.0,48850,135662.0,0,0.447261946964002
FAN-002602,FC Seoul,18_34,free_registered,True,False,1,0.9788303107628664,0,1.0,20677,0.0,0.0,20677,20677.0,1,0.9093990141861481
FAN-002603,Jeonbuk Hyundai Motors,35_54,free_registered,True,True,1,0.961103565437669,0,1.0,22774,82776.0,1.0,22774,105550.0,0,0.4144569530699474
FAN-002604,Ulsan HD,55_Plus,free_registered,True,False,2,0.943490455634793,1,0.5,24213,130277.0,1.0,48426,178703.0,1,0.8586072871219929
FAN-002605,FC Seoul,18_34,season_ticket_partial,True,True,6,0.8405261380324902,5,0.1666666666666666,0,78506.0,2.0,0,78506.0,0,0.25723573660999954
FAN-002606,Ulsan HD,35_54,free_registered,True,False,1,0.9885938842017532,0,1.0,17235,0.0,0.0,17235,17235.0,1,0.636839349355528
FAN-002607,FC Seoul,18_34,paid_membership,True,False,2,0.9930630117330792,1,0.5,24187,110833.0,1.0,48374,159207.0,1,0.858674824491056
FAN-002608,FC Seoul,35_54,season_ticket_partial,True,False,10,0.8741240199102869,8,0.1999999999999999,0,91227.0,1.0,0,91227.0,0,0.05668308312058312
FAN-002609,Jeonbuk Hyundai Motors,18_34,season_ticket_partial,True,True,8,0.8151169291072811,6,0.25,0,261394.0,2.0,0,261394.0,0,0.04455537175102393
FAN-002610,FC Seoul,18_34,season_ticket_partial,True,True,7,0.7361872308107451,5,0.2857142857142857,0,138785.0,1.0,0,138785.0,0,0.36412522475036474
FAN-002611,Jeonbuk Hyundai Motors,18_34,free_registered,True,True,1,0.93298505495893,0,1.0,16552,95616.0,1.0,16552,112168.0,1,0.7536284832928801
FAN-002612,FC Seoul,18_34,free_registered,True,False,1,0.9892053099834532,0,1.0,18587,73039.0,1.0,18587,91626.0,1,0.6517506461158984
FAN-002613,FC Seoul,55_Plus,free_registered,False,False,1,0.9596833346679402,0,1.0,23966,0.0,0.0,23966,23966.0,1,0.6427893508082849
FAN-002614,Jeonbuk Hyundai Motors,18_34,free_registered,True,True,1,0.9343586790267836,0,1.0,23700,94988.0,1.0,23700,118688.0,1,0.86274412814854
FAN-002615,Ulsan HD,18_34,season_ticket_partial,True,True,5,0.7800542218346455,3,0.4,0,130079.0,2.0,0,130079.0,0,0.1209643201917061
FAN-002616,FC Seoul,18_34,paid_membership,True,True,3,0.851196871505137,2,0.3333333333333333,24227,163790.0,2.0,72681,236471.0,0,0.08564777881946557
FAN-002617,Ulsan HD,18_34,free_registered,True,False,2,0.9399975882995304,1,0.5,22092,0.0,0.0,44184,44184.0,1,0.6790073829378633
FAN-002618,FC Seoul,35_54,free_registered,True,True,2,0.9026171008666574,1,0.5,20065,66235.0,1.0,40130,106365.0,1,0.7893430088069966
FAN-002619,Jeonbuk Hyundai Motors,55_Plus,free_registered,False,False,1,0.9679002521783096,0,1.0,24722,112780.0,1.0,24722,137502.0,1,0.7131838631251597
FAN-002620,Ulsan HD,18_34,paid_membership,True,True,3,0.9546099984897876,2,0.3333333333333333,19089,0.0,0.0,57267,57267.0,0,0.4361322027237157
FAN-002621,Jeonbuk Hyundai Motors,35_54,paid_membership,True,True,4,0.9324745301119036,3,0.25,22227,0.0,0.0,88908,88908.0,0,0.10310395573934457
FAN-002622,Jeonbuk Hyundai Motors,35_54,season_ticket_partial,True,False,9,0.712883132058549,6,0.3333333333333333,0,219879.0,3.0,0,219879.0,0,0.36868031243031235
FAN-002623,Ulsan HD,18_34,season_ticket_full,True,True,17,0.6523058879924393,11,0.3529411764705882,0,271513.0,4.0,0,271513.0,0,0.1470238338159268
FAN-002624,Gangwon FC,35_54,free_registered,False,True,1,0.9224862014780262,0,1.0,23889,0.0,0.0,23889,23889.0,1,0.793162331601505
FAN-002625,Ulsan HD,18_34,free_registered,True,True,1,0.9865203557117632,0,1.0,22537,0.0,0.0,22537,22537.0,1,0.7655130022266204
FAN-002626,Gangwon FC,35_54,free_registered,True,True,1,0.9480636066775208,0,1.0,18067,139408.0,1.0,18067,157475.0,1,0.6216643521651589
FAN-002627,FC Seoul,35_54,free_registered,True,False,1,0.9695497111070694,0,1.0,18404,140417.0,1.0,18404,158821.0,1,0.8227467064154051
FAN-002628,Jeju SK,18_34,season_ticket_partial,True,True,5,0.9247082686344436,4,0.1999999999999999,0,132146.0,1.0,0,132146.0,0,0.16501227831796883
FAN-002629,Ulsan HD,55_Plus,paid_membership,True,False,5,0.8879154648963365,4,0.1999999999999999,24963,180414.0,2.0,124815,305229.0,0,0.18064515872252448
FAN-002630,Ulsan HD,35_54,paid_membership,False,True,2,0.9152321466274754,1,0.5,18873,0.0,0.0,37746,37746.0,1,0.5157962204668659
FAN-002631,Jeju SK,18_34,free_registered,True,False,1,0.9771156730240348,0,1.0,23707,91354.0,1.0,23707,115061.0,1,0.7675451662534998
FAN-002632,Jeonbuk Hyundai Motors,35_54,free_registered,True,False,1,0.9232138176152735,0,1.0,21480,0.0,0.0,21480,21480.0,0,0.45720871183705253
FAN-002633,FC Seoul,18_34,free_registered,True,False,1,0.9625719809388854,0,1.0,16716,0.0,0.0,16716,16716.0,1,0.5189807872087002
FAN-002634,FC Seoul,55_Plus,paid_membership,True,False,5,0.9956079160316113,4,0.1999999999999999,20159,76900.0,1.0,100795,177695.0,0,0.25541263828763827
FAN-002635,Jeonbuk Hyundai Motors,35_54,paid_membership,True,True,3,0.971117989751542,2,0.3333333333333333,22429,0.0,0.0,67287,67287.0,0,0.30500549044732334
FAN-002636,Jeju SK,Under_18,free_registered,True,True,1,0.9068331757352242,0,1.0,22485,0.0,0.0,22485,22485.0,0,0.3634939009500504
FAN-002637,Gangwon FC,18_34,paid_membership,True,False,4,0.8813602082660417,3,0.25,18556,0.0,0.0,74224,74224.0,0,0.08084347898037339
FAN-002638,Jeonbuk Hyundai Motors,35_54,season_ticket_partial,True,True,11,0.7770835377250709,8,0.2727272727272727,0,287220.0,2.0,0,287220.0,0,0.035689822396965255
FAN-002639,Gangwon FC,Under_18,free_registered,True,True,2,0.9690629581055245,1,0.5,23605,48540.0,1.0,47210,95750.0,1,0.7443000851213767
FAN-002640,Jeonbuk Hyundai Motors,Under_18,paid_membership,False,True,4,0.9390186421142184,3,0.25,22678,15827.0,1.0,90712,106539.0,0,0.15169329018838823
FAN-002641,FC Seoul,18_34,free_registered,True,True,1,0.9396015756933684,0,1.0,19601,49664.0,1.0,19601,69265.0,1,0.8152933721102326
FAN-002642,FC Seoul,18_34,paid_membership,True,True,4,0.9955127199524813,3,0.25,19837,84886.0,2.0,79348,164234.0,0,0.22180918900787333
FAN-002643,Jeonbuk Hyundai Motors,18_34,paid_membership,True,True,4,0.9605108462360198,3,0.25,24272,0.0,0.0,97088,97088.0,0,0.22117270560806446
FAN-002644,Jeju SK,18_34,season_ticket_full,True,True,19,0.7739773098806224,14,0.2631578947368421,0,502885.0,5.0,0,502885.0,0,0.1146847978103014
FAN-002645,FC Seoul,18_34,free_registered,False,False,2,0.9554309004174024,1,0.5,22837,0.0,0.0,45674,45674.0,1,0.6683113034076765
FAN-002646,Ulsan HD,35_54,free_registered,False,True,2,0.9629216176339794,1,0.5,24030,93231.0,1.0,48060,141291.0,1,0.6447161593958328
FAN-002647,Gangwon FC,18_34,free_registered,True,False,1,0.9867687448908088,0,1.0,19995,93332.0,1.0,19995,113327.0,1,0.61554276754701
FAN-002648,Ulsan HD,18_34,free_registered,True,True,2,0.9921828946639458,1,0.5,18695,0.0,0.0,37390,37390.0,1,0.687228450965628
FAN-002649,Ulsan HD,18_34,paid_membership,True,False,5,0.9470925314702788,4,0.1999999999999999,20511,0.0,0.0,102555,102555.0,0,0.3597230851558217
FAN-002650,Ulsan HD,35_54,season_ticket_partial,True,True,9,0.7114353666920029,6,0.3333333333333333,0,228680.0,2.0,0,228680.0,0,0.09316762061327276
FAN-002651,FC Seoul,Under_18,free_registered,True,True,2,0.9518915814175292,1,0.5,19879,113426.0,1.0,39758,153184.0,1,0.7354315353439526
FAN-002652,Ulsan HD,Under_18,free_registered,True,True,2,0.941281236000454,1,0.5,19762,0.0,0.0,39524,39524.0,0,0.4815171546955452
FAN-002653,Ulsan HD,Under_18,free_registered,True,True,1,0.9451169440025315,0,1.0,16222,137614.0,1.0,16222,153836.0,1,0.7232757858409885
FAN-002654,FC Seoul,35_54,free_registered,False,False,1,0.9458505200354314,0,1.0,22339,0.0,0.0,22339,22339.0,1,0.8542981670737443
FAN-002655,Jeonbuk Hyundai Motors,35_54,free_registered,True,False,1,0.989518859153038,0,1.0,17014,86905.0,1.0,17014,103919.0,0,0.4746432168049815
FAN-002656,Ulsan HD,35_54,free_registered,True,True,2,0.963662706673744,1,0.5,17018,64369.0,1.0,34036,98405.0,1,0.8127798400292214
FAN-002657,Jeonbuk Hyundai Motors,35_54,paid_membership,True,True,3,0.9337570384492506,2,0.3333333333333333,18296,0.0,0.0,54888,54888.0,0,0.11781676353327644
FAN-002658,Jeonbuk Hyundai Motors,35_54,free_registered,False,True,2,0.945478270983286,1,0.5,24417,81071.0,1.0,48834,129905.0,1,0.6617348992836604
FAN-002659,FC Seoul,18_34,paid_membership,True,True,2,0.9049643975794528,1,0.5,21773,130014.0,2.0,43546,173560.0,0,0.3681590057879242
FAN-002660,Jeju SK,35_54,paid_membership,False,True,2,0.9016107753999796,1,0.5,20582,0.0,0.0,41164,41164.0,0,0.462427409941406
FAN-002661,Ulsan HD,Under_18,free_registered,True,False,2,0.9014746492534256,1,0.5,21269,136192.0,1.0,42538,178730.0,1,0.6761539105969143
FAN-002662,Jeonbuk Hyundai Motors,35_54,paid_membership,True,True,3,0.9434609150786826,2,0.3333333333333333,19947,51813.0,1.0,59841,111654.0,0,0.05815778832947507
FAN-002663,FC Seoul,35_54,paid_membership,False,False,4,0.9737673514984976,3,0.25,22353,93125.0,1.0,89412,182537.0,0,0.14642385714124845
FAN-002664,Jeju SK,18_34,paid_membership,False,False,3,0.917118722985653,2,0.3333333333333333,20411,0.0,0.0,61233,61233.0,0,0.11112379039505828
FAN-002665,Jeju SK,18_34,free_registered,True,False,2,0.9408395224047544,1,0.5,20495,137175.0,1.0,40990,178165.0,1,0.5302918412833457
FAN-002666,FC Seoul,18_34,free_registered,True,True,1,0.917509909092107,0,1.0,21247,29313.0,1.0,21247,50560.0,1,0.6733154816908011
FAN-002667,FC Seoul,35_54,season_ticket_partial,True,False,6,0.8794952758115522,5,0.1666666666666666,0,78412.0,1.0,0,78412.0,0,0.051158132860082986
FAN-002668,Jeju SK,35_54,paid_membership,True,False,2,0.9347368787392762,1,0.5,16768,253668.0,2.0,33536,287204.0,0,0.3719347913528065
FAN-002669,Jeonbuk Hyundai Motors,35_54,free_registered,True,True,2,0.9717273565795644,1,0.5,24215,147514.0,1.0,48430,195944.0,1,0.7403577732086857
FAN-002670,Ulsan HD,18_34,free_registered,True,True,1,0.9540200222978528,0,1.0,18173,0.0,0.0,18173,18173.0,0,0.22199150972361545
FAN-002671,Jeju SK,35_54,free_registered,True,False,1,0.973487651985304,0,1.0,21290,0.0,0.0,21290,21290.0,1,0.7701794229925208
FAN-002672,Ulsan HD,35_54,free_registered,True,False,1,0.9964654681706128,0,1.0,19292,0.0,0.0,19292,19292.0,1,0.5732306131207046
FAN-002673,Jeonbuk Hyundai Motors,35_54,paid_membership,True,True,5,0.992113664008979,4,0.1999999999999999,22111,0.0,0.0,110555,110555.0,0,0.29752372017811257
FAN-002674,FC Seoul,18_34,free_registered,True,True,1,0.9555347945136382,0,1.0,23224,0.0,0.0,23224,23224.0,0,0.4338183962530159
FAN-002675,Jeonbuk Hyundai Motors,18_34,free_registered,True,True,1,0.947860331883654,0,1.0,21780,0.0,0.0,21780,21780.0,1,0.6648810546428117
FAN-002676,FC Seoul,35_54,paid_membership,True,True,3,0.9413140780046068,2,0.3333333333333333,18080,0.0,0.0,54240,54240.0,0,0.11819771591422885
FAN-002677,Ulsan HD,35_54,free_registered,True,True,1,0.9635162228489688,0,1.0,22043,98905.0,1.0,22043,120948.0,1,0.5777665165868279
FAN-002678,FC Seoul,55_Plus,paid_membership,True,True,3,0.9219354563552836,2,0.3333333333333333,21227,139078.0,2.0,63681,202759.0,0,0.05624059441228115
FAN-002679,FC Seoul,Under_18,paid_membership,True,False,4,0.9095289382591516,3,0.25,23139,27266.0,1.0,92556,119822.0,0,0.2723259728546373
FAN-002680,Ulsan HD,Under_18,free_registered,True,False,2,0.9013457342754176,1,0.5,18112,53736.0,1.0,36224,89960.0,0,0.4220975246747854
FAN-002681,FC Seoul,55_Plus,paid_membership,True,False,2,0.9907655774896228,1,0.5,19147,0.0,0.0,38294,38294.0,1,0.8984182989950773
FAN-002682,Jeonbuk Hyundai Motors,18_34,paid_membership,False,True,2,0.9509742374048687,1,0.5,22048,219307.0,2.0,44096,263403.0,1,0.7658417952497397
FAN-002683,FC Seoul,35_54,free_registered,True,False,2,0.9958153090095324,1,0.5,19947,0.0,0.0,39894,39894.0,1,0.50931206820002
FAN-002684,Ulsan HD,18_34,free_registered,True,True,1,0.9968992767324872,0,1.0,21572,0.0,0.0,21572,21572.0,1,0.7534492664185908
FAN-002685,Ulsan HD,Under_18,paid_membership,True,True,5,0.8951557230263453,4,0.1999999999999999,22051,0.0,0.0,110255,110255.0,0,0.08545740943133638
FAN-002686,FC Seoul,35_54,season_ticket_full,True,False,19,0.7739353157896539,14,0.2631578947368421,0,319559.0,3.0,0,319559.0,0,0.09406333644568941
FAN-002687,FC Seoul,35_54,paid_membership,True,True,2,0.8587363744333413,1,0.5,24817,178331.0,2.0,49634,227965.0,0,0.43381038919724624
FAN-002688,Ulsan HD,18_34,free_registered,False,True,1,0.9162174695370569,0,1.0,23475,46578.0,1.0,23475,70053.0,1,0.8512119038369038
FAN-002689,Ulsan HD,18_34,paid_membership,True,True,3,0.9800571409540916,2,0.3333333333333333,16404,279698.0,2.0,49212,328910.0,0,0.23805757625167573
FAN-002690,Ulsan HD,35_54,free_registered,False,True,2,0.947620651672895,1,0.5,21755,0.0,0.0,43510,43510.0,1,0.7171210982725983
FAN-002691,Ulsan HD,Under_18,paid_membership,True,False,2,0.96127139658378,1,0.5,24334,106831.0,1.0,48668,155499.0,1,0.6703035331443261
FAN-002692,Jeju SK,35_54,paid_membership,True,False,4,0.9565770955051004,3,0.25,19720,123173.0,1.0,78880,202053.0,0,0.2826118492417405
FAN-002693,FC Seoul,18_34,paid_membership,False,False,3,0.9216739764223272,2,0.3333333333333333,18806,70925.0,2.0,56418,127343.0,0,0.1543803353079669
FAN-002694,Ulsan HD,35_54,season_ticket_partial,True,False,11,0.9304453228946646,10,0.0909090909090909,0,72939.0,1.0,0,72939.0,0,0.46686057599807573
FAN-002695,Gangwon FC,55_Plus,paid_membership,True,False,2,0.9265201848658332,1,0.5,20167,190997.0,2.0,40334,231331.0,1,0.6881304319309011
FAN-002696,Ulsan HD,35_54,paid_membership,True,False,2,0.8544461663104975,1,0.5,17818,83042.0,1.0,35636,118678.0,1,0.500971190919077
FAN-002697,Jeju SK,18_34,free_registered,True,True,1,0.9572249669668302,0,1.0,20649,40918.0,1.0,20649,61567.0,1,0.8309233111448329
FAN-002698,Ulsan HD,35_54,season_ticket_partial,True,False,6,0.9238047839266148,5,0.1666666666666666,0,219393.0,2.0,0,219393.0,0,0.07863198165086036
FAN-002699,Jeonbuk Hyundai Motors,18_34,season_ticket_full,True,True,15,0.8518742494743455,12,0.1999999999999999,0,261669.0,3.0,0,261669.0,0,0.16164402025463404
FAN-002700,Jeonbuk Hyundai Motors,18_34,free_registered,False,False,2,0.944528066373024,1,0.5,17940,59591.0,1.0,35880,95471.0,1,0.8686389996891127
FAN-002701,Ulsan HD,55_Plus,free_registered,False,True,2,0.9690082240572472,1,0.5,17067,0.0,0.0,34134,34134.0,1,0.8591746314729011
FAN-002702,Gangwon FC,35_54,free_registered,True,False,1,0.929143705860191,0,1.0,16989,101124.0,1.0,16989,118113.0,0,0.40366918891327086
FAN-002703,FC Seoul,35_54,paid_membership,True,False,3,0.8521799802705284,2,0.3333333333333333,24480,0.0,0.0,73440,73440.0,0,0.166658922267151
FAN-002704,FC Seoul,18_34,paid_membership,False,False,3,0.9010281103997568,2,0.3333333333333333,23746,0.0,0.0,71238,71238.0,0,0.3471081941158081
FAN-002705,Jeonbuk Hyundai Motors,Under_18,free_registered,True,False,2,0.9796647973885444,1,0.5,22143,0.0,0.0,44286,44286.0,1,0.7655393785109786
FAN-002706,Jeonbuk Hyundai Motors,Under_18,season_ticket_partial,True,True,6,0.9494696347338312,5,0.1666666666666666,0,201723.0,2.0,0,201723.0,0,0.20412338356057227
FAN-002707,FC Seoul,35_54,free_registered,True,True,1,0.9393084098949002,0,1.0,20633,0.0,0.0,20633,20633.0,1,0.635984844117292
FAN-002708,FC Seoul,35_54,paid_membership,True,True,3,0.9728477557638606,2,0.3333333333333333,23461,54704.0,1.0,70383,125087.0,0,0.04923698451455362
FAN-002709,FC Seoul,18_34,free_registered,False,True,1,0.9443680318675456,0,1.0,21219,0.0,0.0,21219,21219.0,0,0.4660072010900008
FAN-002710,FC Seoul,35_54,free_registered,True,True,2,0.9946809950127784,1,0.5,17174,142099.0,1.0,34348,176447.0,1,0.5805884804859344
FAN-002711,Jeonbuk Hyundai Motors,Under_18,free_registered,True,True,1,0.91589572615826,0,1.0,19537,57924.0,1.0,19537,77461.0,1,0.7126192303197111
FAN-002712,Ulsan HD,18_34,free_registered,True,True,2,0.908799627693277,1,0.5,23591,134517.0,1.0,47182,181699.0,1,0.6561795259416091
FAN-002713,Ulsan HD,18_34,paid_membership,False,False,4,0.9197809539320402,3,0.25,23780,0.0,0.0,95120,95120.0,0,0.2849511789143117
FAN-002714,Ulsan HD,18_34,paid_membership,True,False,3,0.9149694647223584,2,0.3333333333333333,17688,87746.0,1.0,53064,140810.0,0,0.1154989471706339
FAN-002715,FC Seoul,Under_18,free_registered,True,True,1,0.9061957673194616,0,1.0,22552,139351.0,1.0,22552,161903.0,1,0.7692210074039025
FAN-002716,FC Seoul,55_Plus,free_registered,True,True,1,0.9684738041315044,0,1.0,16643,0.0,0.0,16643,16643.0,0,0.3096919793382113
FAN-002717,Jeju SK,18_34,free_registered,True,True,2,0.9117401755098336,1,0.5,20346,0.0,0.0,40692,40692.0,0,0.22711109694740267
FAN-002718,Gangwon FC,55_Plus,paid_membership,True,True,2,0.8751278062977635,1,0.5,21843,140559.0,2.0,43686,184245.0,1,0.7795786888420312
FAN-002719,Jeonbuk Hyundai Motors,18_34,paid_membership,True,True,5,0.9222061979024172,4,0.1999999999999999,24044,152830.0,2.0,120220,273050.0,0,0.04243729142642186
FAN-002720,FC Seoul,55_Plus,free_registered,True,True,2,0.94461578833601,1,0.5,20974,0.0,0.0,41948,41948.0,1,0.8167159516953677
FAN-002721,Jeonbuk Hyundai Motors,35_54,paid_membership,False,True,4,0.9834708869705084,3,0.25,18619,73637.0,2.0,74476,148113.0,0,0.15519894217123323
FAN-002722,Jeonbuk Hyundai Motors,55_Plus,free_registered,True,True,1,0.9970674114226156,0,1.0,16554,0.0,0.0,16554,16554.0,1,0.771529242412878
FAN-002723,Jeonbuk Hyundai Motors,Under_18,season_ticket_partial,True,True,5,0.7627647867009176,3,0.4,0,118609.0,1.0,0,118609.0,0,0.15779529629289393
FAN-002724,Ulsan HD,35_54,season_ticket_partial,True,True,5,0.8253835672414656,4,0.1999999999999999,0,161227.0,2.0,0,161227.0,0,0.2849352640851496
FAN-002725,Ulsan HD,55_Plus,paid_membership,True,False,3,0.8709423072943507,2,0.3333333333333333,16532,24332.0,1.0,49596,73928.0,0,0.09451000377333277
FAN-002726,Ulsan HD,Under_18,season_ticket_full,True,False,15,0.6811970510671358,10,0.3333333333333333,0,347904.0,4.0,0,347904.0,0,0.05809199784277182
FAN-002727,FC Seoul,Under_18,season_ticket_partial,True,True,10,0.7875579926098988,7,0.3,0,272565.0,3.0,0,272565.0,0,0.11216613046892554
FAN-002728,FC Seoul,18_34,season_ticket_partial,True,True,11,0.8455519671067391,9,0.1818181818181817,0,101339.0,1.0,0,101339.0,0,0.1637180273430274
FAN-002729,FC Seoul,55_Plus,paid_membership,True,True,3,0.9386238351876252,2,0.3333333333333333,21803,96608.0,2.0,65409,162017.0,0,0.09782049599218273
FAN-002730,Ulsan HD,18_34,free_registered,True,True,1,0.9695834680522476,0,1.0,19282,140193.0,1.0,19282,159475.0,1,0.8207532632540698
FAN-002731,Jeonbuk Hyundai Motors,18_34,free_registered,True,True,2,0.9216812409709776,1,0.5,18180,145556.0,1.0,36360,181916.0,1,0.7187393362104463
FAN-002732,Ulsan HD,Under_18,free_registered,True,True,1,0.93212270363633,0,1.0,16956,0.0,0.0,16956,16956.0,1,0.586511384357992
FAN-002733,FC Seoul,Under_18,paid_membership,True,True,5,0.9193885866312964,4,0.1999999999999999,17323,0.0,0.0,86615,86615.0,0,0.15050062069357642
FAN-002734,Gangwon FC,35_54,free_registered,True,True,2,0.97889905388821,1,0.5,24410,47216.0,1.0,48820,96036.0,0,0.4273465674719196
FAN-002735,Gangwon FC,Under_18,free_registered,True,False,2,0.9603156415512843,1,0.5,19056,0.0,0.0,38112,38112.0,1,0.5179318316921616
FAN-002736,Jeonbuk Hyundai Motors,35_54,free_registered,True,True,1,0.979196860593002,0,1.0,20482,0.0,0.0,20482,20482.0,1,0.5997754843908707
FAN-002737,Gangwon FC,55_Plus,free_registered,True,True,1,0.9228618042552426,0,1.0,18718,34307.0,1.0,18718,53025.0,0,0.26225519467306135
FAN-002738,Ulsan HD,18_34,paid_membership,True,True,4,0.9564160026338,3,0.25,19372,0.0,0.0,77488,77488.0,0,0.2365413312540764
FAN-002739,Gangwon FC,35_54,season_ticket_full,True,True,18,0.6127586052807161,11,0.3888888888888888,0,462567.0,5.0,0,462567.0,0,0.09949741162976454
FAN-002740,FC Seoul,Under_18,paid_membership,True,False,2,0.9415540524684812,1,0.5,19657,208118.0,2.0,39314,247432.0,1,0.7524222637374387
FAN-002741,Ulsan HD,35_54,paid_membership,True,False,3,0.9465703947116316,2,0.3333333333333333,18870,119562.0,1.0,56610,176172.0,0,0.08915822539241214
FAN-002742,FC Seoul,18_34,paid_membership,True,True,3,0.9497866825650814,2,0.3333333333333333,24251,139438.0,1.0,72753,212191.0,0,0.09737522644691321
FAN-002743,FC Seoul,35_54,free_registered,True,False,2,0.919481246494924,1,0.5,16926,92381.0,1.0,33852,126233.0,0,0.498865344814791
FAN-002744,FC Seoul,18_34,free_registered,False,False,2,0.9698683872220566,1,0.5,19837,55695.0,1.0,39674,95369.0,1,0.8741101656796708
FAN-002745,Jeju SK,18_34,season_ticket_partial,True,True,8,0.9420221700624316,7,0.125,0,94527.0,1.0,0,94527.0,0,0.25802423433580735
FAN-002746,Jeonbuk Hyundai Motors,35_54,free_registered,True,True,1,0.9810348903343352,0,1.0,22258,62168.0,1.0,22258,84426.0,1,0.9339910175074546
FAN-002747,Jeju SK,18_34,free_registered,False,False,1,0.9754685369488538,0,1.0,24486,0.0,0.0,24486,24486.0,0,0.4767142359038233
FAN-002748,FC Seoul,35_54,paid_membership,True,True,5,0.9636716551650992,4,0.1999999999999999,16615,165458.0,2.0,83075,248533.0,0,0.21189510851467366
FAN-002749,Jeonbuk Hyundai Motors,18_34,free_registered,True,True,2,0.9766964226203734,1,0.5,17583,132261.0,1.0,35166,167427.0,0,0.3548254371197355
FAN-002750,Jeju SK,35_54,free_registered,True,True,2,0.948457262243928,1,0.5,19855,0.0,0.0,39710,39710.0,0,0.40062734542960193
FAN-002751,Ulsan HD,18_34,free_registered,True,False,2,0.9404525557148684,1,0.5,19507,107737.0,1.0,39014,146751.0,0,0.3555341063878378
FAN-002752,Jeju SK,35_54,free_registered,True,False,2,0.9964782319791506,1,0.5,21352,0.0,0.0,42704,42704.0,1,0.7179935298629025
FAN-002753,FC Seoul,Under_18,free_registered,True,False,1,0.9146669890295576,0,1.0,20349,0.0,0.0,20349,20349.0,1,0.7260422042090633
FAN-002754,Ulsan HD,18_34,free_registered,True,False,1,0.986471895283515,0,1.0,21484,28762.0,1.0,21484,50246.0,1,0.5217283193099231
FAN-002755,Gangwon FC,18_34,paid_membership,True,False,5,0.8933710768457963,4,0.1999999999999999,21507,0.0,0.0,107535,107535.0,0,0.08847119573651044
FAN-002756,FC Seoul,35_54,season_ticket_partial,True,False,6,0.7707053266878144,4,0.3333333333333333,0,112095.0,1.0,0,112095.0,0,0.029961294157680268
FAN-002757,Ulsan HD,18_34,free_registered,True,False,1,0.936293598645946,0,1.0,21256,75009.0,1.0,21256,96265.0,1,0.6988682725700754
FAN-002758,Jeonbuk Hyundai Motors,35_54,season_ticket_partial,True,False,8,0.7232665495789931,5,0.375,0,49796.0,1.0,0,49796.0,0,0.1056302516927517
FAN-002759,Jeonbuk Hyundai Motors,35_54,free_registered,True,True,1,0.981840256349636,0,1.0,18105,130194.0,1.0,18105,148299.0,1,0.7122868303709708
FAN-002760,FC Seoul,18_34,free_registered,True,False,1,0.9183013209129728,0,1.0,16219,37153.0,1.0,16219,53372.0,0,0.3623793200032716
FAN-002761,FC Seoul,35_54,free_registered,True,False,2,0.9754793057701624,1,0.5,21137,97880.0,1.0,42274,140154.0,1,0.6774956762030977
FAN-002762,FC Seoul,Under_18,paid_membership,False,False,4,0.9336796196335558,3,0.25,17200,0.0,0.0,68800,68800.0,1,0.5035930298568156
FAN-002763,Jeju SK,18_34,free_registered,True,False,2,0.9934950252252572,1,0.5,21675,0.0,0.0,43350,43350.0,0,0.45790607102544384
FAN-002764,Ulsan HD,35_54,paid_membership,True,False,3,0.9958350798633891,2,0.3333333333333333,21613,241687.0,2.0,64839,306526.0,0,0.2357538774255642
FAN-002765,FC Seoul,35_54,paid_membership,True,False,2,0.8637728813569909,1,0.5,20581,0.0,0.0,41162,41162.0,1,0.5832661513583718
FAN-002766,Gangwon FC,35_54,paid_membership,True,True,4,0.9582525488796672,3,0.25,21834,195562.0,2.0,87336,282898.0,1,0.5914954399239389
FAN-002767,Ulsan HD,18_34,paid_membership,True,True,4,0.9239202483900468,3,0.25,22053,0.0,0.0,88212,88212.0,0,0.12614037692050262
FAN-002768,FC Seoul,18_34,season_ticket_full,True,True,19,0.7115014003028509,13,0.3157894736842105,0,267118.0,3.0,0,267118.0,0,0.22535204418580373
FAN-002769,Ulsan HD,Under_18,free_registered,True,True,2,0.9972662412173032,1,0.5,20944,50725.0,1.0,41888,92613.0,1,0.8311889860425029
FAN-002770,Jeju SK,35_54,free_registered,False,True,1,0.9445799481921308,0,1.0,20048,37532.0,1.0,20048,57580.0,1,0.8107565929918787
FAN-002771,FC Seoul,18_34,paid_membership,True,True,3,0.9288252181472963,2,0.3333333333333333,19561,292175.0,2.0,58683,350858.0,0,0.06648861595102196
FAN-002772,FC Seoul,35_54,paid_membership,False,True,5,0.8681101232094433,4,0.1999999999999999,22401,36752.0,1.0,112005,148757.0,0,0.16329776704776708
FAN-002773,Jeonbuk Hyundai Motors,18_34,free_registered,True,False,2,0.9022683700406636,1,0.5,18929,0.0,0.0,37858,37858.0,1,0.6793634095462069
FAN-002774,Ulsan HD,18_34,free_registered,True,True,1,0.9795020487138956,0,1.0,18451,0.0,0.0,18451,18451.0,0,0.31620065479805176
FAN-002775,Ulsan HD,18_34,free_registered,False,False,2,0.9885811224608172,1,0.5,17247,0.0,0.0,34494,34494.0,1,0.7767118147924299
FAN-002776,Ulsan HD,Under_18,free_registered,True,False,1,0.9162808654208556,0,1.0,16770,0.0,0.0,16770,16770.0,0,0.4406570873640634
FAN-002777,FC Seoul,18_34,free_registered,False,True,1,0.9553980937747212,0,1.0,18595,55675.0,1.0,18595,74270.0,1,0.6949753838065069
FAN-002778,FC Seoul,35_54,season_ticket_full,True,True,16,0.6656185989002398,10,0.375,0,418454.0,5.0,0,418454.0,0,0.22935198298433584
FAN-002779,Ulsan HD,35_54,paid_membership,True,False,3,0.9802864618606192,2,0.3333333333333333,21890,130580.0,1.0,65670,196250.0,0,0.06064888288306962
FAN-002780,FC Seoul,18_34,free_registered,True,False,2,0.9788365871387136,1,0.5,19427,0.0,0.0,38854,38854.0,1,0.5775697053410792
FAN-002781,FC Seoul,18_34,paid_membership,True,True,2,0.9647240911072816,1,0.5,18373,104457.0,2.0,36746,141203.0,1,0.5815213995411392
FAN-002782,Jeonbuk Hyundai Motors,Under_18,season_ticket_partial,True,True,11,0.7868620313509054,8,0.2727272727272727,0,133696.0,2.0,0,133696.0,0,0.3236680734422072
FAN-002783,Gangwon FC,35_54,free_registered,True,True,1,0.9918815861128416,0,1.0,19374,0.0,0.0,19374,19374.0,1,0.7563400403722202
FAN-002784,Jeonbuk Hyundai Motors,Under_18,free_registered,True,True,1,0.941682335499923,0,1.0,16007,45214.0,1.0,16007,61221.0,0,0.3071188934957387
FAN-002785,Jeonbuk Hyundai Motors,55_Plus,paid_membership,True,True,4,0.9492520831821673,3,0.25,20709,114746.0,1.0,82836,197582.0,0,0.12331123457439253
FAN-002786,FC Seoul,18_34,paid_membership,True,True,5,0.906971145353014,4,0.1999999999999999,22768,0.0,0.0,113840,113840.0,0,0.11702822578981158
FAN-002787,Gangwon FC,18_34,free_registered,True,False,1,0.9438988999895344,0,1.0,22351,149183.0,1.0,22351,171534.0,1,0.9023724195194781
FAN-002788,FC Seoul,55_Plus,season_ticket_full,True,False,18,0.6885519825814775,12,0.3333333333333333,0,327137.0,4.0,0,327137.0,0,0.13351429776507173
FAN-002789,Gangwon FC,Under_18,free_registered,True,False,2,0.9881354667182138,1,0.5,17068,27248.0,1.0,34136,61384.0,1,0.6855211345523203
FAN-002790,Gangwon FC,35_54,free_registered,True,False,2,0.9204739499338784,1,0.5,24713,0.0,0.0,49426,49426.0,0,0.41447776245060663
FAN-002791,Jeonbuk Hyundai Motors,18_34,free_registered,False,False,2,0.931850710555484,1,0.5,22485,0.0,0.0,44970,44970.0,1,0.8555323522701369
FAN-002792,Gangwon FC,18_34,free_registered,True,False,1,0.9974482006572226,0,1.0,21864,0.0,0.0,21864,21864.0,0,0.41933381234222306
FAN-002793,Jeju SK,18_34,paid_membership,True,True,2,0.9593667516274949,1,0.5,21598,88415.0,2.0,43196,131611.0,1,0.7591415121113672
FAN-002794,FC Seoul,35_54,season_ticket_full,True,True,18,0.8497817140469387,15,0.1666666666666666,0,373356.0,4.0,0,373356.0,1,0.5326031233931007
FAN-002795,Ulsan HD,35_54,free_registered,False,False,2,0.9371427783951156,1,0.5,22312,98942.0,1.0,44624,143566.0,1,0.7147888986886144
FAN-002796,Jeju SK,Under_18,season_ticket_full,True,False,15,0.678716234539039,10,0.3333333333333333,0,145125.0,2.0,0,145125.0,0,0.12437799194842537
FAN-002797,FC Seoul,55_Plus,season_ticket_partial,True,True,7,0.8993821823818522,6,0.1428571428571429,0,210209.0,3.0,0,210209.0,0,0.04871109637733679
FAN-002798,Jeju SK,18_34,free_registered,True,True,1,0.9221301762079576,0,1.0,24791,0.0,0.0,24791,24791.0,0,0.38631932150076886
FAN-002799,Gangwon FC,18_34,paid_membership,True,False,2,0.953956789794171,1,0.5,19800,0.0,0.0,39600,39600.0,1,0.6756787777926253
FAN-002800,FC Seoul,18_34,free_registered,False,True,2,0.9966610201023334,1,0.5,19895,0.0,0.0,39790,39790.0,1,0.8528342037756494
FAN-002801,Jeonbuk Hyundai Motors,Under_18,paid_membership,False,True,5,0.8666721182306086,4,0.1999999999999999,19425,0.0,0.0,97125,97125.0,1,0.5252656594234326
FAN-002802,Gangwon FC,Under_18,free_registered,False,False,2,0.9985276687070892,1,0.5,22215,0.0,0.0,44430,44430.0,1,0.5290735899534698
FAN-002803,Gangwon FC,55_Plus,paid_membership,True,True,3,0.9891912953186708,2,0.3333333333333333,18680,112812.0,1.0,56040,168852.0,0,0.1213077101668969
FAN-002804,Gangwon FC,18_34,free_registered,True,False,1,0.903447823831386,0,1.0,23339,0.0,0.0,23339,23339.0,1,0.5713934105409768
FAN-002805,Ulsan HD,Under_18,season_ticket_partial,True,False,8,0.8310357050857571,6,0.25,0,218729.0,3.0,0,218729.0,0,0.14102830702830707
FAN-002806,Gangwon FC,Under_18,season_ticket_partial,True,True,5,0.929347689381224,4,0.1999999999999999,0,98348.0,1.0,0,98348.0,0,0.23777377604962785
FAN-002807,Jeonbuk Hyundai Motors,35_54,free_registered,True,True,2,0.912014378852438,1,0.5,19248,0.0,0.0,38496,38496.0,0,0.4513935891789563
FAN-002808,FC Seoul,35_54,free_registered,True,True,1,0.9828426938620252,0,1.0,24293,0.0,0.0,24293,24293.0,1,0.7117648258590021
FAN-002809,Ulsan HD,18_34,free_registered,True,True,1,0.9730080676309876,0,1.0,20038,0.0,0.0,20038,20038.0,1,0.5314626128507954
FAN-002810,Jeonbuk Hyundai Motors,Under_18,paid_membership,True,False,5,0.910793825037084,4,0.1999999999999999,16259,0.0,0.0,81295,81295.0,0,0.3391461871461871
FAN-002811,FC Seoul,18_34,free_registered,False,True,2,0.9291994749164596,1,0.5,16276,41598.0,1.0,32552,74150.0,1,0.6458210410693969
FAN-002812,Jeju SK,Under_18,paid_membership,True,True,5,0.9522522847475654,4,0.1999999999999999,20691,145217.0,2.0,103455,248672.0,0,0.05556840065535717
FAN-002813,Jeju SK,Under_18,free_registered,True,True,1,0.9964446842853918,0,1.0,20560,130012.0,1.0,20560,150572.0,1,0.6936837491210446
FAN-002814,FC Seoul,18_34,free_registered,True,True,2,0.9802075563342094,1,0.5,23539,0.0,0.0,47078,47078.0,0,0.43550329709579777
FAN-002815,Jeju SK,18_34,free_registered,True,True,2,0.9693384242138542,1,0.5,19326,98451.0,1.0,38652,137103.0,0,0.46113624584038426
FAN-002816,Jeonbuk Hyundai Motors,18_34,free_registered,True,False,1,0.9948380183667576,0,1.0,18934,40242.0,1.0,18934,59176.0,1,0.7291521061994171
FAN-002817,Ulsan HD,18_34,paid_membership,True,True,5,0.8589976873749436,4,0.1999999999999999,19358,229524.0,2.0,96790,326314.0,0,0.18515917026443346
FAN-002818,FC Seoul,55_Plus,season_ticket_full,True,True,17,0.6567797831489695,11,0.3529411764705882,0,217450.0,3.0,0,217450.0,0,0.07820168266736895
FAN-002819,FC Seoul,55_Plus,free_registered,False,True,1,0.9583446082065188,0,1.0,24545,40029.0,1.0,24545,64574.0,0,0.4659366131767742
FAN-002820,Ulsan HD,35_54,paid_membership,True,False,2,0.8639251422376768,1,0.5,18159,27983.0,1.0,36318,64301.0,1,0.7976267387613528
FAN-002821,Gangwon FC,18_34,free_registered,False,True,1,0.9660609978711436,0,1.0,18763,71755.0,1.0,18763,90518.0,0,0.48974630753805665
FAN-002822,FC Seoul,18_34,paid_membership,True,False,2,0.8932208685061604,1,0.5,19276,264028.0,2.0,38552,302580.0,1,0.7549718742377156
FAN-002823,Jeju SK,18_34,free_registered,True,True,2,0.922225712101522,1,0.5,22209,0.0,0.0,44418,44418.0,1,0.5355570562182373
FAN-002824,FC Seoul,35_54,paid_membership,True,False,5,0.9105864623058624,4,0.1999999999999999,16460,174987.0,2.0,82300,257287.0,0,0.46750939869546004
FAN-002825,Ulsan HD,18_34,season_ticket_full,True,True,15,0.8007220594651432,12,0.1999999999999999,0,243694.0,4.0,0,243694.0,0,0.40228436139497536
FAN-002826,Jeonbuk Hyundai Motors,35_54,free_registered,True,False,1,0.9694145949603816,0,1.0,21593,0.0,0.0,21593,21593.0,1,0.6304161853987879
FAN-002827,Jeonbuk Hyundai Motors,55_Plus,paid_membership,True,False,2,0.97472358881306,1,0.5,20805,0.0,0.0,41610,41610.0,1,0.5317526621326834
FAN-002828,FC Seoul,18_34,free_registered,True,False,1,0.9859977949179092,0,1.0,20139,37378.0,1.0,20139,57517.0,1,0.6055119765837886
FAN-002829,Ulsan HD,35_54,free_registered,True,True,2,0.921258151859693,1,0.5,23840,138653.0,1.0,47680,186333.0,1,0.7897666359571911
FAN-002830,FC Seoul,Under_18,free_registered,True,False,2,0.9795667544225451,1,0.5,17358,0.0,0.0,34716,34716.0,1,0.8306555119176385
FAN-002831,Ulsan HD,18_34,free_registered,True,False,1,0.9813242761597106,0,1.0,21467,130840.0,1.0,21467,152307.0,1,0.5655114201903002
FAN-002832,Jeju SK,18_34,free_registered,True,True,2,0.962787865732898,1,0.5,19556,110923.0,1.0,39112,150035.0,0,0.3354881821885254
FAN-002833,FC Seoul,18_34,free_registered,True,True,2,0.9148310143731112,1,0.5,24148,0.0,0.0,48296,48296.0,1,0.6388529899096841
FAN-002834,FC Seoul,35_54,free_registered,True,False,2,0.9326719017125302,1,0.5,24196,29338.0,1.0,48392,77730.0,1,0.7708182758877965
FAN-002835,Ulsan HD,18_34,free_registered,True,True,2,0.9397741558014884,1,0.5,17210,0.0,0.0,34420,34420.0,1,0.7256424384551262
FAN-002836,Gangwon FC,18_34,paid_membership,True,False,3,0.9903931985494112,2,0.3333333333333333,22394,213705.0,2.0,67182,280887.0,0,0.08808490750659424
FAN-002837,Gangwon FC,35_54,season_ticket_partial,True,True,10,0.8035630232603926,8,0.1999999999999999,0,376012.0,3.0,0,376012.0,0,0.31386148930545266
FAN-002838,FC Seoul,35_54,free_registered,True,True,2,0.9338372594687324,1,0.5,20164,0.0,0.0,40328,40328.0,0,0.30765648099675935
FAN-002839,Jeonbuk Hyundai Motors,18_34,free_registered,False,False,2,0.9018217760921736,1,0.5,24183,124142.0,1.0,48366,172508.0,0,0.44584027419151645
FAN-002840,Ulsan HD,35_54,free_registered,True,True,2,0.98660786979721,1,0.5,21368,0.0,0.0,42736,42736.0,1,0.6029976705206342
FAN-002841,Ulsan HD,35_54,season_ticket_partial,True,False,10,0.900956982901335,9,0.0999999999999999,0,315620.0,3.0,0,315620.0,0,0.3307154558208907
FAN-002842,Jeonbuk Hyundai Motors,18_34,paid_membership,True,False,3,0.8988574444166079,2,0.3333333333333333,19534,154719.0,2.0,58602,213321.0,0,0.06944908962077635
FAN-002843,Gangwon FC,Under_18,free_registered,False,False,2,0.981918584189762,1,0.5,17646,20642.0,1.0,35292,55934.0,1,0.5022588776319423
FAN-002844,Gangwon FC,18_34,free_registered,True,False,1,0.9878845382598298,0,1.0,16792,16308.0,1.0,16792,33100.0,1,0.7118432154885173
FAN-002845,Jeju SK,35_54,free_registered,False,False,2,0.9731038842541312,1,0.5,21255,80920.0,1.0,42510,123430.0,1,0.7322342113807021
FAN-002846,Ulsan HD,35_54,free_registered,True,True,2,0.9354315959748752,1,0.5,18790,123956.0,1.0,37580,161536.0,0,0.4603320398238088
FAN-002847,Jeonbuk Hyundai Motors,35_54,season_ticket_full,True,False,15,0.7044079479160488,10,0.3333333333333333,0,433799.0,5.0,0,433799.0,0,0.09039431976982337
FAN-002848,FC Seoul,18_34,season_ticket_partial,True,True,10,0.8792237336866426,8,0.1999999999999999,0,137911.0,1.0,0,137911.0,0,0.12670000391478717
FAN-002849,Jeju SK,Under_18,free_registered,True,True,1,0.9057459381968068,0,1.0,24278,0.0,0.0,24278,24278.0,1,0.7922104956642311
FAN-002850,Ulsan HD,Under_18,paid_membership,False,True,2,0.9073683072680456,1,0.5,18027,192280.0,2.0,36054,228334.0,0,0.3958159094814152
FAN-002851,Jeju SK,18_34,free_registered,True,False,2,0.9758805375125944,1,0.5,23680,0.0,0.0,47360,47360.0,0,0.305167673810642
FAN-002852,FC Seoul,35_54,free_registered,False,True,1,0.9585072151569116,0,1.0,18446,118397.0,1.0,18446,136843.0,0,0.38213963206609414
FAN-002853,FC Seoul,35_54,season_ticket_partial,True,True,6,0.9171332511913493,5,0.1666666666666666,0,86011.0,2.0,0,86011.0,0,0.09350942510536324
FAN-002854,Gangwon FC,18_34,paid_membership,True,False,3,0.9008062392622356,2,0.3333333333333333,21701,190213.0,2.0,65103,255316.0,0,0.056266371188057926
FAN-002855,FC Seoul,18_34,free_registered,True,True,2,0.9239687469239144,1,0.5,17423,113770.0,1.0,34846,148616.0,1,0.7957736300049207
FAN-002856,Ulsan HD,18_34,free_registered,False,False,1,0.948321492348071,0,1.0,22507,129840.0,1.0,22507,152347.0,1,0.8132848400830514
FAN-002857,FC Seoul,18_34,season_ticket_partial,True,False,6,0.8138423696341609,4,0.3333333333333333,0,191267.0,3.0,0,191267.0,0,0.15578407678190287
FAN-002858,FC Seoul,18_34,paid_membership,True,True,3,0.9789810644733512,2,0.3333333333333333,24263,139930.0,2.0,72789,212719.0,0,0.067934269255956
FAN-002859,FC Seoul,Under_18,free_registered,True,True,1,0.9963020662771864,0,1.0,17080,0.0,0.0,17080,17080.0,1,0.8072524418601723
FAN-002860,FC Seoul,18_34,free_registered,True,False,2,0.9202863248571266,1,0.5,18554,0.0,0.0,37108,37108.0,0,0.32141333843657305
FAN-002861,Jeonbuk Hyundai Motors,Under_18,free_registered,False,True,1,0.901420700727879,0,1.0,21548,0.0,0.0,21548,21548.0,1,0.5075204119158773
FAN-002862,FC Seoul,18_34,season_ticket_full,True,True,16,0.7291133325615378,11,0.3125,0,223986.0,4.0,0,223986.0,0,0.027869844752197698
FAN-002863,Gangwon FC,Under_18,paid_membership,True,True,3,0.9056187370267396,2,0.3333333333333333,22764,86351.0,1.0,68292,154643.0,0,0.11639905011779564
FAN-002864,Jeju SK,35_54,free_registered,True,True,2,0.9246642673985788,1,0.5,19354,70678.0,1.0,38708,109386.0,1,0.6138231014808992
FAN-002865,Ulsan HD,18_34,paid_membership,False,True,4,0.9738255975836742,3,0.25,21579,0.0,0.0,86316,86316.0,0,0.10137651404514146
FAN-002866,Jeju SK,55_Plus,paid_membership,True,True,3,0.8554355687094701,2,0.3333333333333333,16264,82315.0,2.0,48792,131107.0,0,0.20819482030263023
FAN-002867,Ulsan HD,18_34,free_registered,True,False,2,0.962786456394073,1,0.5,24460,0.0,0.0,48920,48920.0,0,0.31831031346974803
FAN-002868,Jeonbuk Hyundai Motors,18_34,free_registered,True,True,2,0.9579020540004712,1,0.5,16263,101020.0,1.0,32526,133546.0,1,0.7685592066782887
FAN-002869,FC Seoul,18_34,paid_membership,True,False,3,0.8948780552300345,2,0.3333333333333333,19697,0.0,0.0,59091,59091.0,0,0.42065074271295
FAN-002870,Ulsan HD,Under_18,paid_membership,True,True,2,0.9168744024352536,1,0.5,22967,0.0,0.0,45934,45934.0,1,0.6096189275858606
FAN-002871,Jeonbuk Hyundai Motors,35_54,paid_membership,True,True,5,0.9102646510341929,4,0.1999999999999999,19802,0.0,0.0,99010,99010.0,0,0.32189704798329444
FAN-002872,Gangwon FC,Under_18,season_ticket_partial,True,False,7,0.7901881042549,5,0.2857142857142857,0,140792.0,2.0,0,140792.0,0,0.2289883305053184
FAN-002873,Jeonbuk Hyundai Motors,55_Plus,free_registered,False,False,1,0.9697085485939152,0,1.0,16398,0.0,0.0,16398,16398.0,0,0.4467712420546558
FAN-002874,Ulsan HD,35_54,free_registered,True,False,1,0.9608747163403992,0,1.0,24375,0.0,0.0,24375,24375.0,0,0.40217422630860433
FAN-002875,Jeonbuk Hyundai Motors,18_34,season_ticket_full,True,False,18,0.6506825187966861,11,0.3888888888888888,0,335752.0,4.0,0,335752.0,0,0.10287989821400556
FAN-002876,Ulsan HD,18_34,free_registered,True,False,2,0.9570714347994044,1,0.5,22583,22124.0,1.0,45166,67290.0,0,0.3937180096812202
FAN-002877,Ulsan HD,35_54,paid_membership,True,True,5,0.894921715671387,4,0.1999999999999999,18852,94965.0,1.0,94260,189225.0,0,0.051065268065268045
FAN-002878,FC Seoul,18_34,paid_membership,True,False,4,0.8540812270017081,3,0.25,19647,26470.0,1.0,78588,105058.0,0,0.21353731146262697
FAN-002879,Jeju SK,35_54,paid_membership,True,False,3,0.9740161374764744,2,0.3333333333333333,21709,46961.0,1.0,65127,112088.0,0,0.08888820958950161
FAN-002880,FC Seoul,Under_18,free_registered,True,False,2,0.9744962321355232,1,0.5,18408,0.0,0.0,36816,36816.0,0,0.4188042798735347
FAN-002881,Ulsan HD,Under_18,paid_membership,True,False,5,0.986679029342078,4,0.1999999999999999,24302,0.0,0.0,121510,121510.0,0,0.08921495711079042
FAN-002882,Jeonbuk Hyundai Motors,18_34,season_ticket_partial,True,False,5,0.9410910498784142,4,0.1999999999999999,0,142806.0,2.0,0,142806.0,0,0.16803044627508212
FAN-002883,FC Seoul,18_34,paid_membership,True,True,4,0.949704381435147,3,0.25,20403,0.0,0.0,81612,81612.0,0,0.23413647929775394
FAN-002884,FC Seoul,35_54,free_registered,True,False,2,0.9605103528460258,1,0.5,20172,17671.0,1.0,40344,58015.0,0,0.41018878445613643
FAN-002885,FC Seoul,Under_18,free_registered,True,False,1,0.9181006741559564,0,1.0,22889,0.0,0.0,22889,22889.0,0,0.48670521885897716
FAN-002886,Gangwon FC,35_54,free_registered,True,False,1,0.9770266459892633,0,1.0,16606,0.0,0.0,16606,16606.0,0,0.35906255376802076
FAN-002887,Ulsan HD,18_34,free_registered,True,False,1,0.9650833139795124,0,1.0,17349,0.0,0.0,17349,17349.0,1,0.5870891359718644
FAN-002888,Ulsan HD,18_34,free_registered,True,True,2,0.993360465619848,1,0.5,23626,91690.0,1.0,47252,138942.0,1,0.8682627423694046
FAN-002889,Jeonbuk Hyundai Motors,18_34,season_ticket_full,True,False,15,0.7122941954325384,10,0.3333333333333333,0,246263.0,4.0,0,246263.0,0,0.06846527354903315
FAN-002890,Jeonbuk Hyundai Motors,18_34,paid_membership,False,False,5,0.8690477513282979,4,0.1999999999999999,24632,102914.0,2.0,123160,226074.0,0,0.06887779812779812
FAN-002891,Ulsan HD,18_34,paid_membership,True,False,5,0.912986243689308,4,0.1999999999999999,20883,175180.0,2.0,104415,279595.0,0,0.1207299324431677
FAN-002892,Jeju SK,18_34,paid_membership,True,True,5,0.9309536780376696,4,0.1999999999999999,24771,0.0,0.0,123855,123855.0,0,0.018662471074162617
FAN-002893,Jeonbuk Hyundai Motors,35_54,free_registered,False,False,2,0.978403925005879,1,0.5,17323,0.0,0.0,34646,34646.0,1,0.8222741442758118
FAN-002894,Jeju SK,18_34,season_ticket_full,True,True,17,0.8379544263867349,14,0.1764705882352941,0,362230.0,5.0,0,362230.0,0,0.10310287972838336
FAN-002895,FC Seoul,18_34,free_registered,True,False,1,0.9323841678644244,0,1.0,23576,53721.0,1.0,23576,77297.0,1,0.6199909199327803
FAN-002896,Jeonbuk Hyundai Motors,35_54,free_registered,True,True,2,0.9219434316895134,1,0.5,18541,0.0,0.0,37082,37082.0,0,0.3123738602628061
FAN-002897,Ulsan HD,35_54,free_registered,True,False,1,0.9624083650018436,0,1.0,24717,132789.0,1.0,24717,157506.0,1,0.8513560232233106
FAN-002898,FC Seoul,18_34,season_ticket_partial,True,True,8,0.7529042605933635,6,0.25,0,237855.0,2.0,0,237855.0,0,0.038864349810001975
FAN-002899,Ulsan HD,18_34,season_ticket_partial,True,True,10,0.7611231577580468,7,0.3,0,134629.0,1.0,0,134629.0,0,0.45520478684957294
FAN-002900,FC Seoul,35_54,free_registered,True,False,2,0.9495497067910622,1,0.5,23122,15824.0,1.0,46244,62068.0,0,0.3263402652035888
FAN-002901,FC Seoul,35_54,season_ticket_partial,True,True,8,0.8211837396512552,6,0.25,0,243515.0,2.0,0,243515.0,0,0.07111140830706049
FAN-002902,Jeonbuk Hyundai Motors,18_34,free_registered,True,False,1,0.949880268194856,0,1.0,17568,0.0,0.0,17568,17568.0,1,0.8010001724858419
FAN-002903,FC Seoul,18_34,free_registered,False,False,1,0.953508299134414,0,1.0,19027,102565.0,1.0,19027,121592.0,1,0.6435784932049551
FAN-002904,Ulsan HD,35_54,season_ticket_partial,True,False,10,0.8545181482842331,8,0.1999999999999999,0,273091.0,3.0,0,273091.0,0,0.4694824683178718
FAN-002905,Ulsan HD,Under_18,season_ticket_partial,True,True,6,0.7221198296621409,4,0.3333333333333333,0,66525.0,2.0,0,66525.0,0,0.14390158121642838
FAN-002906,FC Seoul,55_Plus,paid_membership,False,False,2,0.9941904319609912,1,0.5,22919,121141.0,1.0,45838,166979.0,1,0.7992080341150541
FAN-002907,Gangwon FC,Under_18,paid_membership,True,True,5,0.8619880907633566,4,0.1999999999999999,16202,0.0,0.0,81010,81010.0,1,0.7970992900118428
FAN-002908,FC Seoul,35_54,season_ticket_partial,True,False,7,0.8356672499852849,5,0.2857142857142857,0,64637.0,2.0,0,64637.0,0,0.2693814876285851
FAN-002909,Ulsan HD,18_34,paid_membership,True,False,4,0.9220914102425192,3,0.25,21575,0.0,0.0,86300,86300.0,0,0.46138897593191397
FAN-002910,Ulsan HD,18_34,season_ticket_partial,True,True,11,0.7572888766793382,8,0.2727272727272727,0,78503.0,1.0,0,78503.0,0,0.32622805130977023
FAN-002911,FC Seoul,35_54,paid_membership,True,True,5,0.8995167007177268,4,0.1999999999999999,19531,0.0,0.0,97655,97655.0,0,0.2567286077278977
FAN-002912,FC Seoul,18_34,season_ticket_full,True,True,17,0.8678691328894601,14,0.1764705882352941,0,356304.0,4.0,0,356304.0,0,0.10503553554288844
FAN-002913,Jeonbuk Hyundai Motors,18_34,season_ticket_full,True,False,19,0.8282357064632944,15,0.2105263157894736,0,356477.0,5.0,0,356477.0,0,0.02786736574971869
FAN-002914,Gangwon FC,Under_18,free_registered,False,True,2,0.9771552222834564,1,0.5,23555,113028.0,1.0,47110,160138.0,1,0.8478445401924969
FAN-002915,FC Seoul,Under_18,season_ticket_partial,True,False,9,0.9145850608796056,8,0.1111111111111111,0,105356.0,1.0,0,105356.0,0,0.058483944296444317
FAN-002916,Jeju SK,18_34,free_registered,True,False,1,0.987158004040058,0,1.0,16661,84630.0,1.0,16661,101291.0,0,0.3920612802230449
FAN-002917,Jeonbuk Hyundai Motors,35_54,free_registered,True,False,1,0.9321630893331028,0,1.0,16093,0.0,0.0,16093,16093.0,0,0.3909283649720673
FAN-002918,Jeonbuk Hyundai Motors,Under_18,paid_membership,False,False,4,0.9238387998381704,3,0.25,23358,177652.0,2.0,93432,271084.0,0,0.302411617786618
FAN-002919,Ulsan HD,Under_18,free_registered,True,True,1,0.965667690513524,0,1.0,22619,0.0,0.0,22619,22619.0,1,0.6460926106105636
FAN-002920,Ulsan HD,18_34,paid_membership,False,False,2,0.9891274575388824,1,0.5,17063,48162.0,1.0,34126,82288.0,1,0.875541565983979
FAN-002921,Ulsan HD,35_54,season_ticket_partial,True,False,5,0.8237781179793894,4,0.1999999999999999,0,131298.0,3.0,0,131298.0,1,0.66766074989825
FAN-002922,Jeonbuk Hyundai Motors,35_54,free_registered,False,False,2,0.9527574102363254,1,0.5,21761,17770.0,1.0,43522,61292.0,0,0.4086074579148698
FAN-002923,Jeonbuk Hyundai Motors,18_34,free_registered,True,True,1,0.9412333103359048,0,1.0,19044,21162.0,1.0,19044,40206.0,0,0.34400386359125595
FAN-002924,FC Seoul,Under_18,season_ticket_full,True,True,15,0.6482886096610183,9,0.4,0,418273.0,4.0,0,418273.0,0,0.2599354319427849
FAN-002925,Ulsan HD,55_Plus,free_registered,True,True,1,0.9753129324530718,0,1.0,20370,81541.0,1.0,20370,101911.0,0,0.255104339844627
FAN-002926,Gangwon FC,18_34,free_registered,False,True,2,0.9941471637286464,1,0.5,23245,112099.0,1.0,46490,158589.0,1,0.8949036988052271
FAN-002927,Jeonbuk Hyundai Motors,35_54,free_registered,True,True,2,0.9420077859749358,1,0.5,18172,0.0,0.0,36344,36344.0,0,0.32206316317557804
FAN-002928,Gangwon FC,35_54,paid_membership,True,True,5,0.9503089754239942,4,0.1999999999999999,24712,0.0,0.0,123560,123560.0,0,0.025451218534551862
FAN-002929,Jeonbuk Hyundai Motors,35_54,paid_membership,True,False,2,0.856353423139228,1,0.5,21408,196270.0,2.0,42816,239086.0,1,0.5691384859752789
FAN-002930,Ulsan HD,18_34,season_ticket_partial,True,True,8,0.7294914833097589,5,0.375,0,23654.0,1.0,0,23654.0,0,0.13927399948186256
FAN-002931,Jeju SK,35_54,free_registered,False,False,1,0.9605819340740918,0,1.0,22359,0.0,0.0,22359,22359.0,1,0.817209657185463
FAN-002932,Jeju SK,35_54,season_ticket_partial,True,True,8,0.8632918634218634,6,0.25,0,217781.0,3.0,0,217781.0,0,0.19627274721182036
FAN-002933,FC Seoul,35_54,paid_membership,True,False,2,0.924757587022107,1,0.5,18772,91524.0,1.0,37544,129068.0,1,0.7770569733543314
FAN-002934,Ulsan HD,18_34,free_registered,True,False,1,0.9326865381942115,0,1.0,19648,0.0,0.0,19648,19648.0,1,0.8125780370689406
FAN-002935,Jeonbuk Hyundai Motors,18_34,paid_membership,False,False,3,0.8794295074720402,2,0.3333333333333333,22200,82389.0,1.0,66600,148989.0,0,0.2479251078153547
FAN-002936,FC Seoul,Under_18,paid_membership,False,False,4,0.9403102935183376,3,0.25,22887,24095.0,1.0,91548,115643.0,0,0.2605358352044649
FAN-002937,Jeonbuk Hyundai Motors,18_34,paid_membership,True,True,3,0.9440506695910847,2,0.3333333333333333,19351,256423.0,2.0,58053,314476.0,0,0.131341635946899
FAN-002938,Jeju SK,35_54,free_registered,True,False,1,0.9924076522708408,0,1.0,16613,0.0,0.0,16613,16613.0,0,0.33628094956839616
FAN-002939,Gangwon FC,18_34,free_registered,False,True,1,0.968279756606709,0,1.0,20267,0.0,0.0,20267,20267.0,1,0.5290845073014891
FAN-002940,FC Seoul,18_34,free_registered,False,True,2,0.9449738614738376,1,0.5,23272,35893.0,1.0,46544,82437.0,1,0.5396144709329355
FAN-002941,FC Seoul,18_34,free_registered,True,True,2,0.9493188424848464,1,0.5,24197,0.0,0.0,48394,48394.0,1,0.7834594364170216
FAN-002942,Jeju SK,35_54,paid_membership,True,True,4,0.8724484951066166,3,0.25,20034,234375.0,2.0,80136,314511.0,0,0.08474587985114297
FAN-002943,FC Seoul,55_Plus,free_registered,True,True,1,0.938629910004674,0,1.0,18968,0.0,0.0,18968,18968.0,1,0.8272347834584134
FAN-002944,Jeonbuk Hyundai Motors,18_34,paid_membership,True,False,2,0.8587279213472838,1,0.5,24730,0.0,0.0,49460,49460.0,1,0.5050908994784316
FAN-002945,Jeonbuk Hyundai Motors,18_34,free_registered,True,True,2,0.9473461835172616,1,0.5,23697,69317.0,1.0,47394,116711.0,0,0.3145583125995185
FAN-002946,FC Seoul,Under_18,free_registered,True,False,1,0.9645919058303694,0,1.0,18519,0.0,0.0,18519,18519.0,1,0.7594716923950005
FAN-002947,Ulsan HD,35_54,paid_membership,True,False,5,0.8746298504537883,4,0.1999999999999999,16555,151179.0,2.0,82775,233954.0,0,0.1465000782229043
FAN-002948,Ulsan HD,35_54,free_registered,True,True,2,0.9943767394635268,1,0.5,20342,0.0,0.0,40684,40684.0,1,0.682171528367124
FAN-002949,Ulsan HD,55_Plus,season_ticket_partial,True,True,5,0.9454833326921526,4,0.1999999999999999,0,74801.0,1.0,0,74801.0,0,0.49751522268145254
FAN-002950,Gangwon FC,18_34,free_registered,True,False,1,0.9219917692492618,0,1.0,24508,0.0,0.0,24508,24508.0,0,0.43231333786300524
FAN-002951,Jeonbuk Hyundai Motors,55_Plus,free_registered,False,True,1,0.9167000622585412,0,1.0,21370,0.0,0.0,21370,21370.0,0,0.39941852813657375
FAN-002952,Jeju SK,Under_18,season_ticket_partial,True,True,11,0.9052157290731924,9,0.1818181818181817,0,218546.0,3.0,0,218546.0,0,0.04352702020202019
FAN-002953,Jeonbuk Hyundai Motors,35_54,paid_membership,True,False,4,0.8945940585947851,3,0.25,19717,0.0,0.0,78868,78868.0,0,0.08382874861270184
FAN-002954,Ulsan HD,Under_18,free_registered,True,True,2,0.9236622939517676,1,0.5,21926,0.0,0.0,43852,43852.0,1,0.9191398357843507
FAN-002955,Gangwon FC,35_54,free_registered,False,True,2,0.916837379085266,1,0.5,18287,0.0,0.0,36574,36574.0,1,0.7203173080491395
FAN-002956,Jeju SK,18_34,paid_membership,False,True,4,0.9745610294660154,3,0.25,20231,198421.0,2.0,80924,279345.0,0,0.1842555554467319
FAN-002957,Jeonbuk Hyundai Motors,35_54,season_ticket_full,True,True,19,0.8503609035949248,16,0.1578947368421053,0,122725.0,2.0,0,122725.0,0,0.19823540511775803
FAN-002958,Jeonbuk Hyundai Motors,35_54,season_ticket_partial,True,True,8,0.8795361307612811,7,0.125,0,55223.0,1.0,0,55223.0,0,0.07939648780697373
FAN-002959,FC Seoul,18_34,free_registered,True,True,1,0.9079077628383208,0,1.0,21715,0.0,0.0,21715,21715.0,1,0.7066702654492019
FAN-002960,Jeonbuk Hyundai Motors,Under_18,season_ticket_full,True,True,18,0.8346963198234426,15,0.1666666666666666,0,270429.0,3.0,0,270429.0,0,0.486396539622714
FAN-002961,FC Seoul,35_54,free_registered,True,True,2,0.9976452689882344,1,0.5,17109,0.0,0.0,34218,34218.0,1,0.5354782175940105
FAN-002962,Ulsan HD,18_34,free_registered,True,False,1,0.9617791901635564,0,1.0,18984,62230.0,1.0,18984,81214.0,1,0.8700122618122619
FAN-002963,Ulsan HD,Under_18,season_ticket_partial,True,True,6,0.9051640230923288,5,0.1666666666666666,0,280048.0,3.0,0,280048.0,0,0.2929058307686878
FAN-002964,Gangwon FC,18_34,free_registered,True,False,2,0.9550097443196318,1,0.5,20164,0.0,0.0,40328,40328.0,1,0.7055913116384012
FAN-002965,Jeonbuk Hyundai Motors,35_54,free_registered,True,True,1,0.9240937538741412,0,1.0,17385,29683.0,1.0,17385,47068.0,0,0.3177896341324899
FAN-002966,Jeonbuk Hyundai Motors,Under_18,free_registered,False,True,2,0.9973616377496805,1,0.5,21562,138713.0,1.0,43124,181837.0,1,0.5251796107331824
FAN-002967,Jeonbuk Hyundai Motors,18_34,free_registered,False,False,2,0.9388811952840816,1,0.5,22294,77748.0,1.0,44588,122336.0,1,0.6189032408279567
FAN-002968,Jeju SK,Under_18,paid_membership,True,False,2,0.9810227843952192,1,0.5,21603,0.0,0.0,43206,43206.0,1,0.6560854694531217
FAN-002969,Gangwon FC,18_34,paid_membership,True,True,4,0.947465872468039,3,0.25,17733,82179.0,1.0,70932,153111.0,0,0.2140314143945723
FAN-002970,Ulsan HD,35_54,free_registered,True,True,2,0.9137306929977212,1,0.5,17577,81324.0,1.0,35154,116478.0,1,0.6020042956099672
FAN-002971,Ulsan HD,55_Plus,paid_membership,True,True,2,0.8968633265236304,1,0.5,22740,46691.0,1.0,45480,92171.0,1,0.6588032459383343
FAN-002972,FC Seoul,35_54,season_ticket_full,True,False,17,0.8452664343441058,14,0.1764705882352941,0,429055.0,5.0,0,429055.0,0,0.13775838625888992
FAN-002973,Jeonbuk Hyundai Motors,18_34,season_ticket_partial,True,True,8,0.7960371133239323,6,0.25,0,232108.0,2.0,0,232108.0,0,0.036415937111589275
FAN-002974,Jeonbuk Hyundai Motors,55_Plus,free_registered,True,True,1,0.9477481495748968,0,1.0,18478,0.0,0.0,18478,18478.0,1,0.5881562395873503
FAN-002975,Ulsan HD,18_34,season_ticket_full,True,False,17,0.7991333818832425,13,0.2352941176470588,0,183390.0,2.0,0,183390.0,0,0.015461725094078036
FAN-002976,FC Seoul,18_34,paid_membership,True,False,4,0.924694682766968,3,0.25,19291,179969.0,2.0,77164,257133.0,0,0.10413425304186169
FAN-002977,Jeonbuk Hyundai Motors,55_Plus,free_registered,True,False,1,0.9112119865487868,0,1.0,18249,0.0,0.0,18249,18249.0,1,0.7632776817480769
FAN-002978,FC Seoul,35_54,free_registered,True,True,1,0.932696473307984,0,1.0,19793,0.0,0.0,19793,19793.0,1,0.6696910072502732
FAN-002979,Jeonbuk Hyundai Motors,35_54,free_registered,True,False,2,0.9841182857985332,1,0.5,18460,0.0,0.0,36920,36920.0,1,0.7736664900405168
FAN-002980,Gangwon FC,35_54,paid_membership,False,False,2,0.8876632701887073,1,0.5,20315,142866.0,1.0,40630,183496.0,1,0.7640812444669351
FAN-002981,Ulsan HD,18_34,free_registered,True,False,1,0.984017006206549,0,1.0,22955,0.0,0.0,22955,22955.0,1,0.6437084320945228
FAN-002982,FC Seoul,18_34,paid_membership,True,False,5,0.964862231753989,4,0.1999999999999999,23550,239986.0,2.0,117750,357736.0,0,0.24674573553985313
FAN-002983,Jeonbuk Hyundai Motors,35_54,free_registered,True,False,1,0.91410433607946,0,1.0,16616,0.0,0.0,16616,16616.0,1,0.5621146454793232
FAN-002984,Jeonbuk Hyundai Motors,18_34,season_ticket_full,True,True,18,0.7506992852788591,13,0.2777777777777778,0,380427.0,3.0,0,380427.0,0,0.3356505102024843
FAN-002985,Ulsan HD,18_34,free_registered,True,True,2,0.9663213389968628,1,0.5,19349,60671.0,1.0,38698,99369.0,0,0.4947154356586694
FAN-002986,Gangwon FC,35_54,season_ticket_partial,True,False,10,0.9136063907332648,9,0.0999999999999999,0,129175.0,1.0,0,129175.0,0,0.09198097232288406
FAN-002987,FC Seoul,35_54,season_ticket_full,True,True,15,0.7833809353756007,11,0.2666666666666667,0,83037.0,2.0,0,83037.0,0,0.1277511922297378
FAN-002988,Ulsan HD,18_34,free_registered,False,True,2,0.9714051954209408,1,0.5,24709,0.0,0.0,49418,49418.0,0,0.26346359326074587
FAN-002989,Jeonbuk Hyundai Motors,35_54,free_registered,True,True,1,0.9361583471552506,0,1.0,17981,0.0,0.0,17981,17981.0,1,0.51966927580162
FAN-002990,Jeonbuk Hyundai Motors,35_54,free_registered,True,False,2,0.900143531324869,1,0.5,22940,45202.0,1.0,45880,91082.0,0,0.47438527189106705
FAN-002991,FC Seoul,35_54,season_ticket_partial,True,True,6,0.8919977440764051,5,0.1666666666666666,0,375966.0,3.0,0,375966.0,0,0.48183242401836274
FAN-002992,Jeonbuk Hyundai Motors,18_34,paid_membership,False,False,2,0.9230875935569164,1,0.5,24898,0.0,0.0,49796,49796.0,1,0.6845012360954071
FAN-002993,Jeju SK,18_34,free_registered,True,True,1,0.9687654537347744,0,1.0,18295,0.0,0.0,18295,18295.0,0,0.10999251797462373
FAN-002994,Ulsan HD,18_34,free_registered,True,True,1,0.9231313064583996,0,1.0,21437,0.0,0.0,21437,21437.0,1,0.6527000273034943
FAN-002995,FC Seoul,Under_18,free_registered,True,True,2,0.917023177258376,1,0.5,24972,93493.0,1.0,49944,143437.0,0,0.4217372308691192
FAN-002996,Jeonbuk Hyundai Motors,18_34,season_ticket_full,True,True,17,0.6091555425789996,10,0.4117647058823529,0,572441.0,5.0,0,572441.0,0,0.050804354686707624
FAN-002997,FC Seoul,18_34,paid_membership,False,False,4,0.9722354693392532,3,0.25,24462,0.0,0.0,97848,97848.0,0,0.2598046018881932
FAN-002998,Ulsan HD,18_34,season_ticket_partial,True,False,11,0.7532959488681844,8,0.2727272727272727,0,280179.0,2.0,0,280179.0,0,0.10321406482120768
FAN-002999,FC Seoul,55_Plus,free_registered,True,False,2,0.9339760679987597,1,0.5,21925,0.0,0.0,43850,43850.0,1,0.8963087450464834
FAN-003000,Jeonbuk Hyundai Motors,Under_18,free_registered,False,True,2,0.9059018068756636,1,0.5,21361,0.0,0.0,42722,42722.0,1,0.7061827515601482
FAN-003001,Jeju SK,35_54,season_ticket_full,True,True,19,0.7061800668333492,13,0.3157894736842105,0,114092.0,2.0,0,114092.0,0,0.26897124890360186
FAN-003002,Jeonbuk Hyundai Motors,35_54,free_registered,True,True,1,0.9479745962148208,0,1.0,22623,0.0,0.0,22623,22623.0,1,0.68114753293877
FAN-003003,FC Seoul,Under_18,season_ticket_full,True,True,16,0.7529835326856664,12,0.25,0,218717.0,2.0,0,218717.0,0,0.012047463429816373
FAN-003004,Jeju SK,55_Plus,free_registered,True,True,2,0.9575061431985774,1,0.5,18466,0.0,0.0,36932,36932.0,1,0.8587116825001128
FAN-003005,Jeju SK,35_54,free_registered,False,False,2,0.9260819039810764,1,0.5,19207,85123.0,1.0,38414,123537.0,0,0.41624265988265186
FAN-003006,Jeonbuk Hyundai Motors,18_34,paid_membership,True,True,2,0.9383629905903588,1,0.5,18710,172724.0,2.0,37420,210144.0,1,0.6207789163634045
FAN-003007,Gangwon FC,35_54,season_ticket_full,True,True,17,0.8996474732145806,15,0.1176470588235294,0,205991.0,3.0,0,205991.0,0,0.03975224938460233
FAN-003008,FC Seoul,18_34,season_ticket_full,True,False,18,0.8934524291806942,16,0.1111111111111111,0,220328.0,3.0,0,220328.0,0,0.07063416376651668
FAN-003009,Jeju SK,35_54,free_registered,True,True,1,0.9561573650983376,0,1.0,16179,50374.0,1.0,16179,66553.0,0,0.34752943645800133
FAN-003010,FC Seoul,Under_18,free_registered,True,False,2,0.901521003953544,1,0.5,18695,143814.0,1.0,37390,181204.0,1,0.6334877717417764
FAN-003011,Ulsan HD,35_54,paid_membership,True,False,3,0.8864717564484248,2,0.3333333333333333,24802,0.0,0.0,74406,74406.0,0,0.20101507074829947
FAN-003012,FC Seoul,18_34,paid_membership,False,True,5,0.9472576628500632,4,0.1999999999999999,20420,0.0,0.0,102100,102100.0,0,0.26101167780818846
FAN-003013,Ulsan HD,35_54,paid_membership,False,True,2,0.9718649477868542,1,0.5,16960,151667.0,2.0,33920,185587.0,1,0.8143483026742048
FAN-003014,Ulsan HD,18_34,free_registered,True,False,2,0.9867510166502405,1,0.5,23358,27526.0,1.0,46716,74242.0,1,0.5841953740265019
FAN-003015,Jeju SK,35_54,season_ticket_full,True,True,17,0.8580788679532672,14,0.1764705882352941,0,500105.0,5.0,0,500105.0,0,0.11725663338213702
FAN-003016,Ulsan HD,35_54,paid_membership,False,True,5,0.9014637424886224,4,0.1999999999999999,17281,144471.0,2.0,86405,230876.0,0,0.1654460076960077
FAN-003017,Jeonbuk Hyundai Motors,18_34,season_ticket_partial,True,False,5,0.7087759254908147,3,0.4,0,300769.0,3.0,0,300769.0,1,0.576802211034354
FAN-003018,Ulsan HD,35_54,paid_membership,False,True,4,0.949672905669239,3,0.25,17417,0.0,0.0,69668,69668.0,0,0.1961731993382148
FAN-003019,FC Seoul,18_34,free_registered,True,True,1,0.9419998308557316,0,1.0,16740,0.0,0.0,16740,16740.0,0,0.2731981074693396
FAN-003020,Jeonbuk Hyundai Motors,35_54,season_ticket_full,True,False,15,0.6655491822172891,9,0.4,0,325083.0,5.0,0,325083.0,0,0.13485540548775846
FAN-003021,FC Seoul,18_34,paid_membership,True,False,5,0.9877028171268188,4,0.1999999999999999,20555,200819.0,2.0,102775,303594.0,0,0.19693993948405714
FAN-003022,Ulsan HD,35_54,season_ticket_partial,True,True,10,0.79655747863864,7,0.3,0,118213.0,1.0,0,118213.0,0,0.18184630347043854
FAN-003023,Jeju SK,35_54,season_ticket_full,True,True,17,0.7723537215559029,13,0.2352941176470588,0,279690.0,4.0,0,279690.0,0,0.1363460352283882
FAN-003024,Ulsan HD,18_34,paid_membership,False,True,3,0.995107783812524,2,0.3333333333333333,23027,113380.0,1.0,69081,182461.0,0,0.26191194268694257
FAN-003025,FC Seoul,18_34,paid_membership,True,True,4,0.9802551175666482,3,0.25,17189,33112.0,1.0,68756,101868.0,0,0.21851930781923035
FAN-003026,Ulsan HD,18_34,free_registered,False,False,2,0.967658123584115,1,0.5,21788,129811.0,1.0,43576,173387.0,0,0.33577385436344426
FAN-003027,Gangwon FC,35_54,free_registered,True,False,2,0.9711160359406728,1,0.5,19575,101335.0,1.0,39150,140485.0,0,0.3959941835666411
FAN-003028,Jeju SK,18_34,free_registered,False,False,1,0.934303628437234,0,1.0,17144,113196.0,1.0,17144,130340.0,1,0.7085755127571931
FAN-003029,Jeju SK,18_34,free_registered,False,True,1,0.9223935583203646,0,1.0,24874,57688.0,1.0,24874,82562.0,1,0.7408128350176223
FAN-003030,Jeju SK,35_54,free_registered,True,True,1,0.9958622816530112,0,1.0,21096,0.0,0.0,21096,21096.0,0,0.42279675645064557
FAN-003031,FC Seoul,18_34,free_registered,True,True,1,0.9975565980539512,0,1.0,17509,0.0,0.0,17509,17509.0,1,0.7437283923229645
FAN-003032,Ulsan HD,35_54,free_registered,True,True,2,0.9424602670587232,1,0.5,19739,115831.0,1.0,39478,155309.0,0,0.4701411501663126
FAN-003033,Jeonbuk Hyundai Motors,18_34,free_registered,True,True,1,0.9410824534792476,0,1.0,19933,82711.0,1.0,19933,102644.0,0,0.19569448383158067
FAN-003034,FC Seoul,Under_18,free_registered,True,True,1,0.9451717827291756,0,1.0,21627,67032.0,1.0,21627,88659.0,0,0.41253147823601927
FAN-003035,FC Seoul,35_54,free_registered,False,True,2,0.9461413887534524,1,0.5,23367,0.0,0.0,46734,46734.0,1,0.8876242256245874
FAN-003036,FC Seoul,Under_18,paid_membership,False,False,2,0.8544843981702872,1,0.5,24047,104418.0,1.0,48094,152512.0,1,0.7925593685702388
FAN-003037,Ulsan HD,18_34,paid_membership,True,False,3,0.9868678212554384,2,0.3333333333333333,24274,0.0,0.0,72822,72822.0,0,0.3026806963844868
FAN-003038,Gangwon FC,35_54,free_registered,True,True,2,0.9882351340650912,1,0.5,19968,0.0,0.0,39936,39936.0,0,0.4200903068870989
FAN-003039,FC Seoul,18_34,paid_membership,True,True,5,0.9509647710833438,4,0.1999999999999999,16875,0.0,0.0,84375,84375.0,0,0.08904559501677137
FAN-003040,Ulsan HD,55_Plus,season_ticket_partial,True,False,6,0.9151281544880856,5,0.1666666666666666,0,153768.0,2.0,0,153768.0,0,0.04183821563850169
FAN-003041,FC Seoul,55_Plus,free_registered,True,False,1,0.9674560367955626,0,1.0,24184,25889.0,1.0,24184,50073.0,0,0.4581619462699944
FAN-003042,Gangwon FC,18_34,paid_membership,False,True,3,0.9620316467932536,2,0.3333333333333333,17564,217121.0,2.0,52692,269813.0,0,0.448449454949455
FAN-003043,FC Seoul,Under_18,season_ticket_full,True,False,16,0.8866508345973585,14,0.125,0,281847.0,3.0,0,281847.0,0,0.10916506804742095
FAN-003044,Ulsan HD,35_54,season_ticket_partial,True,False,6,0.8648746676009169,5,0.1666666666666666,0,237881.0,2.0,0,237881.0,0,0.12663163704757455
FAN-003045,Jeonbuk Hyundai Motors,18_34,free_registered,False,True,2,0.9964955532736588,1,0.5,17794,141888.0,1.0,35588,177476.0,1,0.7068280261161842
FAN-003046,Jeonbuk Hyundai Motors,Under_18,paid_membership,True,True,2,0.9959327895372037,1,0.5,21430,272580.0,2.0,42860,315440.0,1,0.6280551043832177
FAN-003047,Ulsan HD,35_54,free_registered,False,True,2,0.9640940597085144,1,0.5,21115,103812.0,1.0,42230,146042.0,1,0.5711882046158566
FAN-003048,Ulsan HD,Under_18,paid_membership,True,True,4,0.956193964903325,3,0.25,18216,0.0,0.0,72864,72864.0,0,0.18934958313959863
FAN-003049,Ulsan HD,35_54,season_ticket_full,True,True,19,0.693435412146081,13,0.3157894736842105,0,296606.0,3.0,0,296606.0,1,0.6104804381348496
FAN-003050,FC Seoul,Under_18,paid_membership,False,False,5,0.9836452499030202,4,0.1999999999999999,17115,71581.0,1.0,85575,157156.0,0,0.17395694266746903
FAN-003051,FC Seoul,Under_18,season_ticket_full,True,False,15,0.785992924101075,11,0.2666666666666667,0,409254.0,5.0,0,409254.0,0,0.029222514723018348
FAN-003052,Ulsan HD,18_34,free_registered,False,True,2,0.998882383970345,1,0.5,22718,18587.0,1.0,45436,64023.0,0,0.3603741967405327
FAN-003053,FC Seoul,55_Plus,season_ticket_full,True,True,15,0.8863801541502643,13,0.1333333333333333,0,202891.0,2.0,0,202891.0,0,0.01809459514800072
FAN-003054,FC Seoul,35_54,paid_membership,True,False,3,0.9262581777101148,2,0.3333333333333333,21203,25924.0,1.0,63609,89533.0,0,0.09584633064991746
FAN-003055,Jeju SK,35_54,free_registered,True,True,2,0.997907045842504,1,0.5,19548,0.0,0.0,39096,39096.0,1,0.6383750846631232
FAN-003056,Gangwon FC,18_34,paid_membership,True,True,5,0.9124517409158964,4,0.1999999999999999,22614,142667.0,2.0,113070,255737.0,0,0.06370605044518088
FAN-003057,Jeju SK,18_34,free_registered,False,False,2,0.9266598183453753,1,0.5,23888,148057.0,1.0,47776,195833.0,1,0.8909548506954698
FAN-003058,FC Seoul,18_34,free_registered,True,True,2,0.9756953636466932,1,0.5,17175,0.0,0.0,34350,34350.0,0,0.35045401087353967
FAN-003059,FC Seoul,18_34,season_ticket_partial,True,True,6,0.8642186549933712,5,0.1666666666666666,0,90959.0,2.0,0,90959.0,0,0.22488827338127051
FAN-003060,Gangwon FC,35_54,free_registered,True,True,1,0.9267499057450552,0,1.0,20921,85681.0,1.0,20921,106602.0,0,0.20506547395257085
FAN-003061,FC Seoul,35_54,paid_membership,True,True,3,0.9736188750754824,2,0.3333333333333333,22858,122044.0,1.0,68574,190618.0,0,0.05387660228524555
FAN-003062,FC Seoul,18_34,free_registered,False,True,1,0.960786792345282,0,1.0,19293,0.0,0.0,19293,19293.0,1,0.5253913524554888
FAN-003063,Jeju SK,55_Plus,free_registered,False,True,1,0.939545445029914,0,1.0,24891,0.0,0.0,24891,24891.0,0,0.35555456879178476
FAN-003064,Jeju SK,18_34,season_ticket_full,True,False,16,0.7156622486764417,11,0.3125,0,372216.0,5.0,0,372216.0,0,0.11033281183331543
FAN-003065,Jeju SK,55_Plus,free_registered,True,True,2,0.942992319291198,1,0.5,22547,0.0,0.0,45094,45094.0,1,0.542230407552346
FAN-003066,FC Seoul,Under_18,paid_membership,False,True,4,0.8605785645693891,3,0.25,21717,268190.0,2.0,86868,355058.0,0,0.09651483747304178
FAN-003067,FC Seoul,18_34,paid_membership,True,True,5,0.926503834901534,4,0.1999999999999999,17623,0.0,0.0,88115,88115.0,0,0.16131476463929925
FAN-003068,Gangwon FC,18_34,paid_membership,True,True,4,0.8635048442788767,3,0.25,20543,39312.0,1.0,82172,121484.0,0,0.32210978399390966
FAN-003069,FC Seoul,18_34,season_ticket_partial,True,False,7,0.8654590772521996,6,0.1428571428571429,0,248034.0,2.0,0,248034.0,0,0.2264185215895743
FAN-003070,Jeju SK,35_54,paid_membership,False,True,4,0.8559645560429704,3,0.25,20236,183326.0,2.0,80944,264270.0,0,0.09315798915798913
FAN-003071,Jeonbuk Hyundai Motors,18_34,free_registered,False,False,2,0.9388948459454366,1,0.5,20352,74287.0,1.0,40704,114991.0,1,0.5414356793267648
FAN-003072,Jeju SK,18_34,season_ticket_partial,True,True,11,0.7551575701573943,8,0.2727272727272727,0,46379.0,1.0,0,46379.0,0,0.413719393301112
FAN-003073,Ulsan HD,35_54,free_registered,False,True,1,0.9511872119288916,0,1.0,19674,0.0,0.0,19674,19674.0,1,0.7510226430903547
FAN-003074,FC Seoul,35_54,paid_membership,False,False,3,0.9380280668690026,2,0.3333333333333333,17292,149367.0,2.0,51876,201243.0,0,0.26481725641508264
FAN-003075,Jeju SK,35_54,season_ticket_full,True,True,15,0.6327553460905012,9,0.4,0,273369.0,5.0,0,273369.0,0,0.09755154295595471
FAN-003076,Jeonbuk Hyundai Motors,18_34,paid_membership,False,False,3,0.8796950216549108,2,0.3333333333333333,17553,0.0,0.0,52659,52659.0,0,0.42165325490419936
FAN-003077,Gangwon FC,35_54,season_ticket_partial,True,True,5,0.8203217593832776,4,0.1999999999999999,0,147523.0,1.0,0,147523.0,0,0.20797725094818914
FAN-003078,FC Seoul,35_54,paid_membership,True,True,3,0.9491043236767556,2,0.3333333333333333,24474,0.0,0.0,73422,73422.0,0,0.16101435646663828
FAN-003079,FC Seoul,18_34,season_ticket_partial,True,False,9,0.9023992293635292,8,0.1111111111111111,0,103545.0,1.0,0,103545.0,0,0.04956138537388538
FAN-003080,Gangwon FC,18_34,season_ticket_full,True,False,15,0.7047065186483684,10,0.3333333333333333,0,214288.0,3.0,0,214288.0,0,0.06585422148657442
FAN-003081,Jeonbuk Hyundai Motors,18_34,free_registered,True,False,2,0.9718958669587064,1,0.5,21823,0.0,0.0,43646,43646.0,0,0.4346209811322989
FAN-003082,Jeonbuk Hyundai Motors,Under_18,free_registered,True,False,1,0.9802396534253228,0,1.0,16590,0.0,0.0,16590,16590.0,0,0.3278920668475338
FAN-003083,FC Seoul,18_34,free_registered,True,False,1,0.9578077412177404,0,1.0,20922,0.0,0.0,20922,20922.0,1,0.5541670423824638
FAN-003084,Jeju SK,Under_18,paid_membership,False,True,5,0.941742204543607,4,0.1999999999999999,19778,0.0,0.0,98890,98890.0,0,0.20901785953495836
FAN-003085,Jeonbuk Hyundai Motors,35_54,free_registered,False,True,1,0.9849442659050868,0,1.0,20373,113430.0,1.0,20373,133803.0,1,0.8452083679462181
FAN-003086,Jeju SK,35_54,free_registered,True,True,1,0.9552712890688044,0,1.0,21553,63293.0,1.0,21553,84846.0,0,0.49761457673619164
FAN-003087,Ulsan HD,55_Plus,free_registered,True,True,1,0.9737010394809597,0,1.0,18454,65560.0,1.0,18454,84014.0,1,0.6493467282085396
FAN-003088,FC Seoul,35_54,season_ticket_full,True,True,17,0.8337051061087362,14,0.1764705882352941,0,313725.0,3.0,0,313725.0,0,0.17429263029998326
FAN-003089,Jeju SK,Under_18,paid_membership,True,False,5,0.9521562356671188,4,0.1999999999999999,22579,97543.0,1.0,112895,210438.0,0,0.08466673681257014
FAN-003090,FC Seoul,35_54,free_registered,True,True,1,0.9976928181061748,0,1.0,21894,0.0,0.0,21894,21894.0,1,0.7813343940904834
FAN-003091,Ulsan HD,35_54,free_registered,False,False,1,0.9799872401401196,0,1.0,17926,30545.0,1.0,17926,48471.0,1,0.724772148913689
FAN-003092,Gangwon FC,18_34,free_registered,True,True,2,0.9374536692301624,1,0.5,24140,0.0,0.0,48280,48280.0,1,0.7692678933921452
FAN-003093,Ulsan HD,35_54,free_registered,True,True,2,0.9932365923337084,1,0.5,16744,90238.0,1.0,33488,123726.0,1,0.7875986224552824
FAN-003094,Jeonbuk Hyundai Motors,55_Plus,free_registered,True,False,2,0.9825136568108596,1,0.5,24342,125690.0,1.0,48684,174374.0,1,0.7483121171847175
FAN-003095,FC Seoul,18_34,season_ticket_partial,True,True,6,0.7865923637753082,4,0.3333333333333333,0,62400.0,1.0,0,62400.0,0,0.13392086241080964
FAN-003096,Jeju SK,55_Plus,season_ticket_full,True,True,18,0.7559973349888702,13,0.2777777777777778,0,486216.0,5.0,0,486216.0,0,0.17165089652640014
FAN-003097,Gangwon FC,Under_18,free_registered,True,True,2,0.9976399274298644,1,0.5,24553,0.0,0.0,49106,49106.0,0,0.18469967792552336
FAN-003098,FC Seoul,18_34,free_registered,False,False,2,0.9317706563075384,1,0.5,17215,0.0,0.0,34430,34430.0,1,0.5523136879690341
FAN-003099,FC Seoul,18_34,free_registered,True,True,1,0.9275336387240511,0,1.0,20625,0.0,0.0,20625,20625.0,1,0.5270917054100916
FAN-003100,Ulsan HD,35_54,free_registered,True,True,2,0.9640067014760042,1,0.5,20258,38272.0,1.0,40516,78788.0,0,0.38331171994450375
FAN-003101,FC Seoul,35_54,free_registered,True,False,1,0.911012199590114,0,1.0,18326,0.0,0.0,18326,18326.0,1,0.6953925576129525
FAN-003102,Jeonbuk Hyundai Motors,55_Plus,free_registered,True,True,2,0.9674975917791274,1,0.5,17158,83201.0,1.0,34316,117517.0,1,0.5589853653682146
FAN-003103,Gangwon FC,18_34,free_registered,True,False,2,0.9226579546717548,1,0.5,23868,0.0,0.0,47736,47736.0,1,0.8642925245874575
FAN-003104,Ulsan HD,Under_18,paid_membership,True,True,2,0.9296655968975094,1,0.5,16944,192533.0,2.0,33888,226421.0,1,0.7444741039672411
FAN-003105,FC Seoul,35_54,paid_membership,True,True,2,0.8734149927818613,1,0.5,21113,0.0,0.0,42226,42226.0,1,0.8556813595480351
FAN-003106,Ulsan HD,35_54,paid_membership,True,False,3,0.9484045693989792,2,0.3333333333333333,20850,295267.0,2.0,62550,357817.0,0,0.10797567908282192
FAN-003107,Jeonbuk Hyundai Motors,18_34,free_registered,True,False,1,0.9107992018596414,0,1.0,20803,85956.0,1.0,20803,106759.0,0,0.39056232510179856
FAN-003108,FC Seoul,18_34,season_ticket_partial,True,False,9,0.8211999325903777,7,0.2222222222222222,0,137637.0,3.0,0,137637.0,0,0.30354291821726015
FAN-003109,Jeju SK,35_54,season_ticket_full,True,False,17,0.8614968535514365,14,0.1764705882352941,0,333715.0,4.0,0,333715.0,0,0.1018455403528933
FAN-003110,Jeju SK,35_54,free_registered,True,True,1,0.9994441692171,0,1.0,20554,111289.0,1.0,20554,131843.0,1,0.6275894280249006
FAN-003111,Jeju SK,18_34,free_registered,True,True,1,0.9299736136271644,0,1.0,24807,0.0,0.0,24807,24807.0,0,0.4227710179524655
FAN-003112,FC Seoul,18_34,paid_membership,True,True,4,0.9696887974274034,3,0.25,23297,113671.0,1.0,93188,206859.0,0,0.15542140521189818
FAN-003113,Jeonbuk Hyundai Motors,55_Plus,free_registered,True,False,2,0.9341177799541084,1,0.5,16003,0.0,0.0,32006,32006.0,1,0.8134286723715994
FAN-003114,FC Seoul,35_54,free_registered,True,False,1,0.9586192679254238,0,1.0,20754,50748.0,1.0,20754,71502.0,0,0.441638570588183
FAN-003115,FC Seoul,18_34,paid_membership,True,False,4,0.9014943009801836,3,0.25,21063,186154.0,2.0,84252,270406.0,0,0.06643180130680128
FAN-003116,Jeonbuk Hyundai Motors,18_34,paid_membership,True,True,3,0.9091175205828372,2,0.3333333333333333,17612,102539.0,1.0,52836,155375.0,0,0.11901265568434241
FAN-003117,Jeonbuk Hyundai Motors,35_54,free_registered,True,True,1,0.961698912458356,0,1.0,20529,26653.0,1.0,20529,47182.0,1,0.5234452900416174
FAN-003118,FC Seoul,18_34,paid_membership,False,False,2,0.9336206685751236,1,0.5,20721,124868.0,2.0,41442,166310.0,1,0.7833728539505889
FAN-003119,FC Seoul,18_34,season_ticket_full,True,False,18,0.7489155841677274,13,0.2777777777777778,0,295092.0,3.0,0,295092.0,0,0.11305078527137352
FAN-003120,FC Seoul,18_34,free_registered,False,False,2,0.9185834556160688,1,0.5,18240,0.0,0.0,36480,36480.0,1,0.6046068180036054
FAN-003121,FC Seoul,18_34,paid_membership,False,False,5,0.9424067023418956,4,0.1999999999999999,20322,145179.0,1.0,101610,246789.0,0,0.04543864468864469
FAN-003122,FC Seoul,35_54,free_registered,False,True,2,0.9407577306212213,1,0.5,24531,36114.0,1.0,49062,85176.0,0,0.31065843993314163
FAN-003123,FC Seoul,Under_18,free_registered,False,True,2,0.9993510502451048,1,0.5,21963,120621.0,1.0,43926,164547.0,0,0.2797107124578289
FAN-003124,Ulsan HD,35_54,paid_membership,True,True,4,0.8616904923052898,3,0.25,23153,53531.0,1.0,92612,146143.0,0,0.20249531244353786
FAN-003125,Jeonbuk Hyundai Motors,18_34,free_registered,True,True,1,0.984680143188318,0,1.0,24870,0.0,0.0,24870,24870.0,0,0.3523404767908465
FAN-003126,Jeju SK,Under_18,free_registered,True,True,1,0.9568684214118371,0,1.0,18460,0.0,0.0,18460,18460.0,0,0.433868164715942
FAN-003127,Jeju SK,Under_18,free_registered,True,True,2,0.9094839385187908,1,0.5,20418,0.0,0.0,40836,40836.0,0,0.26967854536901087
FAN-003128,FC Seoul,55_Plus,paid_membership,False,True,3,0.9666752749024156,2,0.3333333333333333,18556,173248.0,2.0,55668,228916.0,0,0.12345352495352498
FAN-003129,Gangwon FC,35_54,paid_membership,True,False,3,0.9379645428058186,2,0.3333333333333333,20170,0.0,0.0,60510,60510.0,0,0.09468419927091658
FAN-003130,Jeonbuk Hyundai Motors,18_34,free_registered,True,False,2,0.9177392616528876,1,0.5,23795,0.0,0.0,47590,47590.0,1,0.8333646983287492
FAN-003131,Jeonbuk Hyundai Motors,35_54,paid_membership,True,False,2,0.8744426908638013,1,0.5,18387,0.0,0.0,36774,36774.0,1,0.5418379647845971
FAN-003132,Jeonbuk Hyundai Motors,35_54,free_registered,True,True,1,0.9709755938483204,0,1.0,19632,0.0,0.0,19632,19632.0,1,0.808160424014685
FAN-003133,Gangwon FC,55_Plus,paid_membership,True,True,4,0.9638629146977786,3,0.25,18366,0.0,0.0,73464,73464.0,0,0.17917497996499548
FAN-003134,Ulsan HD,18_34,free_registered,True,True,2,0.97408176103263,1,0.5,16794,0.0,0.0,33588,33588.0,1,0.5740560655986429
FAN-003135,FC Seoul,35_54,paid_membership,True,False,3,0.952483557789989,2,0.3333333333333333,19781,111955.0,1.0,59343,171298.0,0,0.14520947969366646
FAN-003136,Jeju SK,Under_18,season_ticket_full,True,True,17,0.690609790987304,11,0.3529411764705882,0,564370.0,5.0,0,564370.0,0,0.28974890088125377
FAN-003137,Jeonbuk Hyundai Motors,18_34,season_ticket_full,True,True,15,0.8010996790997381,12,0.1999999999999999,0,272497.0,3.0,0,272497.0,0,0.22160325546386933
FAN-003138,Jeonbuk Hyundai Motors,55_Plus,free_registered,False,False,2,0.9777148096191264,1,0.5,19705,144297.0,1.0,39410,183707.0,1,0.6275007297121332
FAN-003139,Ulsan HD,18_34,season_ticket_partial,True,True,6,0.7872417973911993,4,0.3333333333333333,0,219505.0,3.0,0,219505.0,0,0.07058069827635044
FAN-003140,FC Seoul,18_34,free_registered,False,False,1,0.9165829837429332,0,1.0,24916,0.0,0.0,24916,24916.0,0,0.42929954229957173
FAN-003141,Ulsan HD,Under_18,season_ticket_full,True,True,15,0.7068798805617375,10,0.3333333333333333,0,175952.0,4.0,0,175952.0,0,0.138199700082053
FAN-003142,Gangwon FC,35_54,free_registered,True,True,2,0.9986709551972928,1,0.5,16075,79046.0,1.0,32150,111196.0,0,0.46873982734310526
FAN-003143,Jeju SK,35_54,free_registered,True,True,1,0.9714367381317006,0,1.0,19602,122813.0,1.0,19602,142415.0,1,0.5680775154525154
FAN-003144,Ulsan HD,18_34,free_registered,True,False,2,0.9679952461539588,1,0.5,17657,95467.0,1.0,35314,130781.0,1,0.654211610031111
FAN-003145,FC Seoul,55_Plus,free_registered,True,False,2,0.9502808902252622,1,0.5,21005,0.0,0.0,42010,42010.0,1,0.8439703564626713
FAN-003146,Ulsan HD,Under_18,paid_membership,True,True,2,0.9310610208268284,1,0.5,21849,0.0,0.0,43698,43698.0,1,0.8544928188921678
FAN-003147,Jeonbuk Hyundai Motors,18_34,season_ticket_full,True,True,15,0.751140038317978,11,0.2666666666666667,0,483862.0,5.0,0,483862.0,0,0.034757798883302514
FAN-003148,Jeju SK,55_Plus,paid_membership,True,True,3,0.9879255559304988,2,0.3333333333333333,20869,185101.0,2.0,62607,247708.0,0,0.02841066891931219
FAN-003149,Jeonbuk Hyundai Motors,18_34,paid_membership,True,False,2,0.9892157472445616,1,0.5,20208,0.0,0.0,40416,40416.0,1,0.7740674255016579
FAN-003150,Ulsan HD,18_34,paid_membership,True,False,3,0.9423042261217875,2,0.3333333333333333,16349,117180.0,1.0,49047,166227.0,0,0.15258115264365263
FAN-003151,Jeju SK,18_34,free_registered,True,False,1,0.9761550329077806,0,1.0,20860,29226.0,1.0,20860,50086.0,0,0.4653189049125615
FAN-003152,FC Seoul,35_54,free_registered,False,True,1,0.9486212759395252,0,1.0,19090,37323.0,1.0,19090,56413.0,1,0.7481110482509953
FAN-003153,Jeonbuk Hyundai Motors,Under_18,free_registered,True,True,1,0.9476324411700704,0,1.0,21848,0.0,0.0,21848,21848.0,1,0.5145378452756887
FAN-003154,Ulsan HD,55_Plus,free_registered,True,True,1,0.9834796859358956,0,1.0,18264,0.0,0.0,18264,18264.0,0,0.26389481161040795
FAN-003155,Ulsan HD,35_54,free_registered,True,False,1,0.979356194951466,0,1.0,17523,57212.0,1.0,17523,74735.0,0,0.4266928616172803
FAN-003156,Jeju SK,18_34,free_registered,True,False,1,0.9138796848194712,0,1.0,16641,0.0,0.0,16641,16641.0,1,0.5701950674939557
FAN-003157,Gangwon FC,35_54,free_registered,True,True,1,0.9549195435312235,0,1.0,24905,39780.0,1.0,24905,64685.0,0,0.44215027047191835
FAN-003158,FC Seoul,18_34,free_registered,True,True,2,0.9969357428490272,1,0.5,24190,25727.0,1.0,48380,74107.0,1,0.6656055697271906
FAN-003159,Jeonbuk Hyundai Motors,18_34,season_ticket_partial,True,True,7,0.7721139310078118,5,0.2857142857142857,0,356342.0,3.0,0,356342.0,0,0.42423231986291804
FAN-003160,FC Seoul,35_54,free_registered,False,True,1,0.9972978287095902,0,1.0,21812,0.0,0.0,21812,21812.0,1,0.5261667030190218
FAN-003161,Ulsan HD,55_Plus,paid_membership,True,False,3,0.8757812584378488,2,0.3333333333333333,17927,207892.0,2.0,53781,261673.0,0,0.06673437315388599
FAN-003162,FC Seoul,Under_18,paid_membership,True,True,2,0.9311543885637272,1,0.5,24480,140080.0,2.0,48960,189040.0,1,0.6447206650301187
FAN-003163,Ulsan HD,18_34,paid_membership,False,False,5,0.8778009289782326,4,0.1999999999999999,21546,95919.0,1.0,107730,203649.0,0,0.0841267806267806
FAN-003164,Ulsan HD,18_34,free_registered,False,False,1,0.970941338253258,0,1.0,22045,38603.0,1.0,22045,60648.0,1,0.7417165278714383
FAN-003165,FC Seoul,18_34,free_registered,True,False,1,0.9728826703863102,0,1.0,22433,0.0,0.0,22433,22433.0,1,0.702911964749559
FAN-003166,Ulsan HD,18_34,free_registered,True,False,2,0.9747558801438496,1,0.5,21987,52628.0,1.0,43974,96602.0,1,0.7863749288419328
FAN-003167,Gangwon FC,Under_18,free_registered,False,False,1,0.993025934329048,0,1.0,22163,35600.0,1.0,22163,57763.0,1,0.501012559636678
FAN-003168,FC Seoul,35_54,free_registered,True,False,2,0.9309164923261944,1,0.5,22461,0.0,0.0,44922,44922.0,1,0.5067143352317282
FAN-003169,Jeonbuk Hyundai Motors,18_34,paid_membership,True,True,5,0.925195031965748,4,0.1999999999999999,22359,177579.0,2.0,111795,289374.0,0,0.17616810799547375
FAN-003170,Ulsan HD,18_34,paid_membership,True,False,4,0.9773372239703754,3,0.25,17623,105790.0,1.0,70492,176282.0,0,0.38799454388914106
FAN-003171,Jeju SK,35_54,paid_membership,True,False,3,0.8619497316483171,2,0.3333333333333333,16252,0.0,0.0,48756,48756.0,0,0.4925602318214024
FAN-003172,FC Seoul,35_54,free_registered,False,True,2,0.96310937463678,1,0.5,22211,91764.0,1.0,44422,136186.0,1,0.7988208129345178
FAN-003173,FC Seoul,18_34,free_registered,True,False,2,0.9935148727095569,1,0.5,19662,0.0,0.0,39324,39324.0,1,0.7670485730777524
FAN-003174,FC Seoul,18_34,season_ticket_partial,True,False,8,0.8955804295844502,7,0.125,0,251450.0,2.0,0,251450.0,0,0.46099217741322984
FAN-003175,FC Seoul,35_54,free_registered,False,False,2,0.909929279378026,1,0.5,21778,149311.0,1.0,43556,192867.0,1,0.8575504849087509
FAN-003176,FC Seoul,18_34,paid_membership,False,True,5,0.9443259770901576,4,0.1999999999999999,16367,0.0,0.0,81835,81835.0,0,0.18650553550216958
FAN-003177,Jeju SK,18_34,paid_membership,True,False,3,0.983728773898475,2,0.3333333333333333,18030,104814.0,1.0,54090,158904.0,0,0.15955511322679994
FAN-003178,Jeonbuk Hyundai Motors,35_54,free_registered,True,True,2,0.9691434205930936,1,0.5,18700,54634.0,1.0,37400,92034.0,1,0.5199442782962558
FAN-003179,Jeonbuk Hyundai Motors,Under_18,free_registered,True,False,2,0.9724981451475326,1,0.5,23558,70432.0,1.0,47116,117548.0,0,0.459987024227747
FAN-003180,Jeju SK,Under_18,free_registered,True,True,1,0.9028880600520348,0,1.0,20623,61268.0,1.0,20623,81891.0,1,0.5283040135823706
FAN-003181,FC Seoul,Under_18,free_registered,False,True,1,0.996492372754144,0,1.0,19337,35076.0,1.0,19337,54413.0,1,0.7969599350086723
FAN-003182,FC Seoul,18_34,free_registered,True,True,1,0.9264179377748656,0,1.0,18296,89407.0,1.0,18296,107703.0,0,0.37550432900432895
FAN-003183,Ulsan HD,Under_18,free_registered,True,True,1,0.9413862081062886,0,1.0,23845,0.0,0.0,23845,23845.0,0,0.42650543486832937
FAN-003184,FC Seoul,55_Plus,free_registered,True,True,1,0.94184227362036,0,1.0,24244,144852.0,1.0,24244,169096.0,1,0.5290130752508202
FAN-003185,Ulsan HD,18_34,paid_membership,True,True,5,0.9304012160353298,4,0.1999999999999999,21204,28050.0,1.0,106020,134070.0,0,0.07455122655122653
FAN-003186,Ulsan HD,Under_18,season_ticket_partial,True,False,6,0.9386710456288432,5,0.1666666666666666,0,125707.0,2.0,0,125707.0,0,0.09146869950648555
FAN-003187,Ulsan HD,18_34,free_registered,True,False,1,0.9620206446441504,0,1.0,16718,53932.0,1.0,16718,70650.0,1,0.6606374406217538
FAN-003188,Ulsan HD,55_Plus,season_ticket_full,True,True,17,0.755136055425428,12,0.2941176470588235,0,258416.0,3.0,0,258416.0,0,0.06302574521244597
FAN-003189,Jeonbuk Hyundai Motors,18_34,season_ticket_full,True,True,19,0.6688998311059924,12,0.368421052631579,0,284707.0,3.0,0,284707.0,0,0.2631620296914415
FAN-003190,Jeonbuk Hyundai Motors,18_34,season_ticket_full,True,True,15,0.6228951464024937,9,0.4,0,223935.0,4.0,0,223935.0,0,0.04807648070883364
FAN-003191,Ulsan HD,35_54,season_ticket_partial,True,False,6,0.8436475742848605,5,0.1666666666666666,0,160033.0,2.0,0,160033.0,0,0.1496014639238088
FAN-003192,Gangwon FC,18_34,free_registered,True,True,1,0.9571307699699788,0,1.0,19999,101285.0,1.0,19999,121284.0,0,0.36819418213116006
FAN-003193,Gangwon FC,18_34,free_registered,True,True,1,0.9214340906034658,0,1.0,21662,0.0,0.0,21662,21662.0,1,0.7111735641539072
FAN-003194,Ulsan HD,18_34,paid_membership,True,True,2,0.9472293668708054,1,0.5,19964,51882.0,1.0,39928,91810.0,1,0.8472928107406278
FAN-003195,Ulsan HD,18_34,paid_membership,True,True,5,0.9944101227192076,4,0.1999999999999999,19074,113822.0,2.0,95370,209192.0,0,0.1927890026640026
FAN-003196,Ulsan HD,18_34,season_ticket_partial,True,True,7,0.8809824115038501,6,0.1428571428571429,0,74764.0,1.0,0,74764.0,0,0.05463786638763126
FAN-003197,Gangwon FC,35_54,season_ticket_full,True,True,15,0.7072408775407254,10,0.3333333333333333,0,174905.0,3.0,0,174905.0,0,0.12570763658998957
FAN-003198,Jeonbuk Hyundai Motors,18_34,paid_membership,False,False,4,0.9723801777304918,3,0.25,21846,39999.0,1.0,87384,127383.0,0,0.253076434955591
FAN-003199,FC Seoul,35_54,free_registered,True,False,2,0.9628988527896968,1,0.5,23015,0.0,0.0,46030,46030.0,0,0.4316535566070825
FAN-003200,Ulsan HD,Under_18,free_registered,True,True,2,0.9784586078689328,1,0.5,16829,0.0,0.0,33658,33658.0,1,0.7424560308422256
FAN-003201,Jeju SK,18_34,free_registered,False,False,2,0.9790399082283656,1,0.5,16692,0.0,0.0,33384,33384.0,1,0.6625962126184327
FAN-003202,Ulsan HD,18_34,paid_membership,True,True,3,0.9933041849207338,2,0.3333333333333333,21975,0.0,0.0,65925,65925.0,1,0.5804139642258853
FAN-003203,FC Seoul,55_Plus,paid_membership,False,False,2,0.9687206684286456,1,0.5,21496,0.0,0.0,42992,42992.0,1,0.856599715801989
FAN-003204,Jeonbuk Hyundai Motors,18_34,season_ticket_partial,True,True,10,0.735927224600986,7,0.3,0,239138.0,3.0,0,239138.0,0,0.05567719437284655
FAN-003205,Jeju SK,35_54,paid_membership,True,False,4,0.9476749088390248,3,0.25,23920,0.0,0.0,95680,95680.0,1,0.5764769136009978
FAN-003206,Jeonbuk Hyundai Motors,18_34,season_ticket_partial,True,False,7,0.948181060722756,6,0.1428571428571429,0,176052.0,2.0,0,176052.0,0,0.2519386893979773
FAN-003207,Jeonbuk Hyundai Motors,Under_18,paid_membership,True,True,5,0.9422262810897682,4,0.1999999999999999,18700,0.0,0.0,93500,93500.0,0,0.08473405763014394
FAN-003208,Jeonbuk Hyundai Motors,Under_18,season_ticket_partial,True,False,8,0.765973846442801,6,0.25,0,100431.0,1.0,0,100431.0,0,0.24340309130388926
FAN-003209,Ulsan HD,18_34,free_registered,True,True,1,0.9698992810898388,0,1.0,17574,61155.0,1.0,17574,78729.0,0,0.3763525266321876
FAN-003210,Jeju SK,18_34,season_ticket_partial,True,False,6,0.8983403206396722,5,0.1666666666666666,0,121401.0,1.0,0,121401.0,0,0.08968945589434717
FAN-003211,FC Seoul,18_34,paid_membership,True,True,2,0.9235288373537308,1,0.5,23192,286656.0,2.0,46384,333040.0,0,0.31212184197725396
FAN-003212,Jeju SK,35_54,free_registered,True,True,2,0.9351609515305526,1,0.5,22637,27483.0,1.0,45274,72757.0,1,0.815250091534722
FAN-003213,FC Seoul,Under_18,free_registered,True,True,1,0.9774778543580056,0,1.0,21568,25490.0,1.0,21568,47058.0,1,0.8188191483174627
FAN-003214,Jeju SK,35_54,season_ticket_full,True,True,19,0.8867435902721671,16,0.1578947368421053,0,74034.0,2.0,0,74034.0,0,0.10429830518065812
FAN-003215,FC Seoul,18_34,free_registered,True,True,2,0.9023365738766076,1,0.5,20679,0.0,0.0,41358,41358.0,0,0.4898939986639326
FAN-003216,FC Seoul,18_34,free_registered,True,True,1,0.9089219607003732,0,1.0,17620,0.0,0.0,17620,17620.0,0,0.47815700295652314
FAN-003217,FC Seoul,35_54,free_registered,True,False,1,0.9966147862473376,0,1.0,20042,0.0,0.0,20042,20042.0,1,0.5096616251878646
FAN-003218,FC Seoul,18_34,paid_membership,True,True,3,0.8999296560824154,2,0.3333333333333333,19801,0.0,0.0,59403,59403.0,0,0.14628730297930603
FAN-003219,Jeonbuk Hyundai Motors,18_34,season_ticket_partial,True,True,11,0.8897960002575362,9,0.1818181818181817,0,25402.0,1.0,0,25402.0,0,0.10072801272801274
FAN-003220,Jeonbuk Hyundai Motors,35_54,free_registered,True,False,2,0.9967005787314244,1,0.5,17467,130060.0,1.0,34934,164994.0,0,0.3726883402056456
FAN-003221,Ulsan HD,35_54,free_registered,True,True,1,0.977600595628898,0,1.0,19364,44985.0,1.0,19364,64349.0,1,0.518558287990426
FAN-003222,FC Seoul,18_34,season_ticket_full,True,True,15,0.7060556367000109,10,0.3333333333333333,0,437946.0,5.0,0,437946.0,0,0.1288385977141014
FAN-003223,FC Seoul,Under_18,paid_membership,False,True,4,0.9690977725493444,3,0.25,17534,95434.0,2.0,70136,165570.0,0,0.2950203056203056
FAN-003224,FC Seoul,35_54,season_ticket_partial,True,True,10,0.831685530245927,8,0.1999999999999999,0,104899.0,1.0,0,104899.0,0,0.10750405612905617
FAN-003225,FC Seoul,18_34,free_registered,True,True,2,0.9664993573653708,1,0.5,20270,142884.0,1.0,40540,183424.0,0,0.3967795641359368
FAN-003226,Jeonbuk Hyundai Motors,35_54,free_registered,True,False,1,0.921574401017123,0,1.0,22484,128712.0,1.0,22484,151196.0,1,0.5637912951912953
FAN-003227,FC Seoul,18_34,free_registered,True,True,1,0.9805707538207898,0,1.0,19818,0.0,0.0,19818,19818.0,1,0.8291576275615348
FAN-003228,Ulsan HD,Under_18,paid_membership,False,True,5,0.9020710310317702,4,0.1999999999999999,23633,48486.0,1.0,118165,166651.0,0,0.086515873015873
FAN-003229,FC Seoul,35_54,free_registered,False,True,1,0.9788317499444384,0,1.0,16169,0.0,0.0,16169,16169.0,1,0.8242083014029015
FAN-003230,FC Seoul,18_34,free_registered,True,True,2,0.9626465049877992,1,0.5,20835,74533.0,1.0,41670,116203.0,1,0.5293724377432402
FAN-003231,Ulsan HD,18_34,free_registered,True,True,1,0.9462873849230914,0,1.0,16700,117061.0,1.0,16700,133761.0,0,0.2899837496981461
FAN-003232,Jeju SK,18_34,free_registered,True,True,2,0.972851116483982,1,0.5,22130,0.0,0.0,44260,44260.0,1,0.7949434737815956
FAN-003233,FC Seoul,35_54,season_ticket_partial,True,True,6,0.7938889722839542,4,0.3333333333333333,0,250605.0,3.0,0,250605.0,0,0.05047191354256572
FAN-003234,FC Seoul,35_54,free_registered,True,True,2,0.9465565286503904,1,0.5,16950,0.0,0.0,33900,33900.0,0,0.3679674890059332
FAN-003235,Ulsan HD,Under_18,paid_membership,True,False,3,0.8717942705171282,2,0.3333333333333333,19045,161696.0,2.0,57135,218831.0,0,0.06610432342601016
FAN-003236,FC Seoul,18_34,season_ticket_full,True,True,16,0.7274115019476326,11,0.3125,0,430242.0,5.0,0,430242.0,0,0.11759057259107623
FAN-003237,FC Seoul,35_54,free_registered,True,True,2,0.9090336528320202,1,0.5,19830,0.0,0.0,39660,39660.0,1,0.8109675465563408
FAN-003238,Gangwon FC,35_54,paid_membership,True,False,3,0.8844199713174775,2,0.3333333333333333,16297,98999.0,1.0,48891,147890.0,0,0.1253352053561731
FAN-003239,Jeju SK,35_54,season_ticket_full,True,True,18,0.7116308560952223,12,0.3333333333333333,0,117361.0,2.0,0,117361.0,0,0.10987234671646429
FAN-003240,Jeju SK,18_34,season_ticket_full,True,False,15,0.7347533644706696,11,0.2666666666666667,0,179322.0,2.0,0,179322.0,0,0.04663741051976345
FAN-003241,Ulsan HD,35_54,free_registered,True,False,2,0.9280931359789844,1,0.5,21893,0.0,0.0,43786,43786.0,1,0.8504602601979987
FAN-003242,Ulsan HD,35_54,free_registered,True,True,2,0.902011134350426,1,0.5,19749,0.0,0.0,39498,39498.0,1,0.7985159835829303
FAN-003243,Ulsan HD,Under_18,free_registered,True,True,1,0.9269270165150696,0,1.0,23118,0.0,0.0,23118,23118.0,1,0.6009233468579664
FAN-003244,Jeju SK,18_34,paid_membership,True,False,4,0.8775691253359174,3,0.25,17440,0.0,0.0,69760,69760.0,0,0.22685164429306193
FAN-003245,Jeonbuk Hyundai Motors,18_34,paid_membership,True,False,4,0.8730988167040986,3,0.25,21465,0.0,0.0,85860,85860.0,0,0.18518551277576545
FAN-003246,FC Seoul,35_54,paid_membership,True,False,2,0.8733044093796998,1,0.5,23581,110331.0,1.0,47162,157493.0,1,0.8884234971772285
FAN-003247,Ulsan HD,18_34,free_registered,True,True,2,0.966581074403946,1,0.5,21229,0.0,0.0,42458,42458.0,1,0.746836491631454
FAN-003248,Ulsan HD,35_54,free_registered,True,True,2,0.9779903399208328,1,0.5,16448,0.0,0.0,32896,32896.0,1,0.845607165672308
FAN-003249,Jeonbuk Hyundai Motors,55_Plus,paid_membership,True,False,2,0.900455316643457,1,0.5,16633,0.0,0.0,33266,33266.0,1,0.6017021353145521
FAN-003250,Jeju SK,35_54,free_registered,True,True,2,0.9618927044372422,1,0.5,21886,83885.0,1.0,43772,127657.0,0,0.4736819945988252
FAN-003251,Ulsan HD,55_Plus,paid_membership,True,False,3,0.9930318551237184,2,0.3333333333333333,17018,114791.0,1.0,51054,165845.0,0,0.461470945080132
FAN-003252,FC Seoul,55_Plus,free_registered,True,True,2,0.93228831157406,1,0.5,24906,39371.0,1.0,49812,89183.0,1,0.6587892137514797
FAN-003253,Jeju SK,Under_18,free_registered,True,False,2,0.948277467259406,1,0.5,21609,62085.0,1.0,43218,105303.0,1,0.611557334790929
FAN-003254,FC Seoul,35_54,free_registered,True,True,1,0.9481294500016187,0,1.0,21646,119382.0,1.0,21646,141028.0,0,0.29790236190236197
FAN-003255,Ulsan HD,18_34,free_registered,False,True,1,0.9639370450390268,0,1.0,23115,0.0,0.0,23115,23115.0,1,0.5895995684522268
FAN-003256,FC Seoul,35_54,free_registered,True,False,1,0.9559218374991804,0,1.0,16917,28911.0,1.0,16917,45828.0,1,0.7975740746165275
FAN-003257,Jeju SK,18_34,free_registered,True,True,1,0.9631274434647472,0,1.0,22937,0.0,0.0,22937,22937.0,1,0.5050421108100638
FAN-003258,FC Seoul,55_Plus,free_registered,True,True,2,0.998049433208518,1,0.5,20273,0.0,0.0,40546,40546.0,1,0.5489935053476411
FAN-003259,Ulsan HD,35_54,free_registered,False,True,1,0.981046512127015,0,1.0,18032,0.0,0.0,18032,18032.0,1,0.6104628283037102
FAN-003260,Jeonbuk Hyundai Motors,35_54,free_registered,True,False,1,0.9292058204216463,0,1.0,24790,95429.0,1.0,24790,120219.0,1,0.5547176195849068
FAN-003261,FC Seoul,Under_18,paid_membership,True,False,3,0.9216057144184756,2,0.3333333333333333,18364,213947.0,2.0,55092,269039.0,0,0.049106938028624786
FAN-003262,Ulsan HD,18_34,free_registered,True,True,1,0.922936100637076,0,1.0,16002,0.0,0.0,16002,16002.0,1,0.5968047318771027
FAN-003263,Ulsan HD,35_54,paid_membership,True,True,3,0.8686753567582226,2,0.3333333333333333,21277,0.0,0.0,63831,63831.0,0,0.07164620690311871
FAN-003264,FC Seoul,Under_18,paid_membership,False,True,4,0.9442566809120208,3,0.25,21305,81445.0,1.0,85220,166665.0,0,0.03697089947089946
FAN-003265,Jeonbuk Hyundai Motors,35_54,paid_membership,True,False,5,0.9319498531702022,4,0.1999999999999999,22039,62164.0,1.0,110195,172359.0,0,0.08189353547686877
FAN-003266,FC Seoul,Under_18,season_ticket_full,True,True,19,0.8670657712348112,16,0.1578947368421053,0,118318.0,3.0,0,118318.0,0,0.34591081304316595
FAN-003267,Ulsan HD,35_54,free_registered,True,True,2,0.9007310629126783,1,0.5,20146,0.0,0.0,40292,40292.0,1,0.5031365870639518
FAN-003268,Jeju SK,18_34,paid_membership,True,True,4,0.9827101415559778,3,0.25,22965,132995.0,2.0,91860,224855.0,0,0.20685257391033032
FAN-003269,Jeju SK,35_54,season_ticket_full,True,True,17,0.6895059322444679,11,0.3529411764705882,0,451000.0,5.0,0,451000.0,1,0.5344624697198224
FAN-003270,Jeju SK,35_54,season_ticket_partial,True,False,11,0.9199017448605584,10,0.0909090909090909,0,203246.0,3.0,0,203246.0,0,0.06932635882635882
FAN-003271,FC Seoul,18_34,free_registered,True,True,2,0.9570782951876088,1,0.5,18472,0.0,0.0,36944,36944.0,1,0.8395264973149276
FAN-003272,FC Seoul,Under_18,free_registered,True,True,1,0.9589870662943448,0,1.0,23792,129172.0,1.0,23792,152964.0,1,0.7057952939036275
FAN-003273,Jeonbuk Hyundai Motors,Under_18,free_registered,True,True,2,0.9089540544587577,1,0.5,20215,142838.0,1.0,40430,183268.0,1,0.7155203266138049
FAN-003274,Ulsan HD,35_54,paid_membership,False,False,2,0.9233647054416227,1,0.5,16617,90505.0,2.0,33234,123739.0,1,0.7945120173787262
FAN-003275,Jeonbuk Hyundai Motors,18_34,paid_membership,True,True,4,0.8816872643701099,3,0.25,17393,148299.0,2.0,69572,217871.0,0,0.18413793613793616
FAN-003276,Jeonbuk Hyundai Motors,35_54,free_registered,True,True,1,0.9458711018388402,0,1.0,18464,0.0,0.0,18464,18464.0,1,0.623641276581008
FAN-003277,Jeonbuk Hyundai Motors,18_34,paid_membership,True,True,2,0.8605976309537656,1,0.5,17802,0.0,0.0,35604,35604.0,1,0.5024905482642471
FAN-003278,Ulsan HD,18_34,paid_membership,True,False,2,0.9378790366594936,1,0.5,24355,144360.0,1.0,48710,193070.0,0,0.4068108121959927
FAN-003279,Ulsan HD,18_34,free_registered,True,True,2,0.904519319468693,1,0.5,24826,56571.0,1.0,49652,106223.0,0,0.3196284738853622
FAN-003280,Jeonbuk Hyundai Motors,Under_18,season_ticket_partial,True,True,6,0.9057150616898536,5,0.1666666666666666,0,52852.0,1.0,0,52852.0,0,0.0671273553844732
FAN-003281,Ulsan HD,18_34,paid_membership,False,True,5,0.93892795525944,4,0.1999999999999999,22031,103323.0,1.0,110155,213478.0,0,0.04583234666568001
FAN-003282,FC Seoul,55_Plus,free_registered,True,True,2,0.9144923965841556,1,0.5,16718,110534.0,1.0,33436,143970.0,1,0.5308720761759403
FAN-003283,Jeonbuk Hyundai Motors,35_54,paid_membership,True,False,2,0.9792682896568404,1,0.5,19463,128845.0,1.0,38926,167771.0,0,0.49610227735023366
FAN-003284,Jeonbuk Hyundai Motors,18_34,free_registered,True,True,1,0.9002888510237623,0,1.0,16994,111105.0,1.0,16994,128099.0,1,0.5116933430404953
FAN-003285,Ulsan HD,35_54,paid_membership,False,False,3,0.954129783689367,2,0.3333333333333333,20616,234005.0,2.0,61848,295853.0,0,0.12886790986790983
FAN-003286,FC Seoul,35_54,season_ticket_full,True,True,17,0.8126950416291769,13,0.2352941176470588,0,317609.0,4.0,0,317609.0,0,0.2554091665415195
FAN-003287,Ulsan HD,18_34,season_ticket_partial,True,True,6,0.7325691021647085,4,0.3333333333333333,0,290521.0,3.0,0,290521.0,0,0.1114188435966386
FAN-003288,Jeonbuk Hyundai Motors,Under_18,free_registered,False,True,1,0.9287090203099472,0,1.0,23759,0.0,0.0,23759,23759.0,1,0.7057469465395685
FAN-003289,Gangwon FC,Under_18,free_registered,False,False,2,0.9562037796153124,1,0.5,17041,75774.0,1.0,34082,109856.0,1,0.7590398191538945
FAN-003290,FC Seoul,18_34,free_registered,True,True,2,0.9112859305352444,1,0.5,23627,0.0,0.0,47254,47254.0,0,0.3950795071839652
FAN-003291,FC Seoul,55_Plus,paid_membership,False,False,4,0.8666148236160228,3,0.25,20802,0.0,0.0,83208,83208.0,0,0.16777209203398646
FAN-003292,Jeonbuk Hyundai Motors,35_54,free_registered,True,True,1,0.9561990405819834,0,1.0,21235,133767.0,1.0,21235,155002.0,1,0.8854955211455215
FAN-003293,Ulsan HD,Under_18,paid_membership,True,True,4,0.9830554049730916,3,0.25,24735,0.0,0.0,98940,98940.0,0,0.24564478908014786
FAN-003294,Ulsan HD,18_34,free_registered,True,False,2,0.9931270752122348,1,0.5,22366,0.0,0.0,44732,44732.0,0,0.39401113829058165
FAN-003295,Gangwon FC,35_54,free_registered,False,False,2,0.951055405778,1,0.5,20183,0.0,0.0,40366,40366.0,1,0.5325862349862757
FAN-003296,FC Seoul,35_54,free_registered,True,True,1,0.9113224228447504,0,1.0,21792,108269.0,1.0,21792,130061.0,1,0.7567664584737752
FAN-003297,Jeju SK,35_54,season_ticket_full,True,False,16,0.805058941189061,12,0.25,0,438244.0,4.0,0,438244.0,0,0.050754922130425754
FAN-003298,FC Seoul,35_54,paid_membership,False,True,3,0.9807761497960608,2,0.3333333333333333,18869,53023.0,1.0,56607,109630.0,0,0.1339599188579452
FAN-003299,Ulsan HD,Under_18,free_registered,True,True,2,0.9883064521013184,1,0.5,24866,19490.0,1.0,49732,69222.0,0,0.4463912010228943
FAN-003300,Jeonbuk Hyundai Motors,35_54,free_registered,True,True,1,0.9780162642839988,0,1.0,18236,0.0,0.0,18236,18236.0,0,0.20205200164259798
FAN-003301,Ulsan HD,35_54,paid_membership,True,True,2,0.9179857580737056,1,0.5,22514,67758.0,1.0,45028,112786.0,1,0.7653347068854838
FAN-003302,Gangwon FC,18_34,free_registered,True,True,1,0.9755555563113008,0,1.0,20923,82605.0,1.0,20923,103528.0,0,0.2971263786264697
FAN-003303,Jeju SK,35_54,paid_membership,True,True,5,0.9136018901884704,4,0.1999999999999999,18297,92858.0,1.0,91485,184343.0,0,0.06321089096089097
FAN-003304,Ulsan HD,18_34,season_ticket_partial,True,False,9,0.8625339942504596,7,0.2222222222222222,0,240897.0,2.0,0,240897.0,0,0.4638628061062271
FAN-003305,FC Seoul,Under_18,paid_membership,True,False,2,0.9387890696406178,1,0.5,18013,24233.0,1.0,36026,60259.0,1,0.8036077700802825
FAN-003306,Ulsan HD,18_34,paid_membership,True,True,3,0.8604546737378864,2,0.3333333333333333,18352,18808.0,1.0,55056,73864.0,0,0.09425256561971031
FAN-003307,Ulsan HD,18_34,paid_membership,True,False,3,0.8704900321653621,2,0.3333333333333333,20886,0.0,0.0,62658,62658.0,0,0.09359060086771707
FAN-003308,FC Seoul,18_34,season_ticket_full,True,True,19,0.6146561869778633,11,0.4210526315789473,0,230792.0,3.0,0,230792.0,0,0.10468200327268953
FAN-003309,Ulsan HD,18_34,season_ticket_full,True,True,15,0.7969195136665397,11,0.2666666666666667,0,220468.0,3.0,0,220468.0,0,0.05778772317007611
FAN-003310,Ulsan HD,18_34,paid_membership,True,False,2,0.8664707663351312,1,0.5,23325,0.0,0.0,46650,46650.0,0,0.44250299284495925
FAN-003311,Jeonbuk Hyundai Motors,18_34,free_registered,True,True,2,0.942323571799504,1,0.5,18050,87818.0,1.0,36100,123918.0,1,0.8153315640750561
FAN-003312,Jeju SK,18_34,free_registered,False,False,2,0.954317576380799,1,0.5,18043,0.0,0.0,36086,36086.0,1,0.7427695672515107
FAN-003313,Jeonbuk Hyundai Motors,Under_18,free_registered,True,True,2,0.9094738971816316,1,0.5,22474,0.0,0.0,44948,44948.0,0,0.47260429865043174
FAN-003314,FC Seoul,35_54,paid_membership,True,True,3,0.9142348236349505,2,0.3333333333333333,20674,148394.0,1.0,62022,210416.0,0,0.1512012726229594
FAN-003315,FC Seoul,18_34,paid_membership,False,True,2,0.930014436305593,1,0.5,18728,151985.0,2.0,37456,189441.0,0,0.49293455928058716
FAN-003316,Jeju SK,18_34,free_registered,False,False,2,0.9560464416228668,1,0.5,24111,0.0,0.0,48222,48222.0,0,0.4947720757670003
FAN-003317,Ulsan HD,35_54,free_registered,True,False,1,0.949112299911072,0,1.0,21681,76213.0,1.0,21681,97894.0,1,0.7277361377493213
FAN-003318,FC Seoul,35_54,free_registered,False,False,1,0.9905635579092056,0,1.0,16441,125947.0,1.0,16441,142388.0,0,0.35835897337695416
FAN-003319,Jeonbuk Hyundai Motors,35_54,season_ticket_partial,True,True,8,0.7062508274280792,5,0.375,0,182402.0,2.0,0,182402.0,0,0.139635513831166
FAN-003320,Jeonbuk Hyundai Motors,18_34,paid_membership,True,True,5,0.9176266963294444,4,0.1999999999999999,21241,43885.0,1.0,106205,150090.0,0,0.06906645021645019
FAN-003321,Ulsan HD,Under_18,paid_membership,True,False,3,0.8880707080128439,2,0.3333333333333333,24817,122873.0,1.0,74451,197324.0,0,0.14127151996820664
FAN-003322,FC Seoul,35_54,free_registered,True,True,2,0.9985400136463982,1,0.5,22976,128625.0,1.0,45952,174577.0,0,0.34366858342945295
FAN-003323,Jeonbuk Hyundai Motors,18_34,paid_membership,False,True,5,0.8977296591557734,4,0.1999999999999999,22113,0.0,0.0,110565,110565.0,0,0.19090574380131264
FAN-003324,Jeju SK,18_34,free_registered,True,False,2,0.9073669271727114,1,0.5,23555,119276.0,1.0,47110,166386.0,1,0.7845981995205362
FAN-003325,Jeonbuk Hyundai Motors,Under_18,paid_membership,True,True,2,0.8979944900810315,1,0.5,16090,42274.0,1.0,32180,74454.0,1,0.7704025904523267
FAN-003326,Jeonbuk Hyundai Motors,35_54,free_registered,True,True,2,0.9503193815088206,1,0.5,18764,0.0,0.0,37528,37528.0,1,0.7573988927532276
FAN-003327,Jeonbuk Hyundai Motors,Under_18,free_registered,True,False,1,0.993963289646242,0,1.0,21878,0.0,0.0,21878,21878.0,0,0.39564510631141175
FAN-003328,Ulsan HD,55_Plus,free_registered,True,False,2,0.957519980486508,1,0.5,17517,62380.0,1.0,35034,97414.0,1,0.932566534184686
FAN-003329,FC Seoul,35_54,free_registered,True,False,2,0.9511496431832442,1,0.5,24039,78971.0,1.0,48078,127049.0,0,0.40799993729793566
FAN-003330,Jeju SK,18_34,season_ticket_full,True,True,17,0.771190900007698,13,0.2352941176470588,0,430434.0,4.0,0,430434.0,0,0.17682475507525872
FAN-003331,Jeju SK,35_54,free_registered,False,True,2,0.9380383501185828,1,0.5,22664,0.0,0.0,45328,45328.0,1,0.9062557945372817
FAN-003332,Jeonbuk Hyundai Motors,35_54,free_registered,True,False,2,0.959744634484898,1,0.5,19812,0.0,0.0,39624,39624.0,1,0.7181515459888363
FAN-003333,FC Seoul,35_54,paid_membership,True,False,4,0.9308132117097394,3,0.25,24376,233944.0,2.0,97504,331448.0,0,0.3120457878033525
FAN-003334,FC Seoul,18_34,season_ticket_partial,True,True,5,0.9051112400050124,4,0.1999999999999999,0,71443.0,1.0,0,71443.0,0,0.24787341893340392
FAN-003335,Jeonbuk Hyundai Motors,35_54,free_registered,True,False,2,0.929779584311906,1,0.5,24207,0.0,0.0,48414,48414.0,1,0.7061012434027552
FAN-003336,Jeonbuk Hyundai Motors,18_34,paid_membership,False,False,2,0.9152879159895376,1,0.5,19152,210560.0,2.0,38304,248864.0,0,0.4440587234898941
FAN-003337,Gangwon FC,55_Plus,season_ticket_partial,True,True,9,0.8381920888167508,7,0.2222222222222222,0,15003.0,1.0,0,15003.0,0,0.15800209242406038
FAN-003338,Jeonbuk Hyundai Motors,18_34,free_registered,True,False,2,0.9984713697234476,1,0.5,21769,0.0,0.0,43538,43538.0,1,0.5325342620352137
FAN-003339,Jeju SK,18_34,free_registered,True,True,1,0.9050942588680448,0,1.0,22836,104546.0,1.0,22836,127382.0,0,0.48435533910533896
FAN-003340,Jeju SK,35_54,free_registered,True,True,1,0.9767968413812518,0,1.0,22208,89472.0,1.0,22208,111680.0,1,0.7343941270071216
FAN-003341,Jeonbuk Hyundai Motors,35_54,season_ticket_partial,True,True,5,0.8559575868439028,4,0.1999999999999999,0,15310.0,1.0,0,15310.0,0,0.25290701199153254
FAN-003342,Jeju SK,35_54,free_registered,True,True,2,0.9603914604562968,1,0.5,24337,0.0,0.0,48674,48674.0,1,0.7001617106314679
FAN-003343,Jeju SK,18_34,free_registered,False,False,2,0.9430936588336508,1,0.5,17898,0.0,0.0,35796,35796.0,1,0.5117659374190108
FAN-003344,FC Seoul,18_34,paid_membership,False,False,3,0.9829267205238984,2,0.3333333333333333,19744,136657.0,1.0,59232,195889.0,0,0.14845756558256556
FAN-003345,Ulsan HD,55_Plus,paid_membership,True,False,4,0.8876525737788878,3,0.25,17898,0.0,0.0,71592,71592.0,0,0.19980558826485117
FAN-003346,Jeonbuk Hyundai Motors,35_54,free_registered,False,True,2,0.982733349815568,1,0.5,22410,103535.0,1.0,44820,148355.0,1,0.8364671933542627
FAN-003347,FC Seoul,35_54,paid_membership,False,True,4,0.8633655231383757,3,0.25,21831,84692.0,1.0,87324,172016.0,0,0.36736414511414517
FAN-003348,FC Seoul,Under_18,free_registered,False,True,2,0.9447059022096524,1,0.5,22434,148366.0,1.0,44868,193234.0,1,0.8718405009356089
FAN-003349,Ulsan HD,18_34,free_registered,False,True,2,0.9337711325041952,1,0.5,24271,70563.0,1.0,48542,119105.0,1,0.6627037162012235
FAN-003350,FC Seoul,35_54,paid_membership,True,True,4,0.9998357807337492,3,0.25,23787,76206.0,1.0,95148,171354.0,0,0.18654103984856066
FAN-003351,FC Seoul,35_54,season_ticket_partial,True,True,9,0.9365042334548096,8,0.1111111111111111,0,165002.0,2.0,0,165002.0,0,0.07791646608751873
FAN-003352,Ulsan HD,Under_18,free_registered,False,True,2,0.9001396208600584,1,0.5,17185,116734.0,1.0,34370,151104.0,1,0.5079249602028142
FAN-003353,Gangwon FC,35_54,season_ticket_partial,True,True,11,0.8090417622230809,8,0.2727272727272727,0,249073.0,3.0,0,249073.0,0,0.038862038916386746
FAN-003354,Ulsan HD,18_34,paid_membership,False,True,2,0.8790128259272563,1,0.5,19059,63118.0,2.0,38118,101236.0,0,0.43087354404408196
FAN-003355,FC Seoul,18_34,free_registered,True,True,1,0.9975494543961289,0,1.0,22967,0.0,0.0,22967,22967.0,0,0.4457514339357648
FAN-003356,FC Seoul,18_34,paid_membership,True,False,4,0.9620784471067504,3,0.25,19934,198007.0,2.0,79736,277743.0,0,0.248815028696961
FAN-003357,Jeju SK,18_34,free_registered,True,True,2,0.9070682821841092,1,0.5,17437,85399.0,1.0,34874,120273.0,1,0.8183748835989763
FAN-003358,Ulsan HD,18_34,season_ticket_full,True,True,17,0.6241276449519488,10,0.4117647058823529,0,443382.0,5.0,0,443382.0,0,0.13867909568644868
FAN-003359,Jeonbuk Hyundai Motors,Under_18,season_ticket_partial,True,False,10,0.9274480726362276,9,0.0999999999999999,0,96179.0,3.0,0,96179.0,0,0.19817166305916306
FAN-003360,Jeju SK,18_34,free_registered,True,False,1,0.9636183434015726,0,1.0,24649,110121.0,1.0,24649,134770.0,1,0.7731646817819693
FAN-003361,Jeonbuk Hyundai Motors,35_54,free_registered,True,False,1,0.9623191894910524,0,1.0,18273,0.0,0.0,18273,18273.0,0,0.39820827909924855
FAN-003362,FC Seoul,Under_18,free_registered,True,True,1,0.914394496848526,0,1.0,21694,96576.0,1.0,21694,118270.0,0,0.4973923418496589
FAN-003363,Jeju SK,18_34,free_registered,True,True,2,0.9919459662298338,1,0.5,18325,35481.0,1.0,36650,72131.0,1,0.7868109245322512
FAN-003364,FC Seoul,18_34,free_registered,True,False,2,0.955454154307114,1,0.5,23992,122438.0,1.0,47984,170422.0,1,0.7466858197005259
FAN-003365,Gangwon FC,18_34,free_registered,True,False,1,0.9700761301305028,0,1.0,21813,0.0,0.0,21813,21813.0,1,0.5660809188135211
FAN-003366,Jeju SK,35_54,paid_membership,True,True,3,0.8984858762987278,2,0.3333333333333333,18051,0.0,0.0,54153,54153.0,0,0.1455188073137516
FAN-003367,Ulsan HD,18_34,free_registered,False,True,2,0.91222914776035,1,0.5,23360,0.0,0.0,46720,46720.0,1,0.899027091282873
FAN-003368,FC Seoul,35_54,season_ticket_partial,True,True,8,0.9164841557691408,7,0.125,0,243454.0,3.0,0,243454.0,0,0.17161731145855189
FAN-003369,FC Seoul,35_54,season_ticket_partial,True,True,10,0.7517711636284248,7,0.3,0,406358.0,3.0,0,406358.0,0,0.41224679091773636
FAN-003370,Jeju SK,Under_18,free_registered,False,False,1,0.9581132498143112,0,1.0,24050,0.0,0.0,24050,24050.0,1,0.5867086311953
FAN-003371,FC Seoul,18_34,season_ticket_partial,True,True,5,0.761458813745324,3,0.4,0,117870.0,1.0,0,117870.0,0,0.1555730740706717
FAN-003372,Jeju SK,18_34,free_registered,True,False,1,0.9623252329858588,0,1.0,17765,89505.0,1.0,17765,107270.0,0,0.49165302082582796
FAN-003373,FC Seoul,18_34,free_registered,True,True,1,0.942893177122362,0,1.0,23494,22626.0,1.0,23494,46120.0,1,0.6396882530930913
FAN-003374,Jeju SK,35_54,paid_membership,False,False,2,0.8840150302533001,1,0.5,20000,0.0,0.0,40000,40000.0,1,0.5535481402660064
FAN-003375,Jeonbuk Hyundai Motors,35_54,free_registered,True,True,2,0.9913504767979092,1,0.5,16954,0.0,0.0,33908,33908.0,0,0.37139333916299544
FAN-003376,Jeonbuk Hyundai Motors,18_34,paid_membership,False,True,4,0.9387286906706744,3,0.25,16084,0.0,0.0,64336,64336.0,0,0.30278864685366236
FAN-003377,Jeonbuk Hyundai Motors,18_34,season_ticket_partial,True,True,8,0.8321381279016257,6,0.25,0,55882.0,1.0,0,55882.0,0,0.33634959727210384
FAN-003378,FC Seoul,18_34,season_ticket_full,True,False,18,0.8761219446089317,15,0.1666666666666666,0,310809.0,3.0,0,310809.0,0,0.44136796091478714
FAN-003379,FC Seoul,35_54,paid_membership,True,True,3,0.9427972696396826,2,0.3333333333333333,21365,104930.0,2.0,64095,169025.0,0,0.05139853832022507
FAN-003380,Jeju SK,18_34,paid_membership,True,True,5,0.8732382095342706,4,0.1999999999999999,24564,212626.0,2.0,122820,335446.0,0,0.4963975541366843
FAN-003381,Ulsan HD,18_34,free_registered,True,False,1,0.954061659292119,0,1.0,17094,0.0,0.0,17094,17094.0,1,0.5514583155252546
FAN-003382,Ulsan HD,18_34,free_registered,True,True,1,0.9048342132339804,0,1.0,19273,62633.0,1.0,19273,81906.0,1,0.8688567809904016
FAN-003383,FC Seoul,35_54,paid_membership,False,False,2,0.9019583860510532,1,0.5,23518,76332.0,1.0,47036,123368.0,1,0.8015774172697072
FAN-003384,FC Seoul,35_54,free_registered,True,False,1,0.949408708242535,0,1.0,20864,0.0,0.0,20864,20864.0,1,0.8015791183340135
FAN-003385,FC Seoul,18_34,free_registered,True,False,2,0.9608294887424096,1,0.5,20316,0.0,0.0,40632,40632.0,1,0.6741137427680799
FAN-003386,Jeonbuk Hyundai Motors,18_34,free_registered,False,True,2,0.9743100718284724,1,0.5,17182,135980.0,1.0,34364,170344.0,1,0.5463017595264498
FAN-003387,FC Seoul,55_Plus,paid_membership,True,True,5,0.9103013802531924,4,0.1999999999999999,21327,167836.0,2.0,106635,274471.0,0,0.051536916036916035
FAN-003388,Jeju SK,18_34,free_registered,True,False,2,0.9294803728953068,1,0.5,18898,0.0,0.0,37796,37796.0,1,0.7355625646831395
FAN-003389,FC Seoul,35_54,paid_membership,True,True,5,0.953101832351482,4,0.1999999999999999,20489,0.0,0.0,102445,102445.0,1,0.5477360145870384
FAN-003390,Jeju SK,Under_18,free_registered,True,True,2,0.9521279552438372,1,0.5,21092,0.0,0.0,42184,42184.0,1,0.6616995061424962
FAN-003391,Ulsan HD,35_54,free_registered,True,False,1,0.9466013006732072,0,1.0,24513,0.0,0.0,24513,24513.0,1,0.5549680120072921
FAN-003392,Jeonbuk Hyundai Motors,Under_18,free_registered,False,True,2,0.9079900732572036,1,0.5,17203,0.0,0.0,34406,34406.0,1,0.8316413015764019
FAN-003393,Jeonbuk Hyundai Motors,55_Plus,free_registered,True,False,1,0.9761351470489152,0,1.0,19671,35713.0,1.0,19671,55384.0,1,0.6262929771366337
FAN-003394,Ulsan HD,35_54,season_ticket_partial,True,False,5,0.8163980971679176,4,0.1999999999999999,0,257605.0,2.0,0,257605.0,0,0.14754891102173714
FAN-003395,Gangwon FC,35_54,free_registered,True,False,2,0.982114421691763,1,0.5,22971,0.0,0.0,45942,45942.0,1,0.7616945168400111
FAN-003396,Gangwon FC,35_54,free_registered,True,True,2,0.9111034758107552,1,0.5,24013,38342.0,1.0,48026,86368.0,1,0.8049129807272392
FAN-003397,Jeonbuk Hyundai Motors,35_54,paid_membership,True,True,3,0.9233208633428704,2,0.3333333333333333,16125,43558.0,1.0,48375,91933.0,0,0.14302158173793267
FAN-003398,Jeonbuk Hyundai Motors,18_34,free_registered,True,True,1,0.9603722077969056,0,1.0,21101,134285.0,1.0,21101,155386.0,1,0.8039488640988645
FAN-003399,FC Seoul,35_54,free_registered,False,True,2,0.904893962791795,1,0.5,22961,85106.0,1.0,45922,131028.0,1,0.8233109011658468
FAN-003400,Jeju SK,55_Plus,free_registered,True,True,2,0.9959415716711124,1,0.5,19690,91745.0,1.0,39380,131125.0,1,0.8697312386524788
FAN-003401,FC Seoul,18_34,season_ticket_full,True,True,17,0.8527031014987461,14,0.1764705882352941,0,354634.0,5.0,0,354634.0,0,0.06982936671171966
FAN-003402,FC Seoul,55_Plus,paid_membership,True,True,4,0.9631638183072574,3,0.25,22142,146017.0,2.0,88568,234585.0,0,0.30659529415305053
FAN-003403,Gangwon FC,35_54,free_registered,False,True,2,0.9628751490568191,1,0.5,19597,81332.0,1.0,39194,120526.0,1,0.5104798556651353
FAN-003404,Ulsan HD,18_34,free_registered,True,False,1,0.9143376568576144,0,1.0,19314,0.0,0.0,19314,19314.0,1,0.8033194743814169
FAN-003405,Jeonbuk Hyundai Motors,18_34,free_registered,True,True,1,0.9873210351518154,0,1.0,18577,99912.0,1.0,18577,118489.0,1,0.8976719891958186
FAN-003406,Jeonbuk Hyundai Motors,18_34,free_registered,True,True,1,0.9098341341585692,0,1.0,20385,71565.0,1.0,20385,91950.0,0,0.4376343541464509
FAN-003407,Jeonbuk Hyundai Motors,Under_18,paid_membership,False,False,4,0.9627253578063976,3,0.25,19624,0.0,0.0,78496,78496.0,0,0.13014172131843302
FAN-003408,Gangwon FC,18_34,season_ticket_partial,True,False,8,0.7257552540044246,5,0.375,0,99810.0,1.0,0,99810.0,0,0.08832027042106828
FAN-003409,FC Seoul,18_34,free_registered,True,True,1,0.9478226210249008,0,1.0,21296,0.0,0.0,21296,21296.0,1,0.5326741788198026
FAN-003410,FC Seoul,18_34,season_ticket_partial,True,False,8,0.8140647989544877,6,0.25,0,262545.0,3.0,0,262545.0,0,0.10538311888311892
FAN-003411,Ulsan HD,18_34,free_registered,True,True,2,0.924581111338802,1,0.5,20820,0.0,0.0,41640,41640.0,1,0.8157767030087532
FAN-003412,FC Seoul,55_Plus,free_registered,False,True,1,0.9384350281022242,0,1.0,18863,30314.0,1.0,18863,49177.0,0,0.3526903178047678
FAN-003413,FC Seoul,18_34,free_registered,False,False,1,0.9217444701205606,0,1.0,20032,0.0,0.0,20032,20032.0,1,0.5206949185051666
FAN-003414,Ulsan HD,18_34,free_registered,False,False,2,0.9527617591951234,1,0.5,19853,122603.0,1.0,39706,162309.0,0,0.4755666363307574
FAN-003415,Jeonbuk Hyundai Motors,Under_18,season_ticket_partial,True,True,7,0.8780649377779071,6,0.1428571428571429,0,210447.0,3.0,0,210447.0,0,0.06612359571374915
FAN-003416,Jeju SK,Under_18,free_registered,False,False,1,0.9351547335846028,0,1.0,19997,19650.0,1.0,19997,39647.0,0,0.3926218075666497
FAN-003417,Ulsan HD,35_54,free_registered,True,False,1,0.9442765179194328,0,1.0,20246,0.0,0.0,20246,20246.0,1,0.6303901991852067
FAN-003418,Jeju SK,35_54,season_ticket_full,True,False,18,0.7270137258699358,13,0.2777777777777778,0,375752.0,5.0,0,375752.0,0,0.29393563602437484
FAN-003419,FC Seoul,35_54,season_ticket_partial,True,True,8,0.7131815052959853,5,0.375,0,143984.0,2.0,0,143984.0,0,0.18582084550333985
FAN-003420,FC Seoul,Under_18,paid_membership,False,True,2,0.9013767427117,1,0.5,22017,59192.0,1.0,44034,103226.0,1,0.6746514375826834
FAN-003421,Jeonbuk Hyundai Motors,35_54,season_ticket_full,True,True,16,0.6210562294587336,9,0.4375,0,328787.0,4.0,0,328787.0,0,0.0826581397904927
FAN-003422,Jeju SK,18_34,free_registered,True,True,2,0.924542838023046,1,0.5,16510,56514.0,1.0,33020,89534.0,1,0.5121690374310849
FAN-003423,Jeonbuk Hyundai Motors,18_34,season_ticket_partial,True,True,11,0.8915279585376705,9,0.1818181818181817,0,70625.0,2.0,0,70625.0,0,0.09483178225283487
FAN-003424,FC Seoul,Under_18,paid_membership,True,False,2,0.9278114020760844,1,0.5,20065,173320.0,2.0,40130,213450.0,1,0.5819392722134255
FAN-003425,Jeonbuk Hyundai Motors,Under_18,season_ticket_partial,True,False,6,0.7317121535759659,4,0.3333333333333333,0,127405.0,2.0,0,127405.0,0,0.05483142179406177
FAN-003426,Jeju SK,18_34,paid_membership,True,False,4,0.8568184988346732,3,0.25,18909,72871.0,2.0,75636,148507.0,0,0.22096223758320532
FAN-003427,Jeju SK,Under_18,free_registered,True,True,1,0.9572338368198856,0,1.0,21213,114743.0,1.0,21213,135956.0,0,0.3712649002899004
FAN-003428,Jeju SK,55_Plus,paid_membership,True,True,5,0.8845584271689171,4,0.1999999999999999,18766,0.0,0.0,93830,93830.0,0,0.17807157313608057
FAN-003429,Jeonbuk Hyundai Motors,18_34,free_registered,True,True,2,0.9816255313834532,1,0.5,17608,0.0,0.0,35216,35216.0,1,0.5790142078633564
FAN-003430,Jeju SK,Under_18,free_registered,True,True,2,0.9934621810627976,1,0.5,17690,0.0,0.0,35380,35380.0,1,0.6961350923876226
FAN-003431,Jeju SK,18_34,free_registered,False,False,1,0.9478107654105734,0,1.0,24961,0.0,0.0,24961,24961.0,1,0.695080919248587
FAN-003432,Gangwon FC,35_54,season_ticket_full,True,True,16,0.7346735260961739,11,0.3125,0,224052.0,2.0,0,224052.0,0,0.0174760348583878
FAN-003433,Jeonbuk Hyundai Motors,Under_18,free_registered,True,False,1,0.9488782291544348,0,1.0,23342,0.0,0.0,23342,23342.0,1,0.7092493096429628
FAN-003434,Ulsan HD,35_54,paid_membership,False,True,3,0.9211215634047678,2,0.3333333333333333,16807,114481.0,1.0,50421,164902.0,0,0.2254231879231879
FAN-003435,Jeonbuk Hyundai Motors,55_Plus,free_registered,True,True,1,0.9236981556974044,0,1.0,22360,0.0,0.0,22360,22360.0,0,0.4097666472773535
FAN-003436,Ulsan HD,18_34,season_ticket_full,True,False,17,0.6122570062690589,10,0.4117647058823529,0,296100.0,3.0,0,296100.0,0,0.07579339215613726
FAN-003437,FC Seoul,18_34,free_registered,True,True,2,0.9345074399991868,1,0.5,21516,30030.0,1.0,43032,73062.0,1,0.7257903959650126
FAN-003438,Jeju SK,Under_18,paid_membership,True,True,5,0.8991860734305194,4,0.1999999999999999,16723,0.0,0.0,83615,83615.0,0,0.15756544753340318
FAN-003439,Gangwon FC,35_54,season_ticket_partial,True,True,10,0.9455527043430756,9,0.0999999999999999,0,140303.0,1.0,0,140303.0,0,0.20031322397645926
FAN-003440,Gangwon FC,18_34,free_registered,False,False,2,0.9877156012433054,1,0.5,22661,0.0,0.0,45322,45322.0,1,0.8666771455617535
FAN-003441,Ulsan HD,18_34,free_registered,True,False,1,0.923817834422537,0,1.0,20035,100596.0,1.0,20035,120631.0,0,0.38856492852224567
FAN-003442,Ulsan HD,18_34,paid_membership,True,False,5,0.957974477709922,4,0.1999999999999999,22451,0.0,0.0,112255,112255.0,0,0.2339014153775876
FAN-003443,FC Seoul,35_54,season_ticket_partial,True,False,8,0.8159724169482273,6,0.25,0,89682.0,2.0,0,89682.0,0,0.28616889028440906
FAN-003444,Gangwon FC,18_34,paid_membership,True,False,3,0.9798650407642416,2,0.3333333333333333,20161,0.0,0.0,60483,60483.0,0,0.1486142160134334
FAN-003445,Gangwon FC,18_34,free_registered,True,False,1,0.9411317937452174,0,1.0,24469,0.0,0.0,24469,24469.0,1,0.5612829193221993
FAN-003446,Jeju SK,35_54,season_ticket_partial,True,True,10,0.93066652345935,9,0.0999999999999999,0,180769.0,3.0,0,180769.0,0,0.08532748732748732
FAN-003447,Jeonbuk Hyundai Motors,35_54,free_registered,True,True,1,0.905212291004733,0,1.0,16675,74888.0,1.0,16675,91563.0,1,0.816932416396813
FAN-003448,Jeonbuk Hyundai Motors,35_54,paid_membership,True,True,2,0.8762000419804121,1,0.5,23476,32291.0,1.0,46952,79243.0,1,0.8295307510040748
FAN-003449,Jeju SK,Under_18,season_ticket_partial,True,False,6,0.7047557082888587,4,0.3333333333333333,0,93558.0,2.0,0,93558.0,0,0.05780037372471581
FAN-003450,FC Seoul,35_54,free_registered,True,True,2,0.9541191626384437,1,0.5,24872,0.0,0.0,49744,49744.0,0,0.3366624851427718
FAN-003451,Ulsan HD,35_54,paid_membership,True,True,3,0.8528144450554708,2,0.3333333333333333,20366,147675.0,1.0,61098,208773.0,0,0.23047104189272863
FAN-003452,Jeju SK,Under_18,paid_membership,True,False,2,0.8780149482612613,1,0.5,18347,152929.0,2.0,36694,189623.0,1,0.6467814952478318
FAN-003453,Jeju SK,35_54,season_ticket_partial,True,True,8,0.7600400584865586,6,0.25,0,79318.0,1.0,0,79318.0,0,0.25567080488950406
FAN-003454,Ulsan HD,18_34,free_registered,True,False,1,0.9475716127960314,0,1.0,23683,0.0,0.0,23683,23683.0,0,0.4429143505770714
FAN-003455,Gangwon FC,55_Plus,free_registered,False,False,2,0.9099534262340804,1,0.5,21032,0.0,0.0,42064,42064.0,1,0.8563712315858701
FAN-003456,FC Seoul,Under_18,season_ticket_partial,True,True,10,0.7649362294507324,7,0.3,0,289336.0,3.0,0,289336.0,0,0.06593604758884261
FAN-003457,Ulsan HD,35_54,free_registered,True,False,1,0.9377063788983712,0,1.0,21840,0.0,0.0,21840,21840.0,1,0.5395386574063405
FAN-003458,Jeju SK,18_34,free_registered,True,False,2,0.9244539586196716,1,0.5,19326,0.0,0.0,38652,38652.0,1,0.7942100155740939
FAN-003459,Jeju SK,55_Plus,season_ticket_full,True,True,19,0.7800453102739684,14,0.2631578947368421,0,327354.0,4.0,0,327354.0,0,0.11970995834231128
FAN-003460,Jeju SK,18_34,free_registered,True,False,2,0.961186979900074,1,0.5,20506,0.0,0.0,41012,41012.0,1,0.5429865607395825
FAN-003461,FC Seoul,55_Plus,season_ticket_full,True,False,16,0.7729326970217435,12,0.25,0,434203.0,5.0,0,434203.0,0,0.03868349355899718
FAN-003462,FC Seoul,55_Plus,free_registered,False,True,1,0.9153419697162746,0,1.0,20851,0.0,0.0,20851,20851.0,0,0.43921929259303993
FAN-003463,Jeju SK,18_34,free_registered,True,True,1,0.959256878878936,0,1.0,24049,103166.0,1.0,24049,127215.0,1,0.5307398892695503
FAN-003464,Jeju SK,35_54,paid_membership,True,True,2,0.900501883525919,1,0.5,23270,0.0,0.0,46540,46540.0,0,0.49328418493271453
FAN-003465,FC Seoul,55_Plus,paid_membership,True,True,2,0.8519776889948133,1,0.5,21663,82749.0,1.0,43326,126075.0,1,0.8323746745399997
FAN-003466,Jeonbuk Hyundai Motors,18_34,paid_membership,False,True,5,0.9883259708972842,4,0.1999999999999999,18902,145313.0,1.0,94510,239823.0,0,0.08373935002195874
FAN-003467,Ulsan HD,18_34,paid_membership,True,False,3,0.8972071759866616,2,0.3333333333333333,16050,104335.0,1.0,48150,152485.0,0,0.12842196439628398
FAN-003468,Jeju SK,18_34,season_ticket_partial,True,True,8,0.8320223732504622,6,0.25,0,159245.0,3.0,0,159245.0,0,0.34412766203384054
FAN-003469,Jeonbuk Hyundai Motors,18_34,free_registered,True,False,2,0.9780355467948754,1,0.5,24231,0.0,0.0,48462,48462.0,1,0.6513729788577934
FAN-003470,FC Seoul,Under_18,free_registered,True,True,1,0.9495806045910736,0,1.0,22022,98709.0,1.0,22022,120731.0,1,0.6047199767069545
FAN-003471,FC Seoul,18_34,free_registered,True,True,2,0.9055372351824522,1,0.5,24960,18169.0,1.0,49920,68089.0,0,0.3685212064176828
FAN-003472,Jeonbuk Hyundai Motors,18_34,paid_membership,False,False,5,0.9800866753962462,4,0.1999999999999999,18968,0.0,0.0,94840,94840.0,0,0.08915939563656954
FAN-003473,Jeju SK,18_34,free_registered,True,False,1,0.9580384581875304,0,1.0,22366,0.0,0.0,22366,22366.0,1,0.8202396015183722
FAN-003474,Jeju SK,18_34,free_registered,True,True,2,0.915143777000856,1,0.5,24709,0.0,0.0,49418,49418.0,0,0.3184936813443332
FAN-003475,Jeonbuk Hyundai Motors,35_54,free_registered,False,True,2,0.9212966995800058,1,0.5,24155,22737.0,1.0,48310,71047.0,1,0.7434910214828065
FAN-003476,Jeonbuk Hyundai Motors,35_54,free_registered,True,False,1,0.9230676555388329,0,1.0,18019,99564.0,1.0,18019,117583.0,0,0.39917983703421295
FAN-003477,Gangwon FC,Under_18,free_registered,True,True,2,0.9732409664659336,1,0.5,22415,0.0,0.0,44830,44830.0,1,0.7543969609026407
FAN-003478,Ulsan HD,35_54,paid_membership,True,True,2,0.8719292301458698,1,0.5,23573,198240.0,2.0,47146,245386.0,1,0.7234874214384016
FAN-003479,Ulsan HD,35_54,free_registered,True,True,2,0.9047894351535172,1,0.5,20324,0.0,0.0,40648,40648.0,1,0.6091061237908411
FAN-003480,Ulsan HD,55_Plus,season_ticket_partial,True,False,6,0.7933134578218612,4,0.3333333333333333,0,230826.0,2.0,0,230826.0,0,0.019872850970677057
FAN-003481,FC Seoul,Under_18,paid_membership,True,True,2,0.8622057253604863,1,0.5,20489,165521.0,2.0,40978,206499.0,0,0.34622063269364617
FAN-003482,Jeju SK,18_34,free_registered,False,True,1,0.973315017373126,0,1.0,23462,0.0,0.0,23462,23462.0,1,0.6904757447208624
FAN-003483,FC Seoul,55_Plus,paid_membership,False,True,3,0.9973541570366348,2,0.3333333333333333,22713,151722.0,2.0,68139,219861.0,0,0.14539522514522518
FAN-003484,Gangwon FC,55_Plus,free_registered,True,False,2,0.926016763050302,1,0.5,21830,19856.0,1.0,43660,63516.0,1,0.7238283498912207
FAN-003485,Jeju SK,35_54,paid_membership,True,True,5,0.93579935852516,4,0.1999999999999999,18729,130214.0,2.0,93645,223859.0,0,0.12034589947089948
FAN-003486,Jeju SK,35_54,season_ticket_full,True,True,17,0.7634993853542053,12,0.2941176470588235,0,302070.0,4.0,0,302070.0,0,0.05338052388787682
FAN-003487,Ulsan HD,Under_18,paid_membership,True,True,4,0.8521928369000084,3,0.25,17796,133142.0,1.0,71184,204326.0,0,0.29343063369379174
FAN-003488,FC Seoul,18_34,paid_membership,True,True,2,0.8657872353778571,1,0.5,24504,103388.0,1.0,49008,152396.0,1,0.7819614442494647
FAN-003489,FC Seoul,18_34,free_registered,False,False,1,0.9928724183295792,0,1.0,21199,98690.0,1.0,21199,119889.0,1,0.5068526870608757
FAN-003490,Ulsan HD,18_34,free_registered,True,False,2,0.9243603083922856,1,0.5,16662,0.0,0.0,33324,33324.0,1,0.7656423231484584
FAN-003491,FC Seoul,35_54,season_ticket_partial,True,False,9,0.8521926547235469,7,0.2222222222222222,0,149024.0,1.0,0,149024.0,0,0.15865376977219076
FAN-003492,Jeju SK,Under_18,free_registered,True,False,1,0.9970288250404552,0,1.0,24686,65879.0,1.0,24686,90565.0,1,0.5156149181609967
FAN-003493,Jeonbuk Hyundai Motors,18_34,free_registered,True,False,1,0.9219987170517076,0,1.0,19975,144380.0,1.0,19975,164355.0,1,0.7412690189793842
FAN-003494,Jeonbuk Hyundai Motors,55_Plus,free_registered,True,True,2,0.9462411787152526,1,0.5,19047,146068.0,1.0,38094,184162.0,1,0.7624662131346914
FAN-003495,Jeju SK,18_34,paid_membership,True,False,2,0.9659690521590204,1,0.5,18194,0.0,0.0,36388,36388.0,0,0.4491889821413833
FAN-003496,FC Seoul,55_Plus,free_registered,False,True,2,0.9035854139816478,1,0.5,22372,15104.0,1.0,44744,59848.0,1,0.7327413399147392
FAN-003497,Jeonbuk Hyundai Motors,55_Plus,season_ticket_full,True,False,15,0.7061606345178624,10,0.3333333333333333,0,384789.0,5.0,0,384789.0,0,0.06581490381540744
FAN-003498,Jeonbuk Hyundai Motors,35_54,free_registered,True,True,2,0.9404541403918402,1,0.5,17731,0.0,0.0,35462,35462.0,1,0.9161816923962501
FAN-003499,FC Seoul,18_34,free_registered,True,False,2,0.9771092073800224,1,0.5,18901,0.0,0.0,37802,37802.0,1,0.5111005811467099
FAN-003500,Jeonbuk Hyundai Motors,18_34,paid_membership,True,True,2,0.995876905524444,1,0.5,20427,0.0,0.0,40854,40854.0,1,0.7701335077854347
FAN-003501,FC Seoul,18_34,free_registered,True,False,1,0.9372883361399312,0,1.0,21568,127359.0,1.0,21568,148927.0,1,0.5987523096197009
FAN-003502,Jeonbuk Hyundai Motors,18_34,paid_membership,True,False,4,0.9093855445696872,3,0.25,16775,0.0,0.0,67100,67100.0,0,0.20815640629519236
FAN-003503,Gangwon FC,18_34,free_registered,True,False,1,0.9345882116593204,0,1.0,16441,112901.0,1.0,16441,129342.0,1,0.5209416082151018
FAN-003504,FC Seoul,55_Plus,free_registered,True,False,1,0.9259574297996755,0,1.0,19048,114043.0,1.0,19048,133091.0,0,0.4471937117760289
FAN-003505,Jeonbuk Hyundai Motors,18_34,free_registered,True,True,2,0.935533376948373,1,0.5,16410,136533.0,1.0,32820,169353.0,1,0.5259791346204917
FAN-003506,Jeju SK,35_54,season_ticket_full,True,True,16,0.602722645060971,9,0.4375,0,228771.0,3.0,0,228771.0,0,0.0383801122624652
FAN-003507,Gangwon FC,Under_18,paid_membership,True,False,4,0.941812302205156,3,0.25,23669,214736.0,2.0,94676,309412.0,0,0.3566001586274602
FAN-003508,Ulsan HD,35_54,paid_membership,True,False,2,0.9954131616079476,1,0.5,19173,0.0,0.0,38346,38346.0,1,0.9134221856158476
FAN-003509,Jeonbuk Hyundai Motors,55_Plus,free_registered,True,True,2,0.9205019669780165,1,0.5,21868,0.0,0.0,43736,43736.0,1,0.8846418337863485
FAN-003510,FC Seoul,18_34,paid_membership,True,True,2,0.8742286431326425,1,0.5,18936,127071.0,1.0,37872,164943.0,0,0.3370068730711298
FAN-003511,Ulsan HD,18_34,free_registered,True,True,1,0.9744962396678388,0,1.0,22782,109031.0,1.0,22782,131813.0,1,0.8381712912009527
FAN-003512,FC Seoul,35_54,season_ticket_full,True,True,17,0.8291354928984349,14,0.1764705882352941,0,211528.0,4.0,0,211528.0,0,0.09479545617780911
FAN-003513,Gangwon FC,35_54,paid_membership,False,True,4,0.8739333809383748,3,0.25,20829,114198.0,1.0,83316,197514.0,0,0.1704457764457764
FAN-003514,Jeonbuk Hyundai Motors,35_54,paid_membership,False,True,3,0.9260424596475998,2,0.3333333333333333,21826,152402.0,2.0,65478,217880.0,0,0.4546248381248379
FAN-003515,Jeonbuk Hyundai Motors,18_34,free_registered,False,True,2,0.99282260908038,1,0.5,17726,0.0,0.0,35452,35452.0,1,0.8604930646077124
FAN-003516,Gangwon FC,18_34,paid_membership,True,True,3,0.9401454975864858,2,0.3333333333333333,19165,126997.0,2.0,57495,184492.0,0,0.11691212804434106
FAN-003517,FC Seoul,55_Plus,free_registered,True,True,1,0.9036765992420164,0,1.0,16483,83881.0,1.0,16483,100364.0,1,0.7943178774270111
FAN-003518,Ulsan HD,55_Plus,season_ticket_full,True,True,19,0.6456822023243036,12,0.368421052631579,0,511045.0,5.0,0,511045.0,0,0.09170183683418977
FAN-003519,FC Seoul,18_34,free_registered,True,True,2,0.9885707570725458,1,0.5,22963,37149.0,1.0,45926,83075.0,1,0.5195919385494896
FAN-003520,FC Seoul,35_54,free_registered,True,False,2,0.973752116917405,1,0.5,20139,0.0,0.0,40278,40278.0,0,0.48555952202997293
FAN-003521,FC Seoul,18_34,free_registered,True,True,2,0.9133741663867174,1,0.5,17339,57856.0,1.0,34678,92534.0,1,0.5445810702417655
FAN-003522,Ulsan HD,18_34,free_registered,True,False,2,0.953988779573446,1,0.5,22201,0.0,0.0,44402,44402.0,1,0.6964313358291062
FAN-003523,FC Seoul,18_34,free_registered,True,False,1,0.9733098540370356,0,1.0,16606,51536.0,1.0,16606,68142.0,1,0.5162463922369875
FAN-003524,FC Seoul,18_34,season_ticket_partial,True,True,8,0.730239360866467,5,0.375,0,163232.0,2.0,0,163232.0,0,0.22605240298489723
FAN-003525,FC Seoul,18_34,paid_membership,True,True,5,0.9867928610553732,4,0.1999999999999999,22930,58076.0,1.0,114650,172726.0,0,0.07194652877986212
FAN-003526,FC Seoul,Under_18,season_ticket_partial,True,True,11,0.919901558278604,10,0.0909090909090909,0,20004.0,1.0,0,20004.0,0,0.2491925111925112
FAN-003527,Gangwon FC,18_34,season_ticket_partial,True,True,11,0.7143764809422211,7,0.3636363636363636,0,190192.0,3.0,0,190192.0,0,0.156464444964445
FAN-003528,Jeonbuk Hyundai Motors,35_54,free_registered,True,True,2,0.9258431861280274,1,0.5,19061,0.0,0.0,38122,38122.0,1,0.5717608680254896
FAN-003529,Gangwon FC,35_54,paid_membership,True,True,3,0.9769560414414478,2,0.3333333333333333,17817,181476.0,2.0,53451,234927.0,0,0.13959502160366485
FAN-003530,Ulsan HD,35_54,free_registered,True,False,1,0.9696665209568888,0,1.0,20721,53146.0,1.0,20721,73867.0,0,0.4169417146161332
FAN-003531,FC Seoul,55_Plus,season_ticket_partial,True,True,5,0.7979317683558682,3,0.4,0,323318.0,3.0,0,323318.0,0,0.43840283908063443
FAN-003532,Jeonbuk Hyundai Motors,Under_18,free_registered,True,False,2,0.9425860374794804,1,0.5,18806,117778.0,1.0,37612,155390.0,0,0.4638864724827826
FAN-003533,Ulsan HD,35_54,free_registered,True,True,2,0.9503674622720923,1,0.5,20780,0.0,0.0,41560,41560.0,1,0.7338369541232698
FAN-003534,FC Seoul,35_54,free_registered,True,False,1,0.9558629570860132,0,1.0,19294,125908.0,1.0,19294,145202.0,1,0.5777494943994946
FAN-003535,FC Seoul,18_34,free_registered,True,True,1,0.9234165389281608,0,1.0,22865,0.0,0.0,22865,22865.0,1,0.8322782932279732
FAN-003536,FC Seoul,18_34,free_registered,True,True,2,0.9368678353227204,1,0.5,18945,0.0,0.0,37890,37890.0,1,0.7104557058365869
FAN-003537,FC Seoul,Under_18,free_registered,True,True,1,0.943446628854632,0,1.0,20217,0.0,0.0,20217,20217.0,0,0.41537958560100385
FAN-003538,Ulsan HD,35_54,paid_membership,False,False,5,0.9793942245520012,4,0.1999999999999999,23532,138890.0,2.0,117660,256550.0,0,0.1343136928028233
FAN-003539,Jeju SK,18_34,season_ticket_partial,True,True,9,0.8072582193101274,7,0.2222222222222222,0,23484.0,1.0,0,23484.0,0,0.2651741055960736
FAN-003540,FC Seoul,35_54,free_registered,True,False,2,0.922430862633432,1,0.5,18887,0.0,0.0,37774,37774.0,1,0.5083697436153184
FAN-003541,FC Seoul,35_54,free_registered,False,False,1,0.9512223424621123,0,1.0,18883,55597.0,1.0,18883,74480.0,1,0.8481764610867468
FAN-003542,Jeonbuk Hyundai Motors,35_54,season_ticket_partial,True,False,6,0.7637252280102078,4,0.3333333333333333,0,209026.0,2.0,0,209026.0,0,0.027890046737872827
FAN-003543,FC Seoul,35_54,free_registered,True,True,1,0.9972604392619228,0,1.0,17145,0.0,0.0,17145,17145.0,1,0.8119718988164712
FAN-003544,Ulsan HD,35_54,season_ticket_partial,True,False,7,0.8203998957252674,5,0.2857142857142857,0,205032.0,3.0,0,205032.0,0,0.14451915292704767
FAN-003545,Jeonbuk Hyundai Motors,18_34,free_registered,True,False,2,0.9827009324440265,1,0.5,17198,0.0,0.0,34396,34396.0,0,0.40494787583813147
FAN-003546,FC Seoul,18_34,paid_membership,True,True,2,0.8987163986601862,1,0.5,23460,230656.0,2.0,46920,277576.0,0,0.3264877159208945
FAN-003547,FC Seoul,35_54,paid_membership,True,True,3,0.85395505025759,2,0.3333333333333333,17744,0.0,0.0,53232,53232.0,0,0.1668234340407921
FAN-003548,Ulsan HD,18_34,paid_membership,True,False,5,0.9891902457380314,4,0.1999999999999999,19090,0.0,0.0,95450,95450.0,0,0.2127826937436913
FAN-003549,Ulsan HD,18_34,season_ticket_partial,True,False,5,0.7269976386780432,3,0.4,0,201880.0,2.0,0,201880.0,0,0.2834374884266189
FAN-003550,Jeju SK,Under_18,free_registered,True,True,2,0.9003641240583491,1,0.5,16586,0.0,0.0,33172,33172.0,1,0.7222227860548291
FAN-003551,Jeonbuk Hyundai Motors,55_Plus,free_registered,False,False,2,0.9648071133114816,1,0.5,23811,82028.0,1.0,47622,129650.0,1,0.7770942044254668
FAN-003552,FC Seoul,Under_18,paid_membership,False,True,2,0.8603568650867199,1,0.5,24749,93964.0,1.0,49498,143462.0,1,0.7719721044698165
FAN-003553,Jeju SK,35_54,season_ticket_partial,True,True,7,0.8301925570478339,5,0.2857142857142857,0,202053.0,2.0,0,202053.0,0,0.1160661295117817
FAN-003554,Ulsan HD,18_34,free_registered,True,True,1,0.9694407785269268,0,1.0,24833,109616.0,1.0,24833,134449.0,0,0.46629867787846546
FAN-003555,FC Seoul,18_34,season_ticket_partial,True,True,7,0.7020599221276387,4,0.4285714285714286,0,155552.0,2.0,0,155552.0,0,0.17188316764831102
FAN-003556,Jeju SK,35_54,free_registered,False,False,2,0.9874541456951758,1,0.5,19883,116611.0,1.0,39766,156377.0,1,0.8259862600335125
FAN-003557,FC Seoul,Under_18,free_registered,True,True,2,0.9175731797444124,1,0.5,20186,0.0,0.0,40372,40372.0,0,0.3030383743797413
FAN-003558,Ulsan HD,35_54,paid_membership,True,True,4,0.9536618310243452,3,0.25,24056,183198.0,2.0,96224,279422.0,1,0.6353501771274782
FAN-003559,FC Seoul,35_54,free_registered,True,True,1,0.9429707072550262,0,1.0,23976,0.0,0.0,23976,23976.0,1,0.6906916682721927
FAN-003560,Ulsan HD,35_54,paid_membership,False,True,5,0.9057755067113612,4,0.1999999999999999,19193,263129.0,2.0,95965,359094.0,0,0.09781772004798317
FAN-003561,Ulsan HD,18_34,free_registered,False,False,2,0.9955977294631828,1,0.5,21984,0.0,0.0,43968,43968.0,1,0.6575968211961022
FAN-003562,Jeonbuk Hyundai Motors,35_54,free_registered,True,False,2,0.9283812155439524,1,0.5,19877,79663.0,1.0,39754,119417.0,0,0.330138921163113
FAN-003563,FC Seoul,35_54,paid_membership,True,True,5,0.919768244887677,4,0.1999999999999999,20041,0.0,0.0,100205,100205.0,0,0.46354091678505804
FAN-003564,Ulsan HD,35_54,paid_membership,True,False,5,0.8523611888872719,4,0.1999999999999999,18752,230399.0,2.0,93760,324159.0,0,0.18432148017674338
FAN-003565,Ulsan HD,18_34,free_registered,True,True,2,0.928335612071273,1,0.5,19185,34907.0,1.0,38370,73277.0,1,0.5192518143953714
FAN-003566,Jeonbuk Hyundai Motors,18_34,free_registered,False,False,1,0.9062573399329718,0,1.0,16418,0.0,0.0,16418,16418.0,1,0.6479600848628013
FAN-003567,Jeju SK,55_Plus,free_registered,True,False,1,0.9540006585392792,0,1.0,20618,91449.0,1.0,20618,112067.0,1,0.7388198965442814
FAN-003568,Jeju SK,35_54,free_registered,False,True,2,0.9018005207546036,1,0.5,18234,16473.0,1.0,36468,52941.0,0,0.3474190192899372
FAN-003569,Jeonbuk Hyundai Motors,18_34,season_ticket_full,True,False,15,0.7238890330345819,10,0.3333333333333333,0,230500.0,4.0,0,230500.0,0,0.022917833800186742
FAN-003570,Jeonbuk Hyundai Motors,18_34,season_ticket_partial,True,True,9,0.8431561680484974,7,0.2222222222222222,0,214300.0,2.0,0,214300.0,0,0.08148568218133434
FAN-003571,Ulsan HD,18_34,free_registered,True,True,1,0.9399697890656472,0,1.0,23654,63591.0,1.0,23654,87245.0,1,0.8940420975801302
FAN-003572,Ulsan HD,18_34,free_registered,True,True,2,0.9970818990400624,1,0.5,18904,135778.0,1.0,37808,173586.0,0,0.40835882343635976
FAN-003573,Jeonbuk Hyundai Motors,18_34,season_ticket_full,True,False,18,0.7142406316192804,12,0.3333333333333333,0,416697.0,4.0,0,416697.0,0,0.11585929569803466
FAN-003574,Gangwon FC,18_34,paid_membership,True,True,5,0.9426227282512414,4,0.1999999999999999,17653,0.0,0.0,88265,88265.0,0,0.11972118599572058
FAN-003575,Jeonbuk Hyundai Motors,35_54,paid_membership,True,False,4,0.9476827163745958,3,0.25,20100,117930.0,2.0,80400,198330.0,0,0.2680065337239249
FAN-003576,Ulsan HD,Under_18,paid_membership,True,False,4,0.897631666939815,3,0.25,21785,0.0,0.0,87140,87140.0,0,0.2970438791746247
FAN-003577,FC Seoul,35_54,free_registered,True,True,2,0.9703990596793256,1,0.5,22943,0.0,0.0,45886,45886.0,1,0.8632414043400098
FAN-003578,Ulsan HD,18_34,free_registered,True,True,1,0.9653449317455356,0,1.0,20398,0.0,0.0,20398,20398.0,0,0.49502481578332597
FAN-003579,Jeonbuk Hyundai Motors,18_34,season_ticket_full,True,False,18,0.7444021369460156,13,0.2777777777777778,0,193376.0,2.0,0,193376.0,0,0.017260666893019836
FAN-003580,Ulsan HD,Under_18,paid_membership,True,True,3,0.8602812913279835,2,0.3333333333333333,22498,0.0,0.0,67494,67494.0,0,0.18721354855231115
FAN-003581,Ulsan HD,18_34,free_registered,True,True,2,0.9478492392100386,1,0.5,21049,0.0,0.0,42098,42098.0,1,0.8140323172470273
FAN-003582,Jeonbuk Hyundai Motors,35_54,free_registered,True,False,2,0.9165828012976108,1,0.5,21214,97530.0,1.0,42428,139958.0,0,0.49713395225453155
FAN-003583,Ulsan HD,35_54,free_registered,True,False,2,0.9294458654668466,1,0.5,23758,0.0,0.0,47516,47516.0,0,0.4921000728737003
FAN-003584,Jeonbuk Hyundai Motors,18_34,paid_membership,False,True,2,0.9593062449750148,1,0.5,20790,215371.0,2.0,41580,256951.0,1,0.6609163561594934
FAN-003585,Ulsan HD,18_34,free_registered,False,False,2,0.931643050452598,1,0.5,16825,112453.0,1.0,33650,146103.0,1,0.8398588098355801
FAN-003586,Ulsan HD,18_34,free_registered,True,True,2,0.9030352208107246,1,0.5,21108,17927.0,1.0,42216,60143.0,1,0.7439589877921188
FAN-003587,Ulsan HD,35_54,season_ticket_full,True,True,15,0.8354387550334557,12,0.1999999999999999,0,222020.0,4.0,0,222020.0,0,0.14236055291681887
FAN-003588,Jeonbuk Hyundai Motors,35_54,free_registered,True,False,2,0.9004928277286677,1,0.5,19913,86311.0,1.0,39826,126137.0,0,0.4005359402896716
FAN-003589,FC Seoul,18_34,free_registered,True,False,2,0.9679111902740162,1,0.5,21804,0.0,0.0,43608,43608.0,1,0.6145046002632556
FAN-003590,FC Seoul,35_54,free_registered,True,True,2,0.9664504186752342,1,0.5,19721,0.0,0.0,39442,39442.0,0,0.4843147196225896
FAN-003591,Gangwon FC,35_54,free_registered,True,True,2,0.9068129084621892,1,0.5,17381,0.0,0.0,34762,34762.0,1,0.7412082199956802
FAN-003592,FC Seoul,Under_18,free_registered,True,False,2,0.931518443323297,1,0.5,17755,0.0,0.0,35510,35510.0,1,0.6654648570791918
FAN-003593,Jeju SK,18_34,season_ticket_full,True,True,15,0.6074298143796676,9,0.4,0,178538.0,2.0,0,178538.0,0,0.2876987010810539
FAN-003594,Jeju SK,55_Plus,season_ticket_partial,True,True,7,0.7626402662576219,5,0.2857142857142857,0,96324.0,1.0,0,96324.0,0,0.21773833485027705
FAN-003595,Ulsan HD,35_54,free_registered,True,True,2,0.9358696738657644,1,0.5,21487,120078.0,1.0,42974,163052.0,0,0.43641491990668857
FAN-003596,Jeju SK,18_34,free_registered,False,False,1,0.9820512070515734,0,1.0,18911,0.0,0.0,18911,18911.0,1,0.8665285049245642
FAN-003597,FC Seoul,18_34,paid_membership,True,True,3,0.9828388228685117,2,0.3333333333333333,21893,191934.0,2.0,65679,257613.0,0,0.10007911158775486
FAN-003598,Jeju SK,18_34,free_registered,True,True,2,0.9206040989684448,1,0.5,17418,0.0,0.0,34836,34836.0,1,0.9063444242133937
FAN-003599,Ulsan HD,18_34,free_registered,True,True,1,0.912099797672302,0,1.0,20482,44126.0,1.0,20482,64608.0,1,0.7753447529905609
FAN-003600,Jeju SK,35_54,season_ticket_full,True,True,18,0.7398148303341198,13,0.2777777777777778,0,516467.0,5.0,0,516467.0,0,0.16557698895249265
FAN-003601,FC Seoul,18_34,free_registered,True,True,2,0.9501495816254016,1,0.5,17952,0.0,0.0,35904,35904.0,0,0.4956929609532442
FAN-003602,Jeju SK,35_54,free_registered,True,True,1,0.9324373456754254,0,1.0,18030,119003.0,1.0,18030,137033.0,0,0.2673170768170768
FAN-003603,FC Seoul,35_54,free_registered,True,True,2,0.9051392487001624,1,0.5,16978,0.0,0.0,33956,33956.0,0,0.43453207158806567
FAN-003604,FC Seoul,18_34,free_registered,True,False,1,0.9606124714296423,0,1.0,16761,0.0,0.0,16761,16761.0,0,0.3870573087263982
FAN-003605,FC Seoul,18_34,free_registered,True,True,2,0.9207725887292484,1,0.5,22153,17911.0,1.0,44306,62217.0,1,0.598793115698676
FAN-003606,FC Seoul,18_34,free_registered,True,True,2,0.9037686738396168,1,0.5,21906,49829.0,1.0,43812,93641.0,0,0.4269301133094237
FAN-003607,Jeonbuk Hyundai Motors,35_54,free_registered,False,False,1,0.9444808857177076,0,1.0,16134,121290.0,1.0,16134,137424.0,0,0.22753733104467552
FAN-003608,FC Seoul,18_34,paid_membership,True,False,2,0.8559299611993972,1,0.5,18620,124233.0,1.0,37240,161473.0,0,0.4494499027023174
FAN-003609,Gangwon FC,35_54,free_registered,False,False,2,0.9171376927428402,1,0.5,18573,25459.0,1.0,37146,62605.0,0,0.3435229238998587
FAN-003610,Gangwon FC,35_54,free_registered,True,True,2,0.965145316323146,1,0.5,18305,0.0,0.0,36610,36610.0,1,0.7414706918251586
FAN-003611,Jeju SK,18_34,paid_membership,False,True,3,0.9873648895152658,2,0.3333333333333333,22587,170668.0,2.0,67761,238429.0,0,0.05911385536385532
FAN-003612,FC Seoul,55_Plus,season_ticket_partial,True,False,11,0.883539675464871,9,0.1818181818181817,0,283288.0,2.0,0,283288.0,0,0.2268419516130044
FAN-003613,Ulsan HD,55_Plus,free_registered,True,False,1,0.9148932412127804,0,1.0,23955,54182.0,1.0,23955,78137.0,1,0.8097979427979428
FAN-003614,Jeonbuk Hyundai Motors,Under_18,free_registered,True,True,1,0.95869949691824,0,1.0,21145,100763.0,1.0,21145,121908.0,1,0.6646500503370284
FAN-003615,Ulsan HD,18_34,free_registered,False,True,1,0.9635309526031576,0,1.0,21562,149892.0,1.0,21562,171454.0,1,0.8574826817588967
FAN-003616,FC Seoul,55_Plus,paid_membership,True,False,3,0.9697473049112586,2,0.3333333333333333,21110,64284.0,2.0,63330,127614.0,0,0.06706709783088981
FAN-003617,Jeju SK,55_Plus,free_registered,True,True,2,0.9062392457441252,1,0.5,23143,0.0,0.0,46286,46286.0,0,0.2726597225758493
FAN-003618,Jeonbuk Hyundai Motors,Under_18,free_registered,False,True,1,0.9952957717382376,0,1.0,23375,0.0,0.0,23375,23375.0,1,0.5217451808054719
FAN-003619,Jeonbuk Hyundai Motors,Under_18,free_registered,True,True,1,0.9521923938028388,0,1.0,20723,0.0,0.0,20723,20723.0,0,0.4326239247620805
FAN-003620,FC Seoul,18_34,free_registered,True,False,2,0.9245588140491764,1,0.5,22344,59456.0,1.0,44688,104144.0,1,0.8598201199187696
FAN-003621,Jeju SK,55_Plus,free_registered,True,False,2,0.9365415134878324,1,0.5,16380,0.0,0.0,32760,32760.0,1,0.8285900111050601
FAN-003622,FC Seoul,18_34,free_registered,True,False,2,0.9055677336685024,1,0.5,22046,128973.0,1.0,44092,173065.0,0,0.3426939539250585
FAN-003623,FC Seoul,18_34,season_ticket_partial,True,True,11,0.9384169048225386,10,0.0909090909090909,0,290175.0,3.0,0,290175.0,0,0.1483277776777777
FAN-003624,Jeonbuk Hyundai Motors,35_54,paid_membership,True,True,5,0.9152426209747132,4,0.1999999999999999,22446,115117.0,1.0,112230,227347.0,0,0.03865038665038666
FAN-003625,FC Seoul,Under_18,free_registered,False,True,2,0.9105908038402292,1,0.5,16141,0.0,0.0,32282,32282.0,1,0.7202087922048465
FAN-003626,FC Seoul,35_54,free_registered,True,False,1,0.9055839589690068,0,1.0,20623,0.0,0.0,20623,20623.0,1,0.7244751669039596
FAN-003627,FC Seoul,18_34,free_registered,True,False,1,0.959826788154276,0,1.0,21267,27264.0,1.0,21267,48531.0,1,0.6903726172215429
FAN-003628,Jeonbuk Hyundai Motors,35_54,free_registered,True,False,2,0.9382734690927056,1,0.5,17524,71103.0,1.0,35048,106151.0,1,0.9215389477360473
FAN-003629,Jeonbuk Hyundai Motors,18_34,season_ticket_partial,True,True,6,0.7199744029736883,4,0.3333333333333333,0,61012.0,1.0,0,61012.0,0,0.13675108397425031
FAN-003630,Jeju SK,35_54,season_ticket_full,True,False,18,0.7080378365982485,12,0.3333333333333333,0,294546.0,5.0,0,294546.0,0,0.08481399455664161
FAN-003631,Jeonbuk Hyundai Motors,35_54,free_registered,False,True,2,0.904416915427534,1,0.5,18055,84255.0,1.0,36110,120365.0,0,0.49303747116667135
FAN-003632,FC Seoul,18_34,free_registered,True,True,2,0.986572929840219,1,0.5,19375,100613.0,1.0,38750,139363.0,1,0.784071202823221
FAN-003633,Ulsan HD,Under_18,free_registered,True,True,2,0.9389538131162998,1,0.5,23183,0.0,0.0,46366,46366.0,1,0.6549614911438101
FAN-003634,Ulsan HD,18_34,paid_membership,True,True,3,0.9199872679243176,2,0.3333333333333333,19374,0.0,0.0,58122,58122.0,0,0.14963606841140487
FAN-003635,FC Seoul,18_34,paid_membership,True,False,3,0.9833323309218392,2,0.3333333333333333,22239,39937.0,1.0,66717,106654.0,0,0.0808198320750034
FAN-003636,Ulsan HD,35_54,season_ticket_partial,True,True,10,0.8739519071562163,8,0.1999999999999999,0,38805.0,1.0,0,38805.0,0,0.03870588670588669
FAN-003637,Gangwon FC,35_54,paid_membership,True,False,3,0.9215193791126643,2,0.3333333333333333,24779,157632.0,2.0,74337,231969.0,0,0.10285382817551486
FAN-003638,FC Seoul,18_34,free_registered,True,True,1,0.9803504700639636,0,1.0,23286,0.0,0.0,23286,23286.0,0,0.404867076801283
FAN-003639,FC Seoul,35_54,paid_membership,False,True,5,0.8530489674836583,4,0.1999999999999999,23338,0.0,0.0,116690,116690.0,0,0.28582683663937447
FAN-003640,FC Seoul,35_54,paid_membership,False,True,5,0.8511223457395558,4,0.1999999999999999,16033,130057.0,2.0,80165,210222.0,0,0.2657688036177738
FAN-003641,FC Seoul,35_54,paid_membership,False,True,2,0.9605021385491624,1,0.5,23941,91118.0,2.0,47882,139000.0,1,0.5590244259773189
FAN-003642,Gangwon FC,18_34,free_registered,False,True,2,0.9712074635521092,1,0.5,21424,114128.0,1.0,42848,156976.0,1,0.7250514977373029
FAN-003643,Ulsan HD,18_34,paid_membership,True,True,2,0.8910723356337512,1,0.5,17544,0.0,0.0,35088,35088.0,1,0.8420160694204171
FAN-003644,Ulsan HD,18_34,paid_membership,True,True,3,0.9467571921177832,2,0.3333333333333333,23533,0.0,0.0,70599,70599.0,0,0.33538782667834366
FAN-003645,Jeonbuk Hyundai Motors,18_34,paid_membership,False,False,5,0.942797634578106,4,0.1999999999999999,16527,192218.0,2.0,82635,274853.0,0,0.2595690445648886
FAN-003646,FC Seoul,18_34,paid_membership,True,False,2,0.8582717140711874,1,0.5,19258,169091.0,2.0,38516,207607.0,1,0.5567472176649466
FAN-003647,Ulsan HD,18_34,paid_membership,True,False,4,0.8885000117010485,3,0.25,22327,0.0,0.0,89308,89308.0,0,0.29341073989674854
FAN-003648,Ulsan HD,Under_18,paid_membership,True,True,5,0.9458983282568438,4,0.1999999999999999,23360,106623.0,1.0,116800,223423.0,0,0.11591947250280586
FAN-003649,Jeju SK,35_54,paid_membership,True,True,4,0.9088368649872206,3,0.25,19155,142828.0,2.0,76620,219448.0,0,0.12618582887700538
FAN-003650,Gangwon FC,18_34,paid_membership,True,True,5,0.919873420791605,4,0.1999999999999999,16895,0.0,0.0,84475,84475.0,0,0.1102719262398818
FAN-003651,Jeonbuk Hyundai Motors,18_34,free_registered,True,False,1,0.9301148090067584,0,1.0,21513,0.0,0.0,21513,21513.0,0,0.4420110373267564
FAN-003652,Ulsan HD,18_34,free_registered,True,True,1,0.9446068550243554,0,1.0,21080,0.0,0.0,21080,21080.0,0,0.21267880457962024
FAN-003653,Jeonbuk Hyundai Motors,18_34,free_registered,False,True,1,0.9803049025341212,0,1.0,17526,0.0,0.0,17526,17526.0,0,0.3713540357153161
FAN-003654,FC Seoul,35_54,paid_membership,False,True,4,0.95244759502134,3,0.25,16603,0.0,0.0,66412,66412.0,0,0.1920090672921679
FAN-003655,FC Seoul,18_34,paid_membership,False,True,4,0.964979423831992,3,0.25,24994,43369.0,1.0,99976,143345.0,0,0.19010845835355647
FAN-003656,FC Seoul,18_34,season_ticket_full,True,False,17,0.6416520137148853,10,0.4117647058823529,0,364596.0,5.0,0,364596.0,0,0.08233949547184839
FAN-003657,Ulsan HD,18_34,free_registered,False,True,2,0.926189201230089,1,0.5,18080,25129.0,1.0,36160,61289.0,0,0.26145261652692003
FAN-003658,Ulsan HD,18_34,free_registered,False,True,2,0.9013826001095666,1,0.5,16142,101383.0,1.0,32284,133667.0,1,0.6782995001767822
FAN-003659,Jeju SK,18_34,free_registered,True,False,2,0.90768199844385,1,0.5,21234,66095.0,1.0,42468,108563.0,1,0.8183893428164235
FAN-003660,Gangwon FC,35_54,free_registered,False,True,1,0.9882870702637582,0,1.0,17908,0.0,0.0,17908,17908.0,0,0.47858787650112666
FAN-003661,Ulsan HD,18_34,paid_membership,True,True,3,0.8641728732097016,2,0.3333333333333333,21476,56149.0,1.0,64428,120577.0,0,0.17981438710704165
FAN-003662,Ulsan HD,18_34,free_registered,False,True,2,0.9379576799573934,1,0.5,19575,58763.0,1.0,39150,97913.0,1,0.7808433525483688
FAN-003663,FC Seoul,Under_18,paid_membership,True,False,2,0.8595214550140746,1,0.5,22735,0.0,0.0,45470,45470.0,1,0.7067327184341282
FAN-003664,FC Seoul,18_34,paid_membership,True,False,2,0.9805686188417214,1,0.5,16753,97435.0,2.0,33506,130941.0,1,0.626276167613814
FAN-003665,Jeju SK,35_54,free_registered,True,False,1,0.9255242015939718,0,1.0,23774,106180.0,1.0,23774,129954.0,1,0.538631035631036
FAN-003666,Ulsan HD,35_54,season_ticket_partial,True,False,9,0.8506651066708689,7,0.2222222222222222,0,227577.0,2.0,0,227577.0,0,0.16696066657908762
FAN-003667,Jeonbuk Hyundai Motors,35_54,free_registered,True,True,2,0.952289781205498,1,0.5,17260,104537.0,1.0,34520,139057.0,1,0.5496678849967499
FAN-003668,FC Seoul,18_34,free_registered,False,True,1,0.971517828515285,0,1.0,17533,0.0,0.0,17533,17533.0,0,0.3101893141770741
FAN-003669,FC Seoul,18_34,season_ticket_partial,True,True,10,0.8814567523340804,8,0.1999999999999999,0,155374.0,3.0,0,155374.0,0,0.18856260406260403
FAN-003670,Ulsan HD,35_54,season_ticket_partial,True,False,6,0.7177868042645262,4,0.3333333333333333,0,76125.0,1.0,0,76125.0,0,0.06469483525733527
FAN-003671,FC Seoul,55_Plus,free_registered,True,True,2,0.9063171369209732,1,0.5,19246,47283.0,1.0,38492,85775.0,0,0.43713921182303533
FAN-003672,FC Seoul,Under_18,free_registered,False,False,2,0.9975982304241088,1,0.5,17595,99710.0,1.0,35190,134900.0,1,0.5702444076017908
FAN-003673,Jeonbuk Hyundai Motors,18_34,free_registered,True,False,1,0.9412244111760004,0,1.0,19240,0.0,0.0,19240,19240.0,1,0.6014366045532649
FAN-003674,FC Seoul,18_34,free_registered,False,False,1,0.9183174197599384,0,1.0,23219,0.0,0.0,23219,23219.0,1,0.6037602389176921
FAN-003675,Jeju SK,Under_18,season_ticket_full,True,True,16,0.7801975362993999,12,0.25,0,399685.0,4.0,0,399685.0,0,0.06679994655045018
FAN-003676,FC Seoul,18_34,paid_membership,True,True,4,0.873259226318839,3,0.25,23415,0.0,0.0,93660,93660.0,0,0.2149732445719809
FAN-003677,FC Seoul,Under_18,free_registered,False,True,2,0.9266983338240716,1,0.5,18379,17311.0,1.0,36758,54069.0,0,0.2648923088799972
FAN-003678,Ulsan HD,35_54,season_ticket_partial,True,True,7,0.7533226755939854,5,0.2857142857142857,0,203915.0,3.0,0,203915.0,0,0.13419491154845845
FAN-003679,Jeonbuk Hyundai Motors,18_34,free_registered,True,False,2,0.9245387013300416,1,0.5,19509,120656.0,1.0,39018,159674.0,0,0.24664432531293007
FAN-003680,Ulsan HD,Under_18,free_registered,False,True,2,0.9822552060057436,1,0.5,23500,52557.0,1.0,47000,99557.0,1,0.5080727919622496
FAN-003681,Jeonbuk Hyundai Motors,Under_18,season_ticket_full,True,False,19,0.6329120240914075,12,0.368421052631579,0,286103.0,3.0,0,286103.0,0,0.1380957117501235
FAN-003682,FC Seoul,35_54,season_ticket_partial,True,False,6,0.8598799693256574,5,0.1666666666666666,0,176093.0,2.0,0,176093.0,0,0.27134983406794544
FAN-003683,Jeonbuk Hyundai Motors,18_34,season_ticket_partial,True,True,8,0.7392259919223685,5,0.375,0,57311.0,1.0,0,57311.0,0,0.14522070433646217
FAN-003684,FC Seoul,35_54,paid_membership,True,True,2,0.9210067149020096,1,0.5,22151,206714.0,2.0,44302,251016.0,1,0.6655444783844601
FAN-003685,Jeju SK,18_34,paid_membership,True,True,4,0.8934241049744814,3,0.25,17597,0.0,0.0,70388,70388.0,0,0.21935961831139855
FAN-003686,Jeju SK,35_54,free_registered,True,True,2,0.9475006841734166,1,0.5,21520,59465.0,1.0,43040,102505.0,0,0.4055711953349829
FAN-003687,Gangwon FC,18_34,paid_membership,True,True,3,0.9452993123868664,2,0.3333333333333333,18892,39768.0,1.0,56676,96444.0,0,0.12541714391641687
FAN-003688,Ulsan HD,Under_18,season_ticket_full,True,True,15,0.6899003779620043,10,0.3333333333333333,0,314168.0,4.0,0,314168.0,0,0.12299067351350637
FAN-003689,FC Seoul,18_34,free_registered,True,True,2,0.9526652325563776,1,0.5,22028,0.0,0.0,44056,44056.0,1,0.8279213109898595
FAN-003690,FC Seoul,18_34,paid_membership,True,False,2,0.99096180678586,1,0.5,19181,71067.0,2.0,38362,109429.0,1,0.5937007692025487
FAN-003691,Jeonbuk Hyundai Motors,18_34,free_registered,True,True,2,0.9101334627240312,1,0.5,18461,71562.0,1.0,36922,108484.0,1,0.5121525682828928
FAN-003692,Ulsan HD,35_54,free_registered,True,True,1,0.9924137676751632,0,1.0,21004,104216.0,1.0,21004,125220.0,1,0.7108398808050144
FAN-003693,Jeonbuk Hyundai Motors,18_34,paid_membership,True,True,4,0.8579696969078204,3,0.25,19079,29219.0,1.0,76316,105535.0,0,0.1660237064911654
FAN-003694,FC Seoul,Under_18,free_registered,True,False,1,0.9167031820207528,0,1.0,19647,56352.0,1.0,19647,75999.0,1,0.7269720303383096
FAN-003695,Ulsan HD,18_34,paid_membership,True,False,4,0.9787602448095524,3,0.25,21939,93729.0,2.0,87756,181485.0,0,0.23642455903112752
FAN-003696,FC Seoul,35_54,free_registered,True,True,1,0.925071507652318,0,1.0,19973,119701.0,1.0,19973,139674.0,0,0.12119216469216466
FAN-003697,Gangwon FC,55_Plus,season_ticket_full,True,False,15,0.8604820398969903,12,0.1999999999999999,0,331430.0,4.0,0,331430.0,0,0.12385361098596394
FAN-003698,Jeju SK,35_54,free_registered,True,False,1,0.9096607465283386,0,1.0,17973,0.0,0.0,17973,17973.0,1,0.7078385200057654
FAN-003699,Gangwon FC,18_34,free_registered,True,False,1,0.9437120860630024,0,1.0,20373,0.0,0.0,20373,20373.0,0,0.4721577557027634
FAN-003700,FC Seoul,35_54,free_registered,True,True,1,0.9596070384651992,0,1.0,19262,69998.0,1.0,19262,89260.0,1,0.5494296961050746
FAN-003701,Jeju SK,55_Plus,season_ticket_full,True,False,19,0.7436764671518875,14,0.2631578947368421,0,425528.0,4.0,0,425528.0,0,0.18715361140411502
FAN-003702,Jeju SK,35_54,paid_membership,False,True,3,0.9730310739044984,2,0.3333333333333333,16699,0.0,0.0,50097,50097.0,0,0.08876717104691097
FAN-003703,Ulsan HD,18_34,paid_membership,True,False,3,0.8933737322616143,2,0.3333333333333333,24851,67493.0,2.0,74553,142046.0,0,0.13872034984131756
FAN-003704,Jeonbuk Hyundai Motors,18_34,free_registered,True,True,2,0.9967118608782592,1,0.5,20190,30321.0,1.0,40380,70701.0,1,0.8440640783623976
FAN-003705,Gangwon FC,18_34,free_registered,True,False,2,0.9638552526509064,1,0.5,17650,0.0,0.0,35300,35300.0,1,0.6404149257698719
FAN-003706,Jeonbuk Hyundai Motors,18_34,free_registered,True,False,2,0.9658772960167727,1,0.5,23852,124826.0,1.0,47704,172530.0,1,0.5017982165629222
FAN-003707,Jeonbuk Hyundai Motors,35_54,paid_membership,True,True,5,0.936888459687635,4,0.1999999999999999,22777,0.0,0.0,113885,113885.0,0,0.09640699270191178
FAN-003708,FC Seoul,18_34,free_registered,False,False,1,0.9320296289996928,0,1.0,23481,44696.0,1.0,23481,68177.0,1,0.8382213670522412
FAN-003709,FC Seoul,Under_18,season_ticket_full,True,True,17,0.6188764059992654,10,0.4117647058823529,0,102209.0,2.0,0,102209.0,0,0.323683881949568
FAN-003710,Gangwon FC,35_54,paid_membership,True,True,4,0.8771922555160498,3,0.25,16676,234845.0,2.0,66704,301549.0,0,0.06916830065359476
FAN-003711,FC Seoul,35_54,free_registered,False,True,2,0.9016538100945324,1,0.5,24413,145594.0,1.0,48826,194420.0,1,0.6958100008890156
FAN-003712,Jeonbuk Hyundai Motors,18_34,free_registered,True,False,2,0.9867158966149628,1,0.5,22730,92633.0,1.0,45460,138093.0,1,0.8289026917400201
FAN-003713,Jeonbuk Hyundai Motors,35_54,paid_membership,False,True,3,0.8619253119095274,2,0.3333333333333333,22089,45375.0,1.0,66267,111642.0,1,0.579831438079812
FAN-003714,Jeju SK,18_34,free_registered,False,True,1,0.9262412939710246,0,1.0,20829,124950.0,1.0,20829,145779.0,1,0.7430259424785741
FAN-003715,Gangwon FC,35_54,free_registered,True,False,2,0.982169483425094,1,0.5,21341,0.0,0.0,42682,42682.0,1,0.6930164631654481
FAN-003716,Ulsan HD,35_54,free_registered,True,False,2,0.9330243123419992,1,0.5,22573,131250.0,1.0,45146,176396.0,1,0.717902597159176
FAN-003717,Ulsan HD,18_34,paid_membership,True,False,5,0.9336255437480304,4,0.1999999999999999,19305,198559.0,2.0,96525,295084.0,0,0.16181489484750353
FAN-003718,FC Seoul,35_54,paid_membership,True,True,5,0.8548279539821435,4,0.1999999999999999,16120,275433.0,2.0,80600,356033.0,0,0.20547649103889706
FAN-003719,Ulsan HD,35_54,free_registered,True,True,2,0.9101329300558332,1,0.5,23728,35464.0,1.0,47456,82920.0,1,0.7934379633592855
FAN-003720,FC Seoul,18_34,free_registered,False,True,2,0.9895358918259876,1,0.5,19450,0.0,0.0,38900,38900.0,1,0.687734387077347
FAN-003721,Ulsan HD,18_34,free_registered,False,False,1,0.9545259921228988,0,1.0,22311,57248.0,1.0,22311,79559.0,1,0.8757472337236957
FAN-003722,Jeonbuk Hyundai Motors,35_54,paid_membership,False,True,4,0.94800194409084,3,0.25,24985,131532.0,2.0,99940,231472.0,0,0.22768366443366456
FAN-003723,Gangwon FC,18_34,free_registered,False,True,1,0.9879497667499608,0,1.0,23763,136314.0,1.0,23763,160077.0,1,0.8274044482217441
FAN-003724,FC Seoul,18_34,free_registered,False,False,1,0.9328020616565764,0,1.0,23257,37228.0,1.0,23257,60485.0,1,0.599884885015759
FAN-003725,Ulsan HD,35_54,season_ticket_full,True,True,16,0.8000558780382048,12,0.25,0,313124.0,3.0,0,313124.0,0,0.08556754519989812
FAN-003726,Gangwon FC,35_54,season_ticket_full,True,True,17,0.6141736468045949,10,0.4117647058823529,0,266394.0,5.0,0,266394.0,0,0.05084694743070702
FAN-003727,FC Seoul,18_34,season_ticket_full,True,True,19,0.7053650286364189,13,0.3157894736842105,0,111953.0,3.0,0,111953.0,1,0.5154007906094596
FAN-003728,FC Seoul,18_34,season_ticket_partial,True,True,11,0.9146780671125908,10,0.0909090909090909,0,306820.0,3.0,0,306820.0,0,0.0865617308421656
FAN-003729,FC Seoul,18_34,free_registered,True,True,1,0.9514370635803928,0,1.0,18308,64067.0,1.0,18308,82375.0,1,0.6980163469884526
FAN-003730,Jeju SK,18_34,free_registered,True,True,1,0.9157766603846652,0,1.0,19283,81082.0,1.0,19283,100365.0,1,0.7357789780410745
FAN-003731,FC Seoul,18_34,free_registered,False,False,1,0.9040591567724274,0,1.0,22007,106072.0,1.0,22007,128079.0,1,0.7561117895791809
FAN-003732,Gangwon FC,35_54,free_registered,False,True,2,0.9726725401522108,1,0.5,22753,0.0,0.0,45506,45506.0,1,0.8764085696208546
FAN-003733,Ulsan HD,18_34,season_ticket_full,True,True,17,0.8321285377662487,14,0.1764705882352941,0,159993.0,2.0,0,159993.0,0,0.08342306930542226
FAN-003734,Ulsan HD,18_34,paid_membership,False,False,3,0.9301204646507188,2,0.3333333333333333,17567,0.0,0.0,52701,52701.0,0,0.22824454777665162
FAN-003735,FC Seoul,18_34,paid_membership,True,False,4,0.9518970786708344,3,0.25,20311,0.0,0.0,81244,81244.0,0,0.25491866197037366
FAN-003736,Ulsan HD,55_Plus,free_registered,False,False,1,0.9567856388668456,0,1.0,20880,0.0,0.0,20880,20880.0,1,0.6651617699097532
FAN-003737,Jeju SK,18_34,season_ticket_partial,True,False,5,0.7457034272190347,3,0.4,0,208111.0,2.0,0,208111.0,0,0.20208696857609912
FAN-003738,Jeonbuk Hyundai Motors,Under_18,season_ticket_partial,True,False,5,0.8247332240916532,4,0.1999999999999999,0,75320.0,1.0,0,75320.0,0,0.3175401903450816
FAN-003739,Jeonbuk Hyundai Motors,Under_18,free_registered,False,True,2,0.9765702932780632,1,0.5,24170,0.0,0.0,48340,48340.0,1,0.7007940209184258
FAN-003740,Jeju SK,35_54,season_ticket_partial,True,False,7,0.7832913594420932,5,0.2857142857142857,0,341426.0,3.0,0,341426.0,0,0.3124109337208801
FAN-003741,Gangwon FC,35_54,free_registered,True,True,1,0.9561359792048468,0,1.0,18201,66144.0,1.0,18201,84345.0,0,0.4104033970580579
FAN-003742,Jeonbuk Hyundai Motors,18_34,free_registered,True,True,1,0.910644167563826,0,1.0,21156,0.0,0.0,21156,21156.0,0,0.419686513273442
FAN-003743,Jeonbuk Hyundai Motors,18_34,paid_membership,True,True,3,0.966341132703425,2,0.3333333333333333,21432,0.0,0.0,64296,64296.0,0,0.2340468930672853
FAN-003744,FC Seoul,Under_18,paid_membership,False,True,3,0.9357764095511908,2,0.3333333333333333,20107,210554.0,2.0,60321,270875.0,0,0.10793337843337839
FAN-003745,FC Seoul,18_34,free_registered,True,True,1,0.9899593425749772,0,1.0,23392,18039.0,1.0,23392,41431.0,1,0.6307764355832878
FAN-003746,FC Seoul,18_34,free_registered,False,True,2,0.9977834574322516,1,0.5,18202,47215.0,1.0,36404,83619.0,1,0.6149311033929653
FAN-003747,Jeju SK,Under_18,season_ticket_full,True,True,16,0.6639645364798414,10,0.375,0,287948.0,5.0,0,287948.0,0,0.07632396960338136
FAN-003748,Ulsan HD,Under_18,paid_membership,True,False,5,0.9754752962050074,4,0.1999999999999999,21097,122855.0,1.0,105485,228340.0,0,0.08067737123987125
FAN-003749,Ulsan HD,Under_18,paid_membership,True,False,5,0.9615267321268406,4,0.1999999999999999,16235,57858.0,1.0,81175,139033.0,0,0.21092220048470053
FAN-003750,Jeonbuk Hyundai Motors,Under_18,free_registered,False,True,1,0.9898876192107184,0,1.0,21157,0.0,0.0,21157,21157.0,0,0.43915036132914814
FAN-003751,Jeonbuk Hyundai Motors,35_54,free_registered,True,False,1,0.9585197729262572,0,1.0,22063,148242.0,1.0,22063,170305.0,1,0.6986579696175285
FAN-003752,Gangwon FC,18_34,free_registered,True,True,1,0.9888121248513038,0,1.0,20393,76280.0,1.0,20393,96673.0,1,0.5785155267339693
FAN-003753,Ulsan HD,18_34,free_registered,True,False,2,0.9930521543806844,1,0.5,17267,35535.0,1.0,34534,70069.0,1,0.5453327019497907
FAN-003754,Jeju SK,18_34,free_registered,True,True,1,0.9555389565576914,0,1.0,18170,0.0,0.0,18170,18170.0,0,0.22389627162837736
FAN-003755,FC Seoul,55_Plus,free_registered,False,True,2,0.9686528184490674,1,0.5,24073,140645.0,1.0,48146,188791.0,0,0.46945605482902636
FAN-003756,FC Seoul,35_54,paid_membership,True,True,5,0.9654175593547164,4,0.1999999999999999,23018,85783.0,1.0,115090,200873.0,0,0.06575605258938594
FAN-003757,FC Seoul,18_34,free_registered,True,True,1,0.9174599148089932,0,1.0,19179,49056.0,1.0,19179,68235.0,0,0.4946660182549376
FAN-003758,Ulsan HD,18_34,season_ticket_partial,True,True,8,0.7621782937077719,6,0.25,0,142070.0,3.0,0,142070.0,0,0.28307118872736725
FAN-003759,Ulsan HD,18_34,free_registered,True,True,1,0.9681384330071172,0,1.0,17197,148772.0,1.0,17197,165969.0,1,0.8295546120546123
FAN-003760,Jeonbuk Hyundai Motors,18_34,free_registered,True,True,1,0.9610268897235164,0,1.0,19932,144683.0,1.0,19932,164615.0,0,0.48355485857233155
FAN-003761,FC Seoul,Under_18,free_registered,True,True,2,0.9215097822353008,1,0.5,22481,69699.0,1.0,44962,114661.0,1,0.8043543018026246
FAN-003762,Jeonbuk Hyundai Motors,35_54,free_registered,True,True,2,0.9909759156451184,1,0.5,17628,80599.0,1.0,35256,115855.0,0,0.4778750359915438
FAN-003763,Ulsan HD,18_34,free_registered,True,False,1,0.978406833972012,0,1.0,23798,66697.0,1.0,23798,90495.0,1,0.716598167718266
FAN-003764,FC Seoul,35_54,season_ticket_full,True,True,15,0.8023215961911359,12,0.1999999999999999,0,210973.0,3.0,0,210973.0,0,0.13581568112194708
FAN-003765,Ulsan HD,18_34,paid_membership,False,True,2,0.8973070706252726,1,0.5,18988,158547.0,2.0,37976,196523.0,0,0.31196161768904296
FAN-003766,FC Seoul,35_54,free_registered,False,False,2,0.999553813124961,1,0.5,24735,71888.0,1.0,49470,121358.0,0,0.33263639020229413
FAN-003767,Jeju SK,35_54,free_registered,True,False,1,0.9389810033681136,0,1.0,24615,0.0,0.0,24615,24615.0,0,0.46711936141567423
FAN-003768,Ulsan HD,Under_18,paid_membership,True,True,4,0.9418214535552212,3,0.25,19417,0.0,0.0,77668,77668.0,0,0.14299330983105496
FAN-003769,FC Seoul,18_34,paid_membership,True,False,3,0.8721598144446095,2,0.3333333333333333,24146,19724.0,1.0,72438,92162.0,0,0.1718051455922977
FAN-003770,FC Seoul,18_34,free_registered,False,True,1,0.9310924000982154,0,1.0,16993,0.0,0.0,16993,16993.0,1,0.534291601775679
FAN-003771,Ulsan HD,18_34,paid_membership,True,True,4,0.9611793363970734,3,0.25,19003,0.0,0.0,76012,76012.0,0,0.400016114139463
FAN-003772,Gangwon FC,18_34,season_ticket_partial,True,True,5,0.9453866014340612,4,0.1999999999999999,0,138994.0,3.0,0,138994.0,1,0.6927230499319508
FAN-003773,Ulsan HD,35_54,paid_membership,True,False,2,0.9977212866032892,1,0.5,19515,51830.0,1.0,39030,90860.0,1,0.8602249213418325
FAN-003774,Jeonbuk Hyundai Motors,18_34,season_ticket_partial,True,True,7,0.8042292121163628,5,0.2857142857142857,0,148034.0,1.0,0,148034.0,0,0.36998989514779
FAN-003775,Jeju SK,55_Plus,season_ticket_partial,True,False,11,0.889700212146917,9,0.1818181818181817,0,149470.0,2.0,0,149470.0,0,0.0736470410680937
FAN-003776,Gangwon FC,Under_18,season_ticket_full,True,True,15,0.8330585142641413,12,0.1999999999999999,0,244873.0,2.0,0,244873.0,0,0.19150188018858103
FAN-003777,Jeonbuk Hyundai Motors,55_Plus,free_registered,True,False,2,0.9860776597455848,1,0.5,16911,137275.0,1.0,33822,171097.0,1,0.7317513438254422
FAN-003778,Jeju SK,18_34,paid_membership,False,True,3,0.9792485809691,2,0.3333333333333333,20411,39838.0,1.0,61233,101071.0,0,0.11795914723360376
FAN-003779,Jeju SK,35_54,paid_membership,False,True,3,0.9974050658907752,2,0.3333333333333333,21846,0.0,0.0,65538,65538.0,0,0.41509666046057886
FAN-003780,Jeonbuk Hyundai Motors,18_34,paid_membership,False,True,2,0.986023452922224,1,0.5,22815,147787.0,1.0,45630,193417.0,1,0.8242591810989592
FAN-003781,Ulsan HD,Under_18,season_ticket_full,True,False,16,0.605602437918096,9,0.4375,0,260118.0,5.0,0,260118.0,0,0.03516908825284784
FAN-003782,Ulsan HD,35_54,free_registered,True,True,1,0.9464495378665426,0,1.0,22303,24139.0,1.0,22303,46442.0,1,0.7247133450581341
FAN-003783,FC Seoul,18_34,free_registered,True,False,1,0.9830298388824972,0,1.0,23013,106239.0,1.0,23013,129252.0,1,0.8923393006435432
FAN-003784,Jeonbuk Hyundai Motors,35_54,free_registered,True,False,1,0.9460615641353886,0,1.0,16155,0.0,0.0,16155,16155.0,0,0.4798764526701548
FAN-003785,Jeonbuk Hyundai Motors,35_54,free_registered,False,True,1,0.9332634864570638,0,1.0,22887,0.0,0.0,22887,22887.0,1,0.6735427056708773
FAN-003786,FC Seoul,18_34,free_registered,True,False,2,0.9611351567727118,1,0.5,21456,110798.0,1.0,42912,153710.0,1,0.7029633176962161
FAN-003787,Jeju SK,18_34,paid_membership,True,False,5,0.9619777341744143,4,0.1999999999999999,18729,129642.0,2.0,93645,223287.0,1,0.5327409442409443
FAN-003788,Ulsan HD,35_54,free_registered,False,True,1,0.9809947938082212,0,1.0,23553,0.0,0.0,23553,23553.0,1,0.6128452573822042
FAN-003789,FC Seoul,Under_18,paid_membership,False,True,3,0.9596648957579196,2,0.3333333333333333,22898,155851.0,2.0,68694,224545.0,0,0.09419810259810256
FAN-003790,Gangwon FC,35_54,paid_membership,True,True,3,0.887510385980438,2,0.3333333333333333,17697,252877.0,2.0,53091,305968.0,0,0.06038228605397279
FAN-003791,FC Seoul,35_54,free_registered,True,True,1,0.9626724092021725,0,1.0,21541,0.0,0.0,21541,21541.0,1,0.5552834465176285
FAN-003792,FC Seoul,Under_18,free_registered,False,True,2,0.9524279539092172,1,0.5,18315,35305.0,1.0,36630,71935.0,0,0.46051063378079504
FAN-003793,Jeju SK,Under_18,paid_membership,True,True,5,0.9327602698271614,4,0.1999999999999999,21012,47148.0,1.0,105060,152208.0,0,0.0723112702112702
FAN-003794,Jeonbuk Hyundai Motors,35_54,paid_membership,False,False,3,0.8611935492492258,2,0.3333333333333333,17114,0.0,0.0,51342,51342.0,0,0.3176988092953421
FAN-003795,FC Seoul,18_34,season_ticket_partial,True,True,11,0.8482776734035101,9,0.1818181818181817,0,282489.0,3.0,0,282489.0,0,0.08958152835544139
FAN-003796,Jeju SK,18_34,season_ticket_partial,True,False,11,0.8489693162875446,9,0.1818181818181817,0,29906.0,1.0,0,29906.0,0,0.1062801517439675
FAN-003797,Ulsan HD,Under_18,season_ticket_full,True,True,16,0.850340041519648,13,0.1875,0,282500.0,5.0,0,282500.0,0,0.12615049928285224
FAN-003798,FC Seoul,18_34,paid_membership,False,True,5,0.9567657994712656,4,0.1999999999999999,24509,27472.0,1.0,122545,150017.0,0,0.025970458553791886
FAN-003799,FC Seoul,Under_18,season_ticket_partial,True,False,9,0.8198302957972228,7,0.2222222222222222,0,230892.0,3.0,0,230892.0,0,0.09442183459574761
FAN-003800,Jeju SK,18_34,season_ticket_partial,True,False,8,0.7268213335935756,5,0.375,0,106492.0,1.0,0,106492.0,0,0.0736522810030789
FAN-003801,FC Seoul,35_54,season_ticket_partial,True,True,7,0.9405496953281336,6,0.1428571428571429,0,292008.0,3.0,0,292008.0,0,0.32883461833843647
FAN-003802,Gangwon FC,18_34,free_registered,False,True,2,0.9486494715180316,1,0.5,23400,119202.0,1.0,46800,166002.0,1,0.6473955761395922
FAN-003803,Jeonbuk Hyundai Motors,18_34,season_ticket_full,True,True,18,0.7082827613909083,12,0.3333333333333333,0,233971.0,3.0,0,233971.0,0,0.04143076068811362
FAN-003804,Gangwon FC,55_Plus,free_registered,True,True,2,0.9678488132583464,1,0.5,24552,0.0,0.0,49104,49104.0,0,0.12817815558821147
FAN-003805,FC Seoul,35_54,paid_membership,True,True,3,0.9109406613806788,2,0.3333333333333333,19007,135894.0,2.0,57021,192915.0,0,0.10652546694715372
FAN-003806,Gangwon FC,35_54,free_registered,False,False,2,0.9033698968016376,1,0.5,19573,41260.0,1.0,39146,80406.0,1,0.5811363756652623
FAN-003807,Ulsan HD,18_34,free_registered,False,True,2,0.979407294841866,1,0.5,19557,73899.0,1.0,39114,113013.0,1,0.6509170755013114
FAN-003808,Ulsan HD,35_54,free_registered,True,True,1,0.9981594682236464,0,1.0,16869,59144.0,1.0,16869,76013.0,1,0.8131169416668643
FAN-003809,FC Seoul,Under_18,free_registered,True,True,1,0.9940687350179296,0,1.0,22281,107323.0,1.0,22281,129604.0,1,0.8946986212064375
FAN-003810,FC Seoul,Under_18,free_registered,False,True,2,0.9500799668067362,1,0.5,16876,0.0,0.0,33752,33752.0,1,0.9079478841731721
FAN-003811,Jeju SK,18_34,season_ticket_partial,True,True,10,0.919054364316184,9,0.0999999999999999,0,344488.0,3.0,0,344488.0,0,0.27719529450072916
FAN-003812,Ulsan HD,18_34,free_registered,False,True,1,0.993057590298984,0,1.0,17819,0.0,0.0,17819,17819.0,0,0.3413250034093065
FAN-003813,FC Seoul,35_54,free_registered,True,True,2,0.9544146332269068,1,0.5,16001,82614.0,1.0,32002,114616.0,1,0.8254996664668512
FAN-003814,Jeju SK,18_34,free_registered,True,False,1,0.9277664917292182,0,1.0,20915,39236.0,1.0,20915,60151.0,0,0.2356168040830831
FAN-003815,FC Seoul,35_54,paid_membership,True,True,4,0.9686590052785498,3,0.25,23676,251741.0,2.0,94704,346445.0,0,0.28921966004107913
FAN-003816,Jeju SK,35_54,free_registered,True,False,2,0.9477198275764532,1,0.5,18189,47711.0,1.0,36378,84089.0,0,0.45164192873804665
FAN-003817,Ulsan HD,35_54,free_registered,True,True,2,0.9785000398864214,1,0.5,22171,102485.0,1.0,44342,146827.0,0,0.49156936247102273
FAN-003818,Jeonbuk Hyundai Motors,18_34,free_registered,True,True,1,0.9783306773821364,0,1.0,18304,0.0,0.0,18304,18304.0,0,0.2012686091092055
FAN-003819,Jeonbuk Hyundai Motors,35_54,paid_membership,True,False,2,0.9021861732469796,1,0.5,19002,111898.0,1.0,38004,149902.0,1,0.5019381039874875
FAN-003820,Ulsan HD,18_34,free_registered,True,False,1,0.9137820328184938,0,1.0,19057,18629.0,1.0,19057,37686.0,1,0.7371997623289491
FAN-003821,Ulsan HD,Under_18,free_registered,False,True,1,0.952132992516935,0,1.0,23927,0.0,0.0,23927,23927.0,1,0.8141781819096755
FAN-003822,Ulsan HD,55_Plus,free_registered,True,False,1,0.9785860925717365,0,1.0,21092,0.0,0.0,21092,21092.0,1,0.7004378509902413
FAN-003823,Jeonbuk Hyundai Motors,Under_18,season_ticket_full,True,False,17,0.7073103576991249,12,0.2941176470588235,0,158562.0,3.0,0,158562.0,0,0.12654738942974234
FAN-003824,Ulsan HD,Under_18,free_registered,False,False,2,0.9626883913045358,1,0.5,19314,124385.0,1.0,38628,163013.0,1,0.5059602189169602
FAN-003825,FC Seoul,35_54,paid_membership,True,True,3,0.8571123286688183,2,0.3333333333333333,21325,0.0,0.0,63975,63975.0,0,0.059122921659245216
FAN-003826,FC Seoul,18_34,free_registered,True,False,1,0.9473366500827262,0,1.0,20880,0.0,0.0,20880,20880.0,0,0.4824671314503547
FAN-003827,Ulsan HD,35_54,free_registered,True,False,2,0.9408281652938496,1,0.5,17294,115601.0,1.0,34588,150189.0,1,0.5528589939655489
FAN-003828,Ulsan HD,18_34,free_registered,False,False,1,0.91805569571035,0,1.0,16478,0.0,0.0,16478,16478.0,0,0.4379267455169615
FAN-003829,Jeonbuk Hyundai Motors,18_34,free_registered,False,False,1,0.9824549886077164,0,1.0,23725,0.0,0.0,23725,23725.0,1,0.832098316342646
FAN-003830,FC Seoul,18_34,free_registered,True,False,1,0.9795778951538274,0,1.0,21296,91179.0,1.0,21296,112475.0,1,0.7989761146071064
FAN-003831,Ulsan HD,18_34,free_registered,False,True,2,0.9743150447472932,1,0.5,20877,139901.0,1.0,41754,181655.0,1,0.5513175389425391
FAN-003832,Jeonbuk Hyundai Motors,18_34,free_registered,True,True,2,0.9393315953130904,1,0.5,19811,0.0,0.0,39622,39622.0,1,0.5134568696646717
FAN-003833,Jeonbuk Hyundai Motors,35_54,paid_membership,True,True,4,0.8875457769316494,3,0.25,20570,172762.0,2.0,82280,255042.0,0,0.06383712283712285
FAN-003834,Ulsan HD,18_34,season_ticket_full,True,True,15,0.6036421567386697,9,0.4,0,209772.0,2.0,0,209772.0,0,0.122704325086678
FAN-003835,Ulsan HD,55_Plus,free_registered,True,True,2,0.931951883662388,1,0.5,23421,0.0,0.0,46842,46842.0,1,0.5077180333763239
FAN-003836,Ulsan HD,Under_18,paid_membership,False,True,2,0.8983795187337517,1,0.5,19461,0.0,0.0,38922,38922.0,1,0.5429072811251469
FAN-003837,Gangwon FC,18_34,season_ticket_full,True,True,17,0.7099920256518433,12,0.2941176470588235,0,400729.0,4.0,0,400729.0,0,0.10239801977352339
FAN-003838,FC Seoul,35_54,season_ticket_partial,True,False,8,0.7547289269709926,6,0.25,0,217801.0,2.0,0,217801.0,0,0.07400472875472873
FAN-003839,Gangwon FC,55_Plus,free_registered,False,False,2,0.9829724498530488,1,0.5,16533,111357.0,1.0,33066,144423.0,1,0.8776345713615035
FAN-003840,Jeju SK,Under_18,paid_membership,True,True,2,0.9705427732038452,1,0.5,20831,175920.0,2.0,41662,217582.0,0,0.4025058396769352
FAN-003841,Ulsan HD,35_54,free_registered,False,False,1,0.9321990164147712,0,1.0,20442,89659.0,1.0,20442,110101.0,1,0.788341646182582
FAN-003842,FC Seoul,35_54,paid_membership,False,True,2,0.8850285785495344,1,0.5,19302,0.0,0.0,38604,38604.0,1,0.5910242844921503
FAN-003843,Ulsan HD,18_34,free_registered,False,False,1,0.9935392343880496,0,1.0,19403,0.0,0.0,19403,19403.0,1,0.7572575060058571
FAN-003844,Ulsan HD,35_54,free_registered,True,False,1,0.9914311546995116,0,1.0,21117,142050.0,1.0,21117,163167.0,1,0.6663491990619134
FAN-003845,FC Seoul,Under_18,free_registered,True,True,1,0.9654658582120412,0,1.0,24120,72722.0,1.0,24120,96842.0,1,0.7764230321977915
FAN-003846,Jeju SK,35_54,free_registered,False,True,1,0.9338590672865794,0,1.0,24361,0.0,0.0,24361,24361.0,0,0.3567826569728248
FAN-003847,Gangwon FC,55_Plus,paid_membership,False,True,4,0.963042469881365,3,0.25,19508,54202.0,1.0,78032,132234.0,0,0.11115456987686087
FAN-003848,Jeju SK,35_54,free_registered,True,False,2,0.9939493335165076,1,0.5,23512,114059.0,1.0,47024,161083.0,1,0.705416018884424
FAN-003849,Jeonbuk Hyundai Motors,18_34,paid_membership,False,False,4,0.8534840477180181,3,0.25,24067,155123.0,2.0,96268,251391.0,0,0.24860760435760434
FAN-003850,FC Seoul,Under_18,free_registered,True,True,1,0.9743202127706376,0,1.0,23347,0.0,0.0,23347,23347.0,0,0.2376811164494237
FAN-003851,Ulsan HD,55_Plus,free_registered,False,True,1,0.9933886299889476,0,1.0,22651,0.0,0.0,22651,22651.0,1,0.504260229627904
FAN-003852,FC Seoul,18_34,paid_membership,True,True,2,0.9166524093174746,1,0.5,20395,244851.0,2.0,40790,285641.0,0,0.32422574474715277
FAN-003853,Jeju SK,Under_18,season_ticket_full,True,True,16,0.7925504458952672,12,0.25,0,145055.0,2.0,0,145055.0,0,0.12181678774533333
FAN-003854,Gangwon FC,35_54,free_registered,True,False,1,0.9192040394391104,0,1.0,19785,0.0,0.0,19785,19785.0,0,0.47104805021490953
FAN-003855,Jeju SK,18_34,free_registered,True,True,2,0.921549235039611,1,0.5,23390,0.0,0.0,46780,46780.0,0,0.4976467769491354
FAN-003856,FC Seoul,Under_18,season_ticket_partial,True,False,8,0.7800825802962333,6,0.25,0,245235.0,2.0,0,245235.0,0,0.09800731875731876
FAN-003857,Ulsan HD,18_34,free_registered,True,False,1,0.992173491350545,0,1.0,16899,33295.0,1.0,16899,50194.0,1,0.8606058046254249
FAN-003858,Jeju SK,Under_18,season_ticket_partial,True,False,5,0.8616032819122978,4,0.1999999999999999,0,44924.0,1.0,0,44924.0,0,0.31526042469163185
FAN-003859,Ulsan HD,35_54,paid_membership,True,True,2,0.9292582210626986,1,0.5,18525,89895.0,2.0,37050,126945.0,1,0.8005307823275144
FAN-003860,Jeonbuk Hyundai Motors,35_54,free_registered,True,True,2,0.945448485748718,1,0.5,21156,64307.0,1.0,42312,106619.0,0,0.4469209921928444
FAN-003861,Jeonbuk Hyundai Motors,18_34,free_registered,True,True,1,0.9177869988869728,0,1.0,16017,43181.0,1.0,16017,59198.0,0,0.283096990077096
FAN-003862,Jeju SK,35_54,free_registered,True,False,1,0.985334723838883,0,1.0,19844,92779.0,1.0,19844,112623.0,1,0.6004332196874622
FAN-003863,Ulsan HD,35_54,free_registered,True,False,2,0.9522492832387892,1,0.5,21672,0.0,0.0,43344,43344.0,1,0.7566454556162192
FAN-003864,FC Seoul,35_54,season_ticket_partial,True,True,7,0.8789879949885594,6,0.1428571428571429,0,121440.0,2.0,0,121440.0,0,0.1193726490155821
FAN-003865,FC Seoul,Under_18,paid_membership,True,False,5,0.9932933567917284,4,0.1999999999999999,21771,200276.0,2.0,108855,309131.0,1,0.6132052322898432
FAN-003866,Ulsan HD,35_54,paid_membership,True,True,5,0.970981511544992,4,0.1999999999999999,17749,89957.0,2.0,88745,178702.0,0,0.24933074795574792
FAN-003867,Ulsan HD,18_34,paid_membership,True,True,3,0.8822820675243463,2,0.3333333333333333,17541,0.0,0.0,52623,52623.0,0,0.15993458215194029
FAN-003868,Jeju SK,35_54,free_registered,False,True,1,0.9304931517000988,0,1.0,17468,101941.0,1.0,17468,119409.0,0,0.489358529955626
FAN-003869,Jeju SK,35_54,paid_membership,True,True,2,0.9626691602590022,1,0.5,21118,141671.0,2.0,42236,183907.0,1,0.7519596175061267
FAN-003870,FC Seoul,18_34,free_registered,True,True,2,0.9584040170267868,1,0.5,23535,25357.0,1.0,47070,72427.0,0,0.46568266074024584
FAN-003871,Ulsan HD,55_Plus,paid_membership,True,True,4,0.9369146020970353,3,0.25,20572,141266.0,2.0,82288,223554.0,0,0.11078281321312014
FAN-003872,FC Seoul,Under_18,free_registered,True,False,2,0.9202064049697314,1,0.5,20062,0.0,0.0,40124,40124.0,0,0.4129276777798303
FAN-003873,FC Seoul,35_54,paid_membership,True,False,5,0.8645137178971226,4,0.1999999999999999,24772,110449.0,1.0,123860,234309.0,0,0.07082224257224254
FAN-003874,Jeonbuk Hyundai Motors,Under_18,season_ticket_partial,True,True,8,0.934393410435864,7,0.125,0,181938.0,2.0,0,181938.0,0,0.173466750781985
FAN-003875,FC Seoul,55_Plus,free_registered,False,False,1,0.9921381480845292,0,1.0,23101,29630.0,1.0,23101,52731.0,1,0.8585380277062638
FAN-003876,Ulsan HD,Under_18,free_registered,False,True,1,0.9213012003989732,0,1.0,18960,86799.0,1.0,18960,105759.0,0,0.33172456007717416
FAN-003877,FC Seoul,Under_18,paid_membership,True,True,3,0.8948868979982804,2,0.3333333333333333,20026,68116.0,1.0,60078,128194.0,0,0.13835712704684036
FAN-003878,Jeonbuk Hyundai Motors,18_34,free_registered,False,False,1,0.984015281652694,0,1.0,17688,77030.0,1.0,17688,94718.0,1,0.7711284229211133
FAN-003879,Jeju SK,18_34,paid_membership,True,False,5,0.921585818175036,4,0.1999999999999999,18415,22800.0,1.0,92075,114875.0,0,0.18655301123996776
FAN-003880,FC Seoul,18_34,season_ticket_full,True,False,18,0.6544772658497569,11,0.3888888888888888,0,215312.0,3.0,0,215312.0,0,0.17493825627894266
FAN-003881,Ulsan HD,35_54,free_registered,True,False,2,0.9797162352954156,1,0.5,20197,22222.0,1.0,40394,62616.0,1,0.6851278344749548
FAN-003882,Jeonbuk Hyundai Motors,18_34,free_registered,True,False,2,0.944961670272796,1,0.5,20366,0.0,0.0,40732,40732.0,1,0.5062965766459644
FAN-003883,Gangwon FC,Under_18,paid_membership,True,True,3,0.99869213760639,2,0.3333333333333333,18354,0.0,0.0,55062,55062.0,0,0.24042313141132293
FAN-003884,FC Seoul,18_34,free_registered,True,False,1,0.9426054557139112,0,1.0,22530,0.0,0.0,22530,22530.0,0,0.376477847210139
FAN-003885,Jeonbuk Hyundai Motors,35_54,free_registered,False,True,2,0.9486874294500954,1,0.5,16956,0.0,0.0,33912,33912.0,1,0.8712909838889804
FAN-003886,Gangwon FC,35_54,season_ticket_partial,True,False,6,0.8407755973411412,5,0.1666666666666666,0,164304.0,2.0,0,164304.0,0,0.18425940043174524
FAN-003887,Gangwon FC,35_54,paid_membership,True,True,2,0.9790960103072132,1,0.5,20020,104474.0,1.0,40040,144514.0,1,0.716972377503353
FAN-003888,Jeju SK,35_54,free_registered,True,True,2,0.9874765098821172,1,0.5,19618,0.0,0.0,39236,39236.0,1,0.7128081718073831
FAN-003889,Jeju SK,18_34,free_registered,False,False,2,0.939242542660468,1,0.5,20615,0.0,0.0,41230,41230.0,1,0.6941118783484367
FAN-003890,Ulsan HD,Under_18,paid_membership,True,True,3,0.9615256940901774,2,0.3333333333333333,17455,0.0,0.0,52365,52365.0,0,0.19033306747199422
FAN-003891,Jeonbuk Hyundai Motors,18_34,paid_membership,True,False,5,0.9561164801323287,4,0.1999999999999999,20554,42834.0,1.0,102770,145604.0,0,0.18603707634957636
FAN-003892,Ulsan HD,35_54,season_ticket_partial,True,True,6,0.9086889434034928,5,0.1666666666666666,0,131677.0,1.0,0,131677.0,0,0.06350530697547119
FAN-003893,Jeju SK,55_Plus,free_registered,True,False,2,0.921698730778277,1,0.5,19473,60509.0,1.0,38946,99455.0,1,0.5348391061334593
FAN-003894,Ulsan HD,18_34,season_ticket_full,True,True,19,0.6201419878634461,11,0.4210526315789473,0,215669.0,2.0,0,215669.0,0,0.12602315286383917
FAN-003895,Jeonbuk Hyundai Motors,Under_18,paid_membership,True,True,4,0.9307036360164131,3,0.25,19093,136767.0,1.0,76372,213139.0,0,0.49539691926007673
FAN-003896,Jeonbuk Hyundai Motors,Under_18,paid_membership,True,True,3,0.960306594636154,2,0.3333333333333333,24426,0.0,0.0,73278,73278.0,0,0.151786843239125
FAN-003897,FC Seoul,18_34,paid_membership,True,False,3,0.9825387979678006,2,0.3333333333333333,17821,0.0,0.0,53463,53463.0,0,0.1429967728512987
FAN-003898,Jeonbuk Hyundai Motors,35_54,free_registered,True,False,1,0.9222720296700576,0,1.0,20485,0.0,0.0,20485,20485.0,0,0.46740409816306255
FAN-003899,Ulsan HD,Under_18,season_ticket_full,True,True,17,0.808464842121585,13,0.2352941176470588,0,420693.0,4.0,0,420693.0,0,0.2884895254900291
FAN-003900,Jeonbuk Hyundai Motors,55_Plus,free_registered,True,False,1,0.95162950961411,0,1.0,18511,36412.0,1.0,18511,54923.0,0,0.425752015277118
FAN-003901,Ulsan HD,18_34,free_registered,True,False,1,0.9792213705022044,0,1.0,18588,0.0,0.0,18588,18588.0,1,0.818868524220242
FAN-003902,Ulsan HD,55_Plus,season_ticket_partial,True,False,8,0.7083596391304425,5,0.375,0,60360.0,1.0,0,60360.0,0,0.11076965395715395
FAN-003903,Gangwon FC,35_54,paid_membership,False,True,5,0.9808581341819488,4,0.1999999999999999,18076,0.0,0.0,90380,90380.0,0,0.10889306290815938
FAN-003904,FC Seoul,35_54,season_ticket_partial,True,True,9,0.722990436152473,6,0.3333333333333333,0,120363.0,2.0,0,120363.0,0,0.14447951907377807
FAN-003905,Jeonbuk Hyundai Motors,35_54,paid_membership,True,True,2,0.9306601388662792,1,0.5,19760,137880.0,2.0,39520,177400.0,0,0.4210130235641187
FAN-003906,Ulsan HD,35_54,free_registered,True,True,1,0.9807601906435228,0,1.0,18695,57920.0,1.0,18695,76615.0,1,0.7917090489077111
FAN-003907,Ulsan HD,35_54,season_ticket_full,True,True,19,0.7087636083169603,13,0.3157894736842105,0,398929.0,5.0,0,398929.0,0,0.3386931007818395
FAN-003908,Ulsan HD,35_54,free_registered,False,True,1,0.9901217452854416,0,1.0,23151,0.0,0.0,23151,23151.0,1,0.6193042512941832
FAN-003909,Jeju SK,35_54,season_ticket_partial,True,True,10,0.932490581587334,9,0.0999999999999999,0,115703.0,2.0,0,115703.0,0,0.07020621245226509
FAN-003910,Ulsan HD,55_Plus,free_registered,True,False,2,0.9194108196442504,1,0.5,21195,0.0,0.0,42390,42390.0,1,0.751091531418961
FAN-003911,FC Seoul,35_54,season_ticket_partial,True,False,7,0.8218695607880647,5,0.2857142857142857,0,16787.0,1.0,0,16787.0,0,0.2213437093737016
FAN-003912,FC Seoul,35_54,free_registered,True,False,2,0.9386387286249565,1,0.5,18535,19670.0,1.0,37070,56740.0,0,0.4018661854372541
FAN-003913,FC Seoul,35_54,paid_membership,False,True,3,0.9676755687580008,2,0.3333333333333333,22572,55446.0,2.0,67716,123162.0,0,0.09692401525489756
FAN-003914,Gangwon FC,18_34,season_ticket_partial,True,True,11,0.876324359790766,9,0.1818181818181817,0,199329.0,2.0,0,199329.0,0,0.03166515721120984
FAN-003915,Gangwon FC,Under_18,free_registered,True,True,1,0.994077539871351,0,1.0,20672,127959.0,1.0,20672,148631.0,1,0.5767747044620002
FAN-003916,Ulsan HD,18_34,paid_membership,True,True,3,0.9358218713126046,2,0.3333333333333333,19798,158149.0,2.0,59394,217543.0,0,0.07667241259409935
FAN-003917,Jeonbuk Hyundai Motors,18_34,season_ticket_partial,True,True,9,0.8953342357786096,8,0.1111111111111111,0,277032.0,3.0,0,277032.0,0,0.1342157137467697
FAN-003918,Ulsan HD,35_54,paid_membership,False,True,4,0.969202165545474,3,0.25,21350,81504.0,1.0,85400,166904.0,0,0.04664417989417989
FAN-003919,Jeju SK,18_34,season_ticket_full,True,True,18,0.6986539216611022,12,0.3333333333333333,0,333925.0,3.0,0,333925.0,0,0.16948977245378175
FAN-003920,Jeonbuk Hyundai Motors,35_54,free_registered,False,False,2,0.9261675992730344,1,0.5,22491,0.0,0.0,44982,44982.0,1,0.7808203196633675
FAN-003921,Gangwon FC,18_34,free_registered,True,False,1,0.9804954383592788,0,1.0,23512,0.0,0.0,23512,23512.0,0,0.44735531147705077
FAN-003922,Ulsan HD,Under_18,free_registered,True,True,1,0.9741054609647252,0,1.0,19105,61441.0,1.0,19105,80546.0,1,0.786579532441344
FAN-003923,Jeonbuk Hyundai Motors,35_54,free_registered,True,True,1,0.9253561998769336,0,1.0,23160,106891.0,1.0,23160,130051.0,0,0.496170116920117
FAN-003924,FC Seoul,35_54,free_registered,True,False,2,0.9905784356387036,1,0.5,20468,63618.0,1.0,40936,104554.0,1,0.84575381766048
FAN-003925,Gangwon FC,18_34,paid_membership,True,True,2,0.9217391091929644,1,0.5,22554,74748.0,1.0,45108,119856.0,1,0.6095832704228404
FAN-003926,FC Seoul,35_54,free_registered,True,True,2,0.9480179079467274,1,0.5,17236,0.0,0.0,34472,34472.0,1,0.7227172044236048
FAN-003927,Jeju SK,35_54,free_registered,True,True,2,0.960926153340166,1,0.5,19348,0.0,0.0,38696,38696.0,0,0.4856986641806395
FAN-003928,Jeju SK,18_34,free_registered,True,True,1,0.9191263254139236,0,1.0,23733,0.0,0.0,23733,23733.0,1,0.5739990717242542
FAN-003929,Jeju SK,Under_18,season_ticket_partial,True,True,9,0.8785975102846256,7,0.2222222222222222,0,139102.0,3.0,0,139102.0,0,0.2142538433047586
FAN-003930,FC Seoul,55_Plus,paid_membership,True,False,4,0.8683495566401354,3,0.25,20649,44865.0,1.0,82596,127461.0,1,0.5417301456011132
FAN-003931,Gangwon FC,18_34,free_registered,True,True,2,0.9101547086340168,1,0.5,18808,50320.0,1.0,37616,87936.0,0,0.4297492259538539
FAN-003932,FC Seoul,18_34,season_ticket_partial,True,True,8,0.7380080111550809,5,0.375,0,257079.0,3.0,0,257079.0,0,0.05055510350075567
FAN-003933,Jeju SK,18_34,free_registered,True,True,1,0.961205959857236,0,1.0,24135,0.0,0.0,24135,24135.0,0,0.43253510757971997
FAN-003934,FC Seoul,35_54,season_ticket_full,True,False,17,0.8191835523866029,13,0.2352941176470588,0,183150.0,2.0,0,183150.0,0,0.021915909798262745
FAN-003935,Ulsan HD,35_54,paid_membership,True,True,3,0.9449791471511276,2,0.3333333333333333,16948,0.0,0.0,50844,50844.0,0,0.07908907997800665
FAN-003936,Ulsan HD,35_54,free_registered,False,True,1,0.9169667315271266,0,1.0,16452,0.0,0.0,16452,16452.0,1,0.5409064321191195
FAN-003937,Ulsan HD,Under_18,paid_membership,True,True,4,0.9338500673269424,3,0.25,23922,116762.0,1.0,95688,212450.0,0,0.1642440925148487
FAN-003938,FC Seoul,35_54,paid_membership,False,True,4,0.8716888896940801,3,0.25,24298,135304.0,1.0,97192,232496.0,0,0.20499730135256447
FAN-003939,FC Seoul,18_34,free_registered,True,True,1,0.9293878891484604,0,1.0,16004,21820.0,1.0,16004,37824.0,0,0.4377592990159331
FAN-003940,Ulsan HD,18_34,season_ticket_partial,True,True,5,0.9344676761009344,4,0.1999999999999999,0,62079.0,2.0,0,62079.0,0,0.2472537711646475
FAN-003941,Jeonbuk Hyundai Motors,18_34,free_registered,True,False,1,0.9081364751498624,0,1.0,16136,0.0,0.0,16136,16136.0,1,0.6106869181389931
FAN-003942,Jeonbuk Hyundai Motors,18_34,free_registered,True,False,1,0.9888862060461574,0,1.0,24984,0.0,0.0,24984,24984.0,1,0.5804506769529566
FAN-003943,FC Seoul,35_54,free_registered,True,True,2,0.9828988650534836,1,0.5,19512,0.0,0.0,39024,39024.0,0,0.46768034625196986
FAN-003944,Ulsan HD,55_Plus,free_registered,False,True,1,0.947338997250107,0,1.0,23232,0.0,0.0,23232,23232.0,1,0.750992926115592
FAN-003945,FC Seoul,18_34,free_registered,True,True,2,0.9491754255025852,1,0.5,24606,102327.0,1.0,49212,151539.0,0,0.3223299371514709
FAN-003946,FC Seoul,35_54,season_ticket_partial,True,False,8,0.8970119591013962,7,0.125,0,214996.0,3.0,0,214996.0,0,0.18558819638966698
FAN-003947,Jeju SK,35_54,free_registered,True,True,2,0.9050437351825809,1,0.5,22523,31811.0,1.0,45046,76857.0,0,0.49634034374519614
FAN-003948,Jeju SK,55_Plus,free_registered,True,False,1,0.9143880919687942,0,1.0,24388,40940.0,1.0,24388,65328.0,0,0.4714054981146459
FAN-003949,FC Seoul,18_34,paid_membership,True,False,5,0.8832940683811067,4,0.1999999999999999,23971,97782.0,2.0,119855,217637.0,0,0.05347515372515371
FAN-003950,FC Seoul,35_54,season_ticket_partial,True,False,9,0.8936359929625393,8,0.1111111111111111,0,183317.0,2.0,0,183317.0,0,0.06701384093489357
FAN-003951,FC Seoul,18_34,season_ticket_full,True,False,15,0.6447141170267915,9,0.4,0,264081.0,2.0,0,264081.0,0,0.052464908173667765
FAN-003952,Jeonbuk Hyundai Motors,35_54,paid_membership,True,False,2,0.99478518654455,1,0.5,16722,138937.0,2.0,33444,172381.0,1,0.8300426992550727
FAN-003953,Gangwon FC,Under_18,season_ticket_full,True,True,19,0.6641913059979343,12,0.368421052631579,0,432170.0,5.0,0,432170.0,0,0.31613113901349177
FAN-003954,FC Seoul,35_54,paid_membership,True,True,4,0.9857061409681448,3,0.25,24285,0.0,0.0,97140,97140.0,0,0.1940361014714604
FAN-003955,FC Seoul,18_34,season_ticket_full,True,True,17,0.8217526274026796,13,0.2352941176470588,0,209366.0,2.0,0,209366.0,0,0.02844104207339502
FAN-003956,Jeonbuk Hyundai Motors,18_34,paid_membership,False,True,3,0.9905272721638826,2,0.3333333333333333,20108,229454.0,2.0,60324,289778.0,0,0.15644129944129945
FAN-003957,Gangwon FC,35_54,free_registered,True,False,2,0.9328551742944526,1,0.5,20835,26433.0,1.0,41670,68103.0,1,0.7970756504123283
FAN-003958,Ulsan HD,35_54,free_registered,False,True,2,0.9117776918406416,1,0.5,18601,143769.0,1.0,37202,180971.0,1,0.7980286300338533
FAN-003959,FC Seoul,35_54,paid_membership,True,False,3,0.8746602650323869,2,0.3333333333333333,24100,0.0,0.0,72300,72300.0,0,0.22971186087443746
FAN-003960,FC Seoul,35_54,free_registered,False,True,2,0.9251426412668212,1,0.5,17208,0.0,0.0,34416,34416.0,1,0.6896817136041009
FAN-003961,Jeju SK,18_34,free_registered,True,False,2,0.9844636487198772,1,0.5,18082,109963.0,1.0,36164,146127.0,0,0.4931916393707079
FAN-003962,Ulsan HD,18_34,paid_membership,True,True,3,0.9356744749992172,2,0.3333333333333333,22692,26732.0,1.0,68076,94808.0,0,0.0772307184996669
FAN-003963,FC Seoul,18_34,season_ticket_full,True,True,19,0.602216380301233,11,0.4210526315789473,0,516596.0,5.0,0,516596.0,0,0.0711152567476097
FAN-003964,Jeju SK,Under_18,free_registered,True,True,2,0.9850830652119594,1,0.5,24129,141643.0,1.0,48258,189901.0,0,0.4269306846835584
FAN-003965,FC Seoul,35_54,paid_membership,True,False,3,0.9377142703017716,2,0.3333333333333333,16246,130731.0,2.0,48738,179469.0,0,0.14624589348273556
FAN-003966,Jeonbuk Hyundai Motors,35_54,paid_membership,True,True,5,0.9584826074815536,4,0.1999999999999999,21782,80288.0,1.0,108910,189198.0,0,0.07758127158009787
FAN-003967,Ulsan HD,35_54,season_ticket_full,True,True,18,0.8145940895242487,14,0.2222222222222222,0,294086.0,3.0,0,294086.0,0,0.1705693767017297
FAN-003968,FC Seoul,35_54,season_ticket_full,True,True,19,0.6115893695838128,11,0.4210526315789473,0,180892.0,2.0,0,180892.0,0,0.3021902589059451
FAN-003969,Jeju SK,35_54,paid_membership,True,False,5,0.9377506399284158,4,0.1999999999999999,23787,0.0,0.0,118935,118935.0,0,0.05019391416810571
FAN-003970,Ulsan HD,Under_18,paid_membership,True,True,3,0.9048343960416952,2,0.3333333333333333,19741,0.0,0.0,59223,59223.0,0,0.12080405782939427
FAN-003971,Gangwon FC,Under_18,free_registered,True,False,1,0.9570429770355772,0,1.0,19307,149890.0,1.0,19307,169197.0,1,0.8268160522756113
FAN-003972,Ulsan HD,35_54,paid_membership,True,True,2,0.916156693887075,1,0.5,22777,113934.0,1.0,45554,159488.0,1,0.5228094634920533
FAN-003973,FC Seoul,18_34,paid_membership,True,True,3,0.915173323122264,2,0.3333333333333333,19882,0.0,0.0,59646,59646.0,0,0.0979350102103466
FAN-003974,Jeonbuk Hyundai Motors,Under_18,season_ticket_partial,True,False,6,0.7618166376925714,4,0.3333333333333333,0,268897.0,3.0,0,268897.0,0,0.07850212447495056
FAN-003975,FC Seoul,18_34,paid_membership,True,True,3,0.8876528475144099,2,0.3333333333333333,20159,118769.0,2.0,60477,179246.0,0,0.17905594256315563
FAN-003976,Gangwon FC,35_54,free_registered,False,False,1,0.9739942613634404,0,1.0,21125,53577.0,1.0,21125,74702.0,1,0.5665294767892723
FAN-003977,Ulsan HD,18_34,paid_membership,True,True,2,0.9780728221399004,1,0.5,24031,129687.0,2.0,48062,177749.0,1,0.6083372737190015
FAN-003978,Ulsan HD,35_54,free_registered,True,False,2,0.9414659686673786,1,0.5,18846,0.0,0.0,37692,37692.0,0,0.3438885260136463
FAN-003979,FC Seoul,35_54,free_registered,True,False,1,0.9165812621514016,0,1.0,17227,44037.0,1.0,17227,61264.0,0,0.467281514976055
FAN-003980,Ulsan HD,18_34,free_registered,True,False,1,0.9909038142475208,0,1.0,17531,0.0,0.0,17531,17531.0,1,0.6945738952755576
FAN-003981,Jeonbuk Hyundai Motors,35_54,free_registered,False,True,1,0.9414911342747816,0,1.0,22742,79621.0,1.0,22742,102363.0,0,0.4963062941077561
FAN-003982,Jeonbuk Hyundai Motors,35_54,season_ticket_partial,True,True,8,0.9150610876809672,7,0.125,0,85941.0,1.0,0,85941.0,0,0.1519973732339462
FAN-003983,FC Seoul,35_54,free_registered,True,False,2,0.9242295756023028,1,0.5,16386,56496.0,1.0,32772,89268.0,1,0.7578763888625988
FAN-003984,FC Seoul,35_54,free_registered,True,False,2,0.924208826286606,1,0.5,19680,0.0,0.0,39360,39360.0,1,0.5360156049290495
FAN-003985,Jeonbuk Hyundai Motors,Under_18,season_ticket_full,True,True,15,0.6435916761318072,9,0.4,0,332870.0,3.0,0,332870.0,0,0.1368068986826727
FAN-003986,Gangwon FC,35_54,free_registered,True,True,2,0.943821914948566,1,0.5,23275,0.0,0.0,46550,46550.0,1,0.61618741247457
FAN-003987,FC Seoul,18_34,free_registered,False,True,1,0.9890687587076232,0,1.0,19797,17958.0,1.0,19797,37755.0,1,0.5203300658800827
FAN-003988,Ulsan HD,55_Plus,free_registered,True,False,2,0.902514641837272,1,0.5,22291,0.0,0.0,44582,44582.0,0,0.3662473412542405
FAN-003989,Ulsan HD,35_54,free_registered,True,True,1,0.995659747693075,0,1.0,18767,0.0,0.0,18767,18767.0,1,0.5005939742607685
FAN-003990,Jeonbuk Hyundai Motors,35_54,free_registered,True,True,1,0.9179123025858116,0,1.0,21177,0.0,0.0,21177,21177.0,1,0.5822907777764812
FAN-003991,FC Seoul,18_34,free_registered,True,True,2,0.971887432044244,1,0.5,18104,0.0,0.0,36208,36208.0,1,0.7264334783129726
FAN-003992,FC Seoul,18_34,paid_membership,True,True,5,0.8828888122770594,4,0.1999999999999999,24262,270489.0,2.0,121310,391799.0,0,0.25534713544713566
FAN-003993,Jeonbuk Hyundai Motors,18_34,free_registered,False,True,2,0.9735115492042412,1,0.5,24688,0.0,0.0,49376,49376.0,0,0.2570014720486246
FAN-003994,FC Seoul,18_34,free_registered,True,False,1,0.9339175606207424,0,1.0,23201,0.0,0.0,23201,23201.0,1,0.556359563481545
FAN-003995,Ulsan HD,18_34,season_ticket_partial,True,True,7,0.823052150162044,5,0.2857142857142857,0,145958.0,2.0,0,145958.0,0,0.2534144155591525
FAN-003996,Ulsan HD,18_34,free_registered,True,False,2,0.9472974220254166,1,0.5,21472,89044.0,1.0,42944,131988.0,0,0.36647620521443136
FAN-003997,Ulsan HD,18_34,season_ticket_partial,True,True,9,0.9236787069539008,8,0.1111111111111111,0,193652.0,2.0,0,193652.0,0,0.05164900762006024
FAN-003998,Ulsan HD,55_Plus,free_registered,True,True,2,0.920092977449752,1,0.5,17903,58752.0,1.0,35806,94558.0,0,0.46606022554817256
FAN-003999,Ulsan HD,Under_18,free_registered,True,True,1,0.902602952232504,0,1.0,19992,0.0,0.0,19992,19992.0,0,0.4929085413093861
FAN-004000,FC Seoul,55_Plus,paid_membership,False,False,2,0.9377584698756948,1,0.5,24620,0.0,0.0,49240,49240.0,1,0.5088881179887856
FAN-004001,Jeju SK,55_Plus,free_registered,True,False,2,0.9727989495111932,1,0.5,20237,112623.0,1.0,40474,153097.0,1,0.784746801976506
FAN-004002,Jeonbuk Hyundai Motors,18_34,free_registered,True,True,1,0.9969048284670716,0,1.0,18301,89132.0,1.0,18301,107433.0,1,0.6082741345077428
FAN-004003,Jeonbuk Hyundai Motors,35_54,paid_membership,True,True,4,0.9380468873674148,3,0.25,20871,81531.0,1.0,83484,165015.0,0,0.06340991367307156
FAN-004004,FC Seoul,18_34,free_registered,True,False,1,0.9353280870918758,0,1.0,21775,73212.0,1.0,21775,94987.0,0,0.4977716659087626
FAN-004005,FC Seoul,35_54,paid_membership,False,False,4,0.8758051158557798,3,0.25,19834,163983.0,2.0,79336,243319.0,0,0.11160972985972982
FAN-004006,FC Seoul,18_34,season_ticket_partial,True,True,7,0.7835978985169673,5,0.2857142857142857,0,54356.0,1.0,0,54356.0,0,0.21277081525232272
FAN-004007,Ulsan HD,18_34,free_registered,True,False,1,0.991958379723448,0,1.0,20446,0.0,0.0,20446,20446.0,1,0.5009289574372701
FAN-004008,Ulsan HD,35_54,paid_membership,True,True,4,0.925036690627547,3,0.25,20486,184737.0,2.0,81944,266681.0,0,0.07178100847218492
FAN-004009,Jeju SK,18_34,paid_membership,True,True,2,0.9759474088022748,1,0.5,18435,94529.0,1.0,36870,131399.0,0,0.46182183070512567
FAN-004010,FC Seoul,35_54,season_ticket_full,True,True,19,0.6640644963734701,12,0.368421052631579,0,207599.0,4.0,0,207599.0,0,0.22000790114025415
FAN-004011,FC Seoul,18_34,season_ticket_partial,True,True,9,0.9002714340549169,8,0.1111111111111111,0,141387.0,3.0,0,141387.0,0,0.041686045436045434
FAN-004012,Ulsan HD,18_34,season_ticket_partial,True,False,11,0.7422188624817342,8,0.2727272727272727,0,235929.0,3.0,0,235929.0,0,0.04554561379561379
FAN-004013,Jeju SK,Under_18,free_registered,True,True,2,0.9080468277937974,1,0.5,18860,73626.0,1.0,37720,111346.0,1,0.7851385811806705
FAN-004014,FC Seoul,Under_18,paid_membership,True,True,5,0.93362861655396,4,0.1999999999999999,23454,185983.0,2.0,117270,303253.0,0,0.26363107095843674
FAN-004015,Jeju SK,18_34,free_registered,True,False,2,0.944641220934718,1,0.5,18485,142295.0,1.0,36970,179265.0,1,0.7657707473040138
FAN-004016,FC Seoul,Under_18,free_registered,True,True,1,0.9658643888209612,0,1.0,21677,87113.0,1.0,21677,108790.0,0,0.33765053726353145
FAN-004017,Jeonbuk Hyundai Motors,Under_18,season_ticket_full,True,True,18,0.8791564102401644,15,0.1666666666666666,0,174895.0,2.0,0,174895.0,0,0.10052269190504481
FAN-004018,Jeonbuk Hyundai Motors,35_54,free_registered,True,False,1,0.9217638851959936,0,1.0,19222,0.0,0.0,19222,19222.0,0,0.4988842992020298
FAN-004019,FC Seoul,Under_18,season_ticket_full,True,True,16,0.6901783503305822,11,0.3125,0,236441.0,3.0,0,236441.0,0,0.09001419114654409
FAN-004020,FC Seoul,35_54,free_registered,True,True,2,0.9806558365805218,1,0.5,16859,0.0,0.0,33718,33718.0,1,0.7109219266072079
FAN-004021,Ulsan HD,18_34,season_ticket_partial,True,True,10,0.828415304687022,8,0.1999999999999999,0,242641.0,2.0,0,242641.0,0,0.09619770244770245
FAN-004022,FC Seoul,35_54,free_registered,False,True,1,0.9073405114524086,0,1.0,17000,0.0,0.0,17000,17000.0,0,0.41658697450614357
FAN-004023,Jeju SK,18_34,free_registered,True,False,2,0.903671675894588,1,0.5,18202,0.0,0.0,36404,36404.0,0,0.40442535878937197
FAN-004024,Jeonbuk Hyundai Motors,18_34,free_registered,False,False,1,0.9040150350849148,0,1.0,24585,23357.0,1.0,24585,47942.0,1,0.7149333997098036
FAN-004025,Jeju SK,18_34,paid_membership,True,True,3,0.9121370179788936,2,0.3333333333333333,19143,265439.0,2.0,57429,322868.0,0,0.05130820641346958
FAN-004026,Jeonbuk Hyundai Motors,18_34,free_registered,True,True,2,0.9093985233116252,1,0.5,16648,145558.0,1.0,33296,178854.0,1,0.7527624970345563
FAN-004027,Ulsan HD,35_54,paid_membership,True,False,5,0.9738304964238088,4,0.1999999999999999,23818,144321.0,2.0,119090,263411.0,0,0.09179982703895749
FAN-004028,FC Seoul,Under_18,free_registered,True,True,1,0.98326768619017,0,1.0,16857,0.0,0.0,16857,16857.0,1,0.6173827483738669
FAN-004029,Jeonbuk Hyundai Motors,55_Plus,free_registered,True,True,2,0.9968107892024196,1,0.5,17585,0.0,0.0,35170,35170.0,0,0.46163701638954613
FAN-004030,Ulsan HD,18_34,free_registered,True,False,1,0.9860857911222578,0,1.0,22244,98983.0,1.0,22244,121227.0,1,0.8962142899859238
FAN-004031,Jeju SK,18_34,free_registered,False,False,2,0.9959602604376314,1,0.5,22721,105082.0,1.0,45442,150524.0,1,0.7322062619034053
FAN-004032,FC Seoul,35_54,season_ticket_partial,True,True,6,0.9425587887986284,5,0.1666666666666666,0,168243.0,2.0,0,168243.0,0,0.2695421275422453
FAN-004033,FC Seoul,18_34,season_ticket_partial,True,True,9,0.9108658342688332,8,0.1111111111111111,0,128860.0,2.0,0,128860.0,0,0.06950257904863166
FAN-004034,Gangwon FC,35_54,free_registered,True,True,1,0.9496343827767284,0,1.0,21763,0.0,0.0,21763,21763.0,1,0.6250016793884361
FAN-004035,FC Seoul,18_34,paid_membership,True,True,3,0.8897830984485624,2,0.3333333333333333,21424,0.0,0.0,64272,64272.0,0,0.08250723179355533
FAN-004036,Gangwon FC,35_54,paid_membership,True,False,4,0.977252344798054,3,0.25,22838,171410.0,2.0,91352,262762.0,0,0.22423842576804925
FAN-004037,Gangwon FC,Under_18,free_registered,True,True,2,0.970929122582848,1,0.5,23693,113034.0,1.0,47386,160420.0,1,0.7849340679449376
FAN-004038,Jeonbuk Hyundai Motors,35_54,free_registered,True,True,1,0.9956719984610554,0,1.0,17739,61579.0,1.0,17739,79318.0,1,0.6112907735704346
FAN-004039,Jeju SK,35_54,paid_membership,False,True,5,0.8636401256528451,4,0.1999999999999999,16148,72119.0,1.0,80740,152859.0,0,0.30375863308655054
FAN-004040,Jeju SK,18_34,free_registered,True,False,1,0.9300275481835012,0,1.0,18686,0.0,0.0,18686,18686.0,1,0.7495103945838185
FAN-004041,Jeonbuk Hyundai Motors,Under_18,free_registered,True,True,2,0.939724013306398,1,0.5,16931,34833.0,1.0,33862,68695.0,0,0.4499338660848264
FAN-004042,FC Seoul,18_34,free_registered,True,True,2,0.9464586757071076,1,0.5,18023,132526.0,1.0,36046,168572.0,1,0.6621789242525703
FAN-004043,Ulsan HD,55_Plus,paid_membership,True,False,3,0.9518757449060884,2,0.3333333333333333,17342,0.0,0.0,52026,52026.0,0,0.1268966530636789
FAN-004044,Jeju SK,18_34,free_registered,True,True,1,0.988786245495212,0,1.0,16297,0.0,0.0,16297,16297.0,1,0.7106872199845553
FAN-004045,Ulsan HD,18_34,free_registered,True,True,2,0.965796016329088,1,0.5,22064,143039.0,1.0,44128,187167.0,0,0.3652822867851602
FAN-004046,Ulsan HD,Under_18,free_registered,True,True,2,0.9232301781117273,1,0.5,22214,38036.0,1.0,44428,82464.0,1,0.5051628130287996
FAN-004047,Ulsan HD,18_34,free_registered,True,True,1,0.9240377281843364,0,1.0,20692,0.0,0.0,20692,20692.0,0,0.3477510838738182
FAN-004048,Jeju SK,35_54,free_registered,True,True,1,0.9631743267437146,0,1.0,22793,78686.0,1.0,22793,101479.0,0,0.4319001950131893
FAN-004049,Jeonbuk Hyundai Motors,55_Plus,season_ticket_partial,True,True,9,0.7452579529541798,6,0.3333333333333333,0,101896.0,2.0,0,101896.0,0,0.1054288080324949
FAN-004050,FC Seoul,18_34,free_registered,True,True,2,0.9258532809314296,1,0.5,21071,43029.0,1.0,42142,85171.0,1,0.7085830029229669
FAN-004051,Gangwon FC,35_54,paid_membership,True,True,3,0.8956055122855183,2,0.3333333333333333,22220,0.0,0.0,66660,66660.0,0,0.4990478665311847
FAN-004052,Jeju SK,18_34,free_registered,True,True,1,0.9722625455733864,0,1.0,22961,35920.0,1.0,22961,58881.0,1,0.8914337406251663
FAN-004053,Jeonbuk Hyundai Motors,Under_18,paid_membership,False,True,4,0.9437364308247892,3,0.25,16228,209516.0,2.0,64912,274428.0,0,0.2540596971038147
FAN-004054,Jeju SK,18_34,paid_membership,False,True,4,0.870219141982409,3,0.25,24158,43036.0,1.0,96632,139668.0,0,0.2731144188671204
FAN-004055,Jeonbuk Hyundai Motors,35_54,free_registered,True,True,1,0.9424922519522596,0,1.0,17734,0.0,0.0,17734,17734.0,1,0.7824600210903565
FAN-004056,FC Seoul,55_Plus,season_ticket_partial,True,False,10,0.9458196129638268,9,0.0999999999999999,0,285637.0,3.0,0,285637.0,0,0.297115693628929
FAN-004057,Jeonbuk Hyundai Motors,35_54,free_registered,True,True,2,0.9469221728747832,1,0.5,23415,0.0,0.0,46830,46830.0,0,0.4986345196678104
FAN-004058,FC Seoul,18_34,season_ticket_partial,True,True,6,0.8813082900807655,5,0.1666666666666666,0,177275.0,3.0,0,177275.0,1,0.5958764790253047
FAN-004059,Jeonbuk Hyundai Motors,18_34,free_registered,True,False,1,0.9129599211150776,0,1.0,23709,0.0,0.0,23709,23709.0,1,0.5658318647481442
FAN-004060,Gangwon FC,18_34,season_ticket_full,True,True,16,0.6284287034933194,10,0.375,0,175046.0,2.0,0,175046.0,0,0.15899289665156535
FAN-004061,FC Seoul,55_Plus,paid_membership,True,False,4,0.989171298543402,3,0.25,23111,214909.0,2.0,92444,307353.0,1,0.5806237096951286
FAN-004062,FC Seoul,35_54,season_ticket_full,True,False,18,0.7227888085578014,13,0.2777777777777778,0,181276.0,2.0,0,181276.0,0,0.017493471125824066
FAN-004063,Jeonbuk Hyundai Motors,35_54,paid_membership,False,False,3,0.9891062895153864,2,0.3333333333333333,16582,180440.0,2.0,49746,230186.0,0,0.13342634842634843
FAN-004064,FC Seoul,18_34,free_registered,True,False,1,0.9966469635050624,0,1.0,19396,0.0,0.0,19396,19396.0,1,0.6603446804259484
FAN-004065,Jeonbuk Hyundai Motors,18_34,paid_membership,True,True,5,0.9270682250345093,4,0.1999999999999999,23529,79457.0,1.0,117645,197102.0,0,0.04554453262786597
FAN-004066,FC Seoul,18_34,season_ticket_partial,True,False,7,0.8958749294599058,6,0.1428571428571429,0,195230.0,2.0,0,195230.0,0,0.12118575050680311
FAN-004067,FC Seoul,18_34,season_ticket_full,True,True,18,0.6508553980186025,11,0.3888888888888888,0,261653.0,4.0,0,261653.0,0,0.14030611634820928
FAN-004068,Gangwon FC,18_34,free_registered,True,True,1,0.946984045739452,0,1.0,23784,58844.0,1.0,23784,82628.0,1,0.9047955154585481
FAN-004069,Jeju SK,Under_18,paid_membership,True,False,3,0.9682799069284596,2,0.3333333333333333,18477,43180.0,2.0,55431,98611.0,0,0.4031750926837362
FAN-004070,Jeonbuk Hyundai Motors,Under_18,free_registered,True,True,2,0.9949828636724418,1,0.5,22690,0.0,0.0,45380,45380.0,1,0.5249839153821378
FAN-004071,Ulsan HD,35_54,paid_membership,True,False,5,0.8999761662350741,4,0.1999999999999999,22172,0.0,0.0,110860,110860.0,0,0.10349628176159646
FAN-004072,Jeju SK,35_54,free_registered,True,True,1,0.948880730960747,0,1.0,17379,75326.0,1.0,17379,92705.0,1,0.7828920470532874
FAN-004073,Jeju SK,18_34,free_registered,True,True,1,0.9686422550814427,0,1.0,23798,0.0,0.0,23798,23798.0,0,0.32044641437601795
FAN-004074,Jeju SK,18_34,season_ticket_full,True,True,18,0.7255404620832149,13,0.2777777777777778,0,257841.0,4.0,0,257841.0,0,0.18344325362995437
FAN-004075,Jeju SK,18_34,free_registered,True,False,1,0.9163155646320414,0,1.0,22023,0.0,0.0,22023,22023.0,1,0.6391481319864908
FAN-004076,Jeju SK,35_54,paid_membership,True,True,3,0.9644213209347317,2,0.3333333333333333,20033,0.0,0.0,60099,60099.0,0,0.24052960162111456
FAN-004077,Ulsan HD,35_54,paid_membership,False,True,3,0.9642887176093022,2,0.3333333333333333,20957,132434.0,2.0,62871,195305.0,0,0.12943187830687827
FAN-004078,FC Seoul,35_54,free_registered,True,True,2,0.9755396802984158,1,0.5,23508,0.0,0.0,47016,47016.0,1,0.706001596702793
FAN-004079,Jeonbuk Hyundai Motors,35_54,free_registered,True,False,2,0.9284637087221586,1,0.5,23880,136990.0,1.0,47760,184750.0,1,0.6123969537379842
FAN-004080,FC Seoul,18_34,paid_membership,False,True,2,0.8711417241163771,1,0.5,24641,0.0,0.0,49282,49282.0,1,0.6297589324404974
FAN-004081,Jeju SK,18_34,free_registered,True,False,2,0.9769801832518388,1,0.5,19061,121807.0,1.0,38122,159929.0,0,0.29110053219311083
FAN-004082,FC Seoul,18_34,season_ticket_partial,True,True,7,0.7786152557122524,5,0.2857142857142857,0,73197.0,2.0,0,73197.0,0,0.1973381799407799
FAN-004083,Jeju SK,18_34,season_ticket_full,True,True,18,0.7370034796182517,13,0.2777777777777778,0,390365.0,3.0,0,390365.0,0,0.339425225138964
FAN-004084,Jeonbuk Hyundai Motors,35_54,free_registered,False,True,1,0.9501102507923294,0,1.0,23173,0.0,0.0,23173,23173.0,1,0.6089131757270183
FAN-004085,FC Seoul,18_34,free_registered,False,False,2,0.9693460552554732,1,0.5,20431,0.0,0.0,40862,40862.0,1,0.5058076202191786
FAN-004086,FC Seoul,Under_18,free_registered,True,True,1,0.97451701651455,0,1.0,23844,33267.0,1.0,23844,57111.0,1,0.8808368756165366
FAN-004087,FC Seoul,18_34,paid_membership,True,True,5,0.997729410750114,4,0.1999999999999999,16392,92500.0,1.0,81960,174460.0,0,0.18472001098316884
FAN-004088,Jeju SK,55_Plus,free_registered,False,False,1,0.9390387755451294,0,1.0,18015,0.0,0.0,18015,18015.0,0,0.39503054707583496
FAN-004089,Jeonbuk Hyundai Motors,18_34,free_registered,False,True,1,0.9536341861183808,0,1.0,21694,145711.0,1.0,21694,167405.0,1,0.6228663701952166
FAN-004090,FC Seoul,35_54,paid_membership,False,False,5,0.9796210524742648,4,0.1999999999999999,23406,276904.0,2.0,117030,393934.0,0,0.22209027194027195
FAN-004091,Jeonbuk Hyundai Motors,18_34,season_ticket_full,True,True,19,0.6005509920776455,11,0.4210526315789473,0,431821.0,5.0,0,431821.0,0,0.18909401410136706
FAN-004092,Ulsan HD,Under_18,free_registered,False,True,1,0.9701415883457488,0,1.0,23864,31054.0,1.0,23864,54918.0,1,0.8560051143021667
FAN-004093,Ulsan HD,18_34,free_registered,True,True,1,0.937555260523343,0,1.0,16246,0.0,0.0,16246,16246.0,1,0.7503428506633628
FAN-004094,Gangwon FC,35_54,season_ticket_full,True,True,15,0.6740760573610696,10,0.3333333333333333,0,316467.0,4.0,0,316467.0,0,0.1118692856421185
FAN-004095,Ulsan HD,18_34,paid_membership,True,False,4,0.9761631005460608,3,0.25,20060,0.0,0.0,80240,80240.0,0,0.2327820224660872
FAN-004096,Ulsan HD,35_54,paid_membership,True,False,5,0.9459845856507962,4,0.1999999999999999,22207,77140.0,1.0,111035,188175.0,0,0.051182489578322915
FAN-004097,FC Seoul,18_34,paid_membership,True,True,4,0.9018478162963988,3,0.25,18782,0.0,0.0,75128,75128.0,0,0.1147309602047992
FAN-004098,FC Seoul,Under_18,season_ticket_full,True,False,18,0.7955994868949745,14,0.2222222222222222,0,201209.0,3.0,0,201209.0,0,0.0404114605438135
FAN-004099,FC Seoul,55_Plus,paid_membership,True,True,3,0.9850405646985272,2,0.3333333333333333,21244,102489.0,1.0,63732,166221.0,0,0.04133226894145568
FAN-004100,FC Seoul,18_34,season_ticket_partial,True,True,10,0.7337243662880256,7,0.3,0,135100.0,2.0,0,135100.0,1,0.5640079381816716
FAN-004101,Jeju SK,35_54,paid_membership,False,False,4,0.9578192386615746,3,0.25,20203,87564.0,1.0,80812,168376.0,0,0.18165927912667046
FAN-004102,Ulsan HD,35_54,paid_membership,True,False,5,0.9537087716240968,4,0.1999999999999999,18233,50823.0,1.0,91165,141988.0,0,0.10237321243571242
FAN-004103,Ulsan HD,18_34,free_registered,True,True,2,0.9032138884088152,1,0.5,24210,0.0,0.0,48420,48420.0,1,0.725936954346027
FAN-004104,FC Seoul,35_54,free_registered,True,False,2,0.988985747484116,1,0.5,18959,119521.0,1.0,37918,157439.0,0,0.43018144781014145
FAN-004105,FC Seoul,Under_18,paid_membership,True,True,2,0.9541225688432676,1,0.5,19817,94500.0,1.0,39634,134134.0,1,0.8346747288643801
FAN-004106,Jeju SK,18_34,free_registered,True,False,1,0.9984664747630096,0,1.0,18141,79786.0,1.0,18141,97927.0,0,0.45311285882890273
FAN-004107,Gangwon FC,Under_18,paid_membership,True,False,4,0.863759408976125,3,0.25,19814,0.0,0.0,79256,79256.0,0,0.1514894190969018
FAN-004108,FC Seoul,35_54,free_registered,True,True,1,0.9668334500288884,0,1.0,24319,0.0,0.0,24319,24319.0,1,0.6961689975471922
FAN-004109,Jeonbuk Hyundai Motors,18_34,season_ticket_partial,True,True,11,0.947937325248255,10,0.0909090909090909,0,105382.0,1.0,0,105382.0,1,0.5475925095057443
FAN-004110,Jeju SK,35_54,free_registered,True,False,1,0.9232419466665782,0,1.0,23983,25595.0,1.0,23983,49578.0,1,0.5662756815982098
FAN-004111,Jeju SK,55_Plus,season_ticket_partial,True,False,11,0.7189480726539274,7,0.3636363636363636,0,270574.0,2.0,0,270574.0,0,0.08121341557055842
FAN-004112,Ulsan HD,18_34,paid_membership,True,True,2,0.937525863649144,1,0.5,21890,48409.0,1.0,43780,92189.0,1,0.8772428311845522
FAN-004113,FC Seoul,18_34,free_registered,True,True,1,0.9450521705966828,0,1.0,17883,0.0,0.0,17883,17883.0,1,0.8027106950910304
FAN-004114,FC Seoul,18_34,paid_membership,True,False,2,0.8512423486918926,1,0.5,23409,0.0,0.0,46818,46818.0,0,0.41791189956526953
FAN-004115,Jeju SK,18_34,free_registered,True,True,1,0.9999107071661596,0,1.0,24170,65329.0,1.0,24170,89499.0,1,0.6487250941150141
FAN-004116,Ulsan HD,18_34,free_registered,True,True,1,0.98951456056183,0,1.0,19698,0.0,0.0,19698,19698.0,1,0.6086978392171316
FAN-004117,Gangwon FC,35_54,free_registered,True,True,2,0.9422785079843236,1,0.5,20065,59603.0,1.0,40130,99733.0,1,0.722227924787341
FAN-004118,Ulsan HD,55_Plus,free_registered,True,True,2,0.9171457308953536,1,0.5,18558,59352.0,1.0,37116,96468.0,1,0.7615115487839723
FAN-004119,FC Seoul,55_Plus,season_ticket_full,True,False,19,0.6592782589482045,12,0.368421052631579,0,327661.0,5.0,0,327661.0,0,0.1216081434904964
FAN-004120,Jeonbuk Hyundai Motors,35_54,free_registered,False,False,2,0.9151835160746888,1,0.5,24893,0.0,0.0,49786,49786.0,0,0.45385193190105305
FAN-004121,FC Seoul,35_54,paid_membership,True,True,2,0.940999065398296,1,0.5,22647,47205.0,2.0,45294,92499.0,1,0.6505247774575197
FAN-004122,Ulsan HD,18_34,free_registered,True,False,1,0.9815792345739148,0,1.0,18303,131196.0,1.0,18303,149499.0,1,0.7714749111840513
FAN-004123,Jeju SK,35_54,paid_membership,True,False,2,0.9717024077894588,1,0.5,19726,131518.0,1.0,39452,170970.0,1,0.700379636064419
FAN-004124,Gangwon FC,35_54,free_registered,False,True,1,0.9433981264780962,0,1.0,20952,146451.0,1.0,20952,167403.0,1,0.5521164084123598
FAN-004125,Jeonbuk Hyundai Motors,18_34,paid_membership,False,True,5,0.8967819930331943,4,0.1999999999999999,24335,66022.0,1.0,121675,187697.0,0,0.05670622895622895
FAN-004126,Jeju SK,55_Plus,paid_membership,True,False,4,0.8658129139023605,3,0.25,18739,0.0,0.0,74956,74956.0,0,0.1425039601114428
FAN-004127,Jeju SK,18_34,paid_membership,False,True,3,0.9621623432853812,2,0.3333333333333333,24396,146069.0,1.0,73188,219257.0,0,0.11919419284419289
FAN-004128,Gangwon FC,35_54,free_registered,True,True,1,0.9500908789699396,0,1.0,21921,0.0,0.0,21921,21921.0,1,0.5378286958441943
FAN-004129,FC Seoul,35_54,paid_membership,False,True,4,0.9887450461709568,3,0.25,18174,0.0,0.0,72696,72696.0,0,0.07631505911242754
FAN-004130,FC Seoul,55_Plus,free_registered,True,False,1,0.9523322945607048,0,1.0,23100,56888.0,1.0,23100,79988.0,1,0.8498936601410284
FAN-004131,FC Seoul,18_34,free_registered,True,True,2,0.910810008483455,1,0.5,23016,0.0,0.0,46032,46032.0,0,0.37094494874108186
FAN-004132,FC Seoul,35_54,free_registered,True,False,1,0.9802815283472732,0,1.0,23957,0.0,0.0,23957,23957.0,1,0.6845833354899952
FAN-004133,Jeju SK,18_34,free_registered,True,True,2,0.9783744447564968,1,0.5,18224,0.0,0.0,36448,36448.0,0,0.44052109550822705
FAN-004134,Jeju SK,18_34,free_registered,True,False,2,0.9669859044152156,1,0.5,23918,0.0,0.0,47836,47836.0,0,0.48632243587463414
FAN-004135,Jeju SK,35_54,paid_membership,True,True,4,0.9289401527387586,3,0.25,24918,0.0,0.0,99672,99672.0,0,0.3448269013700302
FAN-004136,FC Seoul,35_54,free_registered,True,True,2,0.9389883605457215,1,0.5,19276,0.0,0.0,38552,38552.0,0,0.3831132293581142
FAN-004137,Jeonbuk Hyundai Motors,35_54,free_registered,True,True,2,0.9682653358256044,1,0.5,24391,0.0,0.0,48782,48782.0,0,0.35191467357518125
FAN-004138,Ulsan HD,18_34,free_registered,True,True,2,0.9781819087363508,1,0.5,23336,0.0,0.0,46672,46672.0,1,0.6955359208130923
FAN-004139,Jeju SK,18_34,paid_membership,False,False,3,0.9396704394493822,2,0.3333333333333333,16433,0.0,0.0,49299,49299.0,0,0.17405030483731063
FAN-004140,Jeju SK,35_54,paid_membership,False,False,3,0.92790946767913,2,0.3333333333333333,17287,243223.0,2.0,51861,295084.0,0,0.2112137950616211
FAN-004141,Ulsan HD,18_34,free_registered,False,True,1,0.9193948788401912,0,1.0,17884,0.0,0.0,17884,17884.0,1,0.518697261651179
FAN-004142,FC Seoul,18_34,paid_membership,True,False,4,0.87431055290641,3,0.25,20213,82153.0,1.0,80852,163005.0,0,0.22045843970843976
FAN-004143,FC Seoul,55_Plus,paid_membership,True,True,3,0.9335641766388392,2,0.3333333333333333,20181,77815.0,2.0,60543,138358.0,0,0.06153232120400794
FAN-004144,Jeonbuk Hyundai Motors,18_34,free_registered,True,True,1,0.9423227331822944,0,1.0,20417,0.0,0.0,20417,20417.0,0,0.27724284978779756
FAN-004145,Gangwon FC,35_54,paid_membership,True,True,3,0.8758173495347089,2,0.3333333333333333,22401,171704.0,2.0,67203,238907.0,0,0.05658305450474124
FAN-004146,Jeju SK,18_34,paid_membership,True,True,4,0.903511449564532,3,0.25,22160,72299.0,1.0,88640,160939.0,0,0.17933387591113362
FAN-004147,FC Seoul,18_34,paid_membership,True,False,3,0.8780120562910448,2,0.3333333333333333,17756,55085.0,1.0,53268,108353.0,0,0.09292217561483011
FAN-004148,Ulsan HD,18_34,free_registered,False,True,2,0.9025984537731534,1,0.5,20789,51079.0,1.0,41578,92657.0,1,0.6682696222079235
FAN-004149,Jeonbuk Hyundai Motors,18_34,free_registered,True,True,2,0.9144286888355142,1,0.5,21483,0.0,0.0,42966,42966.0,1,0.7944341877783124
FAN-004150,Jeonbuk Hyundai Motors,18_34,free_registered,False,True,2,0.9542191339053226,1,0.5,22762,0.0,0.0,45524,45524.0,1,0.6468084466709368
FAN-004151,FC Seoul,18_34,paid_membership,True,True,2,0.9299167015254072,1,0.5,23268,143970.0,1.0,46536,190506.0,1,0.5034035276511837
FAN-004152,FC Seoul,18_34,season_ticket_partial,True,True,5,0.897114566489254,4,0.1999999999999999,0,125944.0,1.0,0,125944.0,0,0.13421579239648293
FAN-004153,Jeonbuk Hyundai Motors,Under_18,free_registered,True,True,1,0.996828572101882,0,1.0,18895,126591.0,1.0,18895,145486.0,1,0.5289916605618451
FAN-004154,Ulsan HD,18_34,free_registered,True,True,1,0.9701919722938972,0,1.0,16394,0.0,0.0,16394,16394.0,0,0.4765701927657047
FAN-004155,FC Seoul,18_34,paid_membership,False,False,5,0.9481364247495956,4,0.1999999999999999,24981,52120.0,1.0,124905,177025.0,0,0.08927000160333493
FAN-004156,FC Seoul,Under_18,season_ticket_partial,True,True,6,0.8015618916683905,4,0.3333333333333333,0,52475.0,1.0,0,52475.0,0,0.09333039043203978
FAN-004157,Ulsan HD,55_Plus,season_ticket_partial,True,True,5,0.7654661673452456,3,0.4,0,191042.0,3.0,0,191042.0,1,0.618827055233234
FAN-004158,Jeonbuk Hyundai Motors,35_54,paid_membership,True,True,2,0.9550853534079408,1,0.5,24557,174557.0,2.0,49114,223671.0,0,0.40664211153539476
FAN-004159,Gangwon FC,35_54,season_ticket_partial,True,False,6,0.9457703855756964,5,0.1666666666666666,0,227452.0,3.0,0,227452.0,0,0.21721053272206522
FAN-004160,Jeju SK,18_34,free_registered,True,True,2,0.9584632761715758,1,0.5,21801,121863.0,1.0,43602,165465.0,0,0.33415823685614604
FAN-004161,Ulsan HD,55_Plus,free_registered,True,False,2,0.9207034404217844,1,0.5,24795,0.0,0.0,49590,49590.0,0,0.4505578563374386
FAN-004162,FC Seoul,35_54,free_registered,True,False,1,0.9857466903987204,0,1.0,23088,0.0,0.0,23088,23088.0,1,0.5687685909372905
FAN-004163,Ulsan HD,35_54,paid_membership,True,False,3,0.8639181913235209,2,0.3333333333333333,23436,80134.0,1.0,70308,150442.0,0,0.17200317257485934
FAN-004164,Ulsan HD,18_34,free_registered,True,True,2,0.9354707239602214,1,0.5,23005,100786.0,1.0,46010,146796.0,1,0.5471796915526513
FAN-004165,Jeju SK,55_Plus,free_registered,False,True,1,0.9874047687546578,0,1.0,22371,0.0,0.0,22371,22371.0,1,0.7768759023912847
FAN-004166,Ulsan HD,35_54,free_registered,False,True,1,0.9970847023470852,0,1.0,19213,0.0,0.0,19213,19213.0,0,0.4942990878169585
FAN-004167,FC Seoul,35_54,free_registered,True,False,1,0.9288520009212574,0,1.0,20791,90168.0,1.0,20791,110959.0,0,0.4723104010998748
FAN-004168,FC Seoul,18_34,season_ticket_partial,True,False,8,0.702301906543144,5,0.375,0,343132.0,3.0,0,343132.0,0,0.2106474712600489
FAN-004169,Ulsan HD,18_34,free_registered,True,False,1,0.9831892169584412,0,1.0,21165,0.0,0.0,21165,21165.0,1,0.6253446810023348
FAN-004170,FC Seoul,18_34,free_registered,False,False,1,0.9582430358008232,0,1.0,20110,0.0,0.0,20110,20110.0,1,0.5636178756279843
FAN-004171,FC Seoul,18_34,paid_membership,True,True,4,0.8854037373527788,3,0.25,24327,89957.0,1.0,97308,187265.0,1,0.5627549723757286
FAN-004172,Gangwon FC,35_54,free_registered,False,True,2,0.934751789189046,1,0.5,17657,45491.0,1.0,35314,80805.0,1,0.7837427807974271
FAN-004173,Ulsan HD,Under_18,paid_membership,True,True,2,0.917478225313719,1,0.5,18743,99560.0,1.0,37486,137046.0,1,0.7007459986866929
FAN-004174,Ulsan HD,Under_18,season_ticket_partial,True,True,10,0.7458953370168964,7,0.3,0,100920.0,1.0,0,100920.0,0,0.20629638713382017
FAN-004175,Jeonbuk Hyundai Motors,18_34,season_ticket_full,True,False,19,0.8956956742116484,17,0.1052631578947368,0,468513.0,5.0,0,468513.0,0,0.04423823511373874
FAN-004176,Gangwon FC,18_34,season_ticket_partial,True,False,6,0.7270166849375179,4,0.3333333333333333,0,155256.0,3.0,0,155256.0,0,0.2429428258428259
FAN-004177,Jeju SK,18_34,free_registered,True,True,2,0.9664059293087576,1,0.5,17822,0.0,0.0,35644,35644.0,1,0.8570430292913155
FAN-004178,Jeonbuk Hyundai Motors,35_54,paid_membership,True,False,4,0.9595640428797096,3,0.25,19943,71797.0,2.0,79772,151569.0,1,0.5523779318190072
FAN-004179,Ulsan HD,35_54,free_registered,True,False,2,0.9296869639601404,1,0.5,17345,0.0,0.0,34690,34690.0,1,0.770566866466585
FAN-004180,Ulsan HD,Under_18,free_registered,True,True,2,0.9650382249589582,1,0.5,16875,113401.0,1.0,33750,147151.0,1,0.8090758436102036
FAN-004181,Ulsan HD,18_34,free_registered,False,True,2,0.9832976057112988,1,0.5,18415,0.0,0.0,36830,36830.0,1,0.8492644338776245
FAN-004182,Jeju SK,18_34,free_registered,True,False,2,0.9813502511177552,1,0.5,24967,0.0,0.0,49934,49934.0,1,0.5342873896525195
FAN-004183,Jeju SK,Under_18,season_ticket_partial,True,True,10,0.8480850091909786,8,0.1999999999999999,0,54723.0,1.0,0,54723.0,0,0.05124662744662745
FAN-004184,Ulsan HD,35_54,free_registered,False,True,2,0.914867811490575,1,0.5,20504,0.0,0.0,41008,41008.0,0,0.47020492650081847
FAN-004185,FC Seoul,35_54,paid_membership,False,True,3,0.9031090195971384,2,0.3333333333333333,16407,135837.0,1.0,49221,185058.0,1,0.5226604418126155
FAN-004186,Jeju SK,35_54,free_registered,False,False,2,0.9710168716788804,1,0.5,19806,62566.0,1.0,39612,102178.0,1,0.8540283418017949
FAN-004187,FC Seoul,35_54,free_registered,False,True,1,0.980773865109256,0,1.0,23794,115257.0,1.0,23794,139051.0,1,0.7450813630300983
FAN-004188,Jeju SK,Under_18,season_ticket_full,True,False,19,0.7929732172500654,15,0.2105263157894736,0,352014.0,4.0,0,352014.0,0,0.03946657209892505
FAN-004189,Jeju SK,55_Plus,free_registered,True,False,1,0.9142858173347104,0,1.0,16307,127119.0,1.0,16307,143426.0,0,0.34857844399020843
FAN-004190,Jeonbuk Hyundai Motors,35_54,paid_membership,True,False,2,0.9680525132430644,1,0.5,20158,21612.0,1.0,40316,61928.0,1,0.5211572070361757
FAN-004191,Jeonbuk Hyundai Motors,55_Plus,free_registered,True,True,1,0.9748381442671664,0,1.0,24268,0.0,0.0,24268,24268.0,0,0.44201892550471417
FAN-004192,Jeonbuk Hyundai Motors,Under_18,free_registered,False,False,1,0.9136980527678844,0,1.0,20046,97040.0,1.0,20046,117086.0,1,0.8272815517815519
FAN-004193,Ulsan HD,55_Plus,free_registered,True,True,1,0.905583422970932,0,1.0,23967,0.0,0.0,23967,23967.0,1,0.8136694338618201
FAN-004194,Jeonbuk Hyundai Motors,35_54,season_ticket_partial,True,True,7,0.7138446814208336,4,0.4285714285714286,0,151162.0,3.0,0,151162.0,0,0.3749008069291082
FAN-004195,Jeju SK,35_54,free_registered,True,False,2,0.909075180805486,1,0.5,17959,0.0,0.0,35918,35918.0,1,0.5051411497481811
FAN-004196,FC Seoul,Under_18,free_registered,False,True,2,0.914853937906493,1,0.5,20135,0.0,0.0,40270,40270.0,1,0.5420707024453754
FAN-004197,FC Seoul,35_54,free_registered,True,False,2,0.920337398736732,1,0.5,24857,137824.0,1.0,49714,187538.0,0,0.27356342363347014
FAN-004198,FC Seoul,55_Plus,paid_membership,True,True,4,0.9933357410452136,3,0.25,19588,0.0,0.0,78352,78352.0,0,0.1954136269503917
FAN-004199,Ulsan HD,35_54,paid_membership,True,True,4,0.9436544563472729,3,0.25,24916,0.0,0.0,99664,99664.0,0,0.30299142203455076
FAN-004200,Jeju SK,35_54,paid_membership,True,False,3,0.9224800481416252,2,0.3333333333333333,19527,62666.0,2.0,58581,121247.0,0,0.1232270304908225
FAN-004201,Jeonbuk Hyundai Motors,55_Plus,free_registered,True,False,2,0.9290660297093218,1,0.5,24405,0.0,0.0,48810,48810.0,1,0.5727941845597122
FAN-004202,FC Seoul,18_34,season_ticket_partial,True,True,11,0.7164888699934046,7,0.3636363636363636,0,32117.0,1.0,0,32117.0,0,0.2360810846560847
FAN-004203,FC Seoul,35_54,paid_membership,False,False,5,0.9475031203526952,4,0.1999999999999999,24280,213258.0,2.0,121400,334658.0,0,0.2651560633951938
FAN-004204,Gangwon FC,18_34,season_ticket_partial,True,False,6,0.8830309843457393,5,0.1666666666666666,0,39748.0,1.0,0,39748.0,0,0.08608794999284128
FAN-004205,FC Seoul,55_Plus,season_ticket_partial,True,True,6,0.7546915871275021,4,0.3333333333333333,0,288270.0,2.0,0,288270.0,0,0.05079454976181849
FAN-004206,Ulsan HD,Under_18,paid_membership,False,False,5,0.987666511951518,4,0.1999999999999999,20479,0.0,0.0,102395,102395.0,0,0.35364169606560925
FAN-004207,Jeju SK,18_34,free_registered,False,True,1,0.9114792647738874,0,1.0,17192,64783.0,1.0,17192,81975.0,0,0.4988161836567009
FAN-004208,Ulsan HD,35_54,season_ticket_partial,True,True,5,0.9238194235870336,4,0.1999999999999999,0,295533.0,3.0,0,295533.0,1,0.5008915308443258
FAN-004209,FC Seoul,35_54,season_ticket_full,True,True,17,0.7551048740632667,12,0.2941176470588235,0,292629.0,4.0,0,292629.0,0,0.059122948130301056
FAN-004210,FC Seoul,35_54,free_registered,False,True,1,0.9144480608411336,0,1.0,18655,0.0,0.0,18655,18655.0,1,0.5118007194086873
FAN-004211,FC Seoul,55_Plus,free_registered,True,True,2,0.9534064223608644,1,0.5,16318,88180.0,1.0,32636,120816.0,1,0.8965798131719978
FAN-004212,Jeju SK,55_Plus,season_ticket_full,True,False,16,0.6300198209830504,10,0.375,0,237302.0,3.0,0,237302.0,0,0.05080146868382163
FAN-004213,Ulsan HD,Under_18,free_registered,True,False,2,0.9632780137040424,1,0.5,23537,58421.0,1.0,47074,105495.0,0,0.2855573228078038
FAN-004214,FC Seoul,18_34,season_ticket_partial,True,True,9,0.9181989912816472,8,0.1111111111111111,0,216652.0,3.0,0,216652.0,0,0.013427152477152475
FAN-004215,Jeju SK,Under_18,free_registered,True,False,1,0.9098412083080012,0,1.0,20960,56556.0,1.0,20960,77516.0,0,0.4358266455766455
FAN-004216,Jeonbuk Hyundai Motors,18_34,free_registered,True,True,1,0.9764683478784516,0,1.0,17546,0.0,0.0,17546,17546.0,0,0.482310311114189
FAN-004217,FC Seoul,18_34,free_registered,False,False,1,0.9576521482935952,0,1.0,23689,0.0,0.0,23689,23689.0,1,0.8553563082519111
FAN-004218,Ulsan HD,55_Plus,free_registered,True,True,2,0.9019458158087388,1,0.5,20828,117619.0,1.0,41656,159275.0,0,0.3298795345481392
FAN-004219,Jeju SK,35_54,free_registered,True,False,2,0.9205814206858028,1,0.5,16987,0.0,0.0,33974,33974.0,1,0.7090094030626608
FAN-004220,FC Seoul,Under_18,free_registered,True,False,2,0.923896333350035,1,0.5,24615,0.0,0.0,49230,49230.0,1,0.7144698103483795
FAN-004221,Ulsan HD,Under_18,paid_membership,True,False,5,0.8574263477627471,4,0.1999999999999999,23414,0.0,0.0,117070,117070.0,0,0.21559507186038668
FAN-004222,Jeju SK,35_54,season_ticket_full,True,False,16,0.7840097041621219,12,0.25,0,305347.0,4.0,0,305347.0,0,0.033308554190907134
FAN-004223,Jeonbuk Hyundai Motors,18_34,free_registered,False,True,1,0.9541424757060764,0,1.0,21201,0.0,0.0,21201,21201.0,0,0.4881297603375599
FAN-004224,Jeonbuk Hyundai Motors,18_34,paid_membership,False,False,2,0.9063784876533176,1,0.5,21934,125974.0,1.0,43868,169842.0,1,0.5818719177371693
FAN-004225,Jeju SK,35_54,paid_membership,True,True,2,0.9825952492428872,1,0.5,16374,85968.0,1.0,32748,118716.0,1,0.6511934342969601
FAN-004226,Jeonbuk Hyundai Motors,55_Plus,paid_membership,True,True,2,0.9640861916030746,1,0.5,24238,119083.0,1.0,48476,167559.0,1,0.7930493571387734
FAN-004227,Ulsan HD,18_34,paid_membership,True,False,3,0.9295252356127778,2,0.3333333333333333,16499,164240.0,2.0,49497,213737.0,0,0.1196809226872776
FAN-004228,Jeju SK,35_54,free_registered,True,False,2,0.9592635413155696,1,0.5,22650,0.0,0.0,45300,45300.0,0,0.470203555210596
FAN-004229,Ulsan HD,18_34,free_registered,True,True,1,0.9841876126491124,0,1.0,23758,30115.0,1.0,23758,53873.0,1,0.9149407401985564
FAN-004230,FC Seoul,35_54,free_registered,True,True,2,0.9806447063609796,1,0.5,21243,107263.0,1.0,42486,149749.0,0,0.3771742363304621
FAN-004231,Jeonbuk Hyundai Motors,18_34,free_registered,True,True,2,0.9190105612660084,1,0.5,18392,0.0,0.0,36784,36784.0,1,0.5908403998544943
FAN-004232,Jeju SK,Under_18,paid_membership,True,True,3,0.8758018771756839,2,0.3333333333333333,20524,89196.0,1.0,61572,150768.0,0,0.15709442722664024
FAN-004233,Ulsan HD,55_Plus,free_registered,True,True,1,0.9002754532941192,0,1.0,21550,16290.0,1.0,21550,37840.0,1,0.7568677352332801
FAN-004234,Gangwon FC,18_34,season_ticket_partial,True,True,5,0.8477426802440545,4,0.1999999999999999,0,121390.0,2.0,0,121390.0,0,0.24463216493862944
FAN-004235,FC Seoul,35_54,season_ticket_full,True,True,17,0.8038495232715971,13,0.2352941176470588,0,161947.0,2.0,0,161947.0,0,0.0824736298559828
FAN-004236,Ulsan HD,18_34,season_ticket_full,True,False,17,0.707087962651918,12,0.2941176470588235,0,535667.0,5.0,0,535667.0,0,0.09509021646572004
FAN-004237,FC Seoul,Under_18,season_ticket_full,True,False,15,0.6637617398519794,9,0.4,0,237622.0,2.0,0,237622.0,0,0.046916247423600364
FAN-004238,Jeonbuk Hyundai Motors,Under_18,free_registered,True,True,2,0.917494309681354,1,0.5,18990,0.0,0.0,37980,37980.0,1,0.6454097600022558
FAN-004239,Jeonbuk Hyundai Motors,18_34,paid_membership,False,False,4,0.9029590263850392,3,0.25,24437,0.0,0.0,97748,97748.0,0,0.32243842988815025
FAN-004240,Ulsan HD,35_54,free_registered,False,False,2,0.9226084218727534,1,0.5,19412,0.0,0.0,38824,38824.0,1,0.853223659359266
FAN-004241,Jeju SK,18_34,season_ticket_partial,True,True,6,0.9250438164675024,5,0.1666666666666666,0,140629.0,1.0,0,140629.0,0,0.08364601811618229
FAN-004242,Ulsan HD,35_54,season_ticket_partial,True,True,7,0.7187380172599026,5,0.2857142857142857,0,220822.0,3.0,0,220822.0,0,0.09127589391891448
FAN-004243,Jeonbuk Hyundai Motors,35_54,season_ticket_partial,True,True,9,0.9305775956583584,8,0.1111111111111111,0,193173.0,3.0,0,193173.0,0,0.055817747067747066
FAN-004244,Ulsan HD,35_54,free_registered,True,True,1,0.9893744618508336,0,1.0,16533,125110.0,1.0,16533,141643.0,0,0.4337635486029447
FAN-004245,Ulsan HD,18_34,paid_membership,False,True,5,0.9839184526490774,4,0.1999999999999999,18471,67506.0,1.0,92355,159861.0,0,0.06577188552188551
FAN-004246,Gangwon FC,55_Plus,free_registered,False,True,2,0.9688441930613472,1,0.5,22181,23545.0,1.0,44362,67907.0,0,0.43436024158132946
FAN-004247,FC Seoul,18_34,free_registered,False,True,2,0.9424845456989368,1,0.5,18578,0.0,0.0,37156,37156.0,1,0.8289358228088096
FAN-004248,FC Seoul,18_34,paid_membership,True,False,5,0.8821632962514747,4,0.1999999999999999,24082,132394.0,2.0,120410,252804.0,0,0.057792047781178205
FAN-004249,Jeju SK,18_34,free_registered,False,True,1,0.9262307434448483,0,1.0,18652,84265.0,1.0,18652,102917.0,0,0.29949536334797744
FAN-004250,Gangwon FC,18_34,season_ticket_full,True,False,19,0.8391848294293867,15,0.2105263157894736,0,469507.0,5.0,0,469507.0,0,0.043673420298923925
FAN-004251,Ulsan HD,Under_18,free_registered,False,True,1,0.993149338906892,0,1.0,19758,0.0,0.0,19758,19758.0,0,0.4790456535306984
FAN-004252,FC Seoul,35_54,season_ticket_partial,True,False,5,0.7538387183741676,3,0.4,0,180964.0,2.0,0,180964.0,0,0.2529823417341724
FAN-004253,Ulsan HD,18_34,free_registered,True,True,2,0.966211876262948,1,0.5,16952,0.0,0.0,33904,33904.0,0,0.3067913410797854
FAN-004254,Ulsan HD,18_34,season_ticket_partial,True,False,10,0.7975221638223027,7,0.3,0,76817.0,2.0,0,76817.0,0,0.11134360445912303
FAN-004255,FC Seoul,35_54,season_ticket_partial,True,False,7,0.72133435528862,5,0.2857142857142857,0,177781.0,2.0,0,177781.0,0,0.1615044039587519
FAN-004256,Jeju SK,18_34,season_ticket_partial,True,False,10,0.7722533145340487,7,0.3,0,126590.0,2.0,0,126590.0,0,0.11731864448422567
FAN-004257,Gangwon FC,18_34,free_registered,False,False,2,0.9977166800511252,1,0.5,19037,61330.0,1.0,38074,99404.0,0,0.4808604097061961
FAN-004258,Ulsan HD,18_34,season_ticket_full,True,True,17,0.7342522476224445,12,0.2941176470588235,0,436543.0,5.0,0,436543.0,0,0.09137384024934388
FAN-004259,Ulsan HD,35_54,free_registered,True,False,1,0.9315292962854916,0,1.0,19279,92605.0,1.0,19279,111884.0,1,0.727131168295642
FAN-004260,Ulsan HD,Under_18,free_registered,True,True,1,0.9778170632286056,0,1.0,21085,0.0,0.0,21085,21085.0,0,0.25644558278179086
FAN-004261,FC Seoul,18_34,free_registered,True,True,1,0.9463995640644612,0,1.0,23960,0.0,0.0,23960,23960.0,1,0.7354151905288032
FAN-004262,Jeonbuk Hyundai Motors,18_34,season_ticket_partial,True,True,11,0.8296812721817411,9,0.1818181818181817,0,233327.0,3.0,0,233327.0,0,0.029114316038229084
FAN-004263,Ulsan HD,35_54,free_registered,True,True,2,0.9319946325183563,1,0.5,18022,47606.0,1.0,36044,83650.0,0,0.38977775857320857
FAN-004264,Ulsan HD,35_54,season_ticket_partial,True,False,6,0.8447712616577394,5,0.1666666666666666,0,275478.0,3.0,0,275478.0,0,0.33462692603792865
FAN-004265,Jeju SK,35_54,paid_membership,False,False,5,0.9887166454386216,4,0.1999999999999999,21287,0.0,0.0,106435,106435.0,0,0.2455527614897179
FAN-004266,Ulsan HD,Under_18,free_registered,False,True,2,0.9551745121808416,1,0.5,16950,139213.0,1.0,33900,173113.0,1,0.6539798766163321
FAN-004267,Jeju SK,18_34,season_ticket_full,True,False,18,0.6508064547868676,11,0.3888888888888888,0,184430.0,4.0,0,184430.0,0,0.14002554399123027
FAN-004268,FC Seoul,18_34,free_registered,False,True,1,0.9572435894389344,0,1.0,24779,0.0,0.0,24779,24779.0,0,0.4473902726213613
FAN-004269,Jeonbuk Hyundai Motors,Under_18,season_ticket_partial,True,True,10,0.9455332950116544,9,0.0999999999999999,0,59452.0,1.0,0,59452.0,0,0.21765606169429697
FAN-004270,Gangwon FC,18_34,free_registered,False,True,1,0.9753812025052956,0,1.0,17327,147525.0,1.0,17327,164852.0,1,0.8344278342526109
FAN-004271,Jeju SK,18_34,paid_membership,True,False,3,0.9851802111826934,2,0.3333333333333333,24485,0.0,0.0,73455,73455.0,0,0.3977099772887678
FAN-004272,Gangwon FC,18_34,free_registered,False,True,1,0.9200610057098516,0,1.0,20349,0.0,0.0,20349,20349.0,0,0.42534960247451076
FAN-004273,FC Seoul,35_54,free_registered,True,True,1,0.958177394113258,0,1.0,16912,0.0,0.0,16912,16912.0,1,0.6394003611219687
FAN-004274,Ulsan HD,18_34,free_registered,True,True,1,0.9819675155680032,0,1.0,24172,71830.0,1.0,24172,96002.0,1,0.8435052116747928
FAN-004275,Jeju SK,35_54,free_registered,True,True,2,0.9240638441690324,1,0.5,23873,133381.0,1.0,47746,181127.0,1,0.6477469882699409
FAN-004276,Jeju SK,18_34,free_registered,True,False,1,0.9086784874059038,0,1.0,24861,0.0,0.0,24861,24861.0,0,0.3593115374074542
FAN-004277,Ulsan HD,18_34,free_registered,False,True,2,0.96617647036186,1,0.5,17722,71429.0,1.0,35444,106873.0,1,0.7107088011953696
FAN-004278,Ulsan HD,18_34,free_registered,True,True,1,0.9673588151079804,0,1.0,23299,34543.0,1.0,23299,57842.0,1,0.8829095378810592
FAN-004279,FC Seoul,Under_18,paid_membership,True,True,5,0.9807116781373012,4,0.1999999999999999,20254,0.0,0.0,101270,101270.0,0,0.35060838280930506
FAN-004280,Ulsan HD,Under_18,paid_membership,True,True,3,0.9077063309517366,2,0.3333333333333333,21416,0.0,0.0,64248,64248.0,0,0.12114918116589685
FAN-004281,FC Seoul,18_34,season_ticket_partial,True,True,6,0.8778687642505162,5,0.1666666666666666,0,125941.0,2.0,0,125941.0,0,0.15085608025619804
FAN-004282,Jeonbuk Hyundai Motors,55_Plus,paid_membership,False,True,5,0.903971176924678,4,0.1999999999999999,21639,250069.0,2.0,108195,358264.0,0,0.11905171215697531
FAN-004283,FC Seoul,35_54,paid_membership,True,False,2,0.9048106243910798,1,0.5,21738,202290.0,2.0,43476,245766.0,1,0.7744949931620494
FAN-004284,FC Seoul,Under_18,paid_membership,True,True,3,0.9710118401279978,2,0.3333333333333333,21159,172472.0,2.0,63477,235949.0,0,0.021918605427248692
FAN-004285,Jeju SK,35_54,free_registered,True,True,2,0.938593954796387,1,0.5,22760,29761.0,1.0,45520,75281.0,1,0.8082574739850623
FAN-004286,Jeju SK,35_54,paid_membership,False,True,5,0.9840975545221043,4,0.1999999999999999,22461,122717.0,2.0,112305,235022.0,0,0.10559917583830626
FAN-004287,Jeonbuk Hyundai Motors,35_54,free_registered,True,True,2,0.9051638124541262,1,0.5,17350,0.0,0.0,34700,34700.0,1,0.7572378930956927
FAN-004288,Jeju SK,35_54,season_ticket_partial,True,True,11,0.8956020837564503,9,0.1818181818181817,0,167740.0,2.0,0,167740.0,0,0.1395264625725152
FAN-004289,Ulsan HD,18_34,paid_membership,False,True,5,0.9710511321906804,4,0.1999999999999999,16173,48195.0,1.0,80865,129060.0,1,0.5363019453172092
FAN-004290,Jeonbuk Hyundai Motors,18_34,free_registered,True,True,1,0.9389022865828988,0,1.0,24550,78730.0,1.0,24550,103280.0,1,0.6958096937326184
FAN-004291,Ulsan HD,18_34,paid_membership,True,False,4,0.8526912431852881,3,0.25,16942,0.0,0.0,67768,67768.0,0,0.2923928253342431
FAN-004292,FC Seoul,18_34,free_registered,False,True,1,0.941555659835932,0,1.0,20529,0.0,0.0,20529,20529.0,0,0.4332466947139944
FAN-004293,Jeju SK,18_34,free_registered,False,False,2,0.9951548028716816,1,0.5,16428,0.0,0.0,32856,32856.0,0,0.4117111181170677
FAN-004294,Gangwon FC,35_54,free_registered,False,True,2,0.9983208842759828,1,0.5,17944,0.0,0.0,35888,35888.0,1,0.7499357508497462
FAN-004295,Ulsan HD,55_Plus,paid_membership,False,True,5,0.8867456630555477,4,0.1999999999999999,18355,88697.0,1.0,91775,180472.0,0,0.09318527768527766
FAN-004296,FC Seoul,55_Plus,paid_membership,True,False,3,0.9786133162784064,2,0.3333333333333333,20373,243434.0,2.0,61119,304553.0,0,0.10967186684355357
FAN-004297,FC Seoul,35_54,season_ticket_partial,True,True,9,0.8982540528123045,8,0.1111111111111111,0,131414.0,3.0,0,131414.0,0,0.08031182706182705
FAN-004298,FC Seoul,35_54,free_registered,True,True,1,0.9532655058066064,0,1.0,23895,147231.0,1.0,23895,171126.0,1,0.8189212731712733
FAN-004299,Ulsan HD,55_Plus,paid_membership,True,False,5,0.879223803444586,4,0.1999999999999999,20263,175602.0,2.0,101315,276917.0,0,0.13477032723356255
FAN-004300,Jeju SK,Under_18,paid_membership,False,False,3,0.924821796214784,2,0.3333333333333333,21555,0.0,0.0,64665,64665.0,0,0.1942899203111882
FAN-004301,FC Seoul,18_34,free_registered,False,False,2,0.9927548160415088,1,0.5,22513,111484.0,1.0,45026,156510.0,1,0.7829597175404627
FAN-004302,Gangwon FC,18_34,paid_membership,True,False,3,0.9527337960654484,2,0.3333333333333333,20043,135584.0,2.0,60129,195713.0,0,0.08795319662488336
FAN-004303,Jeonbuk Hyundai Motors,35_54,free_registered,False,False,1,0.9336297812626044,0,1.0,23679,0.0,0.0,23679,23679.0,1,0.850380599939874
FAN-004304,Jeju SK,18_34,free_registered,True,True,2,0.9270244070472772,1,0.5,22522,0.0,0.0,45044,45044.0,1,0.5081734345798621
FAN-004305,Jeonbuk Hyundai Motors,35_54,free_registered,True,True,2,0.9161067881374576,1,0.5,16568,113568.0,1.0,33136,146704.0,1,0.6841449570390389
FAN-004306,FC Seoul,Under_18,paid_membership,True,True,2,0.9005160709135942,1,0.5,24029,228441.0,2.0,48058,276499.0,0,0.35377258845576703
FAN-004307,Ulsan HD,18_34,free_registered,True,True,2,0.917701478161166,1,0.5,22242,0.0,0.0,44484,44484.0,1,0.5609268974880786
FAN-004308,Jeju SK,35_54,free_registered,True,True,2,0.9284508285809666,1,0.5,18210,110681.0,1.0,36420,147101.0,1,0.5705182043106527
FAN-004309,Jeonbuk Hyundai Motors,18_34,free_registered,False,False,1,0.9391062445759142,0,1.0,24025,58669.0,1.0,24025,82694.0,1,0.8216359746124368
FAN-004310,Jeonbuk Hyundai Motors,18_34,free_registered,True,True,1,0.9109710859575764,0,1.0,21394,68562.0,1.0,21394,89956.0,0,0.49107984735056476
FAN-004311,FC Seoul,18_34,free_registered,False,False,1,0.9820234766625632,0,1.0,23124,138599.0,1.0,23124,161723.0,1,0.8305562210520883
FAN-004312,Gangwon FC,18_34,free_registered,True,True,1,0.961903816530864,0,1.0,16343,20767.0,1.0,16343,37110.0,1,0.7383610259314133
FAN-004313,FC Seoul,35_54,paid_membership,True,True,5,0.9326934103233478,4,0.1999999999999999,18583,96385.0,1.0,92915,189300.0,0,0.0494000444000444
FAN-004314,Jeonbuk Hyundai Motors,18_34,free_registered,True,True,2,0.9545275606601166,1,0.5,22751,0.0,0.0,45502,45502.0,1,0.8149440495810183
FAN-004315,Gangwon FC,35_54,paid_membership,True,True,4,0.9014006676881852,3,0.25,19192,0.0,0.0,76768,76768.0,0,0.10573556784537173
FAN-004316,FC Seoul,Under_18,paid_membership,False,True,4,0.9919400321586191,3,0.25,16153,64159.0,1.0,64612,128771.0,0,0.27069231521975334
FAN-004317,Jeonbuk Hyundai Motors,35_54,free_registered,True,False,2,0.9231734284618444,1,0.5,23249,0.0,0.0,46498,46498.0,1,0.7909862615035161
FAN-004318,FC Seoul,18_34,free_registered,False,True,2,0.9668677536431808,1,0.5,23444,0.0,0.0,46888,46888.0,1,0.6951827199256331
FAN-004319,Ulsan HD,35_54,season_ticket_partial,True,True,11,0.9445572797375053,10,0.0909090909090909,0,360920.0,3.0,0,360920.0,0,0.3436298549666757
FAN-004320,Ulsan HD,35_54,free_registered,False,False,1,0.9989619677991614,0,1.0,21403,35517.0,1.0,21403,56920.0,0,0.43302223027792736
FAN-004321,Jeju SK,18_34,free_registered,True,True,1,0.9911663407929986,0,1.0,23803,63807.0,1.0,23803,87610.0,1,0.8565286326700702
FAN-004322,Gangwon FC,35_54,free_registered,False,True,1,0.9264556559574384,0,1.0,17870,0.0,0.0,17870,17870.0,1,0.6472491022116403
FAN-004323,Jeju SK,35_54,paid_membership,True,True,5,0.8775165445440186,4,0.1999999999999999,23958,0.0,0.0,119790,119790.0,0,0.026839102467460674
FAN-004324,Ulsan HD,18_34,paid_membership,True,True,4,0.9459219941445066,3,0.25,19252,63828.0,1.0,77008,140836.0,0,0.17959521062013328
FAN-004325,Jeonbuk Hyundai Motors,18_34,season_ticket_full,True,False,19,0.6752288797147845,12,0.368421052631579,0,117180.0,3.0,0,117180.0,0,0.3077560430639764
FAN-004326,Gangwon FC,55_Plus,season_ticket_partial,True,False,9,0.7041512764353843,6,0.3333333333333333,0,161928.0,3.0,0,161928.0,0,0.22557930232930243
FAN-004327,FC Seoul,35_54,free_registered,True,False,2,0.9215968896457064,1,0.5,19907,0.0,0.0,39814,39814.0,1,0.5320698704450211
FAN-004328,Gangwon FC,18_34,free_registered,True,True,2,0.9858069051719122,1,0.5,23006,0.0,0.0,46012,46012.0,1,0.7400562200378324
FAN-004329,FC Seoul,18_34,free_registered,True,False,2,0.927519158898161,1,0.5,23804,0.0,0.0,47608,47608.0,1,0.8613681989131319
FAN-004330,Jeonbuk Hyundai Motors,35_54,free_registered,True,True,2,0.9917529386785128,1,0.5,17475,36981.0,1.0,34950,71931.0,1,0.6518301278019615
FAN-004331,FC Seoul,35_54,free_registered,True,True,1,0.9366645599188204,0,1.0,20001,120896.0,1.0,20001,140897.0,0,0.14801987401987404
FAN-004332,FC Seoul,35_54,free_registered,False,True,2,0.9009147370975578,1,0.5,19934,0.0,0.0,39868,39868.0,1,0.8093751014712561
FAN-004333,Ulsan HD,18_34,free_registered,True,False,1,0.9592163012721048,0,1.0,20990,0.0,0.0,20990,20990.0,0,0.4513023515177732
FAN-004334,Jeju SK,35_54,free_registered,False,False,2,0.9353626411140435,1,0.5,20785,0.0,0.0,41570,41570.0,1,0.6952782473824521
FAN-004335,Ulsan HD,18_34,free_registered,True,False,2,0.9975973592029176,1,0.5,19863,0.0,0.0,39726,39726.0,1,0.6159590076606019
FAN-004336,FC Seoul,18_34,season_ticket_full,True,False,18,0.6904708297864366,12,0.3333333333333333,0,242888.0,4.0,0,242888.0,0,0.1250018285091815
FAN-004337,Jeju SK,35_54,paid_membership,True,True,3,0.991542402730052,2,0.3333333333333333,20100,105351.0,1.0,60300,165651.0,0,0.11849532810451491
FAN-004338,Gangwon FC,55_Plus,season_ticket_full,True,True,16,0.7265127254719321,11,0.3125,0,451309.0,5.0,0,451309.0,0,0.054693918319421934
FAN-004339,Ulsan HD,18_34,free_registered,True,False,2,0.97298876844381,1,0.5,16777,49400.0,1.0,33554,82954.0,0,0.4041884672431553
FAN-004340,FC Seoul,18_34,free_registered,True,False,2,0.996651659080022,1,0.5,24412,89719.0,1.0,48824,138543.0,1,0.5412606208236382
FAN-004341,Ulsan HD,35_54,free_registered,False,False,1,0.9069614813380176,0,1.0,17541,73145.0,1.0,17541,90686.0,1,0.5435000200444846
FAN-004342,FC Seoul,18_34,free_registered,True,True,2,0.9419508619595388,1,0.5,21647,47100.0,1.0,43294,90394.0,0,0.4050145358017747
FAN-004343,Jeonbuk Hyundai Motors,35_54,free_registered,False,False,1,0.9663677594667708,0,1.0,23739,18179.0,1.0,23739,41918.0,1,0.723550677465885
FAN-004344,Jeonbuk Hyundai Motors,35_54,season_ticket_full,True,True,17,0.648106957026996,11,0.3529411764705882,0,97393.0,2.0,0,97393.0,0,0.15164895294095496
FAN-004345,Jeju SK,Under_18,season_ticket_full,True,False,18,0.7646801449435101,13,0.2777777777777778,0,202891.0,3.0,0,202891.0,0,0.03971701609936905
FAN-004346,Ulsan HD,55_Plus,free_registered,True,True,1,0.9806531699751648,0,1.0,22850,84368.0,1.0,22850,107218.0,1,0.8273848146426314
FAN-004347,Jeonbuk Hyundai Motors,35_54,free_registered,True,False,1,0.9050871649471828,0,1.0,19520,92805.0,1.0,19520,112325.0,1,0.8677219340114078
FAN-004348,Jeju SK,35_54,free_registered,True,True,2,0.9340546879283378,1,0.5,22388,84281.0,1.0,44776,129057.0,1,0.7782070971050572
FAN-004349,Jeonbuk Hyundai Motors,35_54,free_registered,True,False,1,0.9400918319885696,0,1.0,24453,135652.0,1.0,24453,160105.0,1,0.5982141395078975
FAN-004350,Jeju SK,35_54,free_registered,False,True,2,0.9716284780844348,1,0.5,20638,50404.0,1.0,41276,91680.0,1,0.8240765490779047
FAN-004351,Jeonbuk Hyundai Motors,Under_18,free_registered,True,True,1,0.9295718969914994,0,1.0,19422,0.0,0.0,19422,19422.0,1,0.5842662531497124
FAN-004352,Jeju SK,18_34,free_registered,True,True,1,0.9246267762196,0,1.0,18081,0.0,0.0,18081,18081.0,1,0.5243541437708916
FAN-004353,Ulsan HD,35_54,free_registered,True,False,1,0.9115503882047232,0,1.0,16487,0.0,0.0,16487,16487.0,1,0.8040226536825464
FAN-004354,Gangwon FC,18_34,free_registered,True,True,1,0.999587952935019,0,1.0,19420,0.0,0.0,19420,19420.0,0,0.42334866692761414
FAN-004355,Ulsan HD,Under_18,free_registered,False,True,1,0.947166618891214,0,1.0,23613,0.0,0.0,23613,23613.0,1,0.9031761712096256
FAN-004356,Jeju SK,35_54,free_registered,False,False,2,0.9048211758711536,1,0.5,22613,0.0,0.0,45226,45226.0,1,0.8772065113358575
FAN-004357,FC Seoul,35_54,season_ticket_full,True,False,16,0.8953833239239687,14,0.125,0,292289.0,5.0,0,292289.0,0,0.06590271003506298
FAN-004358,Jeju SK,18_34,free_registered,False,True,1,0.912795413065132,0,1.0,20983,137129.0,1.0,20983,158112.0,1,0.5850108046522904
FAN-004359,Jeju SK,35_54,season_ticket_partial,True,True,6,0.748787966889553,4,0.3333333333333333,0,27724.0,1.0,0,27724.0,0,0.133128287739752
FAN-004360,FC Seoul,35_54,season_ticket_partial,True,True,7,0.7457228949537427,5,0.2857142857142857,0,83604.0,1.0,0,83604.0,0,0.15579925983511506
FAN-004361,FC Seoul,18_34,season_ticket_full,True,False,18,0.7035128345123974,12,0.3333333333333333,0,419292.0,5.0,0,419292.0,0,0.19054820863694746
FAN-004362,Jeju SK,35_54,paid_membership,False,False,5,0.9045595426689342,4,0.1999999999999999,24689,224290.0,2.0,123445,347735.0,0,0.2288605810997116
FAN-004363,Jeonbuk Hyundai Motors,18_34,paid_membership,True,False,2,0.8609920111915835,1,0.5,21362,167494.0,2.0,42724,210218.0,1,0.5586458275615681
FAN-004364,Ulsan HD,18_34,season_ticket_partial,True,True,6,0.8176746638732233,4,0.3333333333333333,0,244638.0,2.0,0,244638.0,0,0.03230218366230952
FAN-004365,FC Seoul,18_34,free_registered,True,False,2,0.9405525626169088,1,0.5,19928,0.0,0.0,39856,39856.0,1,0.6691835825655166
FAN-004366,Jeju SK,18_34,free_registered,True,True,1,0.9429013732681032,0,1.0,20454,0.0,0.0,20454,20454.0,0,0.2751869149818626
FAN-004367,FC Seoul,18_34,season_ticket_full,True,True,18,0.7381383030050339,13,0.2777777777777778,0,259673.0,3.0,0,259673.0,0,0.11821177214847296
FAN-004368,Ulsan HD,35_54,paid_membership,True,False,4,0.903651749985296,3,0.25,16277,135690.0,1.0,65108,200798.0,0,0.20949740029791183
FAN-004369,FC Seoul,35_54,season_ticket_full,True,True,17,0.8765885961728517,14,0.1764705882352941,0,231843.0,3.0,0,231843.0,0,0.054342797725150674
FAN-004370,FC Seoul,35_54,paid_membership,True,True,4,0.885048167748579,3,0.25,17519,0.0,0.0,70076,70076.0,0,0.18152568372746397
FAN-004371,FC Seoul,35_54,season_ticket_partial,True,False,8,0.7745544692131444,6,0.25,0,25317.0,1.0,0,25317.0,0,0.1841381301814204
FAN-004372,Ulsan HD,18_34,paid_membership,True,True,4,0.9285942603272328,3,0.25,20471,0.0,0.0,81884,81884.0,0,0.18657692311319768
FAN-004373,FC Seoul,Under_18,paid_membership,True,True,5,0.9475008347983748,4,0.1999999999999999,21137,0.0,0.0,105685,105685.0,0,0.2463414904252945
FAN-004374,Ulsan HD,35_54,paid_membership,True,False,5,0.9034933448786971,4,0.1999999999999999,22443,60850.0,1.0,112215,173065.0,0,0.09873392348392349
FAN-004375,Ulsan HD,Under_18,season_ticket_full,True,False,15,0.652274792357644,9,0.4,0,243460.0,4.0,0,243460.0,0,0.0807883154427272
FAN-004376,Ulsan HD,18_34,season_ticket_partial,True,False,11,0.8160322253211496,8,0.2727272727272727,0,244666.0,3.0,0,244666.0,0,0.07952702208136991
FAN-004377,Ulsan HD,35_54,season_ticket_partial,True,True,9,0.9004773674938624,8,0.1111111111111111,0,63996.0,2.0,0,63996.0,0,0.031497949419002046
FAN-004378,Jeonbuk Hyundai Motors,18_34,paid_membership,True,True,5,0.8733156238280144,4,0.1999999999999999,18494,209439.0,2.0,92470,301909.0,0,0.11745402886163755
FAN-004379,FC Seoul,35_54,free_registered,True,True,2,0.9986878438989104,1,0.5,22635,35457.0,1.0,45270,80727.0,1,0.7023578857450707
FAN-004380,Ulsan HD,18_34,free_registered,True,False,1,0.9826910218115996,0,1.0,24323,77913.0,1.0,24323,102236.0,1,0.5439292331132707
FAN-004381,FC Seoul,Under_18,season_ticket_full,True,True,19,0.8159286929909839,15,0.2105263157894736,0,134046.0,2.0,0,134046.0,0,0.21157783676018974
FAN-004382,FC Seoul,18_34,paid_membership,True,False,3,0.9941120006205516,2,0.3333333333333333,17065,0.0,0.0,51195,51195.0,0,0.23794992971622028
FAN-004383,Jeju SK,35_54,free_registered,False,True,1,0.9731920125256148,0,1.0,16996,0.0,0.0,16996,16996.0,0,0.42922850709029337
FAN-004384,Jeju SK,18_34,free_registered,True,True,1,0.9077464517141852,0,1.0,16230,0.0,0.0,16230,16230.0,1,0.5845866293559987
FAN-004385,Jeonbuk Hyundai Motors,18_34,season_ticket_partial,True,False,10,0.7227025995121696,7,0.3,0,270607.0,3.0,0,270607.0,0,0.1515689229260658
FAN-004386,Jeju SK,35_54,season_ticket_partial,True,False,8,0.8627336829756354,6,0.25,0,124598.0,2.0,0,124598.0,0,0.49439987884922054
FAN-004387,Gangwon FC,55_Plus,season_ticket_partial,True,False,5,0.7052780313807725,3,0.4,0,69678.0,2.0,0,69678.0,0,0.3520166825943258
FAN-004388,FC Seoul,18_34,paid_membership,True,False,3,0.882465700214614,2,0.3333333333333333,19452,197281.0,2.0,58356,255637.0,0,0.04074984882153558
FAN-004389,FC Seoul,18_34,free_registered,True,False,1,0.932430462712034,0,1.0,24046,0.0,0.0,24046,24046.0,1,0.8189927158657913
FAN-004390,FC Seoul,18_34,free_registered,True,False,2,0.9506344834265396,1,0.5,23956,25819.0,1.0,47912,73731.0,1,0.7284376151217389
FAN-004391,FC Seoul,55_Plus,free_registered,False,False,1,0.9729355234130902,0,1.0,20222,0.0,0.0,20222,20222.0,1,0.5526686031428412
FAN-004392,Ulsan HD,55_Plus,season_ticket_partial,True,False,6,0.8008521036474942,4,0.3333333333333333,0,175426.0,2.0,0,175426.0,0,0.09502873067873067
FAN-004393,Jeju SK,18_34,free_registered,True,False,2,0.9351762772182136,1,0.5,24431,0.0,0.0,48862,48862.0,1,0.5125276603889876
FAN-004394,FC Seoul,35_54,paid_membership,True,True,4,0.9190945111865004,3,0.25,23717,61680.0,1.0,94868,156548.0,0,0.11267686235938323
FAN-004395,Gangwon FC,18_34,paid_membership,False,True,2,0.9761119101640784,1,0.5,22713,142603.0,1.0,45426,188029.0,1,0.5722232045094114
FAN-004396,Jeonbuk Hyundai Motors,Under_18,paid_membership,True,True,2,0.9343154497463154,1,0.5,24879,76705.0,1.0,49758,126463.0,1,0.5886375536212493
FAN-004397,FC Seoul,Under_18,season_ticket_full,True,True,17,0.8996953785441519,15,0.1176470588235294,0,330864.0,4.0,0,330864.0,0,0.0767610877684407
FAN-004398,FC Seoul,18_34,free_registered,False,True,1,0.943874498657549,0,1.0,20269,0.0,0.0,20269,20269.0,1,0.6388199950342118
FAN-004399,FC Seoul,18_34,paid_membership,True,True,2,0.9768968559453788,1,0.5,20950,222838.0,2.0,41900,264738.0,0,0.4190570456301776
FAN-004400,FC Seoul,Under_18,free_registered,True,False,2,0.9484353812480596,1,0.5,18304,0.0,0.0,36608,36608.0,1,0.6210979424254688
FAN-004401,FC Seoul,35_54,free_registered,True,False,2,0.977371477195458,1,0.5,18147,0.0,0.0,36294,36294.0,1,0.7079261547356204
FAN-004402,Ulsan HD,18_34,free_registered,True,True,2,0.994530466240397,1,0.5,18534,43797.0,1.0,37068,80865.0,1,0.7218119704562851
FAN-004403,FC Seoul,35_54,free_registered,True,True,1,0.9192955794064877,0,1.0,18592,0.0,0.0,18592,18592.0,1,0.544043781458857
FAN-004404,Ulsan HD,18_34,paid_membership,True,False,4,0.8850172772041889,3,0.25,19437,203413.0,2.0,77748,281161.0,0,0.049171570579179286
FAN-004405,Gangwon FC,18_34,paid_membership,False,False,5,0.935639661796071,4,0.1999999999999999,21271,233941.0,2.0,106355,340296.0,0,0.18888682149208472
FAN-004406,Jeju SK,18_34,free_registered,True,False,1,0.904284627176808,0,1.0,18629,74607.0,1.0,18629,93236.0,1,0.8505335475456444
FAN-004407,Gangwon FC,18_34,free_registered,True,False,2,0.934989532663172,1,0.5,22797,0.0,0.0,45594,45594.0,1,0.8913734854762443
FAN-004408,FC Seoul,18_34,paid_membership,True,False,5,0.8506045609205948,4,0.1999999999999999,24287,75339.0,2.0,121435,196774.0,0,0.04206746031746031
FAN-004409,Ulsan HD,18_34,season_ticket_partial,True,True,5,0.717737282312597,3,0.4,0,96143.0,2.0,0,96143.0,0,0.22953317686897237
FAN-004410,Jeju SK,18_34,free_registered,True,True,2,0.9489386289281908,1,0.5,17107,0.0,0.0,34214,34214.0,0,0.4528891939996878
FAN-004411,FC Seoul,18_34,paid_membership,True,False,5,0.8906590755817445,4,0.1999999999999999,23640,119847.0,1.0,118200,238047.0,0,0.09649345823258867
FAN-004412,FC Seoul,35_54,paid_membership,True,True,5,0.9936422376416132,4,0.1999999999999999,20220,134754.0,2.0,101100,235854.0,0,0.1411265415884981
FAN-004413,Jeju SK,35_54,paid_membership,True,False,4,0.9338724850543626,3,0.25,18387,0.0,0.0,73548,73548.0,0,0.1742236018961
FAN-004414,Jeju SK,Under_18,free_registered,True,True,2,0.919696300390812,1,0.5,16650,0.0,0.0,33300,33300.0,1,0.5752604869653317
FAN-004415,Ulsan HD,18_34,paid_membership,True,False,3,0.9068173293385476,2,0.3333333333333333,21628,0.0,0.0,64884,64884.0,0,0.1641106430712929
FAN-004416,Ulsan HD,Under_18,paid_membership,True,True,2,0.9882382306742756,1,0.5,22815,0.0,0.0,45630,45630.0,1,0.818083800985326
FAN-004417,Ulsan HD,35_54,paid_membership,True,True,5,0.8914114951912671,4,0.1999999999999999,17436,53099.0,1.0,87180,140279.0,0,0.12492753771569556
FAN-004418,FC Seoul,18_34,paid_membership,False,True,5,0.9623181292136888,4,0.1999999999999999,19357,93188.0,1.0,96785,189973.0,0,0.04236616161616162
FAN-004419,Ulsan HD,18_34,season_ticket_full,True,False,19,0.652696180239104,12,0.368421052631579,0,356264.0,4.0,0,356264.0,0,0.09787865562942963
FAN-004420,FC Seoul,18_34,free_registered,True,True,2,0.9268010306981096,1,0.5,20234,45144.0,1.0,40468,85612.0,0,0.33043767251405926
FAN-004421,FC Seoul,55_Plus,season_ticket_full,True,False,15,0.6231075883553784,9,0.4,0,411679.0,4.0,0,411679.0,0,0.11846662759898052
FAN-004422,Gangwon FC,18_34,paid_membership,True,False,5,0.8782530346571515,4,0.1999999999999999,22053,79762.0,1.0,110265,190027.0,0,0.11142259592259589
FAN-004423,Jeju SK,35_54,paid_membership,False,False,3,0.8985665114485218,2,0.3333333333333333,17211,177772.0,2.0,51633,229405.0,0,0.1659620993099253
FAN-004424,Jeonbuk Hyundai Motors,18_34,free_registered,True,False,2,0.9254480317105496,1,0.5,20998,91467.0,1.0,41996,133463.0,0,0.42254670616728535
FAN-004425,Ulsan HD,55_Plus,free_registered,True,False,1,0.9618419973841787,0,1.0,24131,78757.0,1.0,24131,102888.0,1,0.7030055945506928
FAN-004426,Ulsan HD,35_54,paid_membership,True,True,5,0.9485783589985206,4,0.1999999999999999,23459,263414.0,2.0,117295,380709.0,0,0.24418374143374147
FAN-004427,FC Seoul,18_34,paid_membership,True,True,2,0.9169651139173554,1,0.5,17061,117730.0,2.0,34122,151852.0,0,0.4974431092205286
FAN-004428,FC Seoul,35_54,free_registered,True,False,1,0.9795243978390188,0,1.0,17059,121253.0,1.0,17059,138312.0,0,0.20996440171440175
FAN-004429,FC Seoul,18_34,paid_membership,True,False,4,0.9016062325770804,3,0.25,24306,97629.0,1.0,97224,194853.0,0,0.1933381885060034
FAN-004430,Jeonbuk Hyundai Motors,35_54,free_registered,True,True,1,0.9704286995050704,0,1.0,24705,0.0,0.0,24705,24705.0,0,0.4032639332096642
FAN-004431,Jeju SK,35_54,season_ticket_full,True,False,18,0.8287702433475361,14,0.2222222222222222,0,399824.0,4.0,0,399824.0,0,0.16232786307836666
FAN-004432,Ulsan HD,18_34,season_ticket_partial,True,True,7,0.7353767248946972,5,0.2857142857142857,0,431584.0,3.0,0,431584.0,1,0.6084041082792715
FAN-004433,Ulsan HD,35_54,free_registered,True,True,1,0.955501781151038,0,1.0,19259,138271.0,1.0,19259,157530.0,1,0.8442645991404056
FAN-004434,Gangwon FC,18_34,season_ticket_partial,True,True,6,0.8290015291121172,4,0.3333333333333333,0,214864.0,2.0,0,214864.0,0,0.028584711319837173
FAN-004435,FC Seoul,18_34,season_ticket_partial,True,True,11,0.8343583138570878,9,0.1818181818181817,0,248981.0,2.0,0,248981.0,0,0.08735412182952229
FAN-004436,FC Seoul,18_34,free_registered,False,True,1,0.9810028350316004,0,1.0,23407,0.0,0.0,23407,23407.0,1,0.7311233774103243
FAN-004437,Ulsan HD,35_54,paid_membership,True,True,3,0.9642283774335232,2,0.3333333333333333,21512,142469.0,2.0,64536,207005.0,0,0.11853061678926007
FAN-004438,Jeonbuk Hyundai Motors,18_34,free_registered,True,True,2,0.9058333761617324,1,0.5,16674,33587.0,1.0,33348,66935.0,0,0.43253123292829165
FAN-004439,Gangwon FC,Under_18,paid_membership,True,True,3,0.9452312020701026,2,0.3333333333333333,20331,0.0,0.0,60993,60993.0,0,0.16576273422924706
FAN-004440,FC Seoul,35_54,free_registered,False,True,1,0.996137794643424,0,1.0,17485,0.0,0.0,17485,17485.0,0,0.37836498303752136
FAN-004441,Jeonbuk Hyundai Motors,18_34,free_registered,True,True,1,0.975502095399166,0,1.0,18116,90148.0,1.0,18116,108264.0,0,0.3487445235241846
FAN-004442,Jeonbuk Hyundai Motors,Under_18,free_registered,True,True,1,0.9519903020907592,0,1.0,21370,24296.0,1.0,21370,45666.0,1,0.5160664513317937
FAN-004443,FC Seoul,18_34,free_registered,True,True,2,0.9998539666241814,1,0.5,22830,0.0,0.0,45660,45660.0,0,0.4008385190107955
FAN-004444,Ulsan HD,18_34,season_ticket_partial,True,True,5,0.8594095892259788,4,0.1999999999999999,0,290322.0,3.0,0,290322.0,1,0.5697387585654666
FAN-004445,Ulsan HD,18_34,free_registered,True,True,2,0.9088152877727896,1,0.5,23497,0.0,0.0,46994,46994.0,0,0.416173061070166
FAN-004446,Gangwon FC,Under_18,free_registered,True,False,2,0.9768142082300793,1,0.5,19567,0.0,0.0,39134,39134.0,0,0.49415487173086786
FAN-004447,FC Seoul,55_Plus,season_ticket_partial,True,True,8,0.7181397125851241,5,0.375,0,66999.0,2.0,0,66999.0,0,0.16587977618618346
FAN-004448,Jeonbuk Hyundai Motors,35_54,free_registered,True,True,1,0.9124424444161708,0,1.0,22492,0.0,0.0,22492,22492.0,0,0.4384184518746012
FAN-004449,Ulsan HD,18_34,paid_membership,True,True,4,0.9951139523801732,3,0.25,22159,0.0,0.0,88636,88636.0,0,0.1359620405025335
FAN-004450,Jeonbuk Hyundai Motors,18_34,season_ticket_full,True,True,18,0.7912922189914995,14,0.2222222222222222,0,80130.0,2.0,0,80130.0,0,0.043087038157688974
FAN-004451,Ulsan HD,18_34,season_ticket_partial,True,False,7,0.9467774585973744,6,0.1428571428571429,0,33315.0,1.0,0,33315.0,0,0.2152657769589036
FAN-004452,Jeju SK,35_54,free_registered,True,True,2,0.9104069401024668,1,0.5,22827,112838.0,1.0,45654,158492.0,1,0.7994780636030641
FAN-004453,Jeonbuk Hyundai Motors,Under_18,free_registered,True,True,2,0.9006898595491699,1,0.5,17928,70309.0,1.0,35856,106165.0,0,0.47147103165882515
FAN-004454,Jeonbuk Hyundai Motors,18_34,season_ticket_full,True,True,19,0.8560121848408887,16,0.1578947368421053,0,445230.0,5.0,0,445230.0,0,0.09830817297315024
FAN-004455,Jeonbuk Hyundai Motors,35_54,free_registered,True,True,1,0.9233867650187204,0,1.0,17723,0.0,0.0,17723,17723.0,1,0.5262354902147454
FAN-004456,FC Seoul,18_34,free_registered,True,True,2,0.9362097776714038,1,0.5,23474,65087.0,1.0,46948,112035.0,0,0.41021898413646846
FAN-004457,Jeju SK,18_34,free_registered,True,False,2,0.9350456631946442,1,0.5,24727,29610.0,1.0,49454,79064.0,0,0.48889853501404296
FAN-004458,FC Seoul,35_54,free_registered,True,True,2,0.9630012885688036,1,0.5,24573,32279.0,1.0,49146,81425.0,1,0.5454489660127599
FAN-004459,Ulsan HD,35_54,paid_membership,True,True,3,0.944674679274954,2,0.3333333333333333,22906,206134.0,2.0,68718,274852.0,0,0.08978602745771419
FAN-004460,Ulsan HD,18_34,paid_membership,True,False,5,0.8964948913751937,4,0.1999999999999999,19062,15810.0,1.0,95310,111120.0,0,0.14407377371408847
FAN-004461,Ulsan HD,35_54,season_ticket_full,True,False,17,0.8418074995276865,14,0.1764705882352941,0,355291.0,3.0,0,355291.0,0,0.07732702183437476
FAN-004462,Ulsan HD,Under_18,paid_membership,False,False,2,0.9472612801257788,1,0.5,21877,22553.0,1.0,43754,66307.0,1,0.6533374462684539
FAN-004463,Gangwon FC,35_54,free_registered,True,True,1,0.9148410538441716,0,1.0,21250,0.0,0.0,21250,21250.0,1,0.5283017575374611
FAN-004464,FC Seoul,18_34,free_registered,True,True,2,0.9966874521069288,1,0.5,21486,0.0,0.0,42972,42972.0,1,0.7733701641929215
FAN-004465,Jeju SK,35_54,season_ticket_full,True,True,15,0.7210281072146656,10,0.3333333333333333,0,108171.0,3.0,0,108171.0,0,0.2504858628299804
FAN-004466,Ulsan HD,55_Plus,free_registered,True,False,1,0.9099716350676104,0,1.0,20038,0.0,0.0,20038,20038.0,1,0.5146513952164109
FAN-004467,FC Seoul,55_Plus,free_registered,False,True,2,0.9177577541642554,1,0.5,24466,0.0,0.0,48932,48932.0,0,0.35431029494648364
FAN-004468,FC Seoul,55_Plus,season_ticket_partial,True,True,7,0.839964730023333,5,0.2857142857142857,0,133438.0,1.0,0,133438.0,0,0.21029647667147675
FAN-004469,Gangwon FC,18_34,paid_membership,True,False,3,0.9584033841980246,2,0.3333333333333333,19399,0.0,0.0,58197,58197.0,0,0.1723276067893241
FAN-004470,Jeonbuk Hyundai Motors,18_34,free_registered,True,False,1,0.9418170044595928,0,1.0,22870,0.0,0.0,22870,22870.0,0,0.4238294737970598
FAN-004471,Gangwon FC,18_34,season_ticket_partial,True,True,10,0.7332361277744799,7,0.3,0,132470.0,1.0,0,132470.0,1,0.5671531905900818
FAN-004472,Gangwon FC,35_54,season_ticket_full,True,False,19,0.6349233737351825,12,0.368421052631579,0,176142.0,2.0,0,176142.0,0,0.17422347163214041
FAN-004473,FC Seoul,35_54,free_registered,True,False,1,0.9848116010757106,0,1.0,24581,138710.0,1.0,24581,163291.0,1,0.8387356607154484
FAN-004474,Ulsan HD,18_34,season_ticket_partial,True,True,8,0.8978740681556857,7,0.125,0,296879.0,3.0,0,296879.0,0,0.26149477762359563
FAN-004475,Jeju SK,55_Plus,free_registered,True,False,1,0.9811945333427352,0,1.0,19021,0.0,0.0,19021,19021.0,1,0.688134547584562
FAN-004476,Ulsan HD,35_54,paid_membership,True,True,3,0.8661749273490122,2,0.3333333333333333,16456,126779.0,2.0,49368,176147.0,0,0.22277073605426495
FAN-004477,Ulsan HD,55_Plus,season_ticket_partial,True,False,6,0.7720825906210527,4,0.3333333333333333,0,177337.0,2.0,0,177337.0,0,0.08655915395915395
FAN-004478,Ulsan HD,35_54,season_ticket_full,True,False,17,0.7378163433312127,12,0.2941176470588235,0,372830.0,5.0,0,372830.0,0,0.13789053189103553
FAN-004479,Jeju SK,18_34,free_registered,True,True,1,0.91871609966201,0,1.0,21918,0.0,0.0,21918,21918.0,1,0.7981660287963721
FAN-004480,Jeju SK,Under_18,free_registered,False,True,2,0.9090856329785753,1,0.5,19456,72052.0,1.0,38912,110964.0,1,0.800211198194671
FAN-004481,FC Seoul,Under_18,free_registered,True,False,2,0.9770401407748855,1,0.5,21266,112463.0,1.0,42532,154995.0,1,0.5457628735659472
FAN-004482,Ulsan HD,18_34,paid_membership,True,True,4,0.9691524701342056,3,0.25,19873,0.0,0.0,79492,79492.0,0,0.18748785531824758
FAN-004483,Jeju SK,35_54,free_registered,True,True,2,0.9752243289743094,1,0.5,21201,0.0,0.0,42402,42402.0,1,0.6910710725647761
FAN-004484,Jeju SK,35_54,free_registered,False,True,1,0.9439685934500136,0,1.0,19757,93868.0,1.0,19757,113625.0,0,0.44120204095350296
FAN-004485,FC Seoul,35_54,free_registered,True,False,1,0.9249606193675328,0,1.0,18314,59423.0,1.0,18314,77737.0,1,0.690574637249056
FAN-004486,Jeonbuk Hyundai Motors,35_54,free_registered,True,False,2,0.9426849960240916,1,0.5,19562,0.0,0.0,39124,39124.0,0,0.4353142437069946
FAN-004487,FC Seoul,Under_18,free_registered,False,True,1,0.9064790240785454,0,1.0,20945,109117.0,1.0,20945,130062.0,1,0.7631810411810409
FAN-004488,Ulsan HD,18_34,season_ticket_partial,True,False,5,0.8245976775204887,4,0.1999999999999999,0,25051.0,1.0,0,25051.0,0,0.40120582188702886
FAN-004489,Jeonbuk Hyundai Motors,Under_18,free_registered,True,True,1,0.9297522757873732,0,1.0,22400,0.0,0.0,22400,22400.0,0,0.3384964109727137
FAN-004490,Jeju SK,18_34,free_registered,True,False,2,0.971452465080363,1,0.5,18056,0.0,0.0,36112,36112.0,1,0.6631225032309888
FAN-004491,FC Seoul,18_34,season_ticket_partial,True,True,10,0.8001017736091844,8,0.1999999999999999,0,96535.0,1.0,0,96535.0,0,0.21025751957594055
FAN-004492,Jeju SK,Under_18,paid_membership,False,True,3,0.9817714833280278,2,0.3333333333333333,17366,0.0,0.0,52098,52098.0,0,0.10989884492858484
FAN-004493,Jeju SK,18_34,free_registered,False,True,1,0.9276610365338664,0,1.0,23424,16751.0,1.0,23424,40175.0,1,0.7499464704687686
FAN-004494,Jeonbuk Hyundai Motors,18_34,free_registered,True,True,1,0.9551360571778448,0,1.0,19961,18687.0,1.0,19961,38648.0,0,0.3857063077164703
FAN-004495,Jeonbuk Hyundai Motors,35_54,paid_membership,True,True,4,0.8597368106078912,3,0.25,18239,126770.0,2.0,72956,199726.0,0,0.16238889813889815
FAN-004496,Jeju SK,18_34,free_registered,True,False,2,0.9132429076704855,1,0.5,21243,94308.0,1.0,42486,136794.0,0,0.4424487670693462
FAN-004497,Ulsan HD,18_34,paid_membership,False,True,3,0.8711878153479495,2,0.3333333333333333,16084,123844.0,1.0,48252,172096.0,0,0.3111034663806403
FAN-004498,FC Seoul,18_34,free_registered,False,False,1,0.9421882975542386,0,1.0,21031,0.0,0.0,21031,21031.0,0,0.33004146651286237
FAN-004499,FC Seoul,55_Plus,free_registered,True,False,2,0.9525476728300216,1,0.5,23837,131615.0,1.0,47674,179289.0,1,0.7740368952331803
FAN-004500,Ulsan HD,18_34,free_registered,True,False,1,0.9036569195094716,0,1.0,17558,0.0,0.0,17558,17558.0,1,0.8161858952509898
FAN-004501,Jeju SK,18_34,paid_membership,True,True,2,0.909166483353308,1,0.5,21239,83689.0,2.0,42478,126167.0,1,0.6982006117615742
FAN-004502,Ulsan HD,35_54,season_ticket_partial,True,False,5,0.7265127326236153,3,0.4,0,210556.0,3.0,0,210556.0,0,0.4164913419804724
FAN-004503,FC Seoul,35_54,free_registered,True,False,2,0.9597617209184024,1,0.5,22544,0.0,0.0,45088,45088.0,0,0.4896621059191465
FAN-004504,FC Seoul,55_Plus,paid_membership,True,False,5,0.9767053314084976,4,0.1999999999999999,20609,79642.0,2.0,103045,182687.0,0,0.12204634179634183
FAN-004505,Ulsan HD,18_34,free_registered,True,False,2,0.9452971587190734,1,0.5,20457,149293.0,1.0,40914,190207.0,1,0.5465232939779415
FAN-004506,FC Seoul,18_34,free_registered,True,True,2,0.9368899382519498,1,0.5,19799,112362.0,1.0,39598,151960.0,0,0.39551851881096733
FAN-004507,Jeonbuk Hyundai Motors,Under_18,season_ticket_partial,True,True,10,0.895438820062209,8,0.1999999999999999,0,107914.0,1.0,0,107914.0,0,0.08584576534576535
FAN-004508,FC Seoul,35_54,free_registered,False,False,1,0.9400635993572772,0,1.0,17784,0.0,0.0,17784,17784.0,0,0.3983227918680797
FAN-004509,Jeju SK,18_34,season_ticket_full,True,False,19,0.7034332870705009,13,0.3157894736842105,0,304319.0,4.0,0,304319.0,0,0.30133567682174484
FAN-004510,Gangwon FC,18_34,paid_membership,True,True,5,0.8850832272413718,4,0.1999999999999999,22817,74944.0,1.0,114085,189029.0,0,0.07071813371813371
FAN-004511,FC Seoul,18_34,season_ticket_full,True,True,15,0.6497352751466459,9,0.4,0,468777.0,5.0,0,468777.0,0,0.14238215651450944
FAN-004512,Ulsan HD,18_34,paid_membership,True,False,5,0.9198041466656712,4,0.1999999999999999,24339,128379.0,1.0,121695,250074.0,0,0.049592026331156766
FAN-004513,FC Seoul,Under_18,free_registered,False,True,2,0.94319666080902,1,0.5,18518,105246.0,1.0,37036,142282.0,1,0.6976419531980613
FAN-004514,Jeju SK,35_54,free_registered,True,True,2,0.9839165082883692,1,0.5,24734,140866.0,1.0,49468,190334.0,0,0.31172390773006514
FAN-004515,Jeju SK,35_54,free_registered,True,True,2,0.9992683041618312,1,0.5,18025,57903.0,1.0,36050,93953.0,0,0.41537232638310645
FAN-004516,Ulsan HD,18_34,free_registered,True,True,1,0.9504161214187662,0,1.0,24543,69559.0,1.0,24543,94102.0,1,0.5080994437429563
FAN-004517,Ulsan HD,18_34,free_registered,False,True,2,0.9402746507388224,1,0.5,16368,31216.0,1.0,32736,63952.0,0,0.4549840514306833
FAN-004518,Jeonbuk Hyundai Motors,35_54,free_registered,True,False,2,0.9805796212983222,1,0.5,22168,79489.0,1.0,44336,123825.0,1,0.7043479261083929
FAN-004519,FC Seoul,18_34,season_ticket_full,True,False,16,0.7661220300988929,12,0.25,0,80383.0,2.0,0,80383.0,0,0.07779516649449375
FAN-004520,FC Seoul,18_34,free_registered,True,False,1,0.961319536136054,0,1.0,20427,0.0,0.0,20427,20427.0,1,0.5553941249783485
FAN-004521,Jeonbuk Hyundai Motors,18_34,paid_membership,False,False,2,0.8560557318158283,1,0.5,16779,0.0,0.0,33558,33558.0,1,0.5095412104140177
FAN-004522,Jeju SK,35_54,season_ticket_full,True,True,18,0.6987218164833308,12,0.3333333333333333,0,172736.0,2.0,0,172736.0,0,0.09215697331564204
FAN-004523,Jeonbuk Hyundai Motors,55_Plus,season_ticket_partial,True,False,5,0.8035751493531913,4,0.1999999999999999,0,93545.0,1.0,0,93545.0,0,0.20923788154277298
FAN-004524,Jeju SK,35_54,free_registered,True,False,2,0.9206902723444522,1,0.5,22287,77110.0,1.0,44574,121684.0,1,0.8219489163984429
FAN-004525,Jeonbuk Hyundai Motors,Under_18,free_registered,True,False,1,0.968822803734682,0,1.0,18749,0.0,0.0,18749,18749.0,1,0.5645709221126509
FAN-004526,Ulsan HD,18_34,free_registered,True,False,1,0.9912997864490743,0,1.0,20169,0.0,0.0,20169,20169.0,1,0.7675715555857928
FAN-004527,Jeonbuk Hyundai Motors,35_54,free_registered,True,True,1,0.9576342070245044,0,1.0,22025,32919.0,1.0,22025,54944.0,1,0.7759576290461134
FAN-004528,Gangwon FC,Under_18,free_registered,True,True,2,0.9903372867463256,1,0.5,23258,44830.0,1.0,46516,91346.0,1,0.7020206162332656
FAN-004529,Jeju SK,55_Plus,season_ticket_partial,True,True,10,0.9017808543422636,9,0.0999999999999999,0,65235.0,1.0,0,65235.0,0,0.06822654197654197
FAN-004530,FC Seoul,55_Plus,free_registered,True,False,1,0.9042581225410156,0,1.0,17015,0.0,0.0,17015,17015.0,1,0.7338095847423264
FAN-004531,FC Seoul,Under_18,paid_membership,False,True,2,0.8757978089158157,1,0.5,20622,225770.0,2.0,41244,267014.0,1,0.7307385491024297
FAN-004532,FC Seoul,55_Plus,season_ticket_full,True,False,18,0.7212478700319762,12,0.3333333333333333,0,359200.0,4.0,0,359200.0,0,0.07011386544602545
FAN-004533,FC Seoul,18_34,free_registered,True,True,1,0.9154817043409794,0,1.0,23788,74597.0,1.0,23788,98385.0,1,0.7535868842486492
FAN-004534,Ulsan HD,35_54,free_registered,False,False,1,0.9190591998075572,0,1.0,22257,80628.0,1.0,22257,102885.0,0,0.44907873846583535
FAN-004535,Jeju SK,18_34,paid_membership,True,True,4,0.8915217127542859,3,0.25,21206,0.0,0.0,84824,84824.0,0,0.05950363938297796
FAN-004536,Jeju SK,18_34,free_registered,True,True,1,0.994992969767703,0,1.0,18273,147411.0,1.0,18273,165684.0,1,0.6343961825211828
FAN-004537,Ulsan HD,35_54,paid_membership,True,True,5,0.9597461679265398,4,0.1999999999999999,22267,142208.0,1.0,111335,253543.0,0,0.08883246249188281
FAN-004538,Jeju SK,35_54,free_registered,False,False,2,0.9236689560134962,1,0.5,17642,0.0,0.0,35284,35284.0,1,0.7503850330758792
FAN-004539,FC Seoul,Under_18,season_ticket_partial,True,True,7,0.8536075407681074,5,0.2857142857142857,0,135381.0,2.0,0,135381.0,0,0.2177292695837587
FAN-004540,FC Seoul,35_54,free_registered,True,False,2,0.9881652745681992,1,0.5,20389,0.0,0.0,40778,40778.0,0,0.4373710211322048
FAN-004541,FC Seoul,18_34,free_registered,False,True,2,0.983484995930221,1,0.5,18511,132930.0,1.0,37022,169952.0,0,0.46589873367373363
FAN-004542,Ulsan HD,18_34,paid_membership,True,False,3,0.9016575261624236,2,0.3333333333333333,17576,0.0,0.0,52728,52728.0,0,0.1839275624230197
FAN-004543,FC Seoul,18_34,free_registered,True,True,1,0.9644098281458252,0,1.0,23307,0.0,0.0,23307,23307.0,1,0.5832255107434633
FAN-004544,FC Seoul,18_34,free_registered,True,False,1,0.9203135299964392,0,1.0,21567,60280.0,1.0,21567,81847.0,1,0.715474548871608
FAN-004545,Ulsan HD,18_34,free_registered,False,True,2,0.9651024501640438,1,0.5,19738,0.0,0.0,39476,39476.0,1,0.8410604798352034
FAN-004546,Jeonbuk Hyundai Motors,Under_18,free_registered,True,False,2,0.9427531118693988,1,0.5,16503,0.0,0.0,33006,33006.0,1,0.6335008227558298
FAN-004547,FC Seoul,Under_18,paid_membership,True,True,5,0.9957360049466648,4,0.1999999999999999,16325,253267.0,2.0,81625,334892.0,1,0.5953183418244162
FAN-004548,Jeju SK,Under_18,paid_membership,True,False,3,0.943306419019986,2,0.3333333333333333,20887,190075.0,2.0,62661,252736.0,0,0.014832166503853253
FAN-004549,Jeju SK,18_34,paid_membership,False,False,4,0.9236392057532968,3,0.25,16551,0.0,0.0,66204,66204.0,0,0.3087436477574337
FAN-004550,Jeonbuk Hyundai Motors,55_Plus,paid_membership,False,True,2,0.9804520939394604,1,0.5,19928,259785.0,2.0,39856,299641.0,0,0.4963305137357229
FAN-004551,Gangwon FC,Under_18,free_registered,True,True,1,0.9191566057367916,0,1.0,24484,83881.0,1.0,24484,108365.0,0,0.4699812471247598
FAN-004552,FC Seoul,55_Plus,free_registered,True,False,2,0.9832997006802316,1,0.5,17603,0.0,0.0,35206,35206.0,1,0.7748128233411847
FAN-004553,FC Seoul,35_54,paid_membership,False,False,4,0.8510938456737808,3,0.25,18792,0.0,0.0,75168,75168.0,0,0.21017556136368523
FAN-004554,Jeonbuk Hyundai Motors,35_54,season_ticket_partial,True,True,5,0.7288952360761964,3,0.4,0,138162.0,2.0,0,138162.0,0,0.20022984217747972
FAN-004555,Ulsan HD,35_54,free_registered,False,True,1,0.9121436473012206,0,1.0,16113,0.0,0.0,16113,16113.0,0,0.4341060480704767
FAN-004556,Jeju SK,35_54,free_registered,True,True,2,0.9311261147791828,1,0.5,21674,0.0,0.0,43348,43348.0,1,0.7474241552182799
FAN-004557,Jeju SK,Under_18,free_registered,True,True,1,0.9481868511366036,0,1.0,19156,0.0,0.0,19156,19156.0,1,0.9270196448847222
FAN-004558,Jeju SK,18_34,paid_membership,True,True,2,0.9053811480397156,1,0.5,18819,32969.0,1.0,37638,70607.0,1,0.8096570764238069
FAN-004559,Gangwon FC,35_54,paid_membership,True,False,3,0.9583828925495884,2,0.3333333333333333,22342,172402.0,2.0,67026,239428.0,0,0.061527249198935936
FAN-004560,Gangwon FC,35_54,free_registered,True,True,1,0.9520952634693216,0,1.0,16633,0.0,0.0,16633,16633.0,0,0.3466676505638825
FAN-004561,Jeonbuk Hyundai Motors,35_54,paid_membership,True,True,4,0.9515532169505024,3,0.25,20636,0.0,0.0,82544,82544.0,0,0.4164742017604763
FAN-004562,FC Seoul,Under_18,free_registered,True,False,1,0.9325705359309662,0,1.0,23778,0.0,0.0,23778,23778.0,1,0.5059530716026343
FAN-004563,Jeonbuk Hyundai Motors,35_54,free_registered,True,True,1,0.9048830076487966,0,1.0,23775,0.0,0.0,23775,23775.0,1,0.5088039676537237
FAN-004564,FC Seoul,18_34,season_ticket_partial,True,False,5,0.9226948337976716,4,0.1999999999999999,0,76457.0,1.0,0,76457.0,0,0.15933534426523563
FAN-004565,FC Seoul,18_34,free_registered,True,False,2,0.9149617663054151,1,0.5,23306,110483.0,1.0,46612,157095.0,1,0.7167310854223172
FAN-004566,Jeonbuk Hyundai Motors,18_34,free_registered,False,True,1,0.933564200889211,0,1.0,21556,0.0,0.0,21556,21556.0,1,0.7676440548668508
FAN-004567,FC Seoul,35_54,season_ticket_full,True,True,19,0.814722227040074,15,0.2105263157894736,0,111369.0,2.0,0,111369.0,0,0.1221970786294316
FAN-004568,FC Seoul,35_54,season_ticket_partial,True,False,11,0.7206576980867846,7,0.3636363636363636,0,190975.0,2.0,0,190975.0,0,0.09862269412269412
FAN-004569,FC Seoul,18_34,paid_membership,True,False,5,0.9677608168578556,4,0.1999999999999999,19563,0.0,0.0,97815,97815.0,0,0.25159320115093775
FAN-004570,Jeonbuk Hyundai Motors,35_54,free_registered,True,True,2,0.9526742040767548,1,0.5,17588,118664.0,1.0,35176,153840.0,1,0.7821106704000707
FAN-004571,Ulsan HD,18_34,free_registered,True,True,2,0.9077032097580752,1,0.5,21729,40928.0,1.0,43458,84386.0,0,0.406860702328248
FAN-004572,Jeju SK,Under_18,season_ticket_full,True,True,16,0.7651434770596838,12,0.25,0,75348.0,2.0,0,75348.0,0,0.06462901810756365
FAN-004573,FC Seoul,Under_18,paid_membership,False,True,2,0.8827815840717596,1,0.5,18484,0.0,0.0,36968,36968.0,0,0.4509350498185169
FAN-004574,Jeonbuk Hyundai Motors,Under_18,season_ticket_partial,True,True,8,0.8396342021243652,6,0.25,0,21426.0,1.0,0,21426.0,0,0.18787013621601723
FAN-004575,Jeonbuk Hyundai Motors,18_34,free_registered,False,False,1,0.981287197505262,0,1.0,17888,0.0,0.0,17888,17888.0,1,0.7991034489650588
FAN-004576,Ulsan HD,18_34,free_registered,True,False,2,0.9510318673882122,1,0.5,20771,83233.0,1.0,41542,124775.0,0,0.49962389045994304
FAN-004577,Ulsan HD,35_54,season_ticket_full,True,True,15,0.8684611493854771,13,0.1333333333333333,0,93752.0,3.0,0,93752.0,0,0.24229039642274916
FAN-004578,FC Seoul,35_54,paid_membership,True,False,2,0.8873868754404337,1,0.5,20217,99409.0,1.0,40434,139843.0,1,0.53204093693885
FAN-004579,Gangwon FC,Under_18,free_registered,True,True,1,0.9555139410762796,0,1.0,20746,0.0,0.0,20746,20746.0,0,0.40421944603151483
FAN-004580,Jeju SK,18_34,free_registered,True,True,1,0.9533033439104952,0,1.0,24639,0.0,0.0,24639,24639.0,0,0.19983394548678424
FAN-004581,Gangwon FC,18_34,free_registered,True,True,2,0.902990239340104,1,0.5,21464,0.0,0.0,42928,42928.0,1,0.7248248514911751
FAN-004582,Ulsan HD,18_34,free_registered,True,True,1,0.9333845268528193,0,1.0,22690,148002.0,1.0,22690,170692.0,1,0.8205338754382874
FAN-004583,Jeonbuk Hyundai Motors,Under_18,free_registered,False,True,2,0.9734706493177157,1,0.5,20898,44998.0,1.0,41796,86794.0,1,0.8667681140488815
FAN-004584,Jeonbuk Hyundai Motors,Under_18,free_registered,True,False,1,0.9796086578934438,0,1.0,22178,143779.0,1.0,22178,165957.0,1,0.8508515426236019
FAN-004585,Jeju SK,55_Plus,paid_membership,True,True,5,0.9200815958688836,4,0.1999999999999999,22944,165293.0,2.0,114720,280013.0,0,0.17633459782372823
FAN-004586,Gangwon FC,35_54,free_registered,True,False,2,0.903739326139556,1,0.5,23595,136297.0,1.0,47190,183487.0,1,0.767410412501443
FAN-004587,Ulsan HD,18_34,season_ticket_full,True,True,19,0.7345777085063521,13,0.3157894736842105,0,254178.0,3.0,0,254178.0,0,0.20831765265141228
FAN-004588,FC Seoul,18_34,free_registered,False,True,1,0.9985576687247372,0,1.0,16293,0.0,0.0,16293,16293.0,1,0.8350045664530893
FAN-004589,Jeju SK,18_34,paid_membership,True,True,5,0.8896070099879545,4,0.1999999999999999,20268,97880.0,1.0,101340,199220.0,0,0.04263816738816739
FAN-004590,Jeonbuk Hyundai Motors,35_54,free_registered,False,False,1,0.9213015306072948,0,1.0,23197,0.0,0.0,23197,23197.0,1,0.7099295510870041
FAN-004591,Jeju SK,18_34,paid_membership,False,True,5,0.9786066750376818,4,0.1999999999999999,20058,27642.0,1.0,100290,127932.0,0,0.1924532089787903
FAN-004592,FC Seoul,Under_18,season_ticket_full,True,False,19,0.8989342934730122,17,0.1052631578947368,0,366210.0,4.0,0,366210.0,0,0.07055257817808179
FAN-004593,Ulsan HD,35_54,season_ticket_partial,True,False,10,0.8076216142770299,8,0.1999999999999999,0,233022.0,2.0,0,233022.0,0,0.06605703755703755
FAN-004594,Ulsan HD,18_34,paid_membership,True,False,2,0.889919525057867,1,0.5,21544,112933.0,1.0,43088,156021.0,1,0.5188287120128209
FAN-004595,Ulsan HD,18_34,free_registered,True,True,2,0.9083777182760712,1,0.5,24495,137601.0,1.0,48990,186591.0,0,0.35960691410468654
FAN-004596,Jeju SK,18_34,season_ticket_partial,True,False,7,0.8187959146003474,5,0.2857142857142857,0,124096.0,3.0,0,124096.0,1,0.6194020266294007
FAN-004597,Jeonbuk Hyundai Motors,18_34,season_ticket_full,True,True,18,0.8772609759554413,15,0.1666666666666666,0,176952.0,2.0,0,176952.0,0,0.11887189825425118
FAN-004598,FC Seoul,18_34,season_ticket_full,True,False,16,0.8413556472863293,13,0.1875,0,404960.0,5.0,0,404960.0,0,0.0701979929484966
FAN-004599,Ulsan HD,18_34,free_registered,True,True,2,0.9117131191293886,1,0.5,21756,0.0,0.0,43512,43512.0,1,0.5104327060698808
FAN-004600,FC Seoul,18_34,season_ticket_full,True,True,18,0.6182563221743949,11,0.3888888888888888,0,359323.0,5.0,0,359323.0,0,0.12805488193723485
FAN-004601,FC Seoul,Under_18,free_registered,True,True,2,0.987658137115868,1,0.5,18716,0.0,0.0,37432,37432.0,1,0.8065888986940417
FAN-004602,Jeonbuk Hyundai Motors,35_54,free_registered,True,True,2,0.983308037692181,1,0.5,22966,101977.0,1.0,45932,147909.0,1,0.7872299566044507
FAN-004603,Gangwon FC,18_34,free_registered,True,True,2,0.9706281622921182,1,0.5,21825,79050.0,1.0,43650,122700.0,1,0.7189207277610876
FAN-004604,Ulsan HD,Under_18,free_registered,True,False,1,0.966152165689424,0,1.0,19375,15695.0,1.0,19375,35070.0,1,0.814251807320928
FAN-004605,Jeonbuk Hyundai Motors,35_54,paid_membership,False,False,5,0.8715150753697232,4,0.1999999999999999,24143,0.0,0.0,120715,120715.0,0,0.07868208643208642
FAN-004606,Jeonbuk Hyundai Motors,35_54,season_ticket_partial,True,True,8,0.8958610775711635,7,0.125,0,151218.0,2.0,0,151218.0,0,0.0944311142005818
FAN-004607,Jeonbuk Hyundai Motors,35_54,paid_membership,False,True,2,0.9237861449463992,1,0.5,16122,63599.0,1.0,32244,95843.0,1,0.7837845029867064
FAN-004608,FC Seoul,18_34,paid_membership,True,True,3,0.9765246018986764,2,0.3333333333333333,22564,126934.0,1.0,67692,194626.0,0,0.04031496207360533
FAN-004609,Gangwon FC,18_34,paid_membership,True,True,3,0.9622895907835493,2,0.3333333333333333,21378,0.0,0.0,64134,64134.0,0,0.23900952534241757
FAN-004610,Ulsan HD,35_54,paid_membership,True,False,4,0.8625363308732668,3,0.25,23604,0.0,0.0,94416,94416.0,1,0.5588780811382381
FAN-004611,Ulsan HD,35_54,free_registered,True,False,1,0.9271786448662278,0,1.0,24359,0.0,0.0,24359,24359.0,1,0.7303719963901386
FAN-004612,FC Seoul,18_34,season_ticket_partial,True,True,8,0.7427325123916536,5,0.375,0,288998.0,3.0,0,288998.0,0,0.06188769419048922
FAN-004613,Ulsan HD,55_Plus,paid_membership,True,True,4,0.936566535769858,3,0.25,24573,0.0,0.0,98292,98292.0,0,0.24795619799932686
FAN-004614,FC Seoul,Under_18,paid_membership,True,False,4,0.8597406333994672,3,0.25,18789,41599.0,1.0,75156,116755.0,0,0.20744119381216158
FAN-004615,FC Seoul,55_Plus,paid_membership,True,False,5,0.9734680471405944,4,0.1999999999999999,21483,83596.0,1.0,107415,191011.0,0,0.05752323833573835
FAN-004616,Ulsan HD,35_54,season_ticket_partial,True,True,10,0.8237755658287592,8,0.1999999999999999,0,230400.0,3.0,0,230400.0,0,0.03516425883817189
FAN-004617,Jeonbuk Hyundai Motors,35_54,free_registered,True,True,2,0.9328082445608822,1,0.5,19977,0.0,0.0,39954,39954.0,0,0.2310122502275286
FAN-004618,Jeonbuk Hyundai Motors,55_Plus,free_registered,True,True,2,0.9716153003846604,1,0.5,23228,0.0,0.0,46456,46456.0,1,0.6754199317816054
FAN-004619,Ulsan HD,35_54,paid_membership,False,True,3,0.9315025950472736,2,0.3333333333333333,16244,76265.0,2.0,48732,124997.0,0,0.21578366273103114
FAN-004620,Jeonbuk Hyundai Motors,18_34,free_registered,False,True,2,0.9921161853313668,1,0.5,17948,0.0,0.0,35896,35896.0,1,0.7001904720689833
FAN-004621,Jeonbuk Hyundai Motors,18_34,season_ticket_partial,True,True,10,0.756829894460827,7,0.3,0,350600.0,3.0,0,350600.0,0,0.2503360986377496
FAN-004622,Jeonbuk Hyundai Motors,Under_18,free_registered,True,False,1,0.9153781209090028,0,1.0,17729,0.0,0.0,17729,17729.0,1,0.8193643337902853
FAN-004623,FC Seoul,18_34,free_registered,True,True,2,0.933717197056924,1,0.5,24003,0.0,0.0,48006,48006.0,1,0.797909881986651
FAN-004624,Jeju SK,35_54,season_ticket_partial,True,False,7,0.9459136302008732,6,0.1428571428571429,0,222579.0,3.0,0,222579.0,0,0.20343413547237085
FAN-004625,Gangwon FC,18_34,free_registered,True,True,2,0.9847424555339817,1,0.5,21351,126210.0,1.0,42702,168912.0,0,0.253796553160871
FAN-004626,Jeju SK,18_34,paid_membership,True,True,2,0.987531798274166,1,0.5,17117,215147.0,2.0,34234,249381.0,1,0.8429641827273735
FAN-004627,Ulsan HD,35_54,free_registered,True,True,1,0.9809842318028288,0,1.0,24170,0.0,0.0,24170,24170.0,0,0.47470983466160455
FAN-004628,Ulsan HD,35_54,free_registered,True,True,2,0.9077788252750562,1,0.5,16458,0.0,0.0,32916,32916.0,1,0.7468181700401978
FAN-004629,Jeju SK,Under_18,paid_membership,True,False,2,0.8748288575947242,1,0.5,16518,190906.0,2.0,33036,223942.0,0,0.46525932105862894
FAN-004630,Ulsan HD,18_34,free_registered,True,True,2,0.98648047509126,1,0.5,20231,0.0,0.0,40462,40462.0,1,0.5358630470621107
FAN-004631,FC Seoul,18_34,season_ticket_partial,True,True,11,0.8518178968257022,9,0.1818181818181817,0,78512.0,1.0,0,78512.0,0,0.08773840418840419
FAN-004632,Ulsan HD,35_54,paid_membership,True,False,4,0.8753353295472721,3,0.25,24385,0.0,0.0,97540,97540.0,0,0.45218060049198705
FAN-004633,Jeonbuk Hyundai Motors,Under_18,free_registered,False,True,1,0.9297714334549186,0,1.0,19689,42072.0,1.0,19689,61761.0,0,0.4491929875679874
FAN-004634,Jeonbuk Hyundai Motors,35_54,paid_membership,True,True,5,0.9404111670701674,4,0.1999999999999999,23317,19467.0,1.0,116585,136052.0,0,0.0901971419588335
FAN-004635,FC Seoul,18_34,paid_membership,True,True,2,0.9235926711176804,1,0.5,17249,160844.0,2.0,34498,195342.0,1,0.7544301495556396
FAN-004636,Gangwon FC,18_34,free_registered,True,True,2,0.9863092786326922,1,0.5,20016,84895.0,1.0,40032,124927.0,1,0.6215502226332277
FAN-004637,Ulsan HD,55_Plus,free_registered,True,True,2,0.9574682572390996,1,0.5,21379,0.0,0.0,42758,42758.0,1,0.5812873023543236
FAN-004638,Jeju SK,Under_18,free_registered,True,True,1,0.9657277199052624,0,1.0,18648,0.0,0.0,18648,18648.0,1,0.5625916758398157
FAN-004639,Jeonbuk Hyundai Motors,18_34,paid_membership,True,False,2,0.8970553090020316,1,0.5,24120,223062.0,2.0,48240,271302.0,0,0.41928032518164104
FAN-004640,Jeonbuk Hyundai Motors,Under_18,paid_membership,True,False,2,0.9442098104996212,1,0.5,18116,0.0,0.0,36232,36232.0,1,0.5108906755491719
FAN-004641,Gangwon FC,18_34,paid_membership,True,True,5,0.9156980904334276,4,0.1999999999999999,24139,88534.0,1.0,120695,209229.0,0,0.035339947089947095
FAN-004642,Ulsan HD,18_34,paid_membership,False,True,4,0.995257768243147,3,0.25,19380,0.0,0.0,77520,77520.0,0,0.1060579640947288
FAN-004643,Jeonbuk Hyundai Motors,18_34,paid_membership,True,True,5,0.8523766067027477,4,0.1999999999999999,17874,78780.0,1.0,89370,168150.0,0,0.18359776797276792
FAN-004644,FC Seoul,Under_18,paid_membership,True,True,2,0.88238551254748,1,0.5,21502,130433.0,1.0,43004,173437.0,0,0.32989760240904586
FAN-004645,Jeonbuk Hyundai Motors,18_34,paid_membership,True,True,4,0.9360111089889972,3,0.25,18532,125279.0,1.0,74128,199407.0,0,0.23733619294935088
FAN-004646,Jeonbuk Hyundai Motors,35_54,free_registered,False,False,1,0.925336600537266,0,1.0,23350,133879.0,1.0,23350,157229.0,1,0.7881482757083664
FAN-004647,Jeju SK,35_54,season_ticket_partial,True,False,10,0.9268944549574424,9,0.0999999999999999,0,322410.0,3.0,0,322410.0,0,0.48483916914460407
FAN-004648,FC Seoul,18_34,paid_membership,False,True,3,0.9825416606846542,2,0.3333333333333333,21080,120365.0,1.0,63240,183605.0,0,0.17529835442335442
FAN-004649,Jeonbuk Hyundai Motors,35_54,season_ticket_partial,True,False,9,0.8636471381062468,7,0.2222222222222222,0,170503.0,2.0,0,170503.0,0,0.2533443481996114
FAN-004650,FC Seoul,18_34,paid_membership,True,True,2,0.967822503885281,1,0.5,19704,94535.0,1.0,39408,133943.0,1,0.5167039945800033
FAN-004651,FC Seoul,18_34,free_registered,True,True,1,0.9723055145652584,0,1.0,24770,105967.0,1.0,24770,130737.0,1,0.7822411335709211
FAN-004652,Jeonbuk Hyundai Motors,18_34,paid_membership,True,True,2,0.8823106612701448,1,0.5,21633,0.0,0.0,43266,43266.0,1,0.8028964008360987
FAN-004653,Ulsan HD,18_34,free_registered,True,True,2,0.955101178278399,1,0.5,20490,0.0,0.0,40980,40980.0,0,0.23904297408681008
FAN-004654,Jeonbuk Hyundai Motors,18_34,paid_membership,True,False,3,0.982550341346798,2,0.3333333333333333,18029,111303.0,2.0,54087,165390.0,0,0.2539104060820928
FAN-004655,Ulsan HD,18_34,free_registered,True,True,2,0.9898809472363592,1,0.5,23133,55541.0,1.0,46266,101807.0,1,0.5156350799335925
FAN-004656,FC Seoul,35_54,season_ticket_partial,True,True,6,0.8362745072651718,5,0.1666666666666666,0,245745.0,3.0,0,245745.0,0,0.12289785467454059
FAN-004657,Jeonbuk Hyundai Motors,55_Plus,paid_membership,True,False,5,0.9924238399271372,4,0.1999999999999999,17191,92667.0,2.0,85955,178622.0,0,0.28350477300477284
FAN-004658,Ulsan HD,18_34,paid_membership,False,True,3,0.9562666801921932,2,0.3333333333333333,19400,29988.0,1.0,58200,88188.0,0,0.1432152754652755
FAN-004659,FC Seoul,35_54,free_registered,False,True,1,0.9066529289584092,0,1.0,19587,0.0,0.0,19587,19587.0,1,0.6822505748178072
FAN-004660,Jeonbuk Hyundai Motors,35_54,season_ticket_full,True,True,17,0.6966482760209093,11,0.3529411764705882,0,528070.0,5.0,0,528070.0,0,0.25230800793351155
FAN-004661,Ulsan HD,35_54,season_ticket_partial,True,True,10,0.710768196453917,7,0.3,0,269336.0,2.0,0,269336.0,0,0.05574587569152788
FAN-004662,Jeju SK,18_34,paid_membership,True,False,2,0.9132850908127318,1,0.5,22328,73061.0,1.0,44656,117717.0,1,0.6916078762822749
FAN-004663,Ulsan HD,18_34,free_registered,True,True,1,0.9312393917981218,0,1.0,22033,23066.0,1.0,22033,45099.0,0,0.4726952780123272
FAN-004664,Jeonbuk Hyundai Motors,Under_18,paid_membership,True,False,3,0.9914337120055324,2,0.3333333333333333,22638,0.0,0.0,67914,67914.0,0,0.22577194443239132
FAN-004665,Jeonbuk Hyundai Motors,18_34,free_registered,True,True,1,0.9922814150281096,0,1.0,16941,126166.0,1.0,16941,143107.0,1,0.6741575651776633
FAN-004666,Jeonbuk Hyundai Motors,35_54,paid_membership,True,True,5,0.9005926564639252,4,0.1999999999999999,16422,155860.0,2.0,82110,237970.0,0,0.13980260017760013
FAN-004667,FC Seoul,Under_18,free_registered,True,True,1,0.935181071984605,0,1.0,17334,0.0,0.0,17334,17334.0,1,0.7967965457406236
FAN-004668,Jeonbuk Hyundai Motors,18_34,paid_membership,True,False,5,0.962772902247515,4,0.1999999999999999,17948,271037.0,2.0,89740,360777.0,0,0.2322171483434088
FAN-004669,Jeju SK,35_54,paid_membership,True,True,4,0.9752585704875733,3,0.25,19290,171966.0,2.0,77160,249126.0,0,0.15045274395130023
FAN-004670,Jeju SK,35_54,free_registered,False,False,1,0.9928598029780292,0,1.0,22496,0.0,0.0,22496,22496.0,0,0.4823434308579677
FAN-004671,Ulsan HD,18_34,free_registered,False,True,1,0.9313607463824154,0,1.0,24432,0.0,0.0,24432,24432.0,0,0.24211197267346396
FAN-004672,Jeonbuk Hyundai Motors,35_54,season_ticket_partial,True,True,5,0.8617670853968606,4,0.1999999999999999,0,82976.0,1.0,0,82976.0,0,0.18411163818749007
FAN-004673,Jeonbuk Hyundai Motors,18_34,free_registered,True,True,2,0.9582606497428756,1,0.5,22675,83034.0,1.0,45350,128384.0,1,0.5084871374579151
FAN-004674,FC Seoul,18_34,paid_membership,True,False,3,0.9314449536941402,2,0.3333333333333333,19167,0.0,0.0,57501,57501.0,0,0.13465408940257143
FAN-004675,Ulsan HD,18_34,free_registered,True,True,1,0.946026072809253,0,1.0,22996,57615.0,1.0,22996,80611.0,1,0.8694329012209336
FAN-004676,Jeonbuk Hyundai Motors,35_54,free_registered,True,True,2,0.959382939382073,1,0.5,24548,82215.0,1.0,49096,131311.0,0,0.22009664985053679
FAN-004677,FC Seoul,55_Plus,free_registered,True,True,1,0.9751761004179011,0,1.0,18074,63733.0,1.0,18074,81807.0,0,0.40356417609383705
FAN-004678,Gangwon FC,Under_18,paid_membership,True,False,4,0.986895453589878,3,0.25,24485,57070.0,1.0,97940,155010.0,0,0.2539015337936134
FAN-004679,Jeju SK,18_34,free_registered,True,False,2,0.965703727033236,1,0.5,16985,18684.0,1.0,33970,52654.0,0,0.46945700255275824
FAN-004680,Jeju SK,18_34,season_ticket_partial,True,False,8,0.7818387922484988,6,0.25,0,129522.0,1.0,0,129522.0,0,0.27333247210827016
FAN-004681,FC Seoul,18_34,paid_membership,False,True,3,0.8999014917218554,2,0.3333333333333333,23946,0.0,0.0,71838,71838.0,1,0.5834508987862772
FAN-004682,FC Seoul,Under_18,free_registered,True,False,2,0.9709857363969524,1,0.5,21023,0.0,0.0,42046,42046.0,1,0.5845424400078529
FAN-004683,Gangwon FC,18_34,paid_membership,True,False,5,0.8697328424588715,4,0.1999999999999999,20068,78351.0,1.0,100340,178691.0,0,0.18174138824138833
FAN-004684,FC Seoul,35_54,free_registered,False,True,1,0.9420386590200984,0,1.0,21499,103197.0,1.0,21499,124696.0,1,0.7793050453565076
FAN-004685,Jeonbuk Hyundai Motors,35_54,paid_membership,True,True,2,0.9564897069149232,1,0.5,18089,104238.0,2.0,36178,140416.0,1,0.7562677203104674
FAN-004686,Ulsan HD,18_34,free_registered,True,True,1,0.9993148643364504,0,1.0,16414,58252.0,1.0,16414,74666.0,1,0.6802741686990914
FAN-004687,FC Seoul,18_34,free_registered,True,True,2,0.9766796987644232,1,0.5,23818,0.0,0.0,47636,47636.0,0,0.2903028826953836
FAN-004688,FC Seoul,18_34,paid_membership,True,False,2,0.985451390817286,1,0.5,16635,223531.0,2.0,33270,256801.0,1,0.596136445117928
FAN-004689,Ulsan HD,18_34,season_ticket_full,True,False,15,0.6835866235393805,10,0.3333333333333333,0,155528.0,2.0,0,155528.0,0,0.07628792460835805
FAN-004690,Gangwon FC,35_54,free_registered,True,False,1,0.9893688669812466,0,1.0,18451,0.0,0.0,18451,18451.0,1,0.5661530727504698
FAN-004691,Ulsan HD,55_Plus,season_ticket_partial,True,True,7,0.7334664304174577,5,0.2857142857142857,0,191780.0,2.0,0,191780.0,0,0.20518177312742536
FAN-004692,Ulsan HD,18_34,free_registered,True,True,1,0.9310752837233776,0,1.0,22533,0.0,0.0,22533,22533.0,0,0.33847136365598324
FAN-004693,Ulsan HD,18_34,season_ticket_partial,True,True,6,0.8016154648092355,4,0.3333333333333333,0,291400.0,3.0,0,291400.0,0,0.11602795670575174
FAN-004694,Ulsan HD,35_54,paid_membership,True,True,5,0.9570094497626884,4,0.1999999999999999,17489,23616.0,1.0,87445,111061.0,0,0.12175048298500227
FAN-004695,Ulsan HD,18_34,free_registered,True,False,1,0.9186295196643818,0,1.0,18811,0.0,0.0,18811,18811.0,0,0.411831910339889
FAN-004696,Jeonbuk Hyundai Motors,35_54,free_registered,True,True,2,0.951116872843658,1,0.5,19473,74377.0,1.0,38946,113323.0,1,0.7215989604352573
FAN-004697,Ulsan HD,18_34,free_registered,True,False,1,0.9765570643766368,0,1.0,23914,35492.0,1.0,23914,59406.0,1,0.7201994426668338
FAN-004698,Ulsan HD,35_54,free_registered,True,False,2,0.9564059948505832,1,0.5,18345,0.0,0.0,36690,36690.0,0,0.48038440226192886
FAN-004699,FC Seoul,18_34,free_registered,True,False,2,0.9655941949652882,1,0.5,18619,0.0,0.0,37238,37238.0,0,0.302197819600337
FAN-004700,Gangwon FC,35_54,paid_membership,True,True,5,0.9787230279586248,4,0.1999999999999999,20151,0.0,0.0,100755,100755.0,0,0.34890997011089236
FAN-004701,FC Seoul,35_54,season_ticket_full,True,False,17,0.6928925365072842,11,0.3529411764705882,0,104510.0,2.0,0,104510.0,0,0.13954541527491734
FAN-004702,FC Seoul,18_34,free_registered,True,False,1,0.9188060060716,0,1.0,23633,0.0,0.0,23633,23633.0,1,0.5491179027841822
FAN-004703,Jeju SK,35_54,paid_membership,True,False,2,0.8764035172355024,1,0.5,23119,187453.0,2.0,46238,233691.0,1,0.5243039108636932
FAN-004704,Jeju SK,35_54,paid_membership,True,False,5,0.99782443827839,4,0.1999999999999999,22186,88835.0,2.0,110930,199765.0,0,0.18426309726309728
FAN-004705,Ulsan HD,18_34,season_ticket_partial,True,False,10,0.7625137138602076,7,0.3,0,173616.0,2.0,0,173616.0,0,0.08497882921567133
FAN-004706,Ulsan HD,18_34,paid_membership,True,True,3,0.9225131181407922,2,0.3333333333333333,24105,121997.0,2.0,72315,194312.0,0,0.1002944784911652
FAN-004707,Jeonbuk Hyundai Motors,Under_18,paid_membership,True,False,3,0.9330001551543416,2,0.3333333333333333,24531,0.0,0.0,73593,73593.0,0,0.21376216786820365
FAN-004708,FC Seoul,18_34,free_registered,True,False,1,0.997207927777664,0,1.0,21140,130990.0,1.0,21140,152130.0,0,0.4635363334144887
FAN-004709,Jeonbuk Hyundai Motors,18_34,free_registered,True,False,2,0.9778549669885828,1,0.5,19052,0.0,0.0,38104,38104.0,1,0.5113649325360609
FAN-004710,Jeju SK,35_54,free_registered,True,False,2,0.9765927226275496,1,0.5,21001,125643.0,1.0,42002,167645.0,0,0.2687731651157437
FAN-004711,Ulsan HD,18_34,free_registered,True,True,2,0.9383705514558244,1,0.5,16939,148137.0,1.0,33878,182015.0,1,0.7609025818522727
FAN-004712,Ulsan HD,35_54,free_registered,True,True,2,0.9078369453925634,1,0.5,20276,0.0,0.0,40552,40552.0,0,0.4202021290952262
FAN-004713,FC Seoul,18_34,paid_membership,True,True,2,0.885435315119197,1,0.5,21877,93785.0,1.0,43754,137539.0,1,0.8459767902395353
FAN-004714,Jeonbuk Hyundai Motors,18_34,free_registered,True,True,1,0.9852899644549898,0,1.0,23972,101759.0,1.0,23972,125731.0,1,0.8005407512985679
FAN-004715,Ulsan HD,18_34,paid_membership,True,True,3,0.9257195464717052,2,0.3333333333333333,21815,67365.0,1.0,65445,132810.0,0,0.10566810698685258
FAN-004716,Ulsan HD,18_34,free_registered,True,True,2,0.9894249589284826,1,0.5,18699,0.0,0.0,37398,37398.0,1,0.6279906419006753
FAN-004717,Jeju SK,18_34,season_ticket_full,True,True,15,0.873582894393897,13,0.1333333333333333,0,471686.0,5.0,0,471686.0,0,0.019504718630222257
FAN-004718,Gangwon FC,18_34,season_ticket_partial,True,False,5,0.8708634915503539,4,0.1999999999999999,0,232830.0,2.0,0,232830.0,0,0.13105093190533693
FAN-004719,Ulsan HD,18_34,free_registered,False,True,1,0.9453641395018192,0,1.0,19725,26847.0,1.0,19725,46572.0,0,0.49027063019390377
FAN-004720,Gangwon FC,35_54,free_registered,True,True,2,0.9932309371557584,1,0.5,24866,0.0,0.0,49732,49732.0,0,0.4115378797681664
FAN-004721,Ulsan HD,35_54,paid_membership,True,True,4,0.8594945027717275,3,0.25,19425,0.0,0.0,77700,77700.0,0,0.21456509833666706
FAN-004722,FC Seoul,18_34,free_registered,True,True,2,0.9572433430256584,1,0.5,24349,0.0,0.0,48698,48698.0,0,0.47674048919548556
FAN-004723,FC Seoul,35_54,free_registered,True,True,2,0.9069116012996478,1,0.5,22726,75698.0,1.0,45452,121150.0,1,0.7000439181544806
FAN-004724,Ulsan HD,35_54,free_registered,True,True,2,0.9480427242188076,1,0.5,24081,0.0,0.0,48162,48162.0,1,0.7639000617770225
FAN-004725,FC Seoul,Under_18,season_ticket_partial,True,False,6,0.9295291142808066,5,0.1666666666666666,0,28644.0,1.0,0,28644.0,0,0.0962633616182529
FAN-004726,FC Seoul,55_Plus,season_ticket_partial,True,True,5,0.8017861131316789,4,0.1999999999999999,0,240985.0,2.0,0,240985.0,0,0.1342998957455479
FAN-004727,Gangwon FC,35_54,paid_membership,True,False,2,0.851645203134847,1,0.5,17439,142433.0,1.0,34878,177311.0,1,0.7810179139352419
FAN-004728,Jeonbuk Hyundai Motors,18_34,paid_membership,True,False,3,0.8593832214682934,2,0.3333333333333333,21744,0.0,0.0,65232,65232.0,0,0.12736887309471895
FAN-004729,Jeonbuk Hyundai Motors,18_34,season_ticket_full,True,False,17,0.8331919201356663,14,0.1764705882352941,0,172529.0,2.0,0,172529.0,0,0.05957971821207117
FAN-004730,FC Seoul,Under_18,season_ticket_full,True,True,18,0.6695779485978053,12,0.3333333333333333,0,138331.0,2.0,0,138331.0,0,0.2923587112291447
FAN-004731,FC Seoul,Under_18,season_ticket_full,True,True,15,0.6698858018007214,10,0.3333333333333333,0,216154.0,2.0,0,216154.0,0,0.04676815940051234
FAN-004732,FC Seoul,35_54,free_registered,True,True,1,0.9987195852222864,0,1.0,18980,100985.0,1.0,18980,119965.0,1,0.8456717547159228
FAN-004733,Jeonbuk Hyundai Motors,18_34,free_registered,True,True,2,0.9769019001349606,1,0.5,22797,0.0,0.0,45594,45594.0,1,0.7096246451882965
FAN-004734,Gangwon FC,35_54,paid_membership,True,True,3,0.855829378904512,2,0.3333333333333333,18367,49807.0,1.0,55101,104908.0,0,0.11299588153853603
FAN-004735,Ulsan HD,35_54,paid_membership,True,False,5,0.9859770462293732,4,0.1999999999999999,19702,0.0,0.0,98510,98510.0,1,0.5085102433679801
FAN-004736,FC Seoul,35_54,free_registered,True,True,2,0.951522602357655,1,0.5,20884,96056.0,1.0,41768,137824.0,0,0.49186202470797213
FAN-004737,Ulsan HD,35_54,free_registered,True,True,1,0.9434354067472214,0,1.0,20744,37730.0,1.0,20744,58474.0,1,0.831962620073598
FAN-004738,Ulsan HD,Under_18,season_ticket_partial,True,True,10,0.8964915744237668,8,0.1999999999999999,0,293621.0,3.0,0,293621.0,0,0.17509206730464497
FAN-004739,Ulsan HD,18_34,season_ticket_partial,True,False,11,0.8757162713873574,9,0.1818181818181817,0,93800.0,1.0,0,93800.0,0,0.13974080317830323
FAN-004740,Jeju SK,35_54,free_registered,True,False,2,0.902050236567805,1,0.5,22212,32164.0,1.0,44424,76588.0,1,0.7092272410470783
FAN-004741,Jeonbuk Hyundai Motors,Under_18,season_ticket_partial,True,True,7,0.7373708806553905,5,0.2857142857142857,0,148981.0,2.0,0,148981.0,0,0.2595501999253399
FAN-004742,FC Seoul,Under_18,paid_membership,True,True,2,0.8538074419093193,1,0.5,18168,81140.0,2.0,36336,117476.0,1,0.6518169074160562
FAN-004743,FC Seoul,35_54,season_ticket_partial,True,True,8,0.8442932293355568,6,0.25,0,106616.0,2.0,0,106616.0,0,0.279403549592623
FAN-004744,Gangwon FC,35_54,free_registered,True,False,2,0.970751733814257,1,0.5,21837,35796.0,1.0,43674,79470.0,1,0.6104224410847744
FAN-004745,FC Seoul,18_34,free_registered,False,False,2,0.9171602417137186,1,0.5,18672,93269.0,1.0,37344,130613.0,1,0.5199794312453907
FAN-004746,FC Seoul,35_54,free_registered,True,False,2,0.9795772826516332,1,0.5,24090,140114.0,1.0,48180,188294.0,1,0.5790392851254923
FAN-004747,FC Seoul,35_54,free_registered,False,True,1,0.9800801560595568,0,1.0,17185,0.0,0.0,17185,17185.0,0,0.3456031706902576
FAN-004748,FC Seoul,18_34,paid_membership,True,False,3,0.9716544940197368,2,0.3333333333333333,21891,114895.0,2.0,65673,180568.0,0,0.15368996911165592
FAN-004749,Ulsan HD,Under_18,free_registered,False,False,2,0.9491496518968968,1,0.5,22122,84127.0,1.0,44244,128371.0,1,0.7050069904236419
FAN-004750,Jeonbuk Hyundai Motors,55_Plus,season_ticket_full,True,False,17,0.733023619914738,12,0.2941176470588235,0,295727.0,3.0,0,295727.0,0,0.0536790355613885
FAN-004751,Ulsan HD,18_34,free_registered,False,True,1,0.9420539145105546,0,1.0,19378,0.0,0.0,19378,19378.0,1,0.5497135204596743
FAN-004752,Ulsan HD,Under_18,free_registered,True,True,2,0.908857493583573,1,0.5,19969,0.0,0.0,39938,39938.0,0,0.3055519133981838
FAN-004753,Jeju SK,18_34,paid_membership,True,True,5,0.9679787446592606,4,0.1999999999999999,16745,73006.0,2.0,83725,156731.0,0,0.18353475228475225
FAN-004754,Ulsan HD,35_54,paid_membership,True,True,3,0.965047191486962,2,0.3333333333333333,23145,37594.0,1.0,69435,107029.0,0,0.06746555773450615
FAN-004755,Jeonbuk Hyundai Motors,18_34,free_registered,False,False,2,0.901576750464896,1,0.5,24607,0.0,0.0,49214,49214.0,1,0.7914882086373285
FAN-004756,Jeonbuk Hyundai Motors,18_34,paid_membership,True,False,4,0.8725638264777225,3,0.25,16569,0.0,0.0,66276,66276.0,0,0.16732766173966762
FAN-004757,FC Seoul,18_34,paid_membership,True,True,3,0.9910518211817018,2,0.3333333333333333,20245,128519.0,1.0,60735,189254.0,0,0.08984839160703488
FAN-004758,Jeonbuk Hyundai Motors,55_Plus,paid_membership,True,True,5,0.8973073323471968,4,0.1999999999999999,18066,0.0,0.0,90330,90330.0,0,0.4059278531673604
FAN-004759,Ulsan HD,18_34,paid_membership,True,True,4,0.9368319046481096,3,0.25,23897,0.0,0.0,95588,95588.0,0,0.177294579933297
FAN-004760,Gangwon FC,35_54,free_registered,True,False,1,0.9751326304839124,0,1.0,22499,0.0,0.0,22499,22499.0,0,0.45848576291338733
FAN-004761,Ulsan HD,55_Plus,paid_membership,True,True,5,0.914371735499805,4,0.1999999999999999,22899,47002.0,1.0,114495,161497.0,0,0.09611243386243384
FAN-004762,Gangwon FC,Under_18,season_ticket_partial,True,True,9,0.716299685176822,6,0.3333333333333333,0,222218.0,3.0,0,222218.0,0,0.13636711556276773
FAN-004763,Jeonbuk Hyundai Motors,55_Plus,free_registered,False,True,1,0.9570950238970484,0,1.0,16787,29619.0,1.0,16787,46406.0,1,0.7246761796200141
FAN-004764,FC Seoul,55_Plus,free_registered,True,True,2,0.923281710979,1,0.5,18348,0.0,0.0,36696,36696.0,0,0.4339210993512386
FAN-004765,Ulsan HD,35_54,season_ticket_full,True,False,19,0.7394310957139645,14,0.2631578947368421,0,444983.0,5.0,0,444983.0,0,0.11469179081729446
FAN-004766,Gangwon FC,18_34,free_registered,True,False,2,0.9059784653027502,1,0.5,23470,0.0,0.0,46940,46940.0,0,0.47102416620901655
FAN-004767,Jeonbuk Hyundai Motors,35_54,free_registered,True,True,2,0.9417246270858752,1,0.5,19171,79631.0,1.0,38342,117973.0,1,0.7624120669055594
FAN-004768,FC Seoul,35_54,season_ticket_full,True,False,16,0.7324523792960985,11,0.3125,0,333538.0,3.0,0,333538.0,0,0.05527575852653252
FAN-004769,Jeonbuk Hyundai Motors,55_Plus,free_registered,False,True,2,0.9979859593973474,1,0.5,24598,85048.0,1.0,49196,134244.0,0,0.30432590893749445
FAN-004770,Ulsan HD,18_34,free_registered,True,False,2,0.969655861311412,1,0.5,18142,30285.0,1.0,36284,66569.0,1,0.8096589866746208
FAN-004771,FC Seoul,35_54,season_ticket_partial,True,True,11,0.9254845318955576,10,0.0909090909090909,0,237292.0,3.0,0,237292.0,0,0.050115103415103404
FAN-004772,Ulsan HD,18_34,season_ticket_partial,True,True,10,0.7159618601869091,7,0.3,0,197343.0,2.0,0,197343.0,0,0.09254797174362386
FAN-004773,FC Seoul,18_34,free_registered,True,True,1,0.9560512923880408,0,1.0,21649,0.0,0.0,21649,21649.0,1,0.500065679716528
FAN-004774,Jeonbuk Hyundai Motors,18_34,paid_membership,False,True,2,0.9903310961403962,1,0.5,20297,0.0,0.0,40594,40594.0,1,0.7355227005000061
FAN-004775,Ulsan HD,35_54,season_ticket_partial,True,True,7,0.9142901464597966,6,0.1428571428571429,0,33594.0,1.0,0,33594.0,0,0.08477105150316931
FAN-004776,Jeonbuk Hyundai Motors,18_34,paid_membership,True,False,3,0.8906669318506292,2,0.3333333333333333,19756,183424.0,2.0,59268,242692.0,0,0.06041427883596558
FAN-004777,FC Seoul,18_34,free_registered,True,False,1,0.9220093194469604,0,1.0,19099,0.0,0.0,19099,19099.0,1,0.5492056690086937
FAN-004778,Ulsan HD,55_Plus,free_registered,True,True,1,0.9841923919835814,0,1.0,17041,0.0,0.0,17041,17041.0,1,0.6296404327393103
FAN-004779,FC Seoul,18_34,free_registered,True,False,2,0.9972472024981132,1,0.5,19061,0.0,0.0,38122,38122.0,1,0.5808104085979877
FAN-004780,FC Seoul,35_54,season_ticket_partial,True,True,6,0.7510986377713211,4,0.3333333333333333,0,306724.0,3.0,0,306724.0,0,0.11310543478322982
FAN-004781,FC Seoul,18_34,season_ticket_partial,True,False,8,0.9326267761736426,7,0.125,0,131752.0,2.0,0,131752.0,0,0.1530309672496356
FAN-004782,FC Seoul,18_34,season_ticket_full,True,True,15,0.6792215441449336,10,0.3333333333333333,0,135878.0,2.0,0,135878.0,1,0.5701542125114882
FAN-004783,Jeju SK,35_54,season_ticket_partial,True,False,11,0.7809950136621954,8,0.2727272727272727,0,92654.0,1.0,0,92654.0,0,0.4828859875384884
FAN-004784,FC Seoul,55_Plus,paid_membership,True,True,2,0.9335159277412224,1,0.5,21592,126533.0,1.0,43184,169717.0,0,0.45111532180775515
FAN-004785,Ulsan HD,18_34,free_registered,True,True,2,0.9738849585008074,1,0.5,20708,97957.0,1.0,41416,139373.0,1,0.6692379253581762
FAN-004786,Ulsan HD,35_54,paid_membership,True,True,4,0.926466141970271,3,0.25,23261,119706.0,2.0,93044,212750.0,0,0.14649413885080834
FAN-004787,Jeonbuk Hyundai Motors,Under_18,paid_membership,True,True,4,0.9276049822162316,3,0.25,24249,0.0,0.0,96996,96996.0,0,0.21444869896241614
FAN-004788,Gangwon FC,18_34,paid_membership,True,False,2,0.8500608032785504,1,0.5,21828,116584.0,1.0,43656,160240.0,1,0.7428992335255171
FAN-004789,Ulsan HD,18_34,free_registered,False,True,2,0.9650761292332972,1,0.5,22761,0.0,0.0,45522,45522.0,1,0.6592841230127123
FAN-004790,Ulsan HD,Under_18,season_ticket_full,True,True,17,0.8295147717720754,14,0.1764705882352941,0,77283.0,2.0,0,77283.0,0,0.049217104899457846
FAN-004791,FC Seoul,18_34,free_registered,True,True,2,0.9388625251562912,1,0.5,19610,0.0,0.0,39220,39220.0,0,0.36697451710805196
FAN-004792,Gangwon FC,18_34,free_registered,True,True,2,0.95182466727504,1,0.5,18092,0.0,0.0,36184,36184.0,1,0.6012848333209787
FAN-004793,FC Seoul,Under_18,paid_membership,True,False,4,0.9770330529587592,3,0.25,16973,0.0,0.0,67892,67892.0,0,0.1891033093376836
FAN-004794,FC Seoul,18_34,paid_membership,True,True,2,0.9726658281833546,1,0.5,18462,0.0,0.0,36924,36924.0,1,0.7152038799334435
FAN-004795,FC Seoul,18_34,free_registered,True,False,2,0.9338906406638782,1,0.5,21425,0.0,0.0,42850,42850.0,1,0.5881910146944878
FAN-004796,Ulsan HD,35_54,season_ticket_partial,True,True,7,0.856847920974788,5,0.2857142857142857,0,32339.0,1.0,0,32339.0,0,0.17331647590310653
FAN-004797,FC Seoul,55_Plus,free_registered,True,False,2,0.977565781284788,1,0.5,17482,0.0,0.0,34964,34964.0,1,0.7828937181036865
FAN-004798,Jeonbuk Hyundai Motors,35_54,free_registered,True,False,1,0.9805132564931368,0,1.0,18214,55541.0,1.0,18214,73755.0,0,0.33081494323936184
FAN-004799,FC Seoul,18_34,free_registered,False,False,2,0.949924115255716,1,0.5,19834,37943.0,1.0,39668,77611.0,1,0.807555418671587
FAN-004800,Jeju SK,55_Plus,paid_membership,True,False,3,0.9948160332660736,2,0.3333333333333333,20827,158704.0,2.0,62481,221185.0,0,0.1613038459755328
FAN-004801,FC Seoul,35_54,season_ticket_full,True,True,18,0.643360858353129,11,0.3888888888888888,0,89209.0,2.0,0,89209.0,0,0.15987035191235396
FAN-004802,FC Seoul,18_34,season_ticket_partial,True,False,6,0.7831532488253649,4,0.3333333333333333,0,189976.0,3.0,0,189976.0,0,0.15493526818309428
FAN-004803,Gangwon FC,Under_18,season_ticket_full,True,False,18,0.6383814975960073,11,0.3888888888888888,0,202614.0,3.0,0,202614.0,0,0.2041480511137375
FAN-004804,FC Seoul,35_54,free_registered,True,False,2,0.9920587987143088,1,0.5,17205,0.0,0.0,34410,34410.0,0,0.3960399873305365
FAN-004805,Jeonbuk Hyundai Motors,35_54,free_registered,True,False,1,0.9125199585197576,0,1.0,16967,97511.0,1.0,16967,114478.0,1,0.5314256361697178
FAN-004806,Ulsan HD,35_54,paid_membership,False,False,2,0.987017977221204,1,0.5,21202,143935.0,1.0,42404,186339.0,1,0.822626779158508
FAN-004807,FC Seoul,35_54,free_registered,True,True,2,0.9234072386121868,1,0.5,20759,117321.0,1.0,41518,158839.0,0,0.33311037735564103
FAN-004808,Gangwon FC,35_54,season_ticket_partial,True,True,10,0.8287675498883054,8,0.1999999999999999,0,102017.0,1.0,0,102017.0,0,0.142167665911087
FAN-004809,FC Seoul,55_Plus,paid_membership,True,True,5,0.8645963050379843,4,0.1999999999999999,23344,118781.0,2.0,116720,235501.0,0,0.11582992007992007
FAN-004810,Jeonbuk Hyundai Motors,18_34,season_ticket_full,True,False,17,0.8367445964798178,14,0.1764705882352941,0,363843.0,3.0,0,363843.0,0,0.09512855312905674
FAN-004811,FC Seoul,Under_18,free_registered,True,True,2,0.9561018512668752,1,0.5,19437,0.0,0.0,38874,38874.0,0,0.34037126931697
FAN-004812,Jeonbuk Hyundai Motors,35_54,free_registered,False,True,2,0.9270599978333528,1,0.5,22623,113641.0,1.0,45246,158887.0,1,0.8101872227839936
FAN-004813,FC Seoul,18_34,paid_membership,False,True,3,0.9179880202565216,2,0.3333333333333333,19307,238229.0,2.0,57921,296150.0,0,0.10446212121212119
FAN-004814,Ulsan HD,35_54,free_registered,True,True,2,0.9950271176979516,1,0.5,23938,81224.0,1.0,47876,129100.0,1,0.8318249412685597
FAN-004815,Jeonbuk Hyundai Motors,55_Plus,paid_membership,True,False,4,0.9082135918300612,3,0.25,18492,259951.0,2.0,73968,333919.0,0,0.1317228103280734
FAN-004816,Gangwon FC,35_54,free_registered,True,False,2,0.9349983581963054,1,0.5,23496,54118.0,1.0,46992,101110.0,0,0.37925885540355714
FAN-004817,Gangwon FC,35_54,free_registered,False,True,1,0.906358545414851,0,1.0,23744,142756.0,1.0,23744,166500.0,1,0.5057487155230962
FAN-004818,Jeonbuk Hyundai Motors,18_34,free_registered,False,True,2,0.9833522407091876,1,0.5,18961,0.0,0.0,37922,37922.0,1,0.6543831574109105
FAN-004819,Jeonbuk Hyundai Motors,18_34,free_registered,True,True,2,0.9914422124680136,1,0.5,24258,0.0,0.0,48516,48516.0,1,0.5691325463347606
FAN-004820,FC Seoul,18_34,paid_membership,False,True,2,0.978115538258484,1,0.5,16447,0.0,0.0,32894,32894.0,1,0.7574974980514262
FAN-004821,FC Seoul,35_54,free_registered,True,True,2,0.9912979278228864,1,0.5,22431,0.0,0.0,44862,44862.0,1,0.6378788519633488
FAN-004822,FC Seoul,35_54,free_registered,True,True,1,0.9575902030982696,0,1.0,19779,115654.0,1.0,19779,135433.0,0,0.24222449624949624
FAN-004823,Ulsan HD,35_54,free_registered,False,True,1,0.9839658856092488,0,1.0,21307,36013.0,1.0,21307,57320.0,1,0.8493484732522529
FAN-004824,Ulsan HD,18_34,free_registered,True,True,1,0.994391190014857,0,1.0,16612,0.0,0.0,16612,16612.0,0,0.49936868367337156
FAN-004825,Ulsan HD,18_34,free_registered,True,False,1,0.9889903235679638,0,1.0,22548,74711.0,1.0,22548,97259.0,0,0.4922961075242627
FAN-004826,FC Seoul,35_54,free_registered,True,True,2,0.9587176152410024,1,0.5,22505,15987.0,1.0,45010,60997.0,0,0.31999741657453773
FAN-004827,Jeju SK,18_34,paid_membership,True,True,5,0.921114799655332,4,0.1999999999999999,18692,0.0,0.0,93460,93460.0,0,0.1262720807181671
FAN-004828,FC Seoul,18_34,paid_membership,True,True,4,0.9320579021358396,3,0.25,20674,0.0,0.0,82696,82696.0,0,0.15776062912526187
FAN-004829,Ulsan HD,35_54,paid_membership,False,False,2,0.855514810513625,1,0.5,24915,0.0,0.0,49830,49830.0,1,0.7293983582030876
FAN-004830,Ulsan HD,35_54,season_ticket_partial,True,True,7,0.7715749746767678,5,0.2857142857142857,0,170920.0,3.0,0,170920.0,1,0.5654036183641447
FAN-004831,Jeonbuk Hyundai Motors,18_34,free_registered,False,True,2,0.9002178107890578,1,0.5,22145,0.0,0.0,44290,44290.0,1,0.8878755215579347
FAN-004832,Jeonbuk Hyundai Motors,35_54,paid_membership,True,True,3,0.8682358143171315,2,0.3333333333333333,19323,167159.0,2.0,57969,225128.0,0,0.07036925179093854
FAN-004833,Jeju SK,18_34,season_ticket_partial,True,False,7,0.7672237869252421,5,0.2857142857142857,0,126933.0,1.0,0,126933.0,0,0.19445313835828423
FAN-004834,FC Seoul,55_Plus,free_registered,False,False,1,0.9125122422270886,0,1.0,17626,80229.0,1.0,17626,97855.0,1,0.6912973416312799
FAN-004835,Ulsan HD,Under_18,paid_membership,True,False,4,0.9880185595940828,3,0.25,23223,0.0,0.0,92892,92892.0,0,0.3177954597286086
FAN-004836,FC Seoul,Under_18,free_registered,True,True,1,0.9314408984103952,0,1.0,21178,61992.0,1.0,21178,83170.0,1,0.5956773816860023
FAN-004837,Ulsan HD,35_54,free_registered,True,False,2,0.9838240237620952,1,0.5,19471,0.0,0.0,38942,38942.0,1,0.7081856318110696
FAN-004838,Ulsan HD,18_34,paid_membership,True,False,4,0.9286574355751448,3,0.25,23257,37790.0,1.0,93028,130818.0,0,0.24269730442162096
FAN-004839,FC Seoul,35_54,free_registered,True,True,1,0.9847894042263452,0,1.0,18101,0.0,0.0,18101,18101.0,0,0.4647674718746858
FAN-004840,FC Seoul,35_54,free_registered,False,False,1,0.9610767203521744,0,1.0,22906,0.0,0.0,22906,22906.0,1,0.6242758701119697
FAN-004841,Gangwon FC,35_54,free_registered,False,True,2,0.9919444682616452,1,0.5,21678,0.0,0.0,43356,43356.0,1,0.8683886604100621
FAN-004842,Gangwon FC,55_Plus,free_registered,True,True,2,0.9935626679479218,1,0.5,18995,0.0,0.0,37990,37990.0,1,0.5044729230998681
FAN-004843,Ulsan HD,18_34,free_registered,False,False,2,0.9808877381610844,1,0.5,23213,88749.0,1.0,46426,135175.0,1,0.8599204381428271
FAN-004844,FC Seoul,35_54,paid_membership,False,False,5,0.865232309126748,4,0.1999999999999999,20312,252263.0,2.0,101560,353823.0,0,0.10426697449723762
FAN-004845,FC Seoul,Under_18,paid_membership,True,True,3,0.9723860432229108,2,0.3333333333333333,22777,108535.0,1.0,68331,176866.0,0,0.10158285215453888
FAN-004846,Ulsan HD,18_34,paid_membership,True,True,3,0.8612760674390707,2,0.3333333333333333,17177,0.0,0.0,51531,51531.0,0,0.13623595017389653
FAN-004847,Gangwon FC,35_54,free_registered,True,False,1,0.9417751868534264,0,1.0,23679,0.0,0.0,23679,23679.0,0,0.4197880000757207
FAN-004848,FC Seoul,18_34,season_ticket_full,True,True,15,0.6071974720365185,9,0.4,0,129994.0,2.0,0,129994.0,0,0.48879451713863487
FAN-004849,Jeonbuk Hyundai Motors,35_54,paid_membership,True,True,4,0.8555135363612092,3,0.25,17181,212613.0,2.0,68724,281337.0,0,0.10377103325632735
FAN-004850,FC Seoul,18_34,free_registered,True,True,1,0.943830209896205,0,1.0,21728,24429.0,1.0,21728,46157.0,1,0.7866091775871187
FAN-004851,Gangwon FC,35_54,season_ticket_partial,True,False,5,0.9058130893537812,4,0.1999999999999999,0,106642.0,1.0,0,106642.0,0,0.096493392698284
FAN-004852,Ulsan HD,55_Plus,paid_membership,True,False,4,0.8966886539309041,3,0.25,20888,0.0,0.0,83552,83552.0,0,0.14110684607209872
FAN-004853,Jeonbuk Hyundai Motors,Under_18,paid_membership,True,True,2,0.9723861648117392,1,0.5,21018,98747.0,1.0,42036,140783.0,1,0.6253659988483807
FAN-004854,Ulsan HD,35_54,free_registered,True,True,2,0.9442630937023576,1,0.5,24226,67976.0,1.0,48452,116428.0,0,0.41273812808460714
FAN-004855,Jeju SK,35_54,free_registered,True,True,2,0.9572703155769174,1,0.5,22413,0.0,0.0,44826,44826.0,1,0.5356818426521447
FAN-004856,FC Seoul,18_34,season_ticket_partial,True,True,8,0.8325620822489086,6,0.25,0,85826.0,1.0,0,85826.0,1,0.5340074313060247
FAN-004857,FC Seoul,Under_18,paid_membership,True,False,4,0.9510209565018276,3,0.25,21665,0.0,0.0,86660,86660.0,0,0.3606519134210165
FAN-004858,Gangwon FC,35_54,paid_membership,False,True,4,0.9925097950002728,3,0.25,23054,70269.0,2.0,92216,162485.0,0,0.1314928764046411
FAN-004859,Gangwon FC,18_34,paid_membership,False,True,4,0.98043959669073,3,0.25,19590,99327.0,1.0,78360,177687.0,0,0.13631041366041363
FAN-004860,Jeonbuk Hyundai Motors,18_34,season_ticket_partial,True,False,5,0.7789503332001309,3,0.4,0,224014.0,2.0,0,224014.0,0,0.15094384479167083
FAN-004861,Jeju SK,35_54,free_registered,True,True,2,0.985485385218264,1,0.5,22945,0.0,0.0,45890,45890.0,1,0.8263520827152744
FAN-004862,Jeonbuk Hyundai Motors,18_34,paid_membership,False,True,2,0.8539658159894631,1,0.5,18307,100525.0,2.0,36614,137139.0,1,0.6826475494312451
FAN-004863,FC Seoul,55_Plus,free_registered,True,True,2,0.903122666676294,1,0.5,21167,141292.0,1.0,42334,183626.0,0,0.4639465704479434
FAN-004864,Ulsan HD,35_54,paid_membership,False,False,4,0.9228846475159488,3,0.25,16107,60530.0,1.0,64428,124958.0,0,0.30787111504903264
FAN-004865,Ulsan HD,35_54,paid_membership,False,True,4,0.8520094893585916,3,0.25,22870,148837.0,1.0,91480,240317.0,0,0.24154157779157776
FAN-004866,Jeju SK,Under_18,free_registered,True,True,2,0.9580143228504288,1,0.5,19616,0.0,0.0,39232,39232.0,0,0.43630915891754085
FAN-004867,Ulsan HD,18_34,paid_membership,True,True,5,0.9999631690651496,4,0.1999999999999999,18582,0.0,0.0,92910,92910.0,0,0.12104510705757195
FAN-004868,FC Seoul,18_34,free_registered,True,False,1,0.9116655984818948,0,1.0,18719,0.0,0.0,18719,18719.0,1,0.5385367412193468
FAN-004869,Jeju SK,55_Plus,free_registered,True,True,2,0.9169241871344672,1,0.5,19510,90144.0,1.0,39020,129164.0,1,0.6180941399031916
FAN-004870,Jeonbuk Hyundai Motors,18_34,free_registered,True,False,1,0.9582737234648778,0,1.0,24706,0.0,0.0,24706,24706.0,1,0.8606878045466176
FAN-004871,Ulsan HD,18_34,free_registered,True,False,1,0.9800685580693896,0,1.0,21003,0.0,0.0,21003,21003.0,1,0.509987816322815
FAN-004872,FC Seoul,18_34,free_registered,True,False,2,0.9025988938183056,1,0.5,23479,28759.0,1.0,46958,75717.0,0,0.44506931116334186
FAN-004873,FC Seoul,18_34,free_registered,True,True,1,0.9436240240040202,0,1.0,17219,0.0,0.0,17219,17219.0,1,0.740934916260346
FAN-004874,FC Seoul,18_34,paid_membership,True,True,3,0.928050962604976,2,0.3333333333333333,21151,0.0,0.0,63453,63453.0,0,0.13647668724340298
FAN-004875,FC Seoul,35_54,paid_membership,True,True,4,0.9365836129563756,3,0.25,17608,120036.0,1.0,70432,190468.0,0,0.28487898675685036
FAN-004876,Jeju SK,Under_18,paid_membership,True,True,2,0.8830203849826803,1,0.5,18556,0.0,0.0,37112,37112.0,1,0.7254787687780864
FAN-004877,Jeju SK,Under_18,free_registered,True,False,2,0.9098040427381738,1,0.5,17282,0.0,0.0,34564,34564.0,0,0.48974539655467103
FAN-004878,Jeju SK,18_34,season_ticket_full,True,True,15,0.7648330469676599,11,0.2666666666666667,0,190142.0,3.0,0,190142.0,0,0.048656770789123734
FAN-004879,Ulsan HD,35_54,paid_membership,True,True,3,0.9006134639742179,2,0.3333333333333333,20388,156797.0,2.0,61164,217961.0,0,0.05583246550415225
FAN-004880,Jeonbuk Hyundai Motors,35_54,free_registered,True,True,2,0.9920778936174448,1,0.5,22379,0.0,0.0,44758,44758.0,1,0.5329704825549794
FAN-004881,FC Seoul,18_34,season_ticket_partial,True,False,9,0.934482950219232,8,0.1111111111111111,0,189197.0,3.0,0,189197.0,0,0.12918400488400494
FAN-004882,Ulsan HD,35_54,free_registered,False,True,1,0.9855697517784864,0,1.0,16544,0.0,0.0,16544,16544.0,1,0.8449648650697349
FAN-004883,Jeonbuk Hyundai Motors,18_34,paid_membership,True,True,5,0.9780326850604616,4,0.1999999999999999,16644,0.0,0.0,83220,83220.0,0,0.10099073710665028
FAN-004884,FC Seoul,55_Plus,free_registered,True,True,1,0.9606889834970156,0,1.0,21323,0.0,0.0,21323,21323.0,1,0.6525771935438317
FAN-004885,FC Seoul,Under_18,free_registered,True,False,1,0.9006598376521792,0,1.0,21647,82684.0,1.0,21647,104331.0,1,0.7039403106168809
FAN-004886,Jeonbuk Hyundai Motors,35_54,season_ticket_partial,True,True,9,0.8691862505772027,7,0.2222222222222222,0,240140.0,3.0,0,240140.0,0,0.1820317056446919
FAN-004887,Ulsan HD,35_54,free_registered,False,True,1,0.9802495001313052,0,1.0,22833,0.0,0.0,22833,22833.0,1,0.5790235847353952
FAN-004888,Jeju SK,35_54,free_registered,True,True,1,0.931448971972056,0,1.0,23676,0.0,0.0,23676,23676.0,1,0.5011728711901774
FAN-004889,FC Seoul,18_34,season_ticket_full,True,False,19,0.7090303994888453,13,0.3157894736842105,0,206836.0,2.0,0,206836.0,0,0.06426331239566535
FAN-004890,Jeju SK,18_34,season_ticket_full,True,True,18,0.6116437514971325,11,0.3888888888888888,0,389099.0,4.0,0,389099.0,0,0.45577249281983523
FAN-004891,Ulsan HD,35_54,paid_membership,True,False,5,0.8626737122734076,4,0.1999999999999999,22968,0.0,0.0,114840,114840.0,0,0.22581938458469938
FAN-004892,FC Seoul,Under_18,free_registered,True,False,2,0.9531241111948292,1,0.5,16405,120340.0,1.0,32810,153150.0,1,0.7543460030710032
FAN-004893,Jeju SK,35_54,free_registered,True,True,1,0.965518931486311,0,1.0,18944,0.0,0.0,18944,18944.0,1,0.7112424085493718
FAN-004894,FC Seoul,35_54,paid_membership,True,True,2,0.9908739753529546,1,0.5,24366,219466.0,2.0,48732,268198.0,1,0.5213641445741256
FAN-004895,Ulsan HD,35_54,free_registered,True,True,1,0.9160455949197868,0,1.0,22037,64862.0,1.0,22037,86899.0,1,0.8690841508427712
FAN-004896,FC Seoul,Under_18,free_registered,True,True,2,0.9271108877225078,1,0.5,20695,57980.0,1.0,41390,99370.0,0,0.4831918577101636
FAN-004897,FC Seoul,35_54,paid_membership,True,True,5,0.937226507465146,4,0.1999999999999999,23967,196557.0,2.0,119835,316392.0,0,0.2830595765487071
FAN-004898,FC Seoul,35_54,free_registered,True,True,2,0.9072125432517976,1,0.5,24301,145115.0,1.0,48602,193717.0,1,0.5452792822551951
FAN-004899,FC Seoul,35_54,free_registered,False,True,1,0.9140389144416036,0,1.0,23745,0.0,0.0,23745,23745.0,1,0.7903998650424866
FAN-004900,Gangwon FC,Under_18,free_registered,True,True,2,0.9972327223382924,1,0.5,22755,0.0,0.0,45510,45510.0,1,0.607262923411146
FAN-004901,FC Seoul,Under_18,free_registered,True,False,2,0.9554980275240892,1,0.5,22982,0.0,0.0,45964,45964.0,0,0.47523582927268837
FAN-004902,Ulsan HD,18_34,free_registered,True,False,2,0.9125903435909444,1,0.5,20323,135225.0,1.0,40646,175871.0,0,0.38300036458152636
FAN-004903,FC Seoul,Under_18,free_registered,True,True,2,0.9713095250447557,1,0.5,20839,0.0,0.0,41678,41678.0,1,0.7988901955289598
FAN-004904,Ulsan HD,35_54,free_registered,True,True,2,0.9476787911733232,1,0.5,16746,101604.0,1.0,33492,135096.0,1,0.6145998081933787
FAN-004905,Gangwon FC,55_Plus,paid_membership,True,False,5,0.9499758665547005,4,0.1999999999999999,19619,44680.0,2.0,98095,142775.0,0,0.1950726310726311
FAN-004906,FC Seoul,18_34,season_ticket_partial,True,False,10,0.9416142631663348,9,0.0999999999999999,0,268960.0,2.0,0,268960.0,0,0.2043180643684648
FAN-004907,Gangwon FC,35_54,free_registered,True,False,2,0.9224543158227948,1,0.5,22811,0.0,0.0,45622,45622.0,1,0.8887373993401584
FAN-004908,FC Seoul,Under_18,paid_membership,True,True,4,0.9488431544388264,3,0.25,24850,214568.0,2.0,99400,313968.0,0,0.386502454654756
FAN-004909,Jeonbuk Hyundai Motors,18_34,free_registered,False,True,1,0.9205772778665152,0,1.0,18352,64854.0,1.0,18352,83206.0,1,0.6486656721311891
FAN-004910,Ulsan HD,Under_18,free_registered,False,True,2,0.9911928331776114,1,0.5,16367,146022.0,1.0,32734,178756.0,1,0.5911040438606228
FAN-004911,Jeonbuk Hyundai Motors,18_34,free_registered,True,False,2,0.9857795805798616,1,0.5,23859,0.0,0.0,47718,47718.0,1,0.5415287809353281
FAN-004912,Jeju SK,55_Plus,paid_membership,True,True,2,0.9566051923140344,1,0.5,19540,45652.0,1.0,39080,84732.0,1,0.6114175188036663
FAN-004913,Ulsan HD,Under_18,paid_membership,True,True,2,0.8770392552775431,1,0.5,16571,0.0,0.0,33142,33142.0,1,0.5145242475026303
FAN-004914,FC Seoul,35_54,paid_membership,True,True,3,0.9663099357268918,2,0.3333333333333333,23392,78474.0,2.0,70176,148650.0,0,0.061026260597947336
FAN-004915,FC Seoul,18_34,free_registered,True,False,1,0.97113320858085,0,1.0,22953,89963.0,1.0,22953,112916.0,1,0.6064169798264
FAN-004916,Gangwon FC,55_Plus,free_registered,False,True,1,0.9664521225671988,0,1.0,24966,38260.0,1.0,24966,63226.0,1,0.7689901109812886
FAN-004917,Ulsan HD,Under_18,paid_membership,True,False,2,0.87598358694128,1,0.5,20905,273151.0,2.0,41810,314961.0,1,0.7462354734048992
FAN-004918,Ulsan HD,18_34,free_registered,True,False,2,0.971467422093886,1,0.5,17650,17982.0,1.0,35300,53282.0,1,0.765531970655731
FAN-004919,Jeonbuk Hyundai Motors,Under_18,paid_membership,False,False,4,0.8983975066655681,3,0.25,19480,245441.0,2.0,77920,323361.0,0,0.16114306599832917
FAN-004920,Ulsan HD,18_34,paid_membership,False,True,5,0.8922785253714962,4,0.1999999999999999,24491,0.0,0.0,122455,122455.0,0,0.05286411736411735
FAN-004921,Gangwon FC,18_34,paid_membership,True,False,2,0.9102393418588752,1,0.5,19621,124550.0,1.0,39242,163792.0,0,0.4049895208957281
FAN-004922,Jeonbuk Hyundai Motors,35_54,season_ticket_partial,True,True,9,0.8398280070623476,7,0.2222222222222222,0,202161.0,2.0,0,202161.0,0,0.10441343960909173
FAN-004923,Jeju SK,35_54,season_ticket_full,True,True,17,0.6013768640979166,10,0.4117647058823529,0,481063.0,4.0,0,481063.0,0,0.0757366893273756
FAN-004924,Jeonbuk Hyundai Motors,35_54,paid_membership,True,False,4,0.9652577864525528,3,0.25,20765,0.0,0.0,83060,83060.0,0,0.2386844147361266
FAN-004925,FC Seoul,18_34,paid_membership,True,True,5,0.9549255258150928,4,0.1999999999999999,19983,0.0,0.0,99915,99915.0,0,0.40688539356657905
FAN-004926,FC Seoul,Under_18,free_registered,True,True,1,0.9284153874991684,0,1.0,19283,39058.0,1.0,19283,58341.0,0,0.4104231190689271
FAN-004927,Ulsan HD,18_34,season_ticket_full,True,True,15,0.7391892847476971,11,0.2666666666666667,0,420319.0,5.0,0,420319.0,0,0.10694964870015232
FAN-004928,FC Seoul,55_Plus,free_registered,True,True,2,0.9746114588878416,1,0.5,21626,0.0,0.0,43252,43252.0,0,0.43622225232322054
FAN-004929,Jeonbuk Hyundai Motors,35_54,free_registered,False,True,1,0.9400947719604186,0,1.0,17668,0.0,0.0,17668,17668.0,0,0.39076094738039296
FAN-004930,Gangwon FC,35_54,free_registered,False,True,2,0.9537230950082676,1,0.5,19692,50887.0,1.0,39384,90271.0,1,0.5839170249773046
FAN-004931,Ulsan HD,35_54,free_registered,True,True,2,0.929870591018543,1,0.5,17357,104093.0,1.0,34714,138807.0,1,0.7844957544670341
FAN-004932,Ulsan HD,Under_18,paid_membership,False,False,5,0.8997574186121472,4,0.1999999999999999,18943,246979.0,2.0,94715,341694.0,0,0.1726314711117342
FAN-004933,Gangwon FC,18_34,paid_membership,True,True,5,0.8969061607284149,4,0.1999999999999999,21544,128906.0,1.0,107720,236626.0,0,0.02740964590964591
FAN-004934,Ulsan HD,Under_18,free_registered,True,True,1,0.9214858369173408,0,1.0,17819,0.0,0.0,17819,17819.0,0,0.4968378535025927
FAN-004935,Ulsan HD,18_34,free_registered,False,True,1,0.9988734432052512,0,1.0,20233,59212.0,1.0,20233,79445.0,1,0.8314025884818149
FAN-004936,Ulsan HD,Under_18,season_ticket_full,True,False,19,0.7535455648183162,14,0.2631578947368421,0,488754.0,5.0,0,488754.0,0,0.10010387872938234
FAN-004937,Gangwon FC,18_34,paid_membership,True,False,4,0.9703469861069888,3,0.25,17203,113248.0,2.0,68812,182060.0,1,0.5741368899689872
FAN-004938,Jeju SK,35_54,season_ticket_partial,True,False,10,0.7222422607076148,7,0.3,0,255884.0,2.0,0,255884.0,0,0.08787045562045562
FAN-004939,Jeonbuk Hyundai Motors,35_54,free_registered,True,True,2,0.9752095488918572,1,0.5,17393,0.0,0.0,34786,34786.0,1,0.8736939271384377
FAN-004940,Jeonbuk Hyundai Motors,35_54,paid_membership,True,True,4,0.8847945598454277,3,0.25,20255,94706.0,1.0,81020,175726.0,0,0.20717320593636385
FAN-004941,Ulsan HD,55_Plus,free_registered,True,True,1,0.9787840903158576,0,1.0,17227,109555.0,1.0,17227,126782.0,1,0.7490327056446838
FAN-004942,Ulsan HD,Under_18,free_registered,True,True,1,0.9577133280204576,0,1.0,16527,0.0,0.0,16527,16527.0,1,0.5381643023598144
FAN-004943,Jeonbuk Hyundai Motors,Under_18,free_registered,False,True,2,0.974876712725363,1,0.5,22745,0.0,0.0,45490,45490.0,1,0.8928171717713921
FAN-004944,Ulsan HD,35_54,free_registered,False,False,2,0.9783120464080656,1,0.5,24127,45825.0,1.0,48254,94079.0,1,0.7813889054060387
FAN-004945,Jeonbuk Hyundai Motors,18_34,free_registered,True,True,1,0.9124382247461028,0,1.0,22946,95253.0,1.0,22946,118199.0,1,0.7414906667406667
FAN-004946,Gangwon FC,18_34,season_ticket_full,True,False,19,0.8222589239392747,15,0.2105263157894736,0,463584.0,5.0,0,463584.0,0,0.04236786474336837
FAN-004947,Jeju SK,18_34,free_registered,True,True,1,0.9168766481861376,0,1.0,23279,63423.0,1.0,23279,86702.0,1,0.8609351748187954
FAN-004948,Jeonbuk Hyundai Motors,18_34,free_registered,True,False,2,0.9384067546378332,1,0.5,16214,0.0,0.0,32428,32428.0,1,0.8034861039011529
FAN-004949,Jeonbuk Hyundai Motors,18_34,free_registered,True,True,1,0.90733164419404,0,1.0,17941,0.0,0.0,17941,17941.0,1,0.514002198489211
FAN-004950,Jeonbuk Hyundai Motors,18_34,free_registered,True,False,1,0.9456739570780376,0,1.0,20785,0.0,0.0,20785,20785.0,1,0.7661389571879701
FAN-004951,Ulsan HD,18_34,paid_membership,True,True,2,0.8552270165186434,1,0.5,21652,124121.0,2.0,43304,167425.0,0,0.44117027761713296
FAN-004952,FC Seoul,35_54,free_registered,False,False,1,0.936383497580876,0,1.0,20833,50756.0,1.0,20833,71589.0,1,0.7058888781903405
FAN-004953,Ulsan HD,18_34,paid_membership,True,True,4,0.8589754892801744,3,0.25,23213,137835.0,1.0,92852,230687.0,0,0.17227285168834466
FAN-004954,Jeju SK,18_34,free_registered,True,True,1,0.9724270722143078,0,1.0,17438,67362.0,1.0,17438,84800.0,1,0.6399828081440483
FAN-004955,Ulsan HD,18_34,paid_membership,True,True,4,0.9211079228017526,3,0.25,24096,0.0,0.0,96384,96384.0,0,0.2127195022332194
FAN-004956,Jeonbuk Hyundai Motors,18_34,paid_membership,False,True,2,0.9102265057717228,1,0.5,19202,187724.0,2.0,38404,226128.0,0,0.3075189743903626
FAN-004957,Ulsan HD,35_54,season_ticket_partial,True,False,5,0.86278714192886,4,0.1999999999999999,0,250079.0,3.0,0,250079.0,0,0.29443535770709683
FAN-004958,Jeju SK,35_54,season_ticket_partial,True,False,7,0.808120986543176,5,0.2857142857142857,0,190988.0,3.0,0,190988.0,0,0.23059482345534985
FAN-004959,FC Seoul,35_54,paid_membership,True,False,4,0.890094970646491,3,0.25,22555,197045.0,2.0,90220,287265.0,0,0.2688998755433098
FAN-004960,Jeonbuk Hyundai Motors,18_34,free_registered,True,False,2,0.9075001927623656,1,0.5,20238,0.0,0.0,40476,40476.0,1,0.6958204973744161
FAN-004961,Ulsan HD,35_54,paid_membership,True,True,3,0.9032467822742716,2,0.3333333333333333,17563,0.0,0.0,52689,52689.0,0,0.1298172211179125
FAN-004962,FC Seoul,35_54,paid_membership,True,False,5,0.9999251011314528,4,0.1999999999999999,20909,114486.0,1.0,104545,219031.0,0,0.26789584489584484
FAN-004963,FC Seoul,18_34,season_ticket_partial,True,True,10,0.7558435595816944,7,0.3,0,239726.0,3.0,0,239726.0,0,0.0324776624233146
FAN-004964,Jeonbuk Hyundai Motors,18_34,free_registered,False,False,2,0.9013867071445112,1,0.5,21607,0.0,0.0,43214,43214.0,1,0.6692915784834464
FAN-004965,Ulsan HD,18_34,free_registered,True,True,2,0.9024009781202144,1,0.5,17117,109722.0,1.0,34234,143956.0,1,0.5382963338354922
FAN-004966,FC Seoul,35_54,paid_membership,True,False,4,0.9607407029745972,3,0.25,23168,179725.0,2.0,92672,272397.0,0,0.41849606092042085
FAN-004967,Gangwon FC,35_54,free_registered,True,True,2,0.9111404940758904,1,0.5,24646,57718.0,1.0,49292,107010.0,0,0.2579841289435112
FAN-004968,Jeonbuk Hyundai Motors,Under_18,free_registered,True,True,1,0.920240908269924,0,1.0,23993,0.0,0.0,23993,23993.0,1,0.6889164859842987
FAN-004969,Gangwon FC,35_54,free_registered,True,True,2,0.9418984066803032,1,0.5,23629,36760.0,1.0,47258,84018.0,1,0.6072872903944041
FAN-004970,Ulsan HD,Under_18,paid_membership,True,True,5,0.9625703116752782,4,0.1999999999999999,19639,146303.0,2.0,98195,244498.0,0,0.09289296251252774
FAN-004971,Ulsan HD,Under_18,season_ticket_full,True,True,15,0.8764118020965509,13,0.1333333333333333,0,457193.0,5.0,0,457193.0,0,0.012361861487365114
FAN-004972,Jeonbuk Hyundai Motors,55_Plus,free_registered,False,True,2,0.9623454086793366,1,0.5,16077,0.0,0.0,32154,32154.0,1,0.662186471004986
FAN-004973,Ulsan HD,55_Plus,free_registered,True,False,2,0.9333308604442858,1,0.5,24838,74324.0,1.0,49676,124000.0,0,0.25970853553910833
FAN-004974,Jeonbuk Hyundai Motors,Under_18,free_registered,False,True,2,0.9317782948266576,1,0.5,17102,42509.0,1.0,34204,76713.0,1,0.757967201009675
FAN-004975,FC Seoul,18_34,free_registered,False,False,1,0.9683693722009372,0,1.0,23099,0.0,0.0,23099,23099.0,1,0.7774571962840198
FAN-004976,Ulsan HD,18_34,paid_membership,False,True,5,0.9428109355051018,4,0.1999999999999999,16247,0.0,0.0,81235,81235.0,0,0.27625858584140317
FAN-004977,FC Seoul,18_34,paid_membership,True,True,3,0.9121914411214906,2,0.3333333333333333,19292,74161.0,1.0,57876,132037.0,0,0.150005866177553
FAN-004978,FC Seoul,35_54,free_registered,True,True,2,0.935343375486588,1,0.5,17150,130642.0,1.0,34300,164942.0,0,0.3501780456182482
FAN-004979,FC Seoul,55_Plus,paid_membership,True,True,3,0.944176229891366,2,0.3333333333333333,20999,57652.0,2.0,62997,120649.0,0,0.031868059539746287
FAN-004980,FC Seoul,35_54,paid_membership,True,True,4,0.9022948164964624,3,0.25,24605,0.0,0.0,98420,98420.0,0,0.45648761288074186
FAN-004981,Gangwon FC,18_34,free_registered,False,True,1,0.91572329997803,0,1.0,24867,149373.0,1.0,24867,174240.0,1,0.7400459522042994
FAN-004982,FC Seoul,35_54,free_registered,True,True,2,0.9989960082516408,1,0.5,17409,118511.0,1.0,34818,153329.0,1,0.5726135164627729
FAN-004983,Jeju SK,18_34,season_ticket_full,True,False,17,0.6929220690040296,11,0.3529411764705882,0,195788.0,3.0,0,195788.0,0,0.10704547776116403
FAN-004984,Jeonbuk Hyundai Motors,55_Plus,free_registered,True,True,1,0.9523618226594924,0,1.0,24524,0.0,0.0,24524,24524.0,0,0.28871513238267715
FAN-004985,Jeju SK,35_54,paid_membership,True,True,5,0.994208751024146,4,0.1999999999999999,18343,73751.0,2.0,91715,165466.0,0,0.1560708273208273
FAN-004986,FC Seoul,35_54,free_registered,False,False,1,0.9674003775588208,0,1.0,24632,56172.0,1.0,24632,80804.0,1,0.6544654112792567
FAN-004987,Jeonbuk Hyundai Motors,18_34,paid_membership,True,False,4,0.8669208064380545,3,0.25,22922,144054.0,2.0,91688,235742.0,0,0.17871262052517234
FAN-004988,Jeju SK,18_34,paid_membership,False,True,5,0.939298004666728,4,0.1999999999999999,24720,179475.0,2.0,123600,303075.0,0,0.16795089002825575
FAN-004989,Jeonbuk Hyundai Motors,Under_18,paid_membership,True,False,5,0.882059769746664,4,0.1999999999999999,21706,53742.0,1.0,108530,162272.0,0,0.43386795611795614
FAN-004990,Jeonbuk Hyundai Motors,35_54,season_ticket_partial,True,False,6,0.8749815144907793,5,0.1666666666666666,0,239196.0,3.0,0,239196.0,0,0.07637969993355977
FAN-004991,Gangwon FC,18_34,season_ticket_full,True,True,17,0.8676724079018256,14,0.1764705882352941,0,187743.0,2.0,0,187743.0,0,0.03964330740066034
FAN-004992,Jeju SK,18_34,paid_membership,False,True,3,0.9688038063216426,2,0.3333333333333333,23009,104423.0,1.0,69027,173450.0,0,0.10499051226551223
FAN-004993,Ulsan HD,18_34,free_registered,True,False,1,0.9781717850433638,0,1.0,18545,0.0,0.0,18545,18545.0,1,0.8523495183722887
FAN-004994,Jeju SK,35_54,free_registered,True,True,1,0.9843247397235556,0,1.0,20248,71545.0,1.0,20248,91793.0,0,0.46378949459617275
FAN-004995,FC Seoul,Under_18,paid_membership,False,True,3,0.9527526178940212,2,0.3333333333333333,20439,183775.0,2.0,61317,245092.0,0,0.10098623298623297
FAN-004996,Jeonbuk Hyundai Motors,35_54,paid_membership,False,True,5,0.9012707953885076,4,0.1999999999999999,20211,133702.0,1.0,101055,234757.0,0,0.03153061753061753
FAN-004997,FC Seoul,35_54,free_registered,True,False,2,0.9907028948236796,1,0.5,19997,0.0,0.0,39994,39994.0,0,0.4034105038850435
FAN-004998,Ulsan HD,55_Plus,free_registered,True,False,1,0.90947089893834,0,1.0,24295,82084.0,1.0,24295,106379.0,0,0.4724638406256052
FAN-004999,Jeonbuk Hyundai Motors,18_34,paid_membership,True,False,5,0.9240283577373776,4,0.1999999999999999,18295,25400.0,1.0,91475,116875.0,0,0.2003883287002852
FAN-005000,Jeju SK,18_34,free_registered,True,False,2,0.9701053752603824,1,0.5,21041,0.0,0.0,42082,42082.0,1,0.6364669382585386
