fan_id,favorite_team,age_segment,membership_type,app_registered,push_opt_in,tickets_purchased_2026,attendance_rate,matches_attended_2026,no_show_rate,avg_ticket_price_krw,total_merch_spend_krw,total_merch_items,total_ticket_spend_krw,clv_2026_krw
FAN-000001,Ulsan HD,18_34,free_registered,True,False,2,0.9176843354525686,1,0.5,22288,0.0,0.0,44576,44576.0
FAN-000002,Gangwon FC,18_34,free_registered,True,True,1,0.9532995718292494,0,1.0,19895,25754.0,1.0,19895,45649.0
FAN-000003,Jeonbuk Hyundai Motors,35_54,free_registered,True,True,1,0.9307799093818173,0,1.0,22800,0.0,0.0,22800,22800.0
FAN-000004,Jeju SK,18_34,paid_membership,True,False,4,0.8531901994465434,3,0.25,24977,0.0,0.0,99908,99908.0
FAN-000005,FC Seoul,35_54,free_registered,True,True,1,0.9305659935907729,0,1.0,16822,0.0,0.0,16822,16822.0
FAN-000006,FC Seoul,Under_18,season_ticket_partial,True,False,7,0.8206850373630346,5,0.2857142857142857,0,141391.0,1.0,0,141391.0
FAN-000007,FC Seoul,35_54,free_registered,True,False,2,0.9285920168306524,1,0.5,24624,0.0,0.0,49248,49248.0
FAN-000008,Jeonbuk Hyundai Motors,35_54,paid_membership,True,True,2,0.9195429576502042,1,0.5,23062,86680.0,2.0,46124,132804.0
FAN-000009,Jeju SK,18_34,paid_membership,True,False,2,0.9012898549014157,1,0.5,20372,132341.0,1.0,40744,173085.0
FAN-000010,Jeonbuk Hyundai Motors,18_34,paid_membership,True,True,3,0.9944057671913364,2,0.33333333333333337,19740,18586.0,1.0,59220,77806.0
FAN-000011,FC Seoul,18_34,season_ticket_partial,True,True,6,0.8876683366396003,5,0.16666666666666663,0,46874.0,1.0,0,46874.0
FAN-000012,Gangwon FC,35_54,paid_membership,True,True,4,0.9592067394736526,3,0.25,22243,117275.0,2.0,88972,206247.0
FAN-000013,Jeonbuk Hyundai Motors,18_34,season_ticket_full,True,True,16,0.792179630019406,12,0.25,0,189387.0,2.0,0,189387.0
FAN-000014,FC Seoul,35_54,free_registered,True,True,2,0.9314118648415061,1,0.5,24838,133372.0,1.0,49676,183048.0
FAN-000015,FC Seoul,18_34,paid_membership,False,True,5,0.9652028211049075,4,0.19999999999999996,17884,123964.0,1.0,89420,213384.0
FAN-000016,FC Seoul,18_34,free_registered,False,False,2,0.962292570980888,1,0.5,20672,0.0,0.0,41344,41344.0
FAN-000017,Ulsan HD,Under_18,free_registered,True,False,1,0.981319841313506,0,1.0,21140,0.0,0.0,21140,21140.0
FAN-000018,Ulsan HD,18_34,free_registered,True,False,2,0.9063379884883164,1,0.5,23467,30665.0,1.0,46934,77599.0
FAN-000019,Ulsan HD,35_54,free_registered,True,True,1,0.9109973600797878,0,1.0,22502,34325.0,1.0,22502,56827.0
FAN-000020,FC Seoul,35_54,free_registered,True,True,2,0.9368746035794228,1,0.5,23927,109476.0,1.0,47854,157330.0
FAN-000021,Jeju SK,35_54,free_registered,True,True,1,0.9441486538239448,0,1.0,24334,32751.0,1.0,24334,57085.0
FAN-000022,FC Seoul,18_34,free_registered,False,True,1,0.93952301177308,0,1.0,20705,144305.0,1.0,20705,165010.0
FAN-000023,FC Seoul,55_Plus,season_ticket_partial,True,True,10,0.899788111825728,8,0.19999999999999996,0,239385.0,3.0,0,239385.0
FAN-000024,Ulsan HD,35_54,free_registered,False,False,1,0.9087215304236628,0,1.0,16642,32620.0,1.0,16642,49262.0
FAN-000025,Ulsan HD,55_Plus,paid_membership,True,True,5,0.9839579513519154,4,0.19999999999999996,23855,0.0,0.0,119275,119275.0
FAN-000026,Jeonbuk Hyundai Motors,18_34,free_registered,False,True,1,0.9811744522182846,0,1.0,18499,37062.0,1.0,18499,55561.0
FAN-000027,FC Seoul,18_34,season_ticket_partial,True,True,6,0.7250416698753648,4,0.33333333333333337,0,291151.0,3.0,0,291151.0
FAN-000028,Ulsan HD,Under_18,season_ticket_partial,True,True,9,0.8976775562998731,8,0.11111111111111116,0,190039.0,3.0,0,190039.0
FAN-000029,Jeju SK,35_54,paid_membership,True,True,2,0.9838195059629244,1,0.5,16867,0.0,0.0,33734,33734.0
FAN-000030,FC Seoul,Under_18,paid_membership,True,True,2,0.9431690006244513,1,0.5,17562,0.0,0.0,35124,35124.0
FAN-000031,Jeju SK,18_34,free_registered,True,False,2,0.9796331572073782,1,0.5,18947,0.0,0.0,37894,37894.0
FAN-000032,FC Seoul,18_34,season_ticket_full,True,True,18,0.7547801012286481,13,0.2777777777777778,0,371153.0,4.0,0,371153.0
FAN-000033,FC Seoul,35_54,season_ticket_partial,True,False,5,0.942616770563558,4,0.19999999999999996,0,121391.0,1.0,0,121391.0
FAN-000034,Gangwon FC,35_54,season_ticket_partial,True,True,7,0.9452143678365483,6,0.1428571428571429,0,150347.0,2.0,0,150347.0
FAN-000035,Gangwon FC,18_34,paid_membership,True,True,4,0.8967414706040325,3,0.25,20767,87360.0,1.0,83068,170428.0
FAN-000036,Jeonbuk Hyundai Motors,18_34,free_registered,False,False,2,0.941556800442784,1,0.5,16528,70569.0,1.0,33056,103625.0
FAN-000037,Ulsan HD,35_54,season_ticket_partial,True,True,6,0.7143545066491892,4,0.33333333333333337,0,106625.0,1.0,0,106625.0
FAN-000038,FC Seoul,55_Plus,free_registered,True,True,1,0.9079556640202088,0,1.0,20661,104828.0,1.0,20661,125489.0
FAN-000039,Jeju SK,35_54,paid_membership,False,False,3,0.9123095451412959,2,0.33333333333333337,24716,81534.0,1.0,74148,155682.0
FAN-000040,Ulsan HD,55_Plus,free_registered,True,True,1,0.9802684606781633,0,1.0,22901,76946.0,1.0,22901,99847.0
FAN-000041,FC Seoul,35_54,season_ticket_full,True,True,18,0.6415964376033522,11,0.38888888888888884,0,470065.0,5.0,0,470065.0
FAN-000042,Ulsan HD,35_54,free_registered,True,False,1,0.9399303774393852,0,1.0,24974,58657.0,1.0,24974,83631.0
FAN-000043,FC Seoul,18_34,free_registered,True,False,2,0.9435367481288758,1,0.5,17763,118423.0,1.0,35526,153949.0
FAN-000044,Gangwon FC,35_54,paid_membership,True,True,5,0.9343317531376698,4,0.19999999999999996,22807,0.0,0.0,114035,114035.0
FAN-000045,FC Seoul,35_54,paid_membership,True,True,5,0.9922108398399485,4,0.19999999999999996,16496,0.0,0.0,82480,82480.0
FAN-000046,Jeju SK,35_54,paid_membership,True,False,5,0.8778658693964162,4,0.19999999999999996,18886,0.0,0.0,94430,94430.0
FAN-000047,Ulsan HD,18_34,free_registered,True,True,1,0.9402925644575838,0,1.0,24399,0.0,0.0,24399,24399.0
FAN-000048,Ulsan HD,18_34,free_registered,True,True,2,0.9709275808167378,1,0.5,21584,97205.0,1.0,43168,140373.0
FAN-000049,Ulsan HD,18_34,paid_membership,True,True,5,0.9838856462195438,4,0.19999999999999996,17501,0.0,0.0,87505,87505.0
FAN-000050,FC Seoul,18_34,season_ticket_full,True,False,18,0.831797839543575,14,0.2222222222222222,0,291675.0,4.0,0,291675.0
FAN-000051,Gangwon FC,18_34,season_ticket_partial,True,True,6,0.8145603547284468,4,0.33333333333333337,0,228372.0,3.0,0,228372.0
FAN-000052,Jeonbuk Hyundai Motors,35_54,free_registered,False,False,2,0.9650818716610253,1,0.5,22358,97699.0,1.0,44716,142415.0
FAN-000053,Gangwon FC,18_34,season_ticket_partial,True,True,6,0.9272875053127139,5,0.16666666666666663,0,145797.0,1.0,0,145797.0
FAN-000054,Jeonbuk Hyundai Motors,Under_18,free_registered,False,True,1,0.9090490310038711,0,1.0,20506,149252.0,1.0,20506,169758.0
FAN-000055,Jeju SK,18_34,paid_membership,True,False,3,0.9121624829745231,2,0.33333333333333337,19964,0.0,0.0,59892,59892.0
FAN-000056,Gangwon FC,35_54,free_registered,True,False,1,0.9860200737451021,0,1.0,20027,0.0,0.0,20027,20027.0
FAN-000057,FC Seoul,18_34,free_registered,True,True,2,0.9156132108670539,1,0.5,20204,0.0,0.0,40408,40408.0
FAN-000058,FC Seoul,18_34,paid_membership,True,True,3,0.8756164609496035,2,0.33333333333333337,16026,74812.0,1.0,48078,122890.0
FAN-000059,FC Seoul,35_54,paid_membership,True,False,4,0.9559851315207761,3,0.25,17439,210747.0,2.0,69756,280503.0
FAN-000060,Ulsan HD,18_34,free_registered,True,False,1,0.9140185418851059,0,1.0,17005,71562.0,1.0,17005,88567.0
FAN-000061,Ulsan HD,55_Plus,free_registered,True,True,2,0.913641134462957,1,0.5,17011,33936.0,1.0,34022,67958.0
FAN-000062,FC Seoul,55_Plus,free_registered,True,True,1,0.9347955273339681,0,1.0,22493,101746.0,1.0,22493,124239.0
FAN-000063,Jeonbuk Hyundai Motors,18_34,paid_membership,True,False,3,0.8785379321989625,2,0.33333333333333337,22005,0.0,0.0,66015,66015.0
FAN-000064,Ulsan HD,18_34,free_registered,True,False,2,0.9966315890414434,1,0.5,22789,30214.0,1.0,45578,75792.0
FAN-000065,FC Seoul,35_54,free_registered,True,False,1,0.9571836497365777,0,1.0,24521,0.0,0.0,24521,24521.0
FAN-000066,Ulsan HD,Under_18,paid_membership,True,True,2,0.9076734436843443,1,0.5,22051,30612.0,1.0,44102,74714.0
FAN-000067,FC Seoul,18_34,paid_membership,True,True,4,0.8653482583223534,3,0.25,20017,215785.0,2.0,80068,295853.0
FAN-000068,Jeonbuk Hyundai Motors,18_34,paid_membership,True,False,3,0.9225233099747199,2,0.33333333333333337,19004,227977.0,2.0,57012,284989.0
FAN-000069,FC Seoul,55_Plus,paid_membership,True,True,5,0.8764254624111999,4,0.19999999999999996,22226,43927.0,1.0,111130,155057.0
FAN-000070,Gangwon FC,Under_18,season_ticket_partial,True,True,10,0.9055669305235206,9,0.09999999999999998,0,208384.0,2.0,0,208384.0
FAN-000071,Jeonbuk Hyundai Motors,35_54,season_ticket_full,True,True,17,0.8708297403729537,14,0.17647058823529416,0,330466.0,5.0,0,330466.0
FAN-000072,FC Seoul,35_54,season_ticket_partial,True,True,6,0.816648386093514,4,0.33333333333333337,0,52969.0,1.0,0,52969.0
FAN-000073,FC Seoul,18_34,paid_membership,True,True,5,0.8508276311283539,4,0.19999999999999996,22942,0.0,0.0,114710,114710.0
FAN-000074,Jeonbuk Hyundai Motors,Under_18,free_registered,True,False,2,0.9461580661923241,1,0.5,18234,0.0,0.0,36468,36468.0
FAN-000075,Jeonbuk Hyundai Motors,55_Plus,season_ticket_full,True,False,19,0.7769136396791944,14,0.26315789473684215,0,426851.0,5.0,0,426851.0
FAN-000076,Jeonbuk Hyundai Motors,18_34,free_registered,True,True,2,0.9426966329326651,1,0.5,17870,0.0,0.0,35740,35740.0
FAN-000077,Jeonbuk Hyundai Motors,35_54,free_registered,True,True,2,0.9899709856602341,1,0.5,21606,135302.0,1.0,43212,178514.0
FAN-000078,FC Seoul,18_34,free_registered,True,True,2,0.997237189203751,1,0.5,22256,49801.0,1.0,44512,94313.0
FAN-000079,Ulsan HD,18_34,free_registered,True,False,2,0.93615338576458,1,0.5,22132,0.0,0.0,44264,44264.0
FAN-000080,FC Seoul,18_34,season_ticket_full,True,True,15,0.6694523445509216,10,0.33333333333333337,0,518768.0,5.0,0,518768.0
FAN-000081,Jeonbuk Hyundai Motors,Under_18,paid_membership,True,False,5,0.9002007443690495,4,0.19999999999999996,23937,0.0,0.0,119685,119685.0
FAN-000082,Jeju SK,Under_18,paid_membership,True,True,5,0.8695918934577415,4,0.19999999999999996,23630,151190.0,2.0,118150,269340.0
FAN-000083,Ulsan HD,35_54,paid_membership,True,True,3,0.8671514862909515,2,0.33333333333333337,19781,0.0,0.0,59343,59343.0
FAN-000084,FC Seoul,18_34,free_registered,True,False,2,0.945047211435749,1,0.5,16918,88497.0,1.0,33836,122333.0
FAN-000085,Ulsan HD,18_34,free_registered,True,True,2,0.9542417811894661,1,0.5,19701,0.0,0.0,39402,39402.0
FAN-000086,Ulsan HD,18_34,paid_membership,True,True,4,0.8514262660939345,3,0.25,24347,31645.0,1.0,97388,129033.0
FAN-000087,Jeonbuk Hyundai Motors,35_54,paid_membership,False,True,4,0.9888028129727561,3,0.25,17598,0.0,0.0,70392,70392.0
FAN-000088,Jeju SK,Under_18,free_registered,True,True,2,0.92014901459963,1,0.5,17046,0.0,0.0,34092,34092.0
FAN-000089,Jeonbuk Hyundai Motors,35_54,paid_membership,True,True,5,0.9535595481869195,4,0.19999999999999996,19947,0.0,0.0,99735,99735.0
FAN-000090,Ulsan HD,Under_18,free_registered,True,True,1,0.9235241201621105,0,1.0,20882,0.0,0.0,20882,20882.0
FAN-000091,FC Seoul,Under_18,free_registered,True,False,1,0.9645334026681114,0,1.0,19482,0.0,0.0,19482,19482.0
FAN-000092,Jeonbuk Hyundai Motors,Under_18,free_registered,True,False,2,0.9347685030851303,1,0.5,23941,0.0,0.0,47882,47882.0
FAN-000093,Jeonbuk Hyundai Motors,35_54,free_registered,True,False,2,0.9867703333731864,1,0.5,16227,0.0,0.0,32454,32454.0
FAN-000094,Jeju SK,Under_18,season_ticket_partial,True,True,8,0.8868523654874448,7,0.125,0,194226.0,3.0,0,194226.0
FAN-000095,Jeonbuk Hyundai Motors,Under_18,season_ticket_partial,True,False,11,0.8515052109040094,9,0.18181818181818177,0,292247.0,3.0,0,292247.0
FAN-000096,Ulsan HD,18_34,free_registered,True,True,2,0.9256962429675775,1,0.5,18635,79842.0,1.0,37270,117112.0
FAN-000097,Ulsan HD,35_54,paid_membership,True,True,3,0.9093721687774843,2,0.33333333333333337,19352,143892.0,1.0,58056,201948.0
FAN-000098,Ulsan HD,18_34,paid_membership,True,True,4,0.9829787594849826,3,0.25,22774,154338.0,2.0,91096,245434.0
FAN-000099,FC Seoul,18_34,free_registered,True,False,1,0.9984308516112318,0,1.0,18811,127486.0,1.0,18811,146297.0
FAN-000100,FC Seoul,Under_18,free_registered,True,True,2,0.9119272838277994,1,0.5,24365,0.0,0.0,48730,48730.0
FAN-000101,FC Seoul,18_34,season_ticket_full,True,False,18,0.6806846340224341,12,0.33333333333333337,0,286680.0,3.0,0,286680.0
FAN-000102,Jeju SK,35_54,paid_membership,True,True,3,0.8863984977389963,2,0.33333333333333337,17398,122446.0,2.0,52194,174640.0
FAN-000103,Ulsan HD,35_54,season_ticket_full,True,True,16,0.6235091189383609,9,0.4375,0,231132.0,4.0,0,231132.0
FAN-000104,Ulsan HD,18_34,free_registered,True,True,2,0.9039191214959671,1,0.5,23831,110293.0,1.0,47662,157955.0
FAN-000105,Gangwon FC,18_34,paid_membership,False,False,5,0.9518406120028001,4,0.19999999999999996,19402,0.0,0.0,97010,97010.0
FAN-000106,FC Seoul,Under_18,free_registered,False,True,1,0.9125881721249136,0,1.0,19735,0.0,0.0,19735,19735.0
FAN-000107,Ulsan HD,18_34,free_registered,True,False,1,0.9348350437914771,0,1.0,18434,35110.0,1.0,18434,53544.0
FAN-000108,Jeonbuk Hyundai Motors,Under_18,paid_membership,True,False,4,0.9237297689637037,3,0.25,19219,44230.0,1.0,76876,121106.0
FAN-000109,FC Seoul,35_54,free_registered,True,False,1,0.9976354833993579,0,1.0,17147,0.0,0.0,17147,17147.0
FAN-000110,FC Seoul,55_Plus,free_registered,True,True,2,0.9658262872759695,1,0.5,20835,0.0,0.0,41670,41670.0
FAN-000111,FC Seoul,55_Plus,free_registered,False,False,2,0.9410456080923408,1,0.5,16705,0.0,0.0,33410,33410.0
FAN-000112,FC Seoul,35_54,free_registered,True,False,1,0.9878453732353616,0,1.0,22222,115712.0,1.0,22222,137934.0
FAN-000113,Gangwon FC,35_54,paid_membership,False,True,4,0.8638080220939178,3,0.25,18596,0.0,0.0,74384,74384.0
FAN-000114,Jeonbuk Hyundai Motors,35_54,free_registered,True,False,1,0.933425774216561,0,1.0,19528,95392.0,1.0,19528,114920.0
FAN-000115,Jeju SK,18_34,free_registered,True,True,2,0.9514592770852616,1,0.5,19832,18611.0,1.0,39664,58275.0
FAN-000116,Jeonbuk Hyundai Motors,35_54,free_registered,False,True,2,0.9053875600891345,1,0.5,20807,0.0,0.0,41614,41614.0
FAN-000117,Jeonbuk Hyundai Motors,18_34,free_registered,True,True,2,0.9145858781584819,1,0.5,24792,0.0,0.0,49584,49584.0
FAN-000118,FC Seoul,18_34,paid_membership,False,True,5,0.9899140683769585,4,0.19999999999999996,22369,93486.0,2.0,111845,205331.0
FAN-000119,Jeonbuk Hyundai Motors,35_54,free_registered,True,True,1,0.9179625988423604,0,1.0,18382,36810.0,1.0,18382,55192.0
FAN-000120,Ulsan HD,18_34,paid_membership,True,True,2,0.9154818579371642,1,0.5,24313,0.0,0.0,48626,48626.0
FAN-000121,Jeonbuk Hyundai Motors,18_34,free_registered,True,False,1,0.9096070061681174,0,1.0,16475,16289.0,1.0,16475,32764.0
FAN-000122,Jeonbuk Hyundai Motors,55_Plus,free_registered,True,False,2,0.9888214964699039,1,0.5,24428,0.0,0.0,48856,48856.0
FAN-000123,Ulsan HD,Under_18,season_ticket_partial,True,False,9,0.9412634001244955,8,0.11111111111111116,0,216411.0,3.0,0,216411.0
FAN-000124,FC Seoul,18_34,paid_membership,True,True,2,0.9217421075070166,1,0.5,19913,151886.0,2.0,39826,191712.0
FAN-000125,FC Seoul,55_Plus,free_registered,True,False,1,0.9281622303230174,0,1.0,24573,0.0,0.0,24573,24573.0
FAN-000126,Ulsan HD,35_54,season_ticket_partial,True,True,7,0.7492057237308333,5,0.2857142857142857,0,242190.0,2.0,0,242190.0
FAN-000127,Jeonbuk Hyundai Motors,18_34,free_registered,True,False,1,0.9492133448008351,0,1.0,20484,74448.0,1.0,20484,94932.0
FAN-000128,Jeonbuk Hyundai Motors,18_34,season_ticket_partial,True,True,9,0.8313521245290838,7,0.2222222222222222,0,128222.0,1.0,0,128222.0
FAN-000129,FC Seoul,18_34,paid_membership,False,True,2,0.9851377418977474,1,0.5,19264,112031.0,2.0,38528,150559.0
FAN-000130,Ulsan HD,35_54,paid_membership,True,False,3,0.9987996492400262,2,0.33333333333333337,19724,0.0,0.0,59172,59172.0
FAN-000131,Ulsan HD,35_54,season_ticket_full,True,True,17,0.7233503935030241,12,0.2941176470588235,0,217632.0,4.0,0,217632.0
FAN-000132,FC Seoul,18_34,free_registered,False,True,1,0.9849639501558161,0,1.0,24776,95576.0,1.0,24776,120352.0
FAN-000133,FC Seoul,Under_18,paid_membership,False,False,5,0.8648898272745655,4,0.19999999999999996,16514,104182.0,1.0,82570,186752.0
FAN-000134,Ulsan HD,Under_18,free_registered,True,True,1,0.9141479439584528,0,1.0,19467,44252.0,1.0,19467,63719.0
FAN-000135,Gangwon FC,55_Plus,free_registered,False,True,1,0.973006913285169,0,1.0,16209,0.0,0.0,16209,16209.0
FAN-000136,Ulsan HD,18_34,free_registered,True,True,2,0.945083883341037,1,0.5,22967,0.0,0.0,45934,45934.0
FAN-000137,Ulsan HD,35_54,free_registered,True,True,2,0.9868506445088001,1,0.5,20153,84292.0,1.0,40306,124598.0
FAN-000138,Jeonbuk Hyundai Motors,Under_18,paid_membership,True,True,3,0.8580586427138408,2,0.33333333333333337,19840,0.0,0.0,59520,59520.0
FAN-000139,Ulsan HD,35_54,paid_membership,True,False,2,0.9903210315485573,1,0.5,20039,45428.0,1.0,40078,85506.0
FAN-000140,Gangwon FC,55_Plus,paid_membership,False,True,2,0.8602234288817879,1,0.5,21232,264795.0,2.0,42464,307259.0
FAN-000141,Gangwon FC,35_54,free_registered,True,False,2,0.9868358311497075,1,0.5,20166,22626.0,1.0,40332,62958.0
FAN-000142,FC Seoul,Under_18,free_registered,False,True,1,0.9840511137617036,0,1.0,17068,52097.0,1.0,17068,69165.0
FAN-000143,Ulsan HD,35_54,season_ticket_full,True,True,19,0.8839319201229521,16,0.1578947368421053,0,320777.0,3.0,0,320777.0
FAN-000144,Ulsan HD,35_54,free_registered,True,False,1,0.9030865294004757,0,1.0,17765,140866.0,1.0,17765,158631.0
FAN-000145,FC Seoul,18_34,paid_membership,True,False,4,0.915110549680622,3,0.25,22685,0.0,0.0,90740,90740.0
FAN-000146,FC Seoul,35_54,paid_membership,False,False,2,0.9898931360155252,1,0.5,20571,133824.0,1.0,41142,174966.0
FAN-000147,Jeju SK,35_54,paid_membership,True,False,3,0.9688100993092889,2,0.33333333333333337,23407,36264.0,1.0,70221,106485.0
FAN-000148,Ulsan HD,35_54,paid_membership,False,True,3,0.9678662872108503,2,0.33333333333333337,16571,0.0,0.0,49713,49713.0
FAN-000149,FC Seoul,35_54,season_ticket_partial,True,True,11,0.9348589794266113,10,0.09090909090909094,0,41716.0,1.0,0,41716.0
FAN-000150,FC Seoul,Under_18,free_registered,True,False,2,0.9395713740263768,1,0.5,19225,19583.0,1.0,38450,58033.0
FAN-000151,Gangwon FC,18_34,season_ticket_partial,True,True,5,0.7258575665365632,3,0.4,0,146478.0,1.0,0,146478.0
FAN-000152,FC Seoul,18_34,free_registered,False,True,2,0.9169114457428095,1,0.5,16224,119372.0,1.0,32448,151820.0
FAN-000153,FC Seoul,55_Plus,free_registered,False,True,2,0.9383748784195105,1,0.5,24749,0.0,0.0,49498,49498.0
FAN-000154,Ulsan HD,35_54,free_registered,True,False,2,0.9705182504473776,1,0.5,21673,59138.0,1.0,43346,102484.0
FAN-000155,Gangwon FC,35_54,paid_membership,True,True,5,0.9997161210805957,4,0.19999999999999996,19528,141156.0,1.0,97640,238796.0
FAN-000156,FC Seoul,18_34,free_registered,True,True,2,0.9319795933096109,1,0.5,22635,0.0,0.0,45270,45270.0
FAN-000157,Jeju SK,18_34,free_registered,True,True,1,0.9563827373129961,0,1.0,24644,0.0,0.0,24644,24644.0
FAN-000158,Jeonbuk Hyundai Motors,35_54,free_registered,True,False,2,0.9691211669852934,1,0.5,17897,54481.0,1.0,35794,90275.0
FAN-000159,FC Seoul,18_34,season_ticket_partial,True,True,7,0.7472882136366654,5,0.2857142857142857,0,281147.0,2.0,0,281147.0
FAN-000160,Jeonbuk Hyundai Motors,18_34,season_ticket_partial,True,True,6,0.7060750155414663,4,0.33333333333333337,0,317550.0,3.0,0,317550.0
FAN-000161,Ulsan HD,35_54,paid_membership,True,False,5,0.996623778404205,4,0.19999999999999996,24900,0.0,0.0,124500,124500.0
FAN-000162,Jeju SK,Under_18,paid_membership,True,False,4,0.9101949048452915,3,0.25,24345,191746.0,2.0,97380,289126.0
FAN-000163,Jeju SK,18_34,free_registered,True,False,2,0.9612236129771329,1,0.5,24657,0.0,0.0,49314,49314.0
FAN-000164,Ulsan HD,18_34,free_registered,True,False,2,0.9530327565492372,1,0.5,24758,93449.0,1.0,49516,142965.0
FAN-000165,FC Seoul,Under_18,season_ticket_partial,True,True,10,0.8669738132127747,8,0.19999999999999996,0,373027.0,3.0,0,373027.0
FAN-000166,Jeonbuk Hyundai Motors,55_Plus,free_registered,True,True,1,0.9488030306656166,0,1.0,18814,0.0,0.0,18814,18814.0
FAN-000167,Ulsan HD,18_34,free_registered,True,True,2,0.9447311156214953,1,0.5,21569,0.0,0.0,43138,43138.0
FAN-000168,FC Seoul,Under_18,free_registered,True,False,1,0.9258559025490917,0,1.0,22222,112960.0,1.0,22222,135182.0
FAN-000169,FC Seoul,18_34,free_registered,True,True,2,0.9446274485758565,1,0.5,24202,0.0,0.0,48404,48404.0
FAN-000170,Jeju SK,35_54,free_registered,False,False,1,0.9203530242087059,0,1.0,17004,90229.0,1.0,17004,107233.0
FAN-000171,Jeju SK,18_34,paid_membership,True,False,4,0.9802277476959993,3,0.25,20905,106501.0,1.0,83620,190121.0
FAN-000172,FC Seoul,35_54,free_registered,True,True,2,0.9908785135599982,1,0.5,20944,109615.0,1.0,41888,151503.0
FAN-000173,Ulsan HD,Under_18,paid_membership,True,True,5,0.939031106408029,4,0.19999999999999996,22304,178637.0,2.0,111520,290157.0
FAN-000174,FC Seoul,Under_18,free_registered,True,True,1,0.9556256424056836,0,1.0,16498,0.0,0.0,16498,16498.0
FAN-000175,Jeju SK,18_34,free_registered,False,True,2,0.9732319319407265,1,0.5,22315,125007.0,1.0,44630,169637.0
FAN-000176,FC Seoul,35_54,free_registered,True,True,2,0.9907195799660853,1,0.5,23000,57536.0,1.0,46000,103536.0
FAN-000177,Jeju SK,35_54,paid_membership,True,False,2,0.8788002833779234,1,0.5,22369,0.0,0.0,44738,44738.0
FAN-000178,Ulsan HD,Under_18,free_registered,True,True,1,0.9907151823739643,0,1.0,21939,0.0,0.0,21939,21939.0
FAN-000179,Gangwon FC,18_34,paid_membership,True,True,5,0.9879226365374737,4,0.19999999999999996,23436,233951.0,2.0,117180,351131.0
FAN-000180,FC Seoul,55_Plus,paid_membership,True,True,3,0.8897591962578497,2,0.33333333333333337,20390,148378.0,1.0,61170,209548.0
FAN-000181,Ulsan HD,18_34,paid_membership,True,False,5,0.8869496270886962,4,0.19999999999999996,23486,85444.0,1.0,117430,202874.0
FAN-000182,FC Seoul,35_54,free_registered,True,False,2,0.9652816431060677,1,0.5,17551,69459.0,1.0,35102,104561.0
FAN-000183,Gangwon FC,Under_18,free_registered,False,False,1,0.9260558453451369,0,1.0,16725,32221.0,1.0,16725,48946.0
FAN-000184,Jeonbuk Hyundai Motors,55_Plus,free_registered,True,False,2,0.9348846559830102,1,0.5,20681,16780.0,1.0,41362,58142.0
FAN-000185,FC Seoul,35_54,paid_membership,True,True,4,0.9514242204678174,3,0.25,22727,156776.0,2.0,90908,247684.0
FAN-000186,Jeju SK,55_Plus,free_registered,True,True,2,0.949797568708766,1,0.5,20429,82012.0,1.0,40858,122870.0
FAN-000187,Jeonbuk Hyundai Motors,35_54,season_ticket_partial,True,True,6,0.7999414226714852,4,0.33333333333333337,0,125809.0,2.0,0,125809.0
FAN-000188,Jeju SK,18_34,season_ticket_partial,True,True,8,0.7233834907288634,5,0.375,0,288246.0,3.0,0,288246.0
FAN-000189,Ulsan HD,55_Plus,free_registered,True,False,1,0.9991916158250034,0,1.0,16934,0.0,0.0,16934,16934.0
FAN-000190,FC Seoul,18_34,free_registered,True,True,1,0.9243870427783416,0,1.0,20585,0.0,0.0,20585,20585.0
FAN-000191,FC Seoul,18_34,paid_membership,False,True,3,0.8905900548404477,2,0.33333333333333337,19812,145674.0,1.0,59436,205110.0
FAN-000192,Jeonbuk Hyundai Motors,35_54,free_registered,True,False,2,0.945471556255052,1,0.5,16872,0.0,0.0,33744,33744.0
FAN-000193,Gangwon FC,35_54,free_registered,True,False,1,0.9307778886950667,0,1.0,24490,0.0,0.0,24490,24490.0
FAN-000194,Jeju SK,55_Plus,season_ticket_partial,True,False,8,0.8598783121277191,6,0.25,0,71246.0,1.0,0,71246.0
FAN-000195,Ulsan HD,18_34,free_registered,True,True,2,0.9732722459268429,1,0.5,21818,0.0,0.0,43636,43636.0
FAN-000196,Ulsan HD,35_54,season_ticket_full,True,False,18,0.7545715290979373,13,0.2777777777777778,0,462932.0,5.0,0,462932.0
FAN-000197,Jeonbuk Hyundai Motors,35_54,paid_membership,False,True,2,0.9159739693218211,1,0.5,19984,0.0,0.0,39968,39968.0
FAN-000198,Jeonbuk Hyundai Motors,Under_18,paid_membership,False,True,3,0.8712950804752947,2,0.33333333333333337,23186,0.0,0.0,69558,69558.0
FAN-000199,Jeonbuk Hyundai Motors,18_34,free_registered,True,False,2,0.9555230235848925,1,0.5,22061,44615.0,1.0,44122,88737.0
FAN-000200,Jeonbuk Hyundai Motors,18_34,free_registered,True,False,2,0.9291191979265316,1,0.5,23540,57532.0,1.0,47080,104612.0
FAN-000201,Jeju SK,18_34,paid_membership,True,True,2,0.8781364555470458,1,0.5,21273,0.0,0.0,42546,42546.0
FAN-000202,FC Seoul,55_Plus,free_registered,True,True,1,0.9134841253193499,0,1.0,24385,0.0,0.0,24385,24385.0
FAN-000203,FC Seoul,35_54,free_registered,True,True,2,0.9741384225153462,1,0.5,18651,0.0,0.0,37302,37302.0
FAN-000204,Jeonbuk Hyundai Motors,35_54,free_registered,True,True,1,0.9110924455123283,0,1.0,18435,27418.0,1.0,18435,45853.0
FAN-000205,Jeju SK,55_Plus,free_registered,True,False,2,0.9784959223275218,1,0.5,21525,0.0,0.0,43050,43050.0
FAN-000206,FC Seoul,18_34,free_registered,True,True,2,0.9825540575639631,1,0.5,16367,27326.0,1.0,32734,60060.0
FAN-000207,FC Seoul,35_54,paid_membership,False,False,3,0.9011367396179546,2,0.33333333333333337,18609,77512.0,1.0,55827,133339.0
FAN-000208,Jeju SK,18_34,free_registered,False,False,2,0.9830839132955383,1,0.5,23615,144762.0,1.0,47230,191992.0
FAN-000209,FC Seoul,35_54,free_registered,True,True,1,0.9648169074990005,0,1.0,23122,0.0,0.0,23122,23122.0
FAN-000210,FC Seoul,18_34,paid_membership,True,True,2,0.8651393014884136,1,0.5,23945,165329.0,2.0,47890,213219.0
FAN-000211,Ulsan HD,55_Plus,season_ticket_full,True,True,15,0.8727930407429505,13,0.1333333333333333,0,494330.0,5.0,0,494330.0
FAN-000212,Jeju SK,18_34,free_registered,True,True,1,0.9615466803200631,0,1.0,24719,0.0,0.0,24719,24719.0
FAN-000213,Jeju SK,18_34,free_registered,False,True,1,0.9400857387061721,0,1.0,18147,29413.0,1.0,18147,47560.0
FAN-000214,FC Seoul,35_54,paid_membership,True,True,5,0.9364691178110532,4,0.19999999999999996,21558,0.0,0.0,107790,107790.0
FAN-000215,Jeonbuk Hyundai Motors,18_34,season_ticket_partial,True,False,11,0.8320125305651821,9,0.18181818181818177,0,103836.0,1.0,0,103836.0
FAN-000216,FC Seoul,35_54,paid_membership,True,True,5,0.9780151530903228,4,0.19999999999999996,17401,0.0,0.0,87005,87005.0
FAN-000217,Ulsan HD,18_34,paid_membership,False,False,5,0.9792927819781525,4,0.19999999999999996,16328,144055.0,1.0,81640,225695.0
FAN-000218,Jeonbuk Hyundai Motors,35_54,free_registered,True,True,1,0.9552500349795555,0,1.0,17023,50196.0,1.0,17023,67219.0
FAN-000219,Jeju SK,18_34,paid_membership,True,False,4,0.9745821757023782,3,0.25,24955,79905.0,1.0,99820,179725.0
FAN-000220,Jeonbuk Hyundai Motors,Under_18,free_registered,True,False,2,0.9679145744980664,1,0.5,16032,120652.0,1.0,32064,152716.0
FAN-000221,Jeju SK,18_34,paid_membership,False,True,4,0.9230446711956051,3,0.25,19168,0.0,0.0,76672,76672.0
FAN-000222,Jeju SK,18_34,paid_membership,False,False,5,0.8856110408392519,4,0.19999999999999996,16385,0.0,0.0,81925,81925.0
FAN-000223,FC Seoul,18_34,season_ticket_full,True,False,17,0.8279568350519562,14,0.17647058823529416,0,453351.0,5.0,0,453351.0
FAN-000224,Ulsan HD,18_34,free_registered,False,False,2,0.9703039044833607,1,0.5,19388,140487.0,1.0,38776,179263.0
FAN-000225,FC Seoul,18_34,free_registered,True,False,1,0.9399457804768903,0,1.0,22464,0.0,0.0,22464,22464.0
FAN-000226,FC Seoul,Under_18,paid_membership,True,True,3,0.8680238854628789,2,0.33333333333333337,20181,115573.0,1.0,60543,176116.0
FAN-000227,Gangwon FC,35_54,paid_membership,True,True,5,0.8622617636430795,4,0.19999999999999996,18589,79509.0,2.0,92945,172454.0
FAN-000228,Ulsan HD,35_54,paid_membership,True,True,2,0.9962571328871058,1,0.5,24271,222413.0,2.0,48542,270955.0
FAN-000229,Jeonbuk Hyundai Motors,18_34,free_registered,False,True,1,0.9854914022373096,0,1.0,16393,35258.0,1.0,16393,51651.0
FAN-000230,Jeju SK,35_54,free_registered,False,False,2,0.9854807645168107,1,0.5,16666,0.0,0.0,33332,33332.0
FAN-000231,Jeonbuk Hyundai Motors,35_54,paid_membership,True,False,2,0.9477997719134851,1,0.5,18925,20005.0,1.0,37850,57855.0
FAN-000232,Ulsan HD,18_34,free_registered,True,True,2,0.9823021220737033,1,0.5,23978,0.0,0.0,47956,47956.0
FAN-000233,Jeju SK,35_54,season_ticket_partial,True,False,5,0.7151092632559013,3,0.4,0,199759.0,2.0,0,199759.0
FAN-000234,Ulsan HD,18_34,free_registered,True,False,2,0.9066492786938659,1,0.5,23538,0.0,0.0,47076,47076.0
FAN-000235,FC Seoul,18_34,paid_membership,True,True,5,0.9006562313227461,4,0.19999999999999996,23266,222793.0,2.0,116330,339123.0
FAN-000236,Jeonbuk Hyundai Motors,Under_18,paid_membership,True,True,3,0.9208008238401155,2,0.33333333333333337,18314,97742.0,1.0,54942,152684.0
FAN-000237,FC Seoul,35_54,paid_membership,True,True,3,0.9731952153879612,2,0.33333333333333337,23289,0.0,0.0,69867,69867.0
FAN-000238,FC Seoul,35_54,free_registered,True,False,2,0.9115169894341073,1,0.5,16031,23808.0,1.0,32062,55870.0
FAN-000239,Jeju SK,Under_18,season_ticket_partial,True,False,8,0.7821582706952922,6,0.25,0,145758.0,1.0,0,145758.0
FAN-000240,FC Seoul,18_34,free_registered,True,True,2,0.9710296524840057,1,0.5,20563,0.0,0.0,41126,41126.0
FAN-000241,Gangwon FC,55_Plus,paid_membership,False,True,5,0.9963938975118659,4,0.19999999999999996,16291,164175.0,2.0,81455,245630.0
FAN-000242,Gangwon FC,18_34,free_registered,True,False,2,0.9346403982693563,1,0.5,23598,0.0,0.0,47196,47196.0
FAN-000243,Gangwon FC,18_34,free_registered,True,False,2,0.9187824078243887,1,0.5,24791,131972.0,1.0,49582,181554.0
FAN-000244,Ulsan HD,55_Plus,free_registered,False,False,2,0.9975430969149548,1,0.5,16170,108304.0,1.0,32340,140644.0
FAN-000245,FC Seoul,35_54,free_registered,True,False,1,0.9318228523286168,0,1.0,22511,148972.0,1.0,22511,171483.0
FAN-000246,Gangwon FC,35_54,season_ticket_full,True,True,17,0.6304856731775329,10,0.4117647058823529,0,536999.0,5.0,0,536999.0
FAN-000247,Ulsan HD,35_54,free_registered,False,True,2,0.9918433822995303,1,0.5,23300,0.0,0.0,46600,46600.0
FAN-000248,Gangwon FC,35_54,paid_membership,True,True,5,0.8771137951117932,4,0.19999999999999996,18930,0.0,0.0,94650,94650.0
FAN-000249,Gangwon FC,18_34,season_ticket_full,True,False,15,0.8888520260031998,13,0.1333333333333333,0,142702.0,2.0,0,142702.0
FAN-000250,Jeonbuk Hyundai Motors,18_34,free_registered,True,True,2,0.931091202059968,1,0.5,16111,24716.0,1.0,32222,56938.0
FAN-000251,FC Seoul,18_34,paid_membership,True,False,5,0.966850666326121,4,0.19999999999999996,16354,0.0,0.0,81770,81770.0
FAN-000252,Ulsan HD,55_Plus,free_registered,True,True,1,0.9205158107952803,0,1.0,21889,30305.0,1.0,21889,52194.0
FAN-000253,Jeonbuk Hyundai Motors,35_54,free_registered,True,False,2,0.9717321155205787,1,0.5,24073,0.0,0.0,48146,48146.0
FAN-000254,Ulsan HD,Under_18,free_registered,False,True,1,0.9835286501461836,0,1.0,24382,0.0,0.0,24382,24382.0
FAN-000255,FC Seoul,35_54,season_ticket_full,True,True,16,0.7551156651758879,12,0.25,0,403227.0,5.0,0,403227.0
FAN-000256,Jeju SK,18_34,free_registered,False,False,2,0.9008917431066538,1,0.5,18309,0.0,0.0,36618,36618.0
FAN-000257,Gangwon FC,Under_18,paid_membership,False,True,3,0.8975041665534556,2,0.33333333333333337,23215,77619.0,1.0,69645,147264.0
FAN-000258,Jeju SK,18_34,paid_membership,True,False,4,0.9148430657416305,3,0.25,21020,220217.0,2.0,84080,304297.0
FAN-000259,Jeju SK,18_34,season_ticket_partial,True,True,7,0.7220492980288975,5,0.2857142857142857,0,248606.0,3.0,0,248606.0
FAN-000260,FC Seoul,35_54,free_registered,True,True,1,0.9544075992781141,0,1.0,20424,128341.0,1.0,20424,148765.0
FAN-000261,Jeju SK,18_34,paid_membership,True,False,5,0.9748102881826779,4,0.19999999999999996,18919,255984.0,2.0,94595,350579.0
FAN-000262,Gangwon FC,35_54,paid_membership,False,False,5,0.9165320120282486,4,0.19999999999999996,24964,136278.0,2.0,124820,261098.0
FAN-000263,FC Seoul,35_54,paid_membership,True,True,3,0.8849560198519391,2,0.33333333333333337,18064,211195.0,2.0,54192,265387.0
FAN-000264,Ulsan HD,Under_18,season_ticket_full,True,False,15,0.7481539793882528,11,0.2666666666666667,0,541798.0,5.0,0,541798.0
FAN-000265,Jeonbuk Hyundai Motors,55_Plus,season_ticket_partial,True,True,7,0.8253063362858281,5,0.2857142857142857,0,170884.0,3.0,0,170884.0
FAN-000266,Jeonbuk Hyundai Motors,18_34,free_registered,True,True,1,0.9891607976804646,0,1.0,21743,0.0,0.0,21743,21743.0
FAN-000267,Jeju SK,18_34,free_registered,True,True,2,0.9058174514158712,1,0.5,22225,43514.0,1.0,44450,87964.0
FAN-000268,Jeonbuk Hyundai Motors,18_34,free_registered,True,True,2,0.9509986568370059,1,0.5,21637,80408.0,1.0,43274,123682.0
FAN-000269,Ulsan HD,35_54,free_registered,True,True,2,0.9420373885757146,1,0.5,18843,0.0,0.0,37686,37686.0
FAN-000270,FC Seoul,18_34,free_registered,True,True,1,0.9393107887151897,0,1.0,22249,0.0,0.0,22249,22249.0
FAN-000271,Jeonbuk Hyundai Motors,18_34,free_registered,True,True,1,0.9371467591566371,0,1.0,17683,106757.0,1.0,17683,124440.0
FAN-000272,Jeonbuk Hyundai Motors,Under_18,free_registered,True,False,1,0.9531986157396413,0,1.0,23887,110620.0,1.0,23887,134507.0
FAN-000273,Jeonbuk Hyundai Motors,18_34,season_ticket_full,True,True,19,0.7114587196410008,13,0.3157894736842105,0,416410.0,5.0,0,416410.0
FAN-000274,Gangwon FC,35_54,free_registered,False,False,2,0.9871287994084949,1,0.5,19079,36814.0,1.0,38158,74972.0
FAN-000275,Ulsan HD,18_34,season_ticket_full,True,False,16,0.8978833560694535,14,0.125,0,311648.0,4.0,0,311648.0
FAN-000276,Ulsan HD,18_34,free_registered,True,True,2,0.9347110628247204,1,0.5,18558,0.0,0.0,37116,37116.0
FAN-000277,Jeonbuk Hyundai Motors,18_34,paid_membership,True,True,3,0.9811680642590062,2,0.33333333333333337,24926,158865.0,2.0,74778,233643.0
FAN-000278,Jeju SK,18_34,season_ticket_partial,True,True,10,0.8407284819476699,8,0.19999999999999996,0,81881.0,1.0,0,81881.0
FAN-000279,Jeonbuk Hyundai Motors,55_Plus,free_registered,True,False,2,0.9786731618411537,1,0.5,22070,16196.0,1.0,44140,60336.0
FAN-000280,Jeonbuk Hyundai Motors,18_34,free_registered,False,True,1,0.9440859571188671,0,1.0,23391,45328.0,1.0,23391,68719.0
FAN-000281,Jeonbuk Hyundai Motors,55_Plus,free_registered,False,True,2,0.9984524327344906,1,0.5,24078,57818.0,1.0,48156,105974.0
FAN-000282,Ulsan HD,18_34,free_registered,False,False,2,0.9535568141140279,1,0.5,24762,0.0,0.0,49524,49524.0
FAN-000283,Ulsan HD,18_34,season_ticket_full,True,False,16,0.6840565067223182,10,0.375,0,234347.0,3.0,0,234347.0
FAN-000284,FC Seoul,35_54,season_ticket_partial,True,True,6,0.7891468179077012,4,0.33333333333333337,0,129165.0,1.0,0,129165.0
FAN-000285,Jeju SK,18_34,free_registered,True,True,2,0.9599744582701101,1,0.5,17419,0.0,0.0,34838,34838.0
FAN-000286,FC Seoul,35_54,free_registered,True,False,1,0.9581336266296233,0,1.0,16848,0.0,0.0,16848,16848.0
FAN-000287,Ulsan HD,55_Plus,free_registered,True,False,2,0.9105673083760277,1,0.5,22930,0.0,0.0,45860,45860.0
FAN-000288,Ulsan HD,Under_18,free_registered,False,True,2,0.9929279409832086,1,0.5,24956,107332.0,1.0,49912,157244.0
FAN-000289,FC Seoul,Under_18,paid_membership,True,True,3,0.9693394696548681,2,0.33333333333333337,22426,88510.0,1.0,67278,155788.0
FAN-000290,Jeju SK,35_54,free_registered,False,False,1,0.9500463581290534,0,1.0,23604,140856.0,1.0,23604,164460.0
FAN-000291,FC Seoul,18_34,paid_membership,True,False,4,0.9546590319772027,3,0.25,21801,235820.0,2.0,87204,323024.0
FAN-000292,FC Seoul,18_34,free_registered,False,False,2,0.9838546131447512,1,0.5,20347,21871.0,1.0,40694,62565.0
FAN-000293,Jeonbuk Hyundai Motors,Under_18,free_registered,True,True,1,0.9291517592970834,0,1.0,21420,0.0,0.0,21420,21420.0
FAN-000294,Ulsan HD,Under_18,paid_membership,True,False,2,0.8603763010555125,1,0.5,24899,0.0,0.0,49798,49798.0
FAN-000295,FC Seoul,35_54,free_registered,True,True,1,0.919882660557045,0,1.0,18083,0.0,0.0,18083,18083.0
FAN-000296,Ulsan HD,Under_18,season_ticket_full,True,True,17,0.8279954173182708,14,0.17647058823529416,0,397058.0,4.0,0,397058.0
FAN-000297,Jeonbuk Hyundai Motors,18_34,season_ticket_partial,True,False,7,0.780455999225123,5,0.2857142857142857,0,279084.0,3.0,0,279084.0
FAN-000298,FC Seoul,35_54,free_registered,True,True,2,0.9291774473148136,1,0.5,23499,0.0,0.0,46998,46998.0
FAN-000299,Jeju SK,18_34,free_registered,True,False,1,0.9117356040937132,0,1.0,23103,0.0,0.0,23103,23103.0
FAN-000300,FC Seoul,Under_18,season_ticket_partial,True,True,8,0.7357692565131793,5,0.375,0,289589.0,3.0,0,289589.0
FAN-000301,FC Seoul,35_54,season_ticket_partial,True,False,6,0.8881257872784952,5,0.16666666666666663,0,71643.0,2.0,0,71643.0
FAN-000302,Ulsan HD,Under_18,season_ticket_partial,True,True,8,0.9113241312410842,7,0.125,0,159465.0,2.0,0,159465.0
FAN-000303,Ulsan HD,35_54,free_registered,True,False,1,0.9320125492058043,0,1.0,17151,0.0,0.0,17151,17151.0
FAN-000304,Jeju SK,35_54,season_ticket_full,True,True,18,0.614072874523763,11,0.38888888888888884,0,140991.0,3.0,0,140991.0
FAN-000305,Jeonbuk Hyundai Motors,18_34,free_registered,True,False,2,0.9081773148313149,1,0.5,19766,61475.0,1.0,39532,101007.0
FAN-000306,Gangwon FC,18_34,paid_membership,True,False,4,0.940553470501464,3,0.25,24522,54049.0,1.0,98088,152137.0
FAN-000307,Ulsan HD,18_34,season_ticket_partial,True,True,10,0.7500997877902402,7,0.30000000000000004,0,125315.0,1.0,0,125315.0
FAN-000308,Ulsan HD,18_34,free_registered,False,True,2,0.9120315704297153,1,0.5,23731,138139.0,1.0,47462,185601.0
FAN-000309,Jeonbuk Hyundai Motors,35_54,season_ticket_partial,True,True,11,0.8041244529581097,8,0.2727272727272727,0,45000.0,1.0,0,45000.0
FAN-000310,FC Seoul,35_54,free_registered,True,False,2,0.9516645260463337,1,0.5,22245,0.0,0.0,44490,44490.0
FAN-000311,Ulsan HD,18_34,season_ticket_full,True,True,19,0.6148840818581263,11,0.42105263157894735,0,494436.0,5.0,0,494436.0
FAN-000312,FC Seoul,35_54,free_registered,True,True,2,0.9055322198421603,1,0.5,18636,131240.0,1.0,37272,168512.0
FAN-000313,FC Seoul,55_Plus,season_ticket_full,True,True,18,0.6313361313869618,11,0.38888888888888884,0,196633.0,2.0,0,196633.0
FAN-000314,Gangwon FC,55_Plus,free_registered,True,False,2,0.9404719476506078,1,0.5,17863,101859.0,1.0,35726,137585.0
FAN-000315,Jeonbuk Hyundai Motors,18_34,paid_membership,True,True,3,0.8578895806925328,2,0.33333333333333337,21978,0.0,0.0,65934,65934.0
FAN-000316,Jeju SK,18_34,paid_membership,False,True,5,0.9448850978024965,4,0.19999999999999996,20223,252037.0,2.0,101115,353152.0
FAN-000317,Ulsan HD,18_34,free_registered,True,False,2,0.9486966011617217,1,0.5,22495,134295.0,1.0,44990,179285.0
FAN-000318,FC Seoul,55_Plus,free_registered,True,False,1,0.9397600457746289,0,1.0,19753,62342.0,1.0,19753,82095.0
FAN-000319,FC Seoul,Under_18,paid_membership,False,True,5,0.9284675797286462,4,0.19999999999999996,24450,143105.0,2.0,122250,265355.0
FAN-000320,FC Seoul,35_54,free_registered,True,False,2,0.956043131038119,1,0.5,18069,0.0,0.0,36138,36138.0
FAN-000321,Ulsan HD,18_34,paid_membership,False,False,4,0.9105876413262757,3,0.25,17184,63538.0,1.0,68736,132274.0
FAN-000322,Jeonbuk Hyundai Motors,18_34,free_registered,True,True,1,0.9687661154074572,0,1.0,21861,100188.0,1.0,21861,122049.0
FAN-000323,Jeju SK,18_34,season_ticket_full,True,True,19,0.8013453757172628,15,0.21052631578947367,0,415219.0,5.0,0,415219.0
FAN-000324,FC Seoul,55_Plus,free_registered,False,False,2,0.9113456600326277,1,0.5,17878,0.0,0.0,35756,35756.0
FAN-000325,Gangwon FC,Under_18,free_registered,True,True,1,0.9018452102956048,0,1.0,16829,0.0,0.0,16829,16829.0
FAN-000326,Jeonbuk Hyundai Motors,35_54,free_registered,True,True,2,0.9626423268308584,1,0.5,21404,0.0,0.0,42808,42808.0
FAN-000327,Jeju SK,Under_18,free_registered,True,True,2,0.961864600462324,1,0.5,21953,0.0,0.0,43906,43906.0
FAN-000328,Jeju SK,18_34,free_registered,True,False,1,0.9820470305823333,0,1.0,22449,0.0,0.0,22449,22449.0
FAN-000329,Ulsan HD,18_34,free_registered,False,True,1,0.9762433456527099,0,1.0,16047,0.0,0.0,16047,16047.0
FAN-000330,FC Seoul,18_34,season_ticket_partial,True,False,7,0.8813426965283804,6,0.1428571428571429,0,257904.0,3.0,0,257904.0
FAN-000331,Ulsan HD,18_34,paid_membership,True,True,4,0.894622937665472,3,0.25,19575,69334.0,1.0,78300,147634.0
FAN-000332,Jeonbuk Hyundai Motors,18_34,paid_membership,False,False,2,0.9558054418373816,1,0.5,17734,65784.0,1.0,35468,101252.0
FAN-000333,FC Seoul,Under_18,free_registered,True,False,1,0.9061924604770367,0,1.0,21384,0.0,0.0,21384,21384.0
FAN-000334,FC Seoul,18_34,paid_membership,True,True,2,0.9954464537704595,1,0.5,22328,116735.0,2.0,44656,161391.0
FAN-000335,FC Seoul,55_Plus,free_registered,True,False,1,0.9219765770145499,0,1.0,22926,71941.0,1.0,22926,94867.0
FAN-000336,FC Seoul,55_Plus,paid_membership,False,True,5,0.9737644520110409,4,0.19999999999999996,24926,130913.0,1.0,124630,255543.0
FAN-000337,Jeonbuk Hyundai Motors,18_34,free_registered,True,False,1,0.9656266687092354,0,1.0,19516,97292.0,1.0,19516,116808.0
FAN-000338,Jeonbuk Hyundai Motors,35_54,free_registered,True,True,1,0.978169050466087,0,1.0,17906,0.0,0.0,17906,17906.0
FAN-000339,Ulsan HD,55_Plus,free_registered,True,True,1,0.9592483325811775,0,1.0,17262,78854.0,1.0,17262,96116.0
FAN-000340,FC Seoul,Under_18,season_ticket_partial,True,False,7,0.905957704654645,6,0.1428571428571429,0,224406.0,2.0,0,224406.0
FAN-000341,Ulsan HD,35_54,free_registered,True,False,1,0.923522493032893,0,1.0,22470,102437.0,1.0,22470,124907.0
FAN-000342,Ulsan HD,55_Plus,paid_membership,True,True,3,0.9198171260709509,2,0.33333333333333337,19362,82999.0,1.0,58086,141085.0
FAN-000343,FC Seoul,Under_18,free_registered,True,True,1,0.9143970076713985,0,1.0,24047,0.0,0.0,24047,24047.0
FAN-000344,Ulsan HD,18_34,paid_membership,True,True,2,0.8870316867150494,1,0.5,16289,0.0,0.0,32578,32578.0
FAN-000345,Ulsan HD,55_Plus,season_ticket_partial,True,False,6,0.8522225927945406,5,0.16666666666666663,0,96508.0,1.0,0,96508.0
FAN-000346,Jeju SK,18_34,free_registered,False,True,2,0.9949516365155646,1,0.5,19870,112399.0,1.0,39740,152139.0
FAN-000347,Jeju SK,Under_18,free_registered,True,True,1,0.9898087228340754,0,1.0,19595,50371.0,1.0,19595,69966.0
FAN-000348,FC Seoul,18_34,season_ticket_full,True,True,19,0.6399202960114008,12,0.368421052631579,0,267054.0,4.0,0,267054.0
FAN-000349,Ulsan HD,18_34,paid_membership,True,False,2,0.9094325702080224,1,0.5,19712,0.0,0.0,39424,39424.0
FAN-000350,Jeju SK,35_54,free_registered,True,True,1,0.9612594174665374,0,1.0,16846,0.0,0.0,16846,16846.0
FAN-000351,Ulsan HD,35_54,paid_membership,True,True,5,0.9915939942826822,4,0.19999999999999996,18809,134611.0,1.0,94045,228656.0
FAN-000352,Jeonbuk Hyundai Motors,55_Plus,paid_membership,True,True,3,0.8912636194039419,2,0.33333333333333337,23874,0.0,0.0,71622,71622.0
FAN-000353,Jeju SK,18_34,free_registered,True,True,1,0.9384757944714286,0,1.0,20930,0.0,0.0,20930,20930.0
FAN-000354,FC Seoul,18_34,season_ticket_partial,True,False,8,0.7124496148136081,5,0.375,0,88732.0,1.0,0,88732.0
FAN-000355,FC Seoul,18_34,free_registered,True,False,1,0.9089404965901463,0,1.0,20982,21888.0,1.0,20982,42870.0
FAN-000356,Jeju SK,18_34,free_registered,False,False,2,0.9824693268774132,1,0.5,17919,0.0,0.0,35838,35838.0
FAN-000357,FC Seoul,18_34,paid_membership,True,True,2,0.9767313892085285,1,0.5,23779,0.0,0.0,47558,47558.0
FAN-000358,Jeju SK,55_Plus,free_registered,False,False,1,0.9799653274945643,0,1.0,16858,71411.0,1.0,16858,88269.0
FAN-000359,Gangwon FC,35_54,free_registered,True,True,2,0.992225674835349,1,0.5,22896,0.0,0.0,45792,45792.0
FAN-000360,Jeju SK,18_34,paid_membership,True,True,2,0.9357271828979841,1,0.5,17139,0.0,0.0,34278,34278.0
FAN-000361,Ulsan HD,35_54,season_ticket_partial,True,False,5,0.8289378874389791,4,0.19999999999999996,0,63661.0,1.0,0,63661.0
FAN-000362,Jeju SK,18_34,season_ticket_partial,True,True,10,0.9339679687612171,9,0.09999999999999998,0,135585.0,1.0,0,135585.0
FAN-000363,Ulsan HD,18_34,season_ticket_full,True,True,19,0.7911116171597443,15,0.21052631578947367,0,535159.0,5.0,0,535159.0
FAN-000364,Ulsan HD,35_54,season_ticket_partial,True,False,5,0.8485179479016813,4,0.19999999999999996,0,144893.0,1.0,0,144893.0
FAN-000365,Gangwon FC,18_34,free_registered,False,True,2,0.9756078450044919,1,0.5,17823,0.0,0.0,35646,35646.0
FAN-000366,Ulsan HD,55_Plus,free_registered,True,False,1,0.9393036757131565,0,1.0,17971,0.0,0.0,17971,17971.0
FAN-000367,Gangwon FC,35_54,season_ticket_partial,True,False,6,0.9126478981154579,5,0.16666666666666663,0,155148.0,2.0,0,155148.0
FAN-000368,Gangwon FC,18_34,free_registered,True,True,1,0.904846444885081,0,1.0,21166,0.0,0.0,21166,21166.0
FAN-000369,FC Seoul,35_54,paid_membership,True,True,3,0.9666782068669972,2,0.33333333333333337,19596,0.0,0.0,58788,58788.0
FAN-000370,FC Seoul,18_34,paid_membership,True,True,4,0.9624403085586317,3,0.25,21954,0.0,0.0,87816,87816.0
FAN-000371,FC Seoul,18_34,free_registered,True,True,2,0.9844514201790489,1,0.5,16820,90428.0,1.0,33640,124068.0
FAN-000372,FC Seoul,18_34,season_ticket_partial,True,True,7,0.9021932537964859,6,0.1428571428571429,0,132189.0,3.0,0,132189.0
FAN-000373,FC Seoul,18_34,paid_membership,True,False,3,0.916863989207156,2,0.33333333333333337,23924,0.0,0.0,71772,71772.0
FAN-000374,Jeju SK,35_54,free_registered,True,True,1,0.9616871701965739,0,1.0,18778,0.0,0.0,18778,18778.0
FAN-000375,FC Seoul,18_34,season_ticket_full,True,True,16,0.8809608627111992,14,0.125,0,427235.0,5.0,0,427235.0
FAN-000376,Ulsan HD,35_54,free_registered,True,True,2,0.9026516791863738,1,0.5,16488,135629.0,1.0,32976,168605.0
FAN-000377,Jeonbuk Hyundai Motors,35_54,free_registered,False,True,2,0.9907214939817429,1,0.5,20845,0.0,0.0,41690,41690.0
FAN-000378,FC Seoul,18_34,paid_membership,True,False,3,0.866086755246603,2,0.33333333333333337,17338,266802.0,2.0,52014,318816.0
FAN-000379,Jeonbuk Hyundai Motors,35_54,season_ticket_partial,True,True,5,0.8523046724006713,4,0.19999999999999996,0,209919.0,2.0,0,209919.0
FAN-000380,FC Seoul,18_34,paid_membership,True,False,4,0.8888517633722605,3,0.25,20651,120177.0,1.0,82604,202781.0
FAN-000381,FC Seoul,18_34,paid_membership,False,True,4,0.9424957121830843,3,0.25,19162,146198.0,1.0,76648,222846.0
FAN-000382,Jeju SK,18_34,paid_membership,True,True,4,0.9280484373105996,3,0.25,16238,0.0,0.0,64952,64952.0
FAN-000383,Jeju SK,18_34,free_registered,True,True,2,0.9322105145835395,1,0.5,23467,54996.0,1.0,46934,101930.0
FAN-000384,Jeonbuk Hyundai Motors,Under_18,season_ticket_partial,True,True,8,0.912674262831404,7,0.125,0,358693.0,3.0,0,358693.0
FAN-000385,Jeonbuk Hyundai Motors,35_54,season_ticket_partial,True,False,11,0.7322395443506393,8,0.2727272727272727,0,52006.0,1.0,0,52006.0
FAN-000386,Jeonbuk Hyundai Motors,18_34,free_registered,True,True,2,0.9674556359052063,1,0.5,23120,75302.0,1.0,46240,121542.0
FAN-000387,FC Seoul,18_34,free_registered,True,False,1,0.9647669509660226,0,1.0,20086,112000.0,1.0,20086,132086.0
FAN-000388,FC Seoul,55_Plus,season_ticket_full,True,True,17,0.6750890421112845,11,0.3529411764705882,0,427495.0,5.0,0,427495.0
FAN-000389,Jeonbuk Hyundai Motors,35_54,season_ticket_partial,True,False,6,0.7340905261917535,4,0.33333333333333337,0,355950.0,3.0,0,355950.0
FAN-000390,Jeonbuk Hyundai Motors,35_54,season_ticket_partial,True,True,9,0.7949117943034935,7,0.2222222222222222,0,336824.0,3.0,0,336824.0
FAN-000391,Gangwon FC,Under_18,season_ticket_partial,True,True,10,0.8103442918030788,8,0.19999999999999996,0,112892.0,1.0,0,112892.0
FAN-000392,Ulsan HD,35_54,paid_membership,False,True,4,0.9386818785224629,3,0.25,18948,28960.0,1.0,75792,104752.0
FAN-000393,Ulsan HD,35_54,paid_membership,True,True,2,0.9215946447796011,1,0.5,23235,140824.0,1.0,46470,187294.0
FAN-000394,Jeonbuk Hyundai Motors,35_54,paid_membership,False,False,3,0.8589345423010653,2,0.33333333333333337,17693,0.0,0.0,53079,53079.0
FAN-000395,Ulsan HD,35_54,free_registered,False,True,2,0.9876914722407757,1,0.5,23395,0.0,0.0,46790,46790.0
FAN-000396,Gangwon FC,18_34,paid_membership,True,True,4,0.8705653671030938,3,0.25,16946,0.0,0.0,67784,67784.0
FAN-000397,Jeonbuk Hyundai Motors,Under_18,paid_membership,True,True,5,0.9333706013779067,4,0.19999999999999996,20255,0.0,0.0,101275,101275.0
FAN-000398,Ulsan HD,18_34,paid_membership,False,True,4,0.9663065924889166,3,0.25,20937,93368.0,1.0,83748,177116.0
FAN-000399,Jeonbuk Hyundai Motors,18_34,paid_membership,True,False,3,0.8508172041587183,2,0.33333333333333337,22898,77190.0,2.0,68694,145884.0
FAN-000400,Jeonbuk Hyundai Motors,35_54,free_registered,True,False,2,0.9916062201983715,1,0.5,17124,0.0,0.0,34248,34248.0
FAN-000401,FC Seoul,18_34,free_registered,True,False,2,0.9750143956760354,1,0.5,24746,0.0,0.0,49492,49492.0
FAN-000402,Gangwon FC,55_Plus,free_registered,True,True,2,0.9604722764035281,1,0.5,17388,0.0,0.0,34776,34776.0
FAN-000403,Ulsan HD,55_Plus,free_registered,False,False,1,0.9258175562303523,0,1.0,24606,83340.0,1.0,24606,107946.0
FAN-000404,Jeonbuk Hyundai Motors,18_34,free_registered,True,False,2,0.967864095971669,1,0.5,23645,0.0,0.0,47290,47290.0
FAN-000405,Ulsan HD,18_34,season_ticket_full,True,True,19,0.6867799572506995,13,0.3157894736842105,0,388508.0,5.0,0,388508.0
FAN-000406,Jeonbuk Hyundai Motors,35_54,free_registered,True,True,1,0.9065233861203954,0,1.0,19647,0.0,0.0,19647,19647.0
FAN-000407,Ulsan HD,55_Plus,free_registered,True,False,1,0.9239351465491955,0,1.0,16839,24864.0,1.0,16839,41703.0
FAN-000408,FC Seoul,18_34,paid_membership,True,True,4,0.9317707219953044,3,0.25,17206,97109.0,1.0,68824,165933.0
FAN-000409,Gangwon FC,18_34,paid_membership,True,False,4,0.904813456615789,3,0.25,24847,86931.0,2.0,99388,186319.0
FAN-000410,FC Seoul,18_34,free_registered,True,True,1,0.9760116803260653,0,1.0,20872,94376.0,1.0,20872,115248.0
FAN-000411,Ulsan HD,35_54,paid_membership,True,True,2,0.9668575174058681,1,0.5,16978,42063.0,1.0,33956,76019.0
FAN-000412,Gangwon FC,18_34,paid_membership,True,False,5,0.8967831857139235,4,0.19999999999999996,16550,169103.0,2.0,82750,251853.0
FAN-000413,Gangwon FC,35_54,free_registered,False,False,1,0.9357641186661342,0,1.0,24491,0.0,0.0,24491,24491.0
FAN-000414,Jeju SK,Under_18,free_registered,True,True,1,0.960791312548897,0,1.0,21388,0.0,0.0,21388,21388.0
FAN-000415,Jeju SK,Under_18,season_ticket_full,True,False,15,0.8114396384429532,12,0.19999999999999996,0,320257.0,3.0,0,320257.0
FAN-000416,Ulsan HD,18_34,season_ticket_partial,True,True,8,0.7954666950490634,6,0.25,0,84374.0,1.0,0,84374.0
FAN-000417,FC Seoul,18_34,paid_membership,True,False,3,0.8975205860262396,2,0.33333333333333337,16204,247396.0,2.0,48612,296008.0
FAN-000418,Ulsan HD,18_34,free_registered,True,False,2,0.9825538437612471,1,0.5,24613,133953.0,1.0,49226,183179.0
FAN-000419,Jeju SK,18_34,free_registered,True,False,1,0.9922937881553365,0,1.0,17985,0.0,0.0,17985,17985.0
FAN-000420,Jeonbuk Hyundai Motors,18_34,paid_membership,True,True,4,0.8914431001390979,3,0.25,22463,81261.0,1.0,89852,171113.0
FAN-000421,Jeonbuk Hyundai Motors,18_34,free_registered,True,True,2,0.9329416124745054,1,0.5,19746,0.0,0.0,39492,39492.0
FAN-000422,Jeonbuk Hyundai Motors,18_34,free_registered,True,False,1,0.993819745441188,0,1.0,23311,0.0,0.0,23311,23311.0
FAN-000423,FC Seoul,55_Plus,paid_membership,True,True,3,0.8954492284580763,2,0.33333333333333337,17703,183837.0,2.0,53109,236946.0
FAN-000424,Ulsan HD,18_34,free_registered,True,True,2,0.9453499862094792,1,0.5,22233,0.0,0.0,44466,44466.0
FAN-000425,FC Seoul,18_34,paid_membership,False,False,2,0.9217982480964462,1,0.5,20024,219928.0,2.0,40048,259976.0
FAN-000426,Ulsan HD,35_54,season_ticket_partial,True,True,6,0.8435942404220764,5,0.16666666666666663,0,37177.0,1.0,0,37177.0
FAN-000427,Ulsan HD,55_Plus,free_registered,True,True,2,0.9025392734443083,1,0.5,24165,133936.0,1.0,48330,182266.0
FAN-000428,Jeonbuk Hyundai Motors,18_34,season_ticket_partial,True,True,7,0.8602036518106094,6,0.1428571428571429,0,375440.0,3.0,0,375440.0
FAN-000429,Ulsan HD,35_54,free_registered,False,True,1,0.9089689896162096,0,1.0,22101,0.0,0.0,22101,22101.0
FAN-000430,FC Seoul,35_54,season_ticket_partial,True,True,7,0.7147477129261907,5,0.2857142857142857,0,227436.0,3.0,0,227436.0
FAN-000431,FC Seoul,35_54,free_registered,True,False,1,0.903757284396338,0,1.0,22254,118775.0,1.0,22254,141029.0
FAN-000432,Jeonbuk Hyundai Motors,Under_18,free_registered,False,True,2,0.9225409177100272,1,0.5,21658,0.0,0.0,43316,43316.0
FAN-000433,Jeju SK,35_54,paid_membership,True,True,5,0.9265793529476336,4,0.19999999999999996,22078,0.0,0.0,110390,110390.0
FAN-000434,FC Seoul,Under_18,free_registered,True,False,2,0.9074169921384211,1,0.5,16683,93279.0,1.0,33366,126645.0
FAN-000435,FC Seoul,35_54,season_ticket_partial,True,False,10,0.8378270752995569,8,0.19999999999999996,0,88319.0,2.0,0,88319.0
FAN-000436,Jeonbuk Hyundai Motors,35_54,free_registered,True,False,2,0.9265114013374743,1,0.5,16022,128200.0,1.0,32044,160244.0
FAN-000437,FC Seoul,18_34,free_registered,False,True,2,0.9266913561675817,1,0.5,21765,73859.0,1.0,43530,117389.0
FAN-000438,Jeonbuk Hyundai Motors,35_54,paid_membership,True,False,2,0.9874894518062749,1,0.5,22714,29487.0,1.0,45428,74915.0
FAN-000439,Jeonbuk Hyundai Motors,Under_18,free_registered,True,True,1,0.969022923784933,0,1.0,17791,76696.0,1.0,17791,94487.0
FAN-000440,FC Seoul,35_54,free_registered,True,True,1,0.9929480092446131,0,1.0,22031,0.0,0.0,22031,22031.0
FAN-000441,FC Seoul,18_34,paid_membership,False,True,5,0.8649086237121042,4,0.19999999999999996,21454,204595.0,2.0,107270,311865.0
FAN-000442,Gangwon FC,18_34,paid_membership,True,True,3,0.9170787002807018,2,0.33333333333333337,20782,209310.0,2.0,62346,271656.0
FAN-000443,Ulsan HD,Under_18,season_ticket_partial,True,True,5,0.8422159641488012,4,0.19999999999999996,0,176177.0,2.0,0,176177.0
FAN-000444,Ulsan HD,55_Plus,season_ticket_full,True,False,15,0.7071311745355043,10,0.33333333333333337,0,402397.0,4.0,0,402397.0
FAN-000445,Jeonbuk Hyundai Motors,Under_18,free_registered,True,True,1,0.9503103502877894,0,1.0,24186,0.0,0.0,24186,24186.0
FAN-000446,Gangwon FC,18_34,paid_membership,True,False,3,0.9189157960673627,2,0.33333333333333337,16751,137619.0,1.0,50253,187872.0
FAN-000447,Gangwon FC,18_34,free_registered,True,True,2,0.9160669148755369,1,0.5,23595,0.0,0.0,47190,47190.0
FAN-000448,Jeonbuk Hyundai Motors,35_54,paid_membership,True,True,4,0.9795179719674135,3,0.25,19426,196768.0,2.0,77704,274472.0
FAN-000449,Ulsan HD,18_34,free_registered,True,True,2,0.9398747543305095,1,0.5,24857,0.0,0.0,49714,49714.0
FAN-000450,FC Seoul,Under_18,season_ticket_full,True,False,18,0.8213123439968875,14,0.2222222222222222,0,412414.0,5.0,0,412414.0
FAN-000451,Jeonbuk Hyundai Motors,18_34,paid_membership,True,False,3,0.9776977904715338,2,0.33333333333333337,17868,128881.0,1.0,53604,182485.0
FAN-000452,Jeju SK,18_34,season_ticket_full,True,False,19,0.6329403335971191,12,0.368421052631579,0,195617.0,3.0,0,195617.0
FAN-000453,Ulsan HD,18_34,season_ticket_partial,True,False,9,0.7626491950829006,6,0.33333333333333337,0,233314.0,2.0,0,233314.0
FAN-000454,Gangwon FC,18_34,season_ticket_partial,True,False,5,0.933015486312019,4,0.19999999999999996,0,203807.0,2.0,0,203807.0
FAN-000455,FC Seoul,35_54,season_ticket_partial,True,False,5,0.7215955398467832,3,0.4,0,103976.0,2.0,0,103976.0
FAN-000456,Ulsan HD,18_34,free_registered,True,False,2,0.944917965301071,1,0.5,24951,0.0,0.0,49902,49902.0
FAN-000457,FC Seoul,18_34,free_registered,False,True,2,0.9555794806079184,1,0.5,20701,128521.0,1.0,41402,169923.0
FAN-000458,Ulsan HD,18_34,free_registered,True,True,2,0.9852271568591947,1,0.5,18546,88686.0,1.0,37092,125778.0
FAN-000459,FC Seoul,55_Plus,free_registered,True,True,1,0.9295432469404723,0,1.0,23911,0.0,0.0,23911,23911.0
FAN-000460,FC Seoul,55_Plus,paid_membership,True,True,5,0.9256323314046199,4,0.19999999999999996,24297,250090.0,2.0,121485,371575.0
FAN-000461,FC Seoul,35_54,paid_membership,True,True,5,0.9962007957069475,4,0.19999999999999996,24076,108091.0,1.0,120380,228471.0
FAN-000462,Jeju SK,18_34,paid_membership,False,True,3,0.8723979548658501,2,0.33333333333333337,20835,237092.0,2.0,62505,299597.0
FAN-000463,Jeonbuk Hyundai Motors,Under_18,season_ticket_full,True,True,18,0.7925106362760099,14,0.2222222222222222,0,524800.0,5.0,0,524800.0
FAN-000464,Jeju SK,18_34,season_ticket_partial,True,True,11,0.7309318437118381,8,0.2727272727272727,0,134897.0,2.0,0,134897.0
FAN-000465,Gangwon FC,18_34,free_registered,False,False,1,0.9463230849813673,0,1.0,22388,42454.0,1.0,22388,64842.0
FAN-000466,Ulsan HD,18_34,free_registered,True,True,1,0.9481505993373722,0,1.0,19665,77471.0,1.0,19665,97136.0
FAN-000467,FC Seoul,35_54,free_registered,False,True,1,0.9743296385582599,0,1.0,21654,106659.0,1.0,21654,128313.0
FAN-000468,Jeonbuk Hyundai Motors,35_54,free_registered,True,False,1,0.9974574052316476,0,1.0,24261,48692.0,1.0,24261,72953.0
FAN-000469,FC Seoul,35_54,paid_membership,True,True,5,0.9980930163374946,4,0.19999999999999996,18925,0.0,0.0,94625,94625.0
FAN-000470,Gangwon FC,18_34,paid_membership,False,True,2,0.8994860566525923,1,0.5,16134,70379.0,1.0,32268,102647.0
FAN-000471,FC Seoul,35_54,paid_membership,True,True,3,0.9191622652637279,2,0.33333333333333337,24110,128223.0,2.0,72330,200553.0
FAN-000472,Gangwon FC,18_34,season_ticket_partial,True,True,7,0.7676520740817963,5,0.2857142857142857,0,284633.0,3.0,0,284633.0
FAN-000473,FC Seoul,Under_18,season_ticket_partial,True,True,10,0.7960214149301563,7,0.30000000000000004,0,89108.0,1.0,0,89108.0
FAN-000474,Jeonbuk Hyundai Motors,35_54,free_registered,True,True,1,0.9079869974853246,0,1.0,24329,115297.0,1.0,24329,139626.0
FAN-000475,Ulsan HD,Under_18,paid_membership,True,True,5,0.9934051843933143,4,0.19999999999999996,17876,44218.0,1.0,89380,133598.0
FAN-000476,Gangwon FC,18_34,free_registered,True,False,2,0.9654732765971922,1,0.5,22856,20744.0,1.0,45712,66456.0
FAN-000477,FC Seoul,18_34,free_registered,True,True,2,0.9328047676661807,1,0.5,19958,148122.0,1.0,39916,188038.0
FAN-000478,Jeju SK,35_54,free_registered,True,False,2,0.9844906961995832,1,0.5,17437,70357.0,1.0,34874,105231.0
FAN-000479,Gangwon FC,35_54,free_registered,False,True,2,0.9224693588130722,1,0.5,21551,0.0,0.0,43102,43102.0
FAN-000480,Ulsan HD,18_34,free_registered,True,True,1,0.9364494692401912,0,1.0,18287,0.0,0.0,18287,18287.0
FAN-000481,Jeju SK,35_54,free_registered,True,False,2,0.9916432533890648,1,0.5,22680,0.0,0.0,45360,45360.0
FAN-000482,Jeju SK,18_34,paid_membership,True,True,5,0.9527201498181278,4,0.19999999999999996,16216,149008.0,1.0,81080,230088.0
FAN-000483,Ulsan HD,18_34,paid_membership,True,False,2,0.93003444502367,1,0.5,18928,124907.0,1.0,37856,162763.0
FAN-000484,Jeju SK,35_54,free_registered,True,True,1,0.9244021332436008,0,1.0,19083,139759.0,1.0,19083,158842.0
FAN-000485,Jeju SK,35_54,free_registered,True,False,1,0.9753316193949859,0,1.0,22650,0.0,0.0,22650,22650.0
FAN-000486,Gangwon FC,55_Plus,season_ticket_partial,True,True,11,0.8075770107989324,8,0.2727272727272727,0,140867.0,2.0,0,140867.0
FAN-000487,FC Seoul,18_34,free_registered,False,True,2,0.9993056109368115,1,0.5,16386,0.0,0.0,32772,32772.0
FAN-000488,FC Seoul,35_54,season_ticket_full,True,False,17,0.6847776432884576,11,0.3529411764705882,0,277484.0,3.0,0,277484.0
FAN-000489,Gangwon FC,35_54,paid_membership,True,False,5,0.9253802535741507,4,0.19999999999999996,21434,205716.0,2.0,107170,312886.0
FAN-000490,Jeonbuk Hyundai Motors,55_Plus,free_registered,True,True,1,0.9895504833862138,0,1.0,16922,24044.0,1.0,16922,40966.0
FAN-000491,Ulsan HD,18_34,free_registered,True,False,2,0.969947354179794,1,0.5,24227,0.0,0.0,48454,48454.0
FAN-000492,Jeju SK,35_54,free_registered,True,True,1,0.9425350805376371,0,1.0,19264,0.0,0.0,19264,19264.0
FAN-000493,FC Seoul,35_54,free_registered,True,True,2,0.9196117488404355,1,0.5,22825,0.0,0.0,45650,45650.0
FAN-000494,FC Seoul,18_34,free_registered,True,True,1,0.9200211427978688,0,1.0,21261,96840.0,1.0,21261,118101.0
FAN-000495,Ulsan HD,18_34,paid_membership,True,False,5,0.943183852675375,4,0.19999999999999996,22391,134596.0,2.0,111955,246551.0
FAN-000496,Ulsan HD,18_34,free_registered,False,False,1,0.9416061293190707,0,1.0,18368,0.0,0.0,18368,18368.0
FAN-000497,Jeju SK,35_54,paid_membership,True,True,5,0.9889402372857052,4,0.19999999999999996,21643,39793.0,1.0,108215,148008.0
FAN-000498,FC Seoul,35_54,paid_membership,True,True,5,0.9022986352768312,4,0.19999999999999996,19457,94211.0,2.0,97285,191496.0
FAN-000499,Gangwon FC,35_54,free_registered,True,False,1,0.9230074516507901,0,1.0,19938,121661.0,1.0,19938,141599.0
FAN-000500,Gangwon FC,35_54,free_registered,False,True,2,0.9836555625752053,1,0.5,24514,67024.0,1.0,49028,116052.0
FAN-000501,Jeju SK,18_34,free_registered,False,True,1,0.9920043548906977,0,1.0,21932,0.0,0.0,21932,21932.0
FAN-000502,Ulsan HD,Under_18,free_registered,True,True,1,0.9705257206187019,0,1.0,22204,92015.0,1.0,22204,114219.0
FAN-000503,Ulsan HD,18_34,paid_membership,True,True,4,0.9324340303219333,3,0.25,17824,103434.0,2.0,71296,174730.0
FAN-000504,Jeonbuk Hyundai Motors,18_34,free_registered,False,True,2,0.9092310420210399,1,0.5,18966,0.0,0.0,37932,37932.0
FAN-000505,Jeju SK,18_34,paid_membership,True,True,5,0.8859793374965567,4,0.19999999999999996,22471,188201.0,2.0,112355,300556.0
FAN-000506,FC Seoul,18_34,free_registered,False,False,1,0.9550352196685852,0,1.0,18215,0.0,0.0,18215,18215.0
FAN-000507,Gangwon FC,18_34,free_registered,False,False,1,0.9639241629649489,0,1.0,18405,0.0,0.0,18405,18405.0
FAN-000508,Jeonbuk Hyundai Motors,18_34,paid_membership,True,True,2,0.9140337663909132,1,0.5,18915,100532.0,1.0,37830,138362.0
FAN-000509,Gangwon FC,18_34,paid_membership,True,True,3,0.9401905057079099,2,0.33333333333333337,16682,41695.0,1.0,50046,91741.0
FAN-000510,Jeonbuk Hyundai Motors,18_34,free_registered,True,True,1,0.9916146449447332,0,1.0,22227,22393.0,1.0,22227,44620.0
FAN-000511,Jeju SK,Under_18,free_registered,True,True,1,0.91176974743002,0,1.0,20921,142974.0,1.0,20921,163895.0
FAN-000512,Ulsan HD,55_Plus,paid_membership,False,False,4,0.8924368786155743,3,0.25,21615,139378.0,2.0,86460,225838.0
FAN-000513,Gangwon FC,35_54,free_registered,False,False,2,0.9927441291043043,1,0.5,19069,0.0,0.0,38138,38138.0
FAN-000514,Jeonbuk Hyundai Motors,35_54,free_registered,True,False,2,0.9462805778433199,1,0.5,19967,0.0,0.0,39934,39934.0
FAN-000515,FC Seoul,Under_18,paid_membership,True,False,5,0.9605272259350872,4,0.19999999999999996,18528,0.0,0.0,92640,92640.0
FAN-000516,FC Seoul,35_54,free_registered,True,True,1,0.9552513251385404,0,1.0,24837,131349.0,1.0,24837,156186.0
FAN-000517,Ulsan HD,35_54,paid_membership,True,True,4,0.8995225795081366,3,0.25,23455,116354.0,2.0,93820,210174.0
FAN-000518,Jeonbuk Hyundai Motors,35_54,paid_membership,True,False,3,0.9248853745254513,2,0.33333333333333337,20288,0.0,0.0,60864,60864.0
FAN-000519,Gangwon FC,Under_18,paid_membership,True,False,5,0.9827112660855347,4,0.19999999999999996,24691,0.0,0.0,123455,123455.0
FAN-000520,FC Seoul,35_54,paid_membership,True,True,5,0.8779134672127973,4,0.19999999999999996,24860,197534.0,2.0,124300,321834.0
FAN-000521,Jeju SK,35_54,paid_membership,True,True,5,0.9065117188143349,4,0.19999999999999996,20670,0.0,0.0,103350,103350.0
FAN-000522,Ulsan HD,35_54,paid_membership,False,False,4,0.9762593201242618,3,0.25,21656,95936.0,1.0,86624,182560.0
FAN-000523,Gangwon FC,35_54,season_ticket_partial,True,True,8,0.771512528328479,6,0.25,0,44016.0,1.0,0,44016.0
FAN-000524,Jeonbuk Hyundai Motors,18_34,free_registered,False,False,1,0.9019783972810989,0,1.0,16316,0.0,0.0,16316,16316.0
FAN-000525,Jeonbuk Hyundai Motors,18_34,free_registered,True,False,1,0.9557652450827732,0,1.0,18647,142820.0,1.0,18647,161467.0
FAN-000526,Ulsan HD,Under_18,paid_membership,True,True,3,0.9849288291307914,2,0.33333333333333337,21657,0.0,0.0,64971,64971.0
FAN-000527,Ulsan HD,35_54,paid_membership,False,False,5,0.9495011855740492,4,0.19999999999999996,23445,0.0,0.0,117225,117225.0
FAN-000528,FC Seoul,Under_18,free_registered,True,False,2,0.9749007676774483,1,0.5,22072,0.0,0.0,44144,44144.0
FAN-000529,FC Seoul,18_34,season_ticket_partial,True,False,9,0.9284143444185894,8,0.11111111111111116,0,268568.0,2.0,0,268568.0
FAN-000530,Jeonbuk Hyundai Motors,18_34,free_registered,True,True,1,0.9294448600156547,0,1.0,20473,0.0,0.0,20473,20473.0
FAN-000531,Jeonbuk Hyundai Motors,18_34,paid_membership,True,True,4,0.9094612754949135,3,0.25,18165,54272.0,2.0,72660,126932.0
FAN-000532,Gangwon FC,Under_18,paid_membership,True,True,3,0.9864654635715255,2,0.33333333333333337,17937,0.0,0.0,53811,53811.0
FAN-000533,Gangwon FC,35_54,season_ticket_full,True,True,19,0.8457136738858622,16,0.1578947368421053,0,360539.0,4.0,0,360539.0
FAN-000534,Jeju SK,35_54,free_registered,True,True,2,0.9160385333705284,1,0.5,22169,0.0,0.0,44338,44338.0
FAN-000535,Jeonbuk Hyundai Motors,18_34,paid_membership,True,True,3,0.9896972689972033,2,0.33333333333333337,20334,0.0,0.0,61002,61002.0
FAN-000536,Gangwon FC,Under_18,free_registered,False,False,1,0.9098385309621393,0,1.0,23276,0.0,0.0,23276,23276.0
FAN-000537,Jeonbuk Hyundai Motors,Under_18,free_registered,True,True,1,0.9427147845032321,0,1.0,21209,0.0,0.0,21209,21209.0
FAN-000538,FC Seoul,35_54,free_registered,True,True,2,0.9926782868187689,1,0.5,24573,0.0,0.0,49146,49146.0
FAN-000539,Ulsan HD,18_34,paid_membership,True,True,2,0.9249991367181878,1,0.5,18840,113584.0,1.0,37680,151264.0
FAN-000540,FC Seoul,18_34,free_registered,True,False,1,0.9437330654340795,0,1.0,17655,16152.0,1.0,17655,33807.0
FAN-000541,Gangwon FC,Under_18,free_registered,True,False,2,0.9298322526062393,1,0.5,23859,0.0,0.0,47718,47718.0
FAN-000542,Jeju SK,35_54,paid_membership,True,True,3,0.9485866969730394,2,0.33333333333333337,21137,92552.0,2.0,63411,155963.0
FAN-000543,FC Seoul,35_54,paid_membership,True,False,5,0.9544672691810939,4,0.19999999999999996,16663,142029.0,2.0,83315,225344.0
FAN-000544,Jeju SK,35_54,paid_membership,True,True,4,0.9333587197898889,3,0.25,16501,114642.0,1.0,66004,180646.0
FAN-000545,Jeju SK,35_54,season_ticket_partial,True,True,9,0.8836575427510811,7,0.2222222222222222,0,149232.0,2.0,0,149232.0
FAN-000546,Ulsan HD,Under_18,free_registered,True,False,2,0.9972197448910285,1,0.5,21774,0.0,0.0,43548,43548.0
FAN-000547,FC Seoul,Under_18,season_ticket_full,True,False,17,0.6099251531338626,10,0.4117647058823529,0,295991.0,2.0,0,295991.0
FAN-000548,Jeju SK,Under_18,season_ticket_partial,True,True,10,0.8976055882761962,8,0.19999999999999996,0,182415.0,2.0,0,182415.0
FAN-000549,Ulsan HD,18_34,free_registered,True,False,1,0.9397655700101708,0,1.0,16216,20486.0,1.0,16216,36702.0
FAN-000550,Jeonbuk Hyundai Motors,Under_18,free_registered,False,False,1,0.9695909103841536,0,1.0,22167,146504.0,1.0,22167,168671.0
FAN-000551,Ulsan HD,18_34,free_registered,True,True,2,0.9694334090466115,1,0.5,21613,0.0,0.0,43226,43226.0
FAN-000552,Jeonbuk Hyundai Motors,18_34,free_registered,True,True,1,0.9368102853754696,0,1.0,21881,0.0,0.0,21881,21881.0
FAN-000553,Jeju SK,55_Plus,paid_membership,True,True,4,0.8967114683526749,3,0.25,21095,122146.0,2.0,84380,206526.0
FAN-000554,Jeju SK,35_54,paid_membership,True,True,5,0.9665478192108125,4,0.19999999999999996,22516,224518.0,2.0,112580,337098.0
FAN-000555,Jeonbuk Hyundai Motors,35_54,paid_membership,True,True,2,0.9126905871625798,1,0.5,21952,130490.0,1.0,43904,174394.0
FAN-000556,Ulsan HD,35_54,paid_membership,False,False,2,0.9841702715811885,1,0.5,21657,241454.0,2.0,43314,284768.0
FAN-000557,FC Seoul,Under_18,free_registered,False,True,2,0.982385308839473,1,0.5,24521,136718.0,1.0,49042,185760.0
FAN-000558,FC Seoul,35_54,season_ticket_partial,True,False,7,0.7974669687157305,5,0.2857142857142857,0,328211.0,3.0,0,328211.0
FAN-000559,Jeonbuk Hyundai Motors,18_34,free_registered,False,True,2,0.9380434587493001,1,0.5,21953,0.0,0.0,43906,43906.0
FAN-000560,Jeju SK,35_54,season_ticket_full,True,True,18,0.6443025355828133,11,0.38888888888888884,0,101870.0,3.0,0,101870.0
FAN-000561,Jeonbuk Hyundai Motors,18_34,free_registered,True,True,2,0.952161620772743,1,0.5,22560,0.0,0.0,45120,45120.0
FAN-000562,FC Seoul,55_Plus,season_ticket_full,True,True,18,0.6146726484748353,11,0.38888888888888884,0,376667.0,3.0,0,376667.0
FAN-000563,FC Seoul,18_34,free_registered,False,True,2,0.9909083836792408,1,0.5,21760,43468.0,1.0,43520,86988.0
FAN-000564,FC Seoul,18_34,free_registered,True,False,2,0.9787142952184658,1,0.5,19345,0.0,0.0,38690,38690.0
FAN-000565,Ulsan HD,55_Plus,free_registered,True,False,1,0.9220201097873129,0,1.0,17181,47096.0,1.0,17181,64277.0
FAN-000566,Jeju SK,Under_18,paid_membership,True,True,5,0.9277112727567175,4,0.19999999999999996,17690,124978.0,2.0,88450,213428.0
FAN-000567,Ulsan HD,35_54,season_ticket_partial,True,False,8,0.7215385881822838,5,0.375,0,143348.0,1.0,0,143348.0
FAN-000568,Ulsan HD,35_54,free_registered,True,True,1,0.9766200632757845,0,1.0,19504,88424.0,1.0,19504,107928.0
FAN-000569,Gangwon FC,35_54,season_ticket_full,True,True,17,0.8236039822797951,14,0.17647058823529416,0,347360.0,4.0,0,347360.0
FAN-000570,Ulsan HD,55_Plus,paid_membership,True,True,4,0.8615204016404939,3,0.25,17780,194413.0,2.0,71120,265533.0
FAN-000571,Ulsan HD,55_Plus,paid_membership,False,False,5,0.9327922409889372,4,0.19999999999999996,23779,0.0,0.0,118895,118895.0
FAN-000572,Jeonbuk Hyundai Motors,Under_18,season_ticket_partial,True,True,7,0.944322335907339,6,0.1428571428571429,0,253579.0,2.0,0,253579.0
FAN-000573,Ulsan HD,35_54,free_registered,False,True,1,0.9049952971264539,0,1.0,16017,0.0,0.0,16017,16017.0
FAN-000574,Jeju SK,35_54,free_registered,True,True,1,0.9963071870340425,0,1.0,16158,0.0,0.0,16158,16158.0
FAN-000575,Jeonbuk Hyundai Motors,35_54,season_ticket_partial,True,False,10,0.7344851341560867,7,0.30000000000000004,0,79613.0,1.0,0,79613.0
FAN-000576,Gangwon FC,Under_18,season_ticket_partial,True,False,8,0.740029861128984,5,0.375,0,146286.0,3.0,0,146286.0
FAN-000577,FC Seoul,35_54,season_ticket_full,True,False,18,0.7336091494328905,13,0.2777777777777778,0,421421.0,5.0,0,421421.0
FAN-000578,Gangwon FC,55_Plus,season_ticket_partial,True,False,8,0.8168890466843655,6,0.25,0,133503.0,1.0,0,133503.0
FAN-000579,Ulsan HD,55_Plus,free_registered,False,True,2,0.949383531590138,1,0.5,24890,17330.0,1.0,49780,67110.0
FAN-000580,FC Seoul,18_34,season_ticket_partial,True,False,9,0.7850444258777369,7,0.2222222222222222,0,283756.0,3.0,0,283756.0
FAN-000581,Ulsan HD,Under_18,free_registered,False,False,1,0.9837703470976843,0,1.0,22282,93540.0,1.0,22282,115822.0
FAN-000582,Gangwon FC,18_34,season_ticket_full,True,True,18,0.7294082962571731,13,0.2777777777777778,0,483292.0,5.0,0,483292.0
FAN-000583,Ulsan HD,35_54,free_registered,True,True,2,0.9123627525603901,1,0.5,18809,121617.0,1.0,37618,159235.0
FAN-000584,Ulsan HD,35_54,paid_membership,True,True,2,0.9671873648234997,1,0.5,18172,0.0,0.0,36344,36344.0
FAN-000585,Jeju SK,18_34,paid_membership,True,True,2,0.8576950131391304,1,0.5,19699,251953.0,2.0,39398,291351.0
FAN-000586,FC Seoul,Under_18,free_registered,True,False,2,0.9667167396362354,1,0.5,18266,34214.0,1.0,36532,70746.0
FAN-000587,FC Seoul,18_34,free_registered,True,True,1,0.9709310448778733,0,1.0,23919,0.0,0.0,23919,23919.0
FAN-000588,FC Seoul,18_34,season_ticket_partial,True,True,9,0.7098308023564622,6,0.33333333333333337,0,37657.0,1.0,0,37657.0
FAN-000589,FC Seoul,55_Plus,season_ticket_partial,True,False,6,0.7924947616857938,4,0.33333333333333337,0,117037.0,2.0,0,117037.0
FAN-000590,FC Seoul,35_54,free_registered,True,True,1,0.9706300669518833,0,1.0,17399,60712.0,1.0,17399,78111.0
FAN-000591,FC Seoul,18_34,paid_membership,True,True,4,0.9506999163445877,3,0.25,17214,165449.0,2.0,68856,234305.0
FAN-000592,Jeju SK,18_34,paid_membership,True,False,2,0.930925822336533,1,0.5,24054,84409.0,2.0,48108,132517.0
FAN-000593,FC Seoul,Under_18,free_registered,True,True,1,0.9222895415089418,0,1.0,18481,26002.0,1.0,18481,44483.0
FAN-000594,Ulsan HD,55_Plus,free_registered,True,False,2,0.9351172458728979,1,0.5,18058,15865.0,1.0,36116,51981.0
FAN-000595,Jeonbuk Hyundai Motors,18_34,season_ticket_partial,True,True,10,0.8928497924490137,8,0.19999999999999996,0,149815.0,1.0,0,149815.0
FAN-000596,Ulsan HD,18_34,paid_membership,True,True,5,0.8934840799310713,4,0.19999999999999996,21365,0.0,0.0,106825,106825.0
FAN-000597,Jeju SK,18_34,paid_membership,True,True,3,0.9046388296103579,2,0.33333333333333337,22275,153598.0,2.0,66825,220423.0
FAN-000598,FC Seoul,35_54,paid_membership,False,True,5,0.8582902709571065,4,0.19999999999999996,22627,54075.0,2.0,113135,167210.0
FAN-000599,FC Seoul,35_54,free_registered,True,False,2,0.9578329033827973,1,0.5,16414,117959.0,1.0,32828,150787.0
FAN-000600,FC Seoul,35_54,free_registered,True,False,2,0.9745381391075372,1,0.5,23497,0.0,0.0,46994,46994.0
FAN-000601,FC Seoul,18_34,free_registered,True,False,2,0.9041974483128258,1,0.5,20663,39633.0,1.0,41326,80959.0
FAN-000602,FC Seoul,18_34,free_registered,False,True,1,0.9881571985943458,0,1.0,18402,0.0,0.0,18402,18402.0
FAN-000603,FC Seoul,Under_18,paid_membership,True,False,4,0.8547904890287928,3,0.25,17579,0.0,0.0,70316,70316.0
FAN-000604,FC Seoul,35_54,season_ticket_partial,True,False,9,0.9203100947183018,8,0.11111111111111116,0,99268.0,1.0,0,99268.0
FAN-000605,FC Seoul,Under_18,free_registered,True,True,1,0.9641128120286149,0,1.0,22735,0.0,0.0,22735,22735.0
FAN-000606,Ulsan HD,35_54,free_registered,True,False,1,0.9629565839627053,0,1.0,20675,0.0,0.0,20675,20675.0
FAN-000607,FC Seoul,35_54,paid_membership,False,True,3,0.9099199797353912,2,0.33333333333333337,23171,207628.0,2.0,69513,277141.0
FAN-000608,Ulsan HD,35_54,season_ticket_partial,True,True,6,0.8050885936804053,4,0.33333333333333337,0,58984.0,1.0,0,58984.0
FAN-000609,Ulsan HD,18_34,paid_membership,True,False,5,0.9625615260770759,4,0.19999999999999996,16969,193647.0,2.0,84845,278492.0
FAN-000610,Jeju SK,18_34,season_ticket_partial,True,False,9,0.7126557425215789,6,0.33333333333333337,0,68940.0,1.0,0,68940.0
FAN-000611,FC Seoul,Under_18,paid_membership,True,True,4,0.932789871910802,3,0.25,22159,102395.0,2.0,88636,191031.0
FAN-000612,Jeonbuk Hyundai Motors,35_54,paid_membership,True,True,4,0.9629518294046461,3,0.25,21230,0.0,0.0,84920,84920.0
FAN-000613,Jeju SK,35_54,free_registered,True,False,2,0.9886687227175296,1,0.5,20081,23148.0,1.0,40162,63310.0
FAN-000614,FC Seoul,18_34,free_registered,True,False,1,0.9853128675356276,0,1.0,21341,0.0,0.0,21341,21341.0
FAN-000615,Jeonbuk Hyundai Motors,18_34,free_registered,False,True,1,0.92958219164909,0,1.0,23438,0.0,0.0,23438,23438.0
FAN-000616,Gangwon FC,35_54,paid_membership,True,True,5,0.8763499175191798,4,0.19999999999999996,24527,0.0,0.0,122635,122635.0
FAN-000617,FC Seoul,35_54,season_ticket_full,True,True,17,0.8335009047539235,14,0.17647058823529416,0,403401.0,5.0,0,403401.0
FAN-000618,FC Seoul,18_34,season_ticket_partial,True,False,8,0.7544612135631648,6,0.25,0,28720.0,1.0,0,28720.0
FAN-000619,Jeonbuk Hyundai Motors,35_54,free_registered,False,True,1,0.931313888509078,0,1.0,22555,0.0,0.0,22555,22555.0
FAN-000620,Jeonbuk Hyundai Motors,18_34,free_registered,True,True,2,0.9610648849127735,1,0.5,24510,0.0,0.0,49020,49020.0
FAN-000621,FC Seoul,Under_18,free_registered,True,True,2,0.9066196822296619,1,0.5,17278,20274.0,1.0,34556,54830.0
FAN-000622,FC Seoul,55_Plus,free_registered,False,False,1,0.9190136755992525,0,1.0,17854,90798.0,1.0,17854,108652.0
FAN-000623,Ulsan HD,35_54,paid_membership,False,False,4,0.9658153412392423,3,0.25,22693,192104.0,2.0,90772,282876.0
FAN-000624,Ulsan HD,35_54,season_ticket_partial,True,False,8,0.7080063490351367,5,0.375,0,247356.0,3.0,0,247356.0
FAN-000625,Jeju SK,Under_18,season_ticket_full,True,True,19,0.7019736397302179,13,0.3157894736842105,0,286718.0,4.0,0,286718.0
FAN-000626,Ulsan HD,35_54,paid_membership,True,True,4,0.8900606613998922,3,0.25,16186,119063.0,1.0,64744,183807.0
FAN-000627,Ulsan HD,18_34,season_ticket_partial,True,False,9,0.8978095562749431,8,0.11111111111111116,0,172135.0,2.0,0,172135.0
FAN-000628,Jeonbuk Hyundai Motors,18_34,paid_membership,False,False,3,0.8735405026543394,2,0.33333333333333337,16427,215145.0,2.0,49281,264426.0
FAN-000629,FC Seoul,18_34,free_registered,False,False,2,0.9258456833033133,1,0.5,17147,0.0,0.0,34294,34294.0
FAN-000630,FC Seoul,Under_18,paid_membership,True,False,4,0.9955039483629674,3,0.25,20120,191820.0,2.0,80480,272300.0
FAN-000631,Jeonbuk Hyundai Motors,35_54,paid_membership,True,False,5,0.8819645791665369,4,0.19999999999999996,17826,148690.0,1.0,89130,237820.0
FAN-000632,Jeonbuk Hyundai Motors,35_54,paid_membership,True,False,4,0.9710346383149744,3,0.25,22990,207649.0,2.0,91960,299609.0
FAN-000633,Ulsan HD,18_34,free_registered,False,False,1,0.9135259424089395,0,1.0,19758,88921.0,1.0,19758,108679.0
FAN-000634,Ulsan HD,18_34,free_registered,True,False,1,0.9354669969084234,0,1.0,17680,37580.0,1.0,17680,55260.0
FAN-000635,FC Seoul,18_34,free_registered,True,True,1,0.9203150437962463,0,1.0,21142,0.0,0.0,21142,21142.0
FAN-000636,Ulsan HD,Under_18,season_ticket_full,True,True,15,0.897289519092763,13,0.1333333333333333,0,481444.0,5.0,0,481444.0
FAN-000637,Ulsan HD,35_54,free_registered,True,False,1,0.9753861363501052,0,1.0,24313,0.0,0.0,24313,24313.0
FAN-000638,FC Seoul,35_54,paid_membership,True,True,3,0.8937932480408154,2,0.33333333333333337,16982,0.0,0.0,50946,50946.0
FAN-000639,FC Seoul,Under_18,paid_membership,False,False,4,0.9950364895723671,3,0.25,24208,99351.0,1.0,96832,196183.0
FAN-000640,Ulsan HD,Under_18,free_registered,False,True,2,0.9914154788657438,1,0.5,20097,87414.0,1.0,40194,127608.0
FAN-000641,FC Seoul,35_54,paid_membership,True,True,3,0.9232190430205542,2,0.33333333333333337,24458,0.0,0.0,73374,73374.0
FAN-000642,Ulsan HD,35_54,season_ticket_partial,True,True,7,0.8153824345603499,5,0.2857142857142857,0,247274.0,2.0,0,247274.0
FAN-000643,FC Seoul,18_34,free_registered,False,True,1,0.9026355337639901,0,1.0,24442,119413.0,1.0,24442,143855.0
FAN-000644,Ulsan HD,18_34,season_ticket_full,True,True,17,0.641486038105921,10,0.4117647058823529,0,396853.0,5.0,0,396853.0
FAN-000645,FC Seoul,35_54,free_registered,True,True,2,0.9128480911590834,1,0.5,21933,0.0,0.0,43866,43866.0
FAN-000646,Jeonbuk Hyundai Motors,18_34,free_registered,False,False,2,0.9570874255364133,1,0.5,21356,79638.0,1.0,42712,122350.0
FAN-000647,Jeju SK,Under_18,season_ticket_partial,True,True,11,0.7693736643912925,8,0.2727272727272727,0,160916.0,2.0,0,160916.0
FAN-000648,Jeju SK,35_54,season_ticket_partial,True,True,5,0.8561637335422428,4,0.19999999999999996,0,265279.0,3.0,0,265279.0
FAN-000649,Jeonbuk Hyundai Motors,35_54,season_ticket_full,True,True,17,0.7434092327324424,12,0.2941176470588235,0,211499.0,3.0,0,211499.0
FAN-000650,Ulsan HD,35_54,paid_membership,True,False,5,0.9416850744496108,4,0.19999999999999996,16940,124881.0,2.0,84700,209581.0
FAN-000651,FC Seoul,35_54,season_ticket_full,True,False,15,0.6205731845541372,9,0.4,0,184196.0,2.0,0,184196.0
FAN-000652,Ulsan HD,35_54,season_ticket_partial,True,False,9,0.8029396204414156,7,0.2222222222222222,0,106789.0,2.0,0,106789.0
FAN-000653,Jeju SK,18_34,season_ticket_partial,True,True,9,0.8830166298812865,7,0.2222222222222222,0,198893.0,2.0,0,198893.0
FAN-000654,Jeonbuk Hyundai Motors,18_34,paid_membership,True,True,5,0.9724220632242957,4,0.19999999999999996,21461,0.0,0.0,107305,107305.0
FAN-000655,Ulsan HD,Under_18,free_registered,True,False,1,0.9687861012976442,0,1.0,24491,0.0,0.0,24491,24491.0
FAN-000656,FC Seoul,Under_18,season_ticket_full,True,False,19,0.8284197351955319,15,0.21052631578947367,0,354430.0,3.0,0,354430.0
FAN-000657,FC Seoul,35_54,free_registered,True,True,1,0.931106357916082,0,1.0,18501,127509.0,1.0,18501,146010.0
FAN-000658,Ulsan HD,35_54,paid_membership,False,True,2,0.8887961625840567,1,0.5,19961,0.0,0.0,39922,39922.0
FAN-000659,Jeju SK,55_Plus,free_registered,True,True,2,0.9341255436450219,1,0.5,18528,82882.0,1.0,37056,119938.0
FAN-000660,Jeju SK,35_54,paid_membership,True,True,5,0.9204674764973444,4,0.19999999999999996,18122,158014.0,2.0,90610,248624.0
FAN-000661,Ulsan HD,18_34,free_registered,True,False,1,0.971087366058554,0,1.0,18356,0.0,0.0,18356,18356.0
FAN-000662,Gangwon FC,Under_18,free_registered,True,True,2,0.9853334507263934,1,0.5,20171,0.0,0.0,40342,40342.0
FAN-000663,Jeju SK,35_54,season_ticket_partial,True,True,11,0.841022993745453,9,0.18181818181818177,0,61721.0,1.0,0,61721.0
FAN-000664,FC Seoul,35_54,free_registered,True,True,1,0.9522200008873807,0,1.0,18794,0.0,0.0,18794,18794.0
FAN-000665,FC Seoul,35_54,paid_membership,True,False,3,0.9242668006854143,2,0.33333333333333337,21935,250369.0,2.0,65805,316174.0
FAN-000666,FC Seoul,35_54,free_registered,False,False,1,0.922494836085839,0,1.0,19568,0.0,0.0,19568,19568.0
FAN-000667,FC Seoul,35_54,free_registered,True,False,2,0.9415005739138638,1,0.5,17219,60544.0,1.0,34438,94982.0
FAN-000668,FC Seoul,35_54,free_registered,True,True,2,0.9811457015656747,1,0.5,22623,0.0,0.0,45246,45246.0
FAN-000669,FC Seoul,Under_18,paid_membership,True,False,3,0.8758980321782521,2,0.33333333333333337,19176,30353.0,1.0,57528,87881.0
FAN-000670,FC Seoul,35_54,free_registered,True,True,2,0.96449045583904,1,0.5,17800,103752.0,1.0,35600,139352.0
FAN-000671,FC Seoul,35_54,season_ticket_partial,True,True,7,0.8942788137257283,6,0.1428571428571429,0,85502.0,1.0,0,85502.0
FAN-000672,Jeonbuk Hyundai Motors,18_34,free_registered,True,True,2,0.9605922735928503,1,0.5,23408,39864.0,1.0,46816,86680.0
FAN-000673,FC Seoul,35_54,free_registered,True,True,2,0.91788419899461,1,0.5,19722,51754.0,1.0,39444,91198.0
FAN-000674,Ulsan HD,18_34,free_registered,False,True,2,0.9029295813063264,1,0.5,23276,0.0,0.0,46552,46552.0
FAN-000675,Ulsan HD,55_Plus,free_registered,False,False,2,0.9074615243063288,1,0.5,20123,0.0,0.0,40246,40246.0
FAN-000676,Gangwon FC,Under_18,paid_membership,False,True,3,0.8542739560342236,2,0.33333333333333337,16149,0.0,0.0,48447,48447.0
FAN-000677,FC Seoul,35_54,season_ticket_partial,True,True,9,0.7586673850691741,6,0.33333333333333337,0,62918.0,2.0,0,62918.0
FAN-000678,Ulsan HD,18_34,paid_membership,True,True,2,0.9199341325400643,1,0.5,19225,0.0,0.0,38450,38450.0
FAN-000679,Gangwon FC,35_54,free_registered,False,True,1,0.9232308406886487,0,1.0,24953,107917.0,1.0,24953,132870.0
FAN-000680,Jeonbuk Hyundai Motors,18_34,free_registered,True,True,1,0.9585031812125446,0,1.0,24374,84908.0,1.0,24374,109282.0
FAN-000681,Jeonbuk Hyundai Motors,18_34,free_registered,False,True,2,0.9998299828472886,1,0.5,23370,0.0,0.0,46740,46740.0
FAN-000682,FC Seoul,18_34,season_ticket_full,True,True,18,0.8375693816243855,15,0.16666666666666663,0,205770.0,2.0,0,205770.0
FAN-000683,FC Seoul,55_Plus,free_registered,True,True,2,0.9756855354566802,1,0.5,24546,0.0,0.0,49092,49092.0
FAN-000684,Jeju SK,18_34,paid_membership,False,True,3,0.9692440668903299,2,0.33333333333333337,18201,0.0,0.0,54603,54603.0
FAN-000685,Gangwon FC,Under_18,free_registered,False,True,1,0.9962879736459772,0,1.0,22744,80299.0,1.0,22744,103043.0
FAN-000686,Jeju SK,35_54,free_registered,False,True,1,0.9249105475592196,0,1.0,24924,26312.0,1.0,24924,51236.0
FAN-000687,Jeju SK,18_34,free_registered,False,True,1,0.9596631003422433,0,1.0,24037,0.0,0.0,24037,24037.0
FAN-000688,FC Seoul,55_Plus,free_registered,True,True,1,0.9983330699384234,0,1.0,21217,0.0,0.0,21217,21217.0
FAN-000689,Jeonbuk Hyundai Motors,Under_18,paid_membership,True,False,5,0.8879691410716479,4,0.19999999999999996,21419,0.0,0.0,107095,107095.0
FAN-000690,FC Seoul,35_54,free_registered,False,True,1,0.9992033306377236,0,1.0,24552,0.0,0.0,24552,24552.0
FAN-000691,Ulsan HD,18_34,paid_membership,True,True,4,0.9160615965612621,3,0.25,22027,117056.0,1.0,88108,205164.0
FAN-000692,Ulsan HD,18_34,free_registered,True,False,2,0.9077631497213807,1,0.5,16717,0.0,0.0,33434,33434.0
FAN-000693,Ulsan HD,35_54,season_ticket_full,True,False,16,0.7661412255477664,12,0.25,0,228591.0,3.0,0,228591.0
FAN-000694,FC Seoul,35_54,free_registered,True,False,1,0.9957613504123776,0,1.0,20936,0.0,0.0,20936,20936.0
FAN-000695,FC Seoul,35_54,season_ticket_partial,True,False,5,0.8440911087677101,4,0.19999999999999996,0,49941.0,2.0,0,49941.0
FAN-000696,Jeju SK,18_34,season_ticket_partial,True,True,11,0.8131538124071556,8,0.2727272727272727,0,324430.0,3.0,0,324430.0
FAN-000697,FC Seoul,18_34,season_ticket_full,True,True,16,0.7642601305527963,12,0.25,0,365475.0,4.0,0,365475.0
FAN-000698,Jeju SK,18_34,free_registered,True,False,2,0.9500423617720232,1,0.5,16522,0.0,0.0,33044,33044.0
FAN-000699,FC Seoul,55_Plus,paid_membership,True,False,3,0.9344133976554816,2,0.33333333333333337,22019,0.0,0.0,66057,66057.0
FAN-000700,Ulsan HD,18_34,free_registered,True,False,2,0.9452945646878366,1,0.5,21648,0.0,0.0,43296,43296.0
FAN-000701,Ulsan HD,18_34,free_registered,True,False,2,0.9632868692080394,1,0.5,18627,0.0,0.0,37254,37254.0
FAN-000702,FC Seoul,18_34,free_registered,True,True,1,0.9232687963332029,0,1.0,24607,0.0,0.0,24607,24607.0
FAN-000703,Ulsan HD,35_54,free_registered,True,True,2,0.9124440731513569,1,0.5,19076,0.0,0.0,38152,38152.0
FAN-000704,FC Seoul,18_34,season_ticket_full,True,False,18,0.8959613393051125,16,0.11111111111111116,0,432348.0,5.0,0,432348.0
FAN-000705,FC Seoul,55_Plus,free_registered,True,False,1,0.9625448097412692,0,1.0,24397,0.0,0.0,24397,24397.0
FAN-000706,Gangwon FC,18_34,paid_membership,True,False,2,0.8899532291933812,1,0.5,22612,226916.0,2.0,45224,272140.0
FAN-000707,Ulsan HD,35_54,paid_membership,True,False,2,0.9636030042539664,1,0.5,20852,15462.0,1.0,41704,57166.0
FAN-000708,Jeonbuk Hyundai Motors,Under_18,paid_membership,True,True,5,0.9734402390104099,4,0.19999999999999996,24458,195527.0,2.0,122290,317817.0
FAN-000709,FC Seoul,35_54,paid_membership,True,True,5,0.9036291073493136,4,0.19999999999999996,20570,0.0,0.0,102850,102850.0
FAN-000710,Jeju SK,55_Plus,free_registered,True,False,1,0.9116156811594807,0,1.0,16152,60057.0,1.0,16152,76209.0
FAN-000711,Jeonbuk Hyundai Motors,18_34,paid_membership,True,True,5,0.9238366865680623,4,0.19999999999999996,16553,0.0,0.0,82765,82765.0
FAN-000712,Jeju SK,55_Plus,free_registered,False,True,2,0.9045144872857197,1,0.5,20582,0.0,0.0,41164,41164.0
FAN-000713,Ulsan HD,18_34,season_ticket_full,True,True,18,0.8436835099992508,15,0.16666666666666663,0,193053.0,2.0,0,193053.0
FAN-000714,Ulsan HD,55_Plus,paid_membership,False,True,4,0.9959777281215494,3,0.25,23758,144466.0,2.0,95032,239498.0
FAN-000715,Ulsan HD,35_54,season_ticket_full,True,True,15,0.8687778953565067,13,0.1333333333333333,0,322925.0,3.0,0,322925.0
FAN-000716,Gangwon FC,18_34,free_registered,False,False,1,0.9015405527916325,0,1.0,23191,82964.0,1.0,23191,106155.0
FAN-000717,Jeonbuk Hyundai Motors,18_34,free_registered,True,True,2,0.9581016959722315,1,0.5,17398,54055.0,1.0,34796,88851.0
FAN-000718,Gangwon FC,18_34,free_registered,False,True,1,0.9809833408086681,0,1.0,22852,33605.0,1.0,22852,56457.0
FAN-000719,FC Seoul,Under_18,free_registered,True,False,2,0.9894862991131704,1,0.5,19428,138112.0,1.0,38856,176968.0
FAN-000720,Jeonbuk Hyundai Motors,Under_18,free_registered,True,True,1,0.940945505488306,0,1.0,23639,100714.0,1.0,23639,124353.0
FAN-000721,Gangwon FC,Under_18,paid_membership,True,False,3,0.9016486343701836,2,0.33333333333333337,18612,114869.0,1.0,55836,170705.0
FAN-000722,FC Seoul,18_34,free_registered,True,True,1,0.9951167160177216,0,1.0,17521,0.0,0.0,17521,17521.0
FAN-000723,FC Seoul,35_54,paid_membership,False,False,2,0.9985842074117491,1,0.5,19796,0.0,0.0,39592,39592.0
FAN-000724,Jeonbuk Hyundai Motors,Under_18,season_ticket_partial,True,True,5,0.7399589373010504,3,0.4,0,175262.0,3.0,0,175262.0
FAN-000725,Jeju SK,Under_18,paid_membership,False,True,3,0.8796150018513531,2,0.33333333333333337,23170,0.0,0.0,69510,69510.0
FAN-000726,Jeonbuk Hyundai Motors,35_54,free_registered,True,False,2,0.9067997268949475,1,0.5,19120,0.0,0.0,38240,38240.0
FAN-000727,FC Seoul,18_34,free_registered,True,False,1,0.9196882999990512,0,1.0,19085,125013.0,1.0,19085,144098.0
FAN-000728,Jeonbuk Hyundai Motors,Under_18,free_registered,True,True,2,0.9940451037323483,1,0.5,24060,0.0,0.0,48120,48120.0
FAN-000729,FC Seoul,18_34,free_registered,True,False,2,0.9844268925363235,1,0.5,16246,0.0,0.0,32492,32492.0
FAN-000730,FC Seoul,55_Plus,paid_membership,True,True,4,0.9343824667665095,3,0.25,24623,74735.0,1.0,98492,173227.0
FAN-000731,FC Seoul,35_54,free_registered,False,False,1,0.9161125660899945,0,1.0,16566,0.0,0.0,16566,16566.0
FAN-000732,Jeonbuk Hyundai Motors,18_34,season_ticket_partial,True,True,8,0.7588802560589017,6,0.25,0,153337.0,2.0,0,153337.0
FAN-000733,Jeju SK,35_54,paid_membership,False,True,5,0.9288505277856312,4,0.19999999999999996,24726,60227.0,1.0,123630,183857.0
FAN-000734,Ulsan HD,18_34,paid_membership,True,True,2,0.9885999956706045,1,0.5,22251,44378.0,1.0,44502,88880.0
FAN-000735,Ulsan HD,35_54,free_registered,True,True,1,0.9386279968853457,0,1.0,20271,0.0,0.0,20271,20271.0
FAN-000736,Jeonbuk Hyundai Motors,35_54,free_registered,True,True,2,0.9900804300788068,1,0.5,16468,35522.0,1.0,32936,68458.0
FAN-000737,Ulsan HD,35_54,paid_membership,True,True,3,0.9340713592000337,2,0.33333333333333337,19958,76245.0,1.0,59874,136119.0
FAN-000738,Jeonbuk Hyundai Motors,18_34,free_registered,False,True,2,0.963074114044996,1,0.5,18574,0.0,0.0,37148,37148.0
FAN-000739,Ulsan HD,Under_18,free_registered,True,True,1,0.9350595588386882,0,1.0,20247,144141.0,1.0,20247,164388.0
FAN-000740,Ulsan HD,18_34,free_registered,True,True,1,0.910778331202503,0,1.0,21395,0.0,0.0,21395,21395.0
FAN-000741,Ulsan HD,35_54,free_registered,True,False,2,0.9567523909612212,1,0.5,23205,0.0,0.0,46410,46410.0
FAN-000742,Ulsan HD,35_54,paid_membership,True,True,4,0.8715647962958025,3,0.25,17621,17949.0,1.0,70484,88433.0
FAN-000743,Jeonbuk Hyundai Motors,35_54,free_registered,False,False,1,0.9099201538189313,0,1.0,18995,0.0,0.0,18995,18995.0
FAN-000744,Ulsan HD,55_Plus,paid_membership,True,False,5,0.8794529631907909,4,0.19999999999999996,17970,0.0,0.0,89850,89850.0
FAN-000745,FC Seoul,18_34,free_registered,True,False,2,0.974035618566985,1,0.5,24622,26069.0,1.0,49244,75313.0
FAN-000746,Jeonbuk Hyundai Motors,35_54,paid_membership,False,False,5,0.9039065781496244,4,0.19999999999999996,20415,0.0,0.0,102075,102075.0
FAN-000747,Ulsan HD,35_54,season_ticket_partial,True,True,11,0.7852751126826278,8,0.2727272727272727,0,55418.0,1.0,0,55418.0
FAN-000748,Ulsan HD,55_Plus,season_ticket_partial,True,True,6,0.9011810026621039,5,0.16666666666666663,0,89326.0,1.0,0,89326.0
FAN-000749,Gangwon FC,55_Plus,free_registered,True,True,1,0.9853091810236696,0,1.0,18214,22934.0,1.0,18214,41148.0
FAN-000750,Jeju SK,35_54,free_registered,True,True,1,0.9172703982390886,0,1.0,20726,40538.0,1.0,20726,61264.0
FAN-000751,FC Seoul,18_34,free_registered,True,False,1,0.9720938386382698,0,1.0,16796,118622.0,1.0,16796,135418.0
FAN-000752,Gangwon FC,35_54,paid_membership,False,True,4,0.9582491513388182,3,0.25,19307,0.0,0.0,77228,77228.0
FAN-000753,Jeju SK,Under_18,paid_membership,True,True,4,0.9512353640099923,3,0.25,18969,89698.0,1.0,75876,165574.0
FAN-000754,Ulsan HD,35_54,paid_membership,True,False,2,0.9763774544509671,1,0.5,22463,229827.0,2.0,44926,274753.0
FAN-000755,FC Seoul,55_Plus,free_registered,False,True,1,0.9027964047173821,0,1.0,21934,0.0,0.0,21934,21934.0
FAN-000756,Jeonbuk Hyundai Motors,18_34,paid_membership,False,True,4,0.9473378131760488,3,0.25,20627,58557.0,1.0,82508,141065.0
FAN-000757,Jeju SK,35_54,free_registered,True,True,1,0.9318910252966603,0,1.0,20102,69611.0,1.0,20102,89713.0
FAN-000758,Ulsan HD,18_34,paid_membership,True,False,2,0.8594000684168317,1,0.5,24429,99294.0,2.0,48858,148152.0
FAN-000759,Jeonbuk Hyundai Motors,18_34,free_registered,True,False,2,0.9779475843549887,1,0.5,24029,62340.0,1.0,48058,110398.0
FAN-000760,Jeonbuk Hyundai Motors,18_34,paid_membership,True,True,2,0.9338887507091171,1,0.5,18498,256980.0,2.0,36996,293976.0
FAN-000761,FC Seoul,35_54,free_registered,True,True,2,0.9667516889042121,1,0.5,21233,127388.0,1.0,42466,169854.0
FAN-000762,Ulsan HD,55_Plus,free_registered,True,True,2,0.9292394508478825,1,0.5,24640,0.0,0.0,49280,49280.0
FAN-000763,FC Seoul,55_Plus,paid_membership,True,True,4,0.8554109971144376,3,0.25,19229,92139.0,1.0,76916,169055.0
FAN-000764,Jeonbuk Hyundai Motors,18_34,free_registered,True,False,1,0.9673740979554979,0,1.0,24001,0.0,0.0,24001,24001.0
FAN-000765,FC Seoul,35_54,paid_membership,True,True,3,0.9463132811711827,2,0.33333333333333337,21518,0.0,0.0,64554,64554.0
FAN-000766,Jeju SK,35_54,paid_membership,True,True,3,0.9552820628599732,2,0.33333333333333337,16638,86385.0,1.0,49914,136299.0
FAN-000767,Jeonbuk Hyundai Motors,18_34,paid_membership,True,False,2,0.9239187210914418,1,0.5,23903,0.0,0.0,47806,47806.0
FAN-000768,Jeonbuk Hyundai Motors,Under_18,free_registered,True,False,1,0.9336299230046754,0,1.0,18629,0.0,0.0,18629,18629.0
FAN-000769,Ulsan HD,18_34,free_registered,True,False,2,0.9312397049339488,1,0.5,24120,0.0,0.0,48240,48240.0
FAN-000770,Jeonbuk Hyundai Motors,55_Plus,paid_membership,True,True,5,0.9173953572912731,4,0.19999999999999996,20760,44432.0,1.0,103800,148232.0
FAN-000771,FC Seoul,35_54,free_registered,True,True,2,0.9802277981019198,1,0.5,17558,0.0,0.0,35116,35116.0
FAN-000772,Jeonbuk Hyundai Motors,35_54,paid_membership,True,True,5,0.883445483206427,4,0.19999999999999996,23817,163383.0,2.0,119085,282468.0
FAN-000773,FC Seoul,18_34,free_registered,True,False,1,0.9706636813052062,0,1.0,18960,0.0,0.0,18960,18960.0
FAN-000774,Ulsan HD,35_54,free_registered,False,True,2,0.9279924457339502,1,0.5,18227,0.0,0.0,36454,36454.0
FAN-000775,Jeonbuk Hyundai Motors,Under_18,free_registered,False,False,1,0.9602016313847744,0,1.0,16952,0.0,0.0,16952,16952.0
FAN-000776,FC Seoul,18_34,free_registered,True,False,1,0.9034673601780767,0,1.0,16492,54317.0,1.0,16492,70809.0
FAN-000777,FC Seoul,35_54,free_registered,False,True,2,0.9106038361133669,1,0.5,17616,82926.0,1.0,35232,118158.0
FAN-000778,Jeonbuk Hyundai Motors,Under_18,paid_membership,True,True,4,0.9245271021591853,3,0.25,23880,213699.0,2.0,95520,309219.0
FAN-000779,Jeonbuk Hyundai Motors,35_54,paid_membership,True,False,5,0.9982081935884932,4,0.19999999999999996,18990,55451.0,1.0,94950,150401.0
FAN-000780,Jeju SK,18_34,free_registered,False,False,2,0.935340316770678,1,0.5,19398,0.0,0.0,38796,38796.0
FAN-000781,Jeju SK,35_54,season_ticket_full,True,False,16,0.6284323956792274,10,0.375,0,141526.0,2.0,0,141526.0
FAN-000782,Ulsan HD,18_34,paid_membership,True,True,2,0.9060394778370547,1,0.5,24981,131398.0,2.0,49962,181360.0
FAN-000783,FC Seoul,35_54,season_ticket_partial,True,True,11,0.9223146010776597,10,0.09090909090909094,0,401052.0,3.0,0,401052.0
FAN-000784,Ulsan HD,Under_18,paid_membership,True,False,2,0.9778468897553263,1,0.5,18381,0.0,0.0,36762,36762.0
FAN-000785,FC Seoul,Under_18,paid_membership,True,False,2,0.8871029448464735,1,0.5,18499,0.0,0.0,36998,36998.0
FAN-000786,Gangwon FC,55_Plus,free_registered,True,True,2,0.9677034883531408,1,0.5,20279,28425.0,1.0,40558,68983.0
FAN-000787,Jeju SK,18_34,free_registered,True,True,2,0.99729391281124,1,0.5,22847,66873.0,1.0,45694,112567.0
FAN-000788,Ulsan HD,35_54,free_registered,True,False,2,0.9694727706020382,1,0.5,22483,0.0,0.0,44966,44966.0
FAN-000789,Ulsan HD,55_Plus,paid_membership,True,True,3,0.8853072518778446,2,0.33333333333333337,21991,84824.0,1.0,65973,150797.0
FAN-000790,Gangwon FC,18_34,free_registered,False,False,2,0.9147258665699599,1,0.5,20706,0.0,0.0,41412,41412.0
FAN-000791,FC Seoul,18_34,paid_membership,False,True,5,0.9682928201208119,4,0.19999999999999996,17476,73111.0,1.0,87380,160491.0
FAN-000792,Jeju SK,35_54,free_registered,True,False,2,0.9876768479792087,1,0.5,16224,0.0,0.0,32448,32448.0
FAN-000793,Ulsan HD,55_Plus,season_ticket_partial,True,False,6,0.786906360541456,4,0.33333333333333337,0,188011.0,2.0,0,188011.0
FAN-000794,Jeju SK,55_Plus,free_registered,False,True,2,0.9792119382692035,1,0.5,17316,146399.0,1.0,34632,181031.0
FAN-000795,FC Seoul,18_34,free_registered,True,False,2,0.9222859808096204,1,0.5,19544,54001.0,1.0,39088,93089.0
FAN-000796,Jeonbuk Hyundai Motors,35_54,free_registered,True,False,1,0.9348594974902225,0,1.0,21973,33249.0,1.0,21973,55222.0
FAN-000797,Gangwon FC,Under_18,free_registered,True,False,1,0.908103452769246,0,1.0,18796,57079.0,1.0,18796,75875.0
FAN-000798,Jeju SK,55_Plus,free_registered,False,True,2,0.9895585449132258,1,0.5,23428,137379.0,1.0,46856,184235.0
FAN-000799,Jeju SK,55_Plus,paid_membership,True,False,4,0.963368725360346,3,0.25,17671,149487.0,1.0,70684,220171.0
FAN-000800,Gangwon FC,18_34,free_registered,True,False,2,0.9857463847543312,1,0.5,18813,0.0,0.0,37626,37626.0
FAN-000801,Jeonbuk Hyundai Motors,18_34,free_registered,True,True,2,0.9437180314171315,1,0.5,22964,0.0,0.0,45928,45928.0
FAN-000802,FC Seoul,Under_18,season_ticket_partial,True,False,7,0.825117998689144,5,0.2857142857142857,0,249172.0,3.0,0,249172.0
FAN-000803,Jeju SK,18_34,free_registered,True,True,1,0.9462600774259211,0,1.0,21402,0.0,0.0,21402,21402.0
FAN-000804,Jeju SK,35_54,season_ticket_full,True,True,18,0.6407205922749803,11,0.38888888888888884,0,299620.0,3.0,0,299620.0
FAN-000805,Ulsan HD,18_34,season_ticket_full,True,True,19,0.7935730377627174,15,0.21052631578947367,0,427940.0,5.0,0,427940.0
FAN-000806,Jeonbuk Hyundai Motors,Under_18,free_registered,True,True,2,0.9421620278197802,1,0.5,21830,0.0,0.0,43660,43660.0
FAN-000807,Gangwon FC,18_34,free_registered,True,False,2,0.9431039093381778,1,0.5,17410,60242.0,1.0,34820,95062.0
FAN-000808,Gangwon FC,55_Plus,free_registered,False,False,2,0.9744577182814131,1,0.5,17212,0.0,0.0,34424,34424.0
FAN-000809,Ulsan HD,35_54,paid_membership,False,True,2,0.9774690779219806,1,0.5,22633,127046.0,2.0,45266,172312.0
FAN-000810,FC Seoul,18_34,paid_membership,True,False,2,0.8659220766830902,1,0.5,22193,151605.0,2.0,44386,195991.0
FAN-000811,Gangwon FC,18_34,paid_membership,True,True,2,0.9572752601011265,1,0.5,18248,119561.0,2.0,36496,156057.0
FAN-000812,Jeonbuk Hyundai Motors,55_Plus,paid_membership,True,True,3,0.8594421151281826,2,0.33333333333333337,24366,0.0,0.0,73098,73098.0
FAN-000813,FC Seoul,35_54,free_registered,True,True,2,0.9345127915972801,1,0.5,19346,0.0,0.0,38692,38692.0
FAN-000814,Gangwon FC,18_34,season_ticket_partial,True,True,10,0.8222967255937461,8,0.19999999999999996,0,230526.0,3.0,0,230526.0
FAN-000815,Jeonbuk Hyundai Motors,Under_18,paid_membership,True,True,2,0.9655840349448758,1,0.5,23301,148029.0,2.0,46602,194631.0
FAN-000816,Ulsan HD,Under_18,paid_membership,True,False,4,0.9397877573476028,3,0.25,24070,108521.0,1.0,96280,204801.0
FAN-000817,Jeju SK,Under_18,season_ticket_partial,True,True,8,0.9276016818587589,7,0.125,0,204095.0,3.0,0,204095.0
FAN-000818,Ulsan HD,35_54,paid_membership,False,True,4,0.8918272936500407,3,0.25,23981,113923.0,1.0,95924,209847.0
FAN-000819,FC Seoul,55_Plus,free_registered,True,True,2,0.9402519828985435,1,0.5,17568,81903.0,1.0,35136,117039.0
FAN-000820,Ulsan HD,18_34,free_registered,True,True,1,0.9542079974187274,0,1.0,17651,0.0,0.0,17651,17651.0
FAN-000821,Jeonbuk Hyundai Motors,35_54,free_registered,True,False,2,0.9820335477825208,1,0.5,18376,0.0,0.0,36752,36752.0
FAN-000822,FC Seoul,18_34,free_registered,False,True,1,0.966093400880029,0,1.0,23668,0.0,0.0,23668,23668.0
FAN-000823,Ulsan HD,35_54,season_ticket_full,True,False,18,0.8571067125027643,15,0.16666666666666663,0,579219.0,5.0,0,579219.0
FAN-000824,Ulsan HD,35_54,free_registered,True,True,2,0.9648121962974676,1,0.5,17396,0.0,0.0,34792,34792.0
FAN-000825,Ulsan HD,18_34,paid_membership,True,False,3,0.9918497145144796,2,0.33333333333333337,19582,0.0,0.0,58746,58746.0
FAN-000826,Gangwon FC,18_34,paid_membership,True,True,2,0.9092064139386762,1,0.5,18822,123412.0,2.0,37644,161056.0
FAN-000827,Ulsan HD,35_54,free_registered,True,False,1,0.90752957110539,0,1.0,18529,0.0,0.0,18529,18529.0
FAN-000828,Ulsan HD,Under_18,season_ticket_full,True,True,17,0.6015132491518789,10,0.4117647058823529,0,409779.0,5.0,0,409779.0
FAN-000829,Jeonbuk Hyundai Motors,18_34,season_ticket_partial,True,True,5,0.948236712439968,4,0.19999999999999996,0,66371.0,1.0,0,66371.0
FAN-000830,Ulsan HD,18_34,paid_membership,True,False,4,0.9803287481133949,3,0.25,19585,148786.0,2.0,78340,227126.0
FAN-000831,FC Seoul,55_Plus,free_registered,True,False,1,0.9843416040711561,0,1.0,22147,93025.0,1.0,22147,115172.0
FAN-000832,Ulsan HD,18_34,free_registered,True,True,1,0.9782832240104817,0,1.0,20432,0.0,0.0,20432,20432.0
FAN-000833,FC Seoul,35_54,free_registered,True,False,2,0.9580669146221753,1,0.5,23614,63011.0,1.0,47228,110239.0
FAN-000834,FC Seoul,18_34,free_registered,True,False,1,0.9252148578505531,0,1.0,20125,0.0,0.0,20125,20125.0
FAN-000835,Ulsan HD,35_54,paid_membership,False,True,2,0.9553570779848719,1,0.5,22271,59871.0,1.0,44542,104413.0
FAN-000836,Ulsan HD,35_54,season_ticket_full,True,True,17,0.7207009031322644,12,0.2941176470588235,0,244859.0,3.0,0,244859.0
FAN-000837,Gangwon FC,35_54,paid_membership,False,True,4,0.9815226910483439,3,0.25,24416,182487.0,2.0,97664,280151.0
FAN-000838,Ulsan HD,18_34,season_ticket_partial,True,True,11,0.7856590216377668,8,0.2727272727272727,0,121911.0,2.0,0,121911.0
FAN-000839,Jeju SK,35_54,paid_membership,False,False,4,0.886438533524027,3,0.25,16407,117983.0,2.0,65628,183611.0
FAN-000840,Jeju SK,35_54,free_registered,False,True,2,0.910285612574233,1,0.5,22820,135223.0,1.0,45640,180863.0
FAN-000841,FC Seoul,18_34,season_ticket_partial,True,True,7,0.8875648015346688,6,0.1428571428571429,0,255191.0,3.0,0,255191.0
FAN-000842,Jeju SK,Under_18,free_registered,False,False,1,0.9909088071114444,0,1.0,22550,92768.0,1.0,22550,115318.0
FAN-000843,FC Seoul,Under_18,season_ticket_partial,True,True,10,0.752792626713624,7,0.30000000000000004,0,171734.0,2.0,0,171734.0
FAN-000844,Gangwon FC,Under_18,free_registered,True,False,2,0.9787154653101804,1,0.5,18391,29058.0,1.0,36782,65840.0
FAN-000845,FC Seoul,35_54,free_registered,True,False,2,0.9610714786770391,1,0.5,17422,0.0,0.0,34844,34844.0
FAN-000846,Ulsan HD,18_34,season_ticket_partial,True,False,11,0.8056725100919522,8,0.2727272727272727,0,148942.0,2.0,0,148942.0
FAN-000847,FC Seoul,18_34,paid_membership,True,False,3,0.9908545367233957,2,0.33333333333333337,19273,0.0,0.0,57819,57819.0
FAN-000848,Gangwon FC,35_54,season_ticket_partial,True,True,10,0.9165798980015217,9,0.09999999999999998,0,143209.0,1.0,0,143209.0
FAN-000849,Ulsan HD,18_34,season_ticket_full,True,True,19,0.8898922693275692,16,0.1578947368421053,0,229604.0,3.0,0,229604.0
FAN-000850,Jeju SK,18_34,free_registered,True,True,2,0.9454483061901462,1,0.5,21728,27872.0,1.0,43456,71328.0
FAN-000851,FC Seoul,18_34,paid_membership,True,True,2,0.8636507612809443,1,0.5,18818,0.0,0.0,37636,37636.0
FAN-000852,Jeonbuk Hyundai Motors,55_Plus,free_registered,True,False,2,0.9894808683169439,1,0.5,20177,0.0,0.0,40354,40354.0
FAN-000853,FC Seoul,35_54,paid_membership,True,True,2,0.8746354629885066,1,0.5,17316,96716.0,1.0,34632,131348.0
FAN-000854,Jeonbuk Hyundai Motors,35_54,paid_membership,False,False,5,0.9096128690436021,4,0.19999999999999996,22918,0.0,0.0,114590,114590.0
FAN-000855,FC Seoul,18_34,free_registered,True,False,2,0.902904518401643,1,0.5,16878,0.0,0.0,33756,33756.0
FAN-000856,FC Seoul,35_54,paid_membership,True,True,4,0.858282985166302,3,0.25,22585,0.0,0.0,90340,90340.0
FAN-000857,FC Seoul,Under_18,paid_membership,False,True,3,0.9370635773777578,2,0.33333333333333337,19204,217662.0,2.0,57612,275274.0
FAN-000858,Ulsan HD,Under_18,free_registered,True,True,2,0.9321440723872213,1,0.5,16594,0.0,0.0,33188,33188.0
FAN-000859,Jeju SK,Under_18,season_ticket_partial,True,False,8,0.9077051212190874,7,0.125,0,17313.0,1.0,0,17313.0
FAN-000860,FC Seoul,35_54,paid_membership,True,False,3,0.9589586681578074,2,0.33333333333333337,16667,104943.0,1.0,50001,154944.0
FAN-000861,Jeonbuk Hyundai Motors,18_34,season_ticket_full,True,True,18,0.829664294888391,14,0.2222222222222222,0,375157.0,5.0,0,375157.0
FAN-000862,Ulsan HD,18_34,free_registered,False,True,1,0.9307030363228854,0,1.0,16216,0.0,0.0,16216,16216.0
FAN-000863,Ulsan HD,Under_18,free_registered,True,True,2,0.9085348757388784,1,0.5,22007,0.0,0.0,44014,44014.0
FAN-000864,Ulsan HD,18_34,paid_membership,True,False,5,0.9321211308202769,4,0.19999999999999996,20703,139607.0,2.0,103515,243122.0
FAN-000865,Ulsan HD,35_54,free_registered,True,True,1,0.9345268200710599,0,1.0,22756,73940.0,1.0,22756,96696.0
FAN-000866,Jeju SK,18_34,season_ticket_full,True,True,16,0.864783577260536,13,0.1875,0,138653.0,3.0,0,138653.0
FAN-000867,FC Seoul,35_54,free_registered,False,False,2,0.9922782532025659,1,0.5,20480,0.0,0.0,40960,40960.0
FAN-000868,FC Seoul,18_34,paid_membership,False,False,5,0.8927597662528801,4,0.19999999999999996,20192,241655.0,2.0,100960,342615.0
FAN-000869,Jeonbuk Hyundai Motors,35_54,paid_membership,False,False,2,0.9292927074533421,1,0.5,24788,100434.0,2.0,49576,150010.0
FAN-000870,Gangwon FC,35_54,free_registered,True,True,1,0.9246084581558592,0,1.0,19981,0.0,0.0,19981,19981.0
FAN-000871,Ulsan HD,18_34,free_registered,True,False,1,0.9264764190104111,0,1.0,18798,72704.0,1.0,18798,91502.0
FAN-000872,FC Seoul,18_34,paid_membership,True,True,2,0.9853303484750224,1,0.5,20783,130091.0,1.0,41566,171657.0
FAN-000873,Jeju SK,35_54,paid_membership,True,True,3,0.9943890432327696,2,0.33333333333333337,20738,0.0,0.0,62214,62214.0
FAN-000874,Ulsan HD,35_54,free_registered,True,True,2,0.9579483720253632,1,0.5,19578,80920.0,1.0,39156,120076.0
FAN-000875,FC Seoul,18_34,season_ticket_partial,True,True,7,0.7975689768421335,5,0.2857142857142857,0,144309.0,1.0,0,144309.0
FAN-000876,FC Seoul,18_34,free_registered,False,True,1,0.9542547520923291,0,1.0,21559,88651.0,1.0,21559,110210.0
FAN-000877,Jeonbuk Hyundai Motors,35_54,free_registered,True,False,1,0.9833782241296752,0,1.0,17752,0.0,0.0,17752,17752.0
FAN-000878,Jeju SK,35_54,paid_membership,True,True,5,0.9233183486334813,4,0.19999999999999996,16699,87260.0,1.0,83495,170755.0
FAN-000879,FC Seoul,18_34,free_registered,True,False,2,0.9927424993564946,1,0.5,19317,0.0,0.0,38634,38634.0
FAN-000880,FC Seoul,18_34,season_ticket_full,True,True,17,0.611493164777379,10,0.4117647058823529,0,409714.0,5.0,0,409714.0
FAN-000881,FC Seoul,18_34,free_registered,True,True,2,0.919602860304587,1,0.5,23165,0.0,0.0,46330,46330.0
FAN-000882,Jeju SK,35_54,free_registered,True,False,2,0.9018725847270778,1,0.5,24062,0.0,0.0,48124,48124.0
FAN-000883,FC Seoul,18_34,free_registered,True,False,1,0.9317113906855297,0,1.0,24668,0.0,0.0,24668,24668.0
FAN-000884,FC Seoul,55_Plus,paid_membership,True,True,3,0.8839048847115373,2,0.33333333333333337,20090,173161.0,2.0,60270,233431.0
FAN-000885,Jeonbuk Hyundai Motors,18_34,paid_membership,False,False,5,0.9360171496123711,4,0.19999999999999996,22809,0.0,0.0,114045,114045.0
FAN-000886,FC Seoul,18_34,paid_membership,True,True,2,0.8847812754355746,1,0.5,22134,270266.0,2.0,44268,314534.0
FAN-000887,Jeju SK,35_54,free_registered,True,False,1,0.9404913263481123,0,1.0,17069,0.0,0.0,17069,17069.0
FAN-000888,FC Seoul,55_Plus,free_registered,True,True,2,0.9399203272323513,1,0.5,16861,34304.0,1.0,33722,68026.0
FAN-000889,FC Seoul,35_54,season_ticket_partial,True,False,11,0.7687794684913826,8,0.2727272727272727,0,133263.0,1.0,0,133263.0
FAN-000890,FC Seoul,18_34,free_registered,False,True,1,0.9652819427776256,0,1.0,22890,0.0,0.0,22890,22890.0
FAN-000891,Jeonbuk Hyundai Motors,35_54,season_ticket_partial,True,False,5,0.7578657554257857,3,0.4,0,192514.0,3.0,0,192514.0
FAN-000892,Jeonbuk Hyundai Motors,35_54,free_registered,True,False,1,0.9893456306692924,0,1.0,22020,0.0,0.0,22020,22020.0
FAN-000893,Jeonbuk Hyundai Motors,18_34,season_ticket_partial,True,True,8,0.7025421477666419,5,0.375,0,323620.0,3.0,0,323620.0
FAN-000894,Ulsan HD,18_34,free_registered,True,False,1,0.9410623588185806,0,1.0,23421,0.0,0.0,23421,23421.0
FAN-000895,Jeju SK,18_34,paid_membership,True,True,4,0.9643424768747789,3,0.25,23689,0.0,0.0,94756,94756.0
FAN-000896,FC Seoul,18_34,free_registered,True,True,2,0.9494535282749538,1,0.5,22785,0.0,0.0,45570,45570.0
FAN-000897,FC Seoul,55_Plus,free_registered,True,False,2,0.9966081272662886,1,0.5,22106,0.0,0.0,44212,44212.0
FAN-000898,Jeonbuk Hyundai Motors,18_34,free_registered,False,True,2,0.9174822970495363,1,0.5,22588,33577.0,1.0,45176,78753.0
FAN-000899,FC Seoul,55_Plus,free_registered,True,True,1,0.9316024194577159,0,1.0,21525,53304.0,1.0,21525,74829.0
FAN-000900,FC Seoul,18_34,free_registered,True,True,2,0.9116154058146848,1,0.5,19977,0.0,0.0,39954,39954.0
FAN-000901,FC Seoul,35_54,paid_membership,True,False,5,0.9700631111316167,4,0.19999999999999996,19386,0.0,0.0,96930,96930.0
FAN-000902,FC Seoul,18_34,paid_membership,True,True,5,0.9742480625574294,4,0.19999999999999996,20075,128764.0,2.0,100375,229139.0
FAN-000903,FC Seoul,Under_18,paid_membership,True,True,4,0.8730973137820943,3,0.25,24254,0.0,0.0,97016,97016.0
FAN-000904,Jeju SK,18_34,paid_membership,True,False,3,0.9930054287524599,2,0.33333333333333337,17777,0.0,0.0,53331,53331.0
FAN-000905,Ulsan HD,Under_18,paid_membership,True,False,5,0.9894884103771869,4,0.19999999999999996,20030,31830.0,1.0,100150,131980.0
FAN-000906,Jeonbuk Hyundai Motors,35_54,free_registered,True,False,2,0.9847401458865086,1,0.5,19205,0.0,0.0,38410,38410.0
FAN-000907,Jeonbuk Hyundai Motors,18_34,free_registered,False,False,1,0.9439825857708752,0,1.0,16815,82617.0,1.0,16815,99432.0
FAN-000908,Ulsan HD,35_54,free_registered,True,False,1,0.901321452899346,0,1.0,22856,0.0,0.0,22856,22856.0
FAN-000909,FC Seoul,18_34,season_ticket_partial,True,True,6,0.8991074374376856,5,0.16666666666666663,0,115767.0,1.0,0,115767.0
FAN-000910,Ulsan HD,18_34,free_registered,True,True,2,0.943812033364418,1,0.5,18209,0.0,0.0,36418,36418.0
FAN-000911,Jeju SK,18_34,free_registered,False,False,1,0.9593245125716416,0,1.0,19069,28809.0,1.0,19069,47878.0
FAN-000912,FC Seoul,55_Plus,paid_membership,False,False,3,0.9109142492654614,2,0.33333333333333337,24618,105687.0,2.0,73854,179541.0
FAN-000913,Jeju SK,35_54,free_registered,False,False,2,0.9981961515318164,1,0.5,24215,0.0,0.0,48430,48430.0
FAN-000914,Ulsan HD,18_34,season_ticket_partial,True,True,5,0.8726351557886908,4,0.19999999999999996,0,164754.0,2.0,0,164754.0
FAN-000915,Jeju SK,18_34,season_ticket_partial,True,True,7,0.7253393749453992,5,0.2857142857142857,0,61347.0,2.0,0,61347.0
FAN-000916,Ulsan HD,Under_18,free_registered,True,False,1,0.9035730424886852,0,1.0,17304,0.0,0.0,17304,17304.0
FAN-000917,FC Seoul,55_Plus,free_registered,True,False,1,0.9213482124625727,0,1.0,19947,0.0,0.0,19947,19947.0
FAN-000918,Gangwon FC,35_54,free_registered,True,False,2,0.9434331715435593,1,0.5,23933,58336.0,1.0,47866,106202.0
FAN-000919,Jeonbuk Hyundai Motors,18_34,paid_membership,False,True,3,0.9425380492416252,2,0.33333333333333337,20394,200552.0,2.0,61182,261734.0
FAN-000920,FC Seoul,35_54,free_registered,False,True,2,0.9021558904667555,1,0.5,19078,0.0,0.0,38156,38156.0
FAN-000921,Jeonbuk Hyundai Motors,Under_18,paid_membership,False,False,4,0.8694011699270587,3,0.25,23098,0.0,0.0,92392,92392.0
FAN-000922,Ulsan HD,55_Plus,paid_membership,False,False,5,0.9709392080035396,4,0.19999999999999996,23706,0.0,0.0,118530,118530.0
FAN-000923,Jeonbuk Hyundai Motors,18_34,free_registered,True,True,2,0.9288229833093106,1,0.5,24739,92168.0,1.0,49478,141646.0
FAN-000924,Jeonbuk Hyundai Motors,35_54,free_registered,True,True,2,0.9315678370920952,1,0.5,22120,0.0,0.0,44240,44240.0
FAN-000925,Ulsan HD,18_34,paid_membership,True,False,5,0.9458835618800128,4,0.19999999999999996,21522,0.0,0.0,107610,107610.0
FAN-000926,FC Seoul,35_54,free_registered,False,False,2,0.9274594271329999,1,0.5,23352,0.0,0.0,46704,46704.0
FAN-000927,FC Seoul,35_54,season_ticket_partial,True,True,6,0.9220128186320117,5,0.16666666666666663,0,187784.0,2.0,0,187784.0
FAN-000928,Ulsan HD,35_54,free_registered,False,True,1,0.9158092948742786,0,1.0,23236,105938.0,1.0,23236,129174.0
FAN-000929,Jeju SK,35_54,paid_membership,True,True,4,0.87233916838822,3,0.25,16196,128403.0,1.0,64784,193187.0
FAN-000930,FC Seoul,35_54,season_ticket_partial,True,True,5,0.8464319425281973,4,0.19999999999999996,0,38052.0,1.0,0,38052.0
FAN-000931,FC Seoul,Under_18,season_ticket_partial,True,False,11,0.7565921011076311,8,0.2727272727272727,0,150127.0,2.0,0,150127.0
FAN-000932,Jeonbuk Hyundai Motors,18_34,free_registered,True,True,1,0.9707338252328958,0,1.0,16368,0.0,0.0,16368,16368.0
FAN-000933,Gangwon FC,18_34,free_registered,False,False,1,0.9506152197214752,0,1.0,19228,136166.0,1.0,19228,155394.0
FAN-000934,Ulsan HD,55_Plus,paid_membership,True,False,2,0.8876394912366778,1,0.5,17491,144801.0,2.0,34982,179783.0
FAN-000935,FC Seoul,18_34,free_registered,True,True,2,0.944994635310891,1,0.5,23027,129332.0,1.0,46054,175386.0
FAN-000936,FC Seoul,35_54,free_registered,True,True,1,0.95848467030994,0,1.0,16719,0.0,0.0,16719,16719.0
FAN-000937,FC Seoul,35_54,season_ticket_partial,True,True,7,0.7573529926765491,5,0.2857142857142857,0,144539.0,1.0,0,144539.0
FAN-000938,Gangwon FC,18_34,free_registered,True,True,2,0.9207515799827319,1,0.5,20734,130963.0,1.0,41468,172431.0
FAN-000939,FC Seoul,18_34,free_registered,True,True,2,0.9941964435361762,1,0.5,24987,19504.0,1.0,49974,69478.0
FAN-000940,Jeju SK,18_34,free_registered,False,False,2,0.9450409404290511,1,0.5,18202,137004.0,1.0,36404,173408.0
FAN-000941,FC Seoul,18_34,paid_membership,True,False,2,0.9371520519093676,1,0.5,19207,203321.0,2.0,38414,241735.0
FAN-000942,Jeju SK,18_34,paid_membership,True,False,3,0.978491523261489,2,0.33333333333333337,18503,92645.0,1.0,55509,148154.0
FAN-000943,Jeju SK,Under_18,free_registered,True,False,2,0.9614883404701099,1,0.5,21782,0.0,0.0,43564,43564.0
FAN-000944,Jeonbuk Hyundai Motors,35_54,free_registered,True,False,2,0.9298793268692045,1,0.5,22175,0.0,0.0,44350,44350.0
FAN-000945,FC Seoul,55_Plus,free_registered,True,False,2,0.9679803211307068,1,0.5,21134,135778.0,1.0,42268,178046.0
FAN-000946,FC Seoul,18_34,paid_membership,True,True,5,0.9131028446391649,4,0.19999999999999996,17882,0.0,0.0,89410,89410.0
FAN-000947,FC Seoul,18_34,free_registered,True,False,1,0.9973068101202902,0,1.0,17987,102759.0,1.0,17987,120746.0
FAN-000948,Gangwon FC,Under_18,season_ticket_full,True,True,18,0.8722696892214344,15,0.16666666666666663,0,119981.0,2.0,0,119981.0
FAN-000949,Jeonbuk Hyundai Motors,35_54,free_registered,True,True,2,0.9814944823323,1,0.5,16814,122592.0,1.0,33628,156220.0
FAN-000950,Jeju SK,35_54,season_ticket_full,True,True,18,0.7394734108287471,13,0.2777777777777778,0,92381.0,3.0,0,92381.0
FAN-000951,Jeju SK,Under_18,free_registered,False,False,2,0.9008415543044508,1,0.5,18569,61575.0,1.0,37138,98713.0
FAN-000952,Jeju SK,18_34,paid_membership,True,False,2,0.9514729738191497,1,0.5,23347,125489.0,1.0,46694,172183.0
FAN-000953,FC Seoul,35_54,free_registered,True,False,1,0.9025371893486299,0,1.0,21343,80031.0,1.0,21343,101374.0
FAN-000954,Gangwon FC,35_54,free_registered,True,False,1,0.9122358061026327,0,1.0,23421,38099.0,1.0,23421,61520.0
FAN-000955,Ulsan HD,Under_18,season_ticket_partial,True,True,8,0.7890021452803472,6,0.25,0,31958.0,1.0,0,31958.0
FAN-000956,Ulsan HD,35_54,season_ticket_partial,True,False,9,0.735206445707568,6,0.33333333333333337,0,94327.0,2.0,0,94327.0
FAN-000957,Ulsan HD,18_34,free_registered,False,False,1,0.9841126146724224,0,1.0,17861,0.0,0.0,17861,17861.0
FAN-000958,FC Seoul,18_34,paid_membership,True,False,2,0.905893861801701,1,0.5,16648,88998.0,1.0,33296,122294.0
FAN-000959,FC Seoul,35_54,paid_membership,True,True,3,0.9946458589896654,2,0.33333333333333337,24933,187637.0,2.0,74799,262436.0
FAN-000960,Jeonbuk Hyundai Motors,35_54,season_ticket_partial,True,True,8,0.864138430065187,6,0.25,0,114335.0,1.0,0,114335.0
FAN-000961,FC Seoul,18_34,free_registered,True,False,1,0.9670993863670273,0,1.0,18599,129263.0,1.0,18599,147862.0
FAN-000962,Jeju SK,55_Plus,paid_membership,False,True,4,0.8875764840333255,3,0.25,20879,0.0,0.0,83516,83516.0
FAN-000963,FC Seoul,18_34,free_registered,True,False,2,0.9984028414630963,1,0.5,17787,98145.0,1.0,35574,133719.0
FAN-000964,Ulsan HD,35_54,free_registered,True,True,2,0.908569181059058,1,0.5,16137,0.0,0.0,32274,32274.0
FAN-000965,FC Seoul,18_34,season_ticket_partial,True,False,6,0.7380015385332492,4,0.33333333333333337,0,124974.0,1.0,0,124974.0
FAN-000966,Ulsan HD,35_54,free_registered,True,True,1,0.9958725481061521,0,1.0,17831,0.0,0.0,17831,17831.0
FAN-000967,Jeonbuk Hyundai Motors,55_Plus,free_registered,True,False,2,0.9373795624527173,1,0.5,24760,25397.0,1.0,49520,74917.0
FAN-000968,FC Seoul,Under_18,paid_membership,True,True,4,0.9237301008943486,3,0.25,20726,205872.0,2.0,82904,288776.0
FAN-000969,Jeju SK,55_Plus,paid_membership,True,False,5,0.8545257326013163,4,0.19999999999999996,21894,0.0,0.0,109470,109470.0
FAN-000970,Ulsan HD,35_54,free_registered,True,True,1,0.9401951056693761,0,1.0,20266,0.0,0.0,20266,20266.0
FAN-000971,Jeju SK,35_54,free_registered,False,False,1,0.9214460516379898,0,1.0,20607,140221.0,1.0,20607,160828.0
FAN-000972,Gangwon FC,18_34,season_ticket_full,True,False,19,0.6733914129283531,12,0.368421052631579,0,330311.0,4.0,0,330311.0
FAN-000973,Jeonbuk Hyundai Motors,35_54,free_registered,False,True,2,0.9192630213645794,1,0.5,20470,0.0,0.0,40940,40940.0
FAN-000974,FC Seoul,35_54,paid_membership,True,False,4,0.9395318340089429,3,0.25,17895,243786.0,2.0,71580,315366.0
FAN-000975,FC Seoul,18_34,paid_membership,True,True,4,0.8798447136526911,3,0.25,24395,31819.0,1.0,97580,129399.0
FAN-000976,FC Seoul,55_Plus,free_registered,False,True,1,0.9806013698003735,0,1.0,20152,0.0,0.0,20152,20152.0
FAN-000977,Jeju SK,Under_18,season_ticket_full,True,True,17,0.7218816235601603,12,0.2941176470588235,0,388372.0,5.0,0,388372.0
FAN-000978,FC Seoul,Under_18,paid_membership,False,False,4,0.9365906258816961,3,0.25,19462,63463.0,1.0,77848,141311.0
FAN-000979,Ulsan HD,18_34,free_registered,True,True,1,0.9620173435296753,0,1.0,19126,148605.0,1.0,19126,167731.0
FAN-000980,Jeju SK,35_54,paid_membership,True,True,5,0.9596682241588421,4,0.19999999999999996,19024,263892.0,2.0,95120,359012.0
FAN-000981,Ulsan HD,35_54,paid_membership,True,False,3,0.8597473855314116,2,0.33333333333333337,19743,104300.0,1.0,59229,163529.0
FAN-000982,Jeonbuk Hyundai Motors,Under_18,paid_membership,False,False,4,0.9781400698686482,3,0.25,16071,101923.0,2.0,64284,166207.0
FAN-000983,FC Seoul,55_Plus,season_ticket_partial,True,True,10,0.7611685019672392,7,0.30000000000000004,0,186949.0,2.0,0,186949.0
FAN-000984,FC Seoul,Under_18,free_registered,True,False,1,0.9835765847744437,0,1.0,16749,0.0,0.0,16749,16749.0
FAN-000985,Jeonbuk Hyundai Motors,Under_18,free_registered,True,False,2,0.9114060961635245,1,0.5,16952,78203.0,1.0,33904,112107.0
FAN-000986,Ulsan HD,Under_18,free_registered,True,True,2,0.9690209537189327,1,0.5,22279,0.0,0.0,44558,44558.0
FAN-000987,Jeju SK,35_54,free_registered,False,False,1,0.928565001264172,0,1.0,20612,0.0,0.0,20612,20612.0
FAN-000988,Ulsan HD,55_Plus,free_registered,True,True,1,0.977338340259216,0,1.0,20122,0.0,0.0,20122,20122.0
FAN-000989,FC Seoul,35_54,season_ticket_partial,True,False,8,0.7138152282605243,5,0.375,0,147246.0,2.0,0,147246.0
FAN-000990,Jeonbuk Hyundai Motors,35_54,paid_membership,True,True,4,0.9743608267882804,3,0.25,22026,193166.0,2.0,88104,281270.0
FAN-000991,Jeonbuk Hyundai Motors,Under_18,paid_membership,True,False,2,0.8681956569058213,1,0.5,21171,200120.0,2.0,42342,242462.0
FAN-000992,Jeju SK,18_34,paid_membership,True,True,4,0.865679556126601,3,0.25,16073,154518.0,2.0,64292,218810.0
FAN-000993,FC Seoul,18_34,season_ticket_partial,True,False,9,0.7397419783101622,6,0.33333333333333337,0,137690.0,1.0,0,137690.0
FAN-000994,Jeju SK,18_34,free_registered,True,True,1,0.9155289937338795,0,1.0,17277,0.0,0.0,17277,17277.0
FAN-000995,Ulsan HD,Under_18,season_ticket_partial,True,True,8,0.834106137833363,6,0.25,0,399461.0,3.0,0,399461.0
FAN-000996,FC Seoul,35_54,free_registered,True,True,2,0.9646151103267818,1,0.5,17127,0.0,0.0,34254,34254.0
FAN-000997,Gangwon FC,18_34,season_ticket_full,True,False,15,0.7866981534875529,11,0.2666666666666667,0,437462.0,5.0,0,437462.0
FAN-000998,FC Seoul,35_54,paid_membership,True,True,2,0.9672841255956336,1,0.5,22458,102597.0,1.0,44916,147513.0
FAN-000999,Gangwon FC,18_34,free_registered,True,True,1,0.9300995005837631,0,1.0,17524,0.0,0.0,17524,17524.0
FAN-001000,Ulsan HD,Under_18,paid_membership,False,True,4,0.914973786793529,3,0.25,21291,0.0,0.0,85164,85164.0
FAN-001001,FC Seoul,35_54,paid_membership,True,False,2,0.8738282002312269,1,0.5,17166,50584.0,2.0,34332,84916.0
FAN-001002,Ulsan HD,18_34,free_registered,True,True,2,0.9781792914373098,1,0.5,17932,0.0,0.0,35864,35864.0
FAN-001003,Jeonbuk Hyundai Motors,35_54,paid_membership,True,False,4,0.8668256793221112,3,0.25,20292,114162.0,1.0,81168,195330.0
FAN-001004,Jeonbuk Hyundai Motors,35_54,free_registered,True,True,1,0.9595802935601891,0,1.0,24856,0.0,0.0,24856,24856.0
FAN-001005,Jeonbuk Hyundai Motors,18_34,free_registered,False,True,2,0.9157430590181764,1,0.5,22333,0.0,0.0,44666,44666.0
FAN-001006,Jeju SK,55_Plus,season_ticket_full,True,True,18,0.8653568764935127,15,0.16666666666666663,0,259598.0,5.0,0,259598.0
FAN-001007,Jeju SK,18_34,paid_membership,True,False,4,0.9695115590665792,3,0.25,22698,26605.0,1.0,90792,117397.0
FAN-001008,Jeonbuk Hyundai Motors,Under_18,season_ticket_partial,True,True,9,0.717462926871647,6,0.33333333333333337,0,240970.0,2.0,0,240970.0
FAN-001009,FC Seoul,35_54,paid_membership,True,True,4,0.9396600180461763,3,0.25,20951,130344.0,1.0,83804,214148.0
FAN-001010,Ulsan HD,18_34,free_registered,True,True,1,0.9697930666783791,0,1.0,24664,0.0,0.0,24664,24664.0
FAN-001011,FC Seoul,35_54,paid_membership,True,False,2,0.8576973227291703,1,0.5,18468,21147.0,1.0,36936,58083.0
FAN-001012,Gangwon FC,35_54,paid_membership,True,True,5,0.8553804981288666,4,0.19999999999999996,22212,20290.0,1.0,111060,131350.0
FAN-001013,Gangwon FC,55_Plus,season_ticket_full,True,False,18,0.885325740364554,15,0.16666666666666663,0,363288.0,5.0,0,363288.0
FAN-001014,FC Seoul,18_34,free_registered,False,True,2,0.9192875686428926,1,0.5,19495,147467.0,1.0,38990,186457.0
FAN-001015,Jeonbuk Hyundai Motors,18_34,season_ticket_partial,True,True,11,0.7995511768902289,8,0.2727272727272727,0,278307.0,2.0,0,278307.0
FAN-001016,Gangwon FC,35_54,season_ticket_full,True,True,19,0.8832826750611613,16,0.1578947368421053,0,292390.0,3.0,0,292390.0
FAN-001017,FC Seoul,Under_18,paid_membership,False,False,4,0.9199301753914542,3,0.25,18878,0.0,0.0,75512,75512.0
FAN-001018,Jeju SK,18_34,season_ticket_full,True,False,18,0.6248438890785238,11,0.38888888888888884,0,343414.0,4.0,0,343414.0
FAN-001019,Gangwon FC,18_34,free_registered,False,True,1,0.9484306864603207,0,1.0,20494,141266.0,1.0,20494,161760.0
FAN-001020,FC Seoul,Under_18,season_ticket_full,True,False,17,0.6323547190751728,10,0.4117647058823529,0,368359.0,4.0,0,368359.0
FAN-001021,Jeju SK,18_34,paid_membership,True,True,5,0.902434098924579,4,0.19999999999999996,16325,212988.0,2.0,81625,294613.0
FAN-001022,FC Seoul,35_54,free_registered,True,False,2,0.9378754963628473,1,0.5,24793,62856.0,1.0,49586,112442.0
FAN-001023,Gangwon FC,35_54,season_ticket_partial,True,True,5,0.940561671790246,4,0.19999999999999996,0,337875.0,3.0,0,337875.0
FAN-001024,Gangwon FC,Under_18,free_registered,True,True,1,0.9686054386463473,0,1.0,24595,66545.0,1.0,24595,91140.0
FAN-001025,Gangwon FC,Under_18,free_registered,False,False,2,0.9073963057529084,1,0.5,22780,0.0,0.0,45560,45560.0
FAN-001026,Ulsan HD,18_34,paid_membership,True,False,5,0.9360643144678474,4,0.19999999999999996,21986,0.0,0.0,109930,109930.0
FAN-001027,Jeonbuk Hyundai Motors,35_54,free_registered,True,True,1,0.9168448423556305,0,1.0,21546,47453.0,1.0,21546,68999.0
FAN-001028,Jeonbuk Hyundai Motors,Under_18,free_registered,True,True,1,0.9448023567227869,0,1.0,22845,0.0,0.0,22845,22845.0
FAN-001029,Ulsan HD,35_54,season_ticket_partial,True,True,6,0.8745105314713609,5,0.16666666666666663,0,271121.0,3.0,0,271121.0
FAN-001030,Jeonbuk Hyundai Motors,Under_18,free_registered,False,False,2,0.9828509886579491,1,0.5,18274,33461.0,1.0,36548,70009.0
FAN-001031,FC Seoul,35_54,free_registered,True,True,2,0.9487581795377078,1,0.5,18227,119078.0,1.0,36454,155532.0
FAN-001032,Jeju SK,18_34,free_registered,True,False,2,0.9206920541706637,1,0.5,19017,0.0,0.0,38034,38034.0
FAN-001033,FC Seoul,35_54,free_registered,False,True,2,0.9509261048649147,1,0.5,24089,0.0,0.0,48178,48178.0
FAN-001034,FC Seoul,18_34,paid_membership,True,True,5,0.8676931004871542,4,0.19999999999999996,23133,173647.0,2.0,115665,289312.0
FAN-001035,FC Seoul,35_54,paid_membership,False,True,5,0.9527261305557316,4,0.19999999999999996,17438,146909.0,1.0,87190,234099.0
FAN-001036,Jeju SK,18_34,season_ticket_full,True,True,18,0.8909618911299009,16,0.11111111111111116,0,448535.0,5.0,0,448535.0
FAN-001037,Ulsan HD,35_54,paid_membership,True,True,4,0.8595266224132322,3,0.25,16663,50504.0,1.0,66652,117156.0
FAN-001038,Jeonbuk Hyundai Motors,35_54,free_registered,False,True,2,0.9986187424757579,1,0.5,24345,142727.0,1.0,48690,191417.0
FAN-001039,FC Seoul,Under_18,season_ticket_full,True,False,15,0.7218485845529502,10,0.33333333333333337,0,164967.0,2.0,0,164967.0
FAN-001040,Ulsan HD,35_54,paid_membership,True,True,2,0.8912011005167544,1,0.5,16805,112049.0,1.0,33610,145659.0
FAN-001041,Ulsan HD,35_54,paid_membership,True,False,2,0.9497995965796813,1,0.5,20217,199089.0,2.0,40434,239523.0
FAN-001042,Jeonbuk Hyundai Motors,Under_18,paid_membership,False,True,4,0.9749686733528333,3,0.25,24373,73918.0,1.0,97492,171410.0
FAN-001043,Ulsan HD,18_34,season_ticket_full,True,False,17,0.6104566971965835,10,0.4117647058823529,0,217408.0,2.0,0,217408.0
FAN-001044,Jeju SK,18_34,paid_membership,False,False,2,0.9805941399405373,1,0.5,19679,0.0,0.0,39358,39358.0
FAN-001045,Jeonbuk Hyundai Motors,35_54,free_registered,True,False,1,0.9237272145131645,0,1.0,20068,17851.0,1.0,20068,37919.0
FAN-001046,Jeju SK,35_54,paid_membership,True,False,5,0.9607907182860624,4,0.19999999999999996,17703,53872.0,1.0,88515,142387.0
FAN-001047,FC Seoul,Under_18,free_registered,False,True,2,0.9124482328071523,1,0.5,24529,0.0,0.0,49058,49058.0
FAN-001048,FC Seoul,18_34,free_registered,True,False,1,0.9501999249476645,0,1.0,22246,132819.0,1.0,22246,155065.0
FAN-001049,Jeonbuk Hyundai Motors,35_54,free_registered,True,False,1,0.9662713084751284,0,1.0,21301,138359.0,1.0,21301,159660.0
FAN-001050,FC Seoul,55_Plus,free_registered,False,True,1,0.9054931320424638,0,1.0,22770,98194.0,1.0,22770,120964.0
FAN-001051,Jeonbuk Hyundai Motors,18_34,free_registered,False,True,1,0.9804053309632375,0,1.0,23018,138281.0,1.0,23018,161299.0
FAN-001052,Ulsan HD,55_Plus,free_registered,True,True,2,0.9304154193044983,1,0.5,19298,24593.0,1.0,38596,63189.0
FAN-001053,Gangwon FC,18_34,paid_membership,True,True,5,0.9860085175459374,4,0.19999999999999996,16727,108523.0,1.0,83635,192158.0
FAN-001054,Jeonbuk Hyundai Motors,18_34,season_ticket_partial,True,True,5,0.7683442440148663,3,0.4,0,91743.0,1.0,0,91743.0
FAN-001055,Gangwon FC,35_54,season_ticket_full,True,True,18,0.6841068738658229,12,0.33333333333333337,0,138608.0,2.0,0,138608.0
FAN-001056,Ulsan HD,18_34,free_registered,False,True,2,0.9557212123414144,1,0.5,20023,0.0,0.0,40046,40046.0
FAN-001057,Jeonbuk Hyundai Motors,18_34,paid_membership,True,False,4,0.979511319092019,3,0.25,18013,105994.0,2.0,72052,178046.0
FAN-001058,Ulsan HD,18_34,season_ticket_full,True,True,15,0.877068942504441,13,0.1333333333333333,0,353626.0,5.0,0,353626.0
FAN-001059,Ulsan HD,35_54,free_registered,True,False,2,0.969132417921539,1,0.5,21667,69986.0,1.0,43334,113320.0
FAN-001060,Jeju SK,35_54,paid_membership,True,True,2,0.9441208994754965,1,0.5,22007,100918.0,1.0,44014,144932.0
FAN-001061,Jeonbuk Hyundai Motors,18_34,paid_membership,True,True,5,0.8583436115327588,4,0.19999999999999996,18010,180712.0,2.0,90050,270762.0
FAN-001062,Gangwon FC,18_34,free_registered,True,True,1,0.9887419557400918,0,1.0,18249,0.0,0.0,18249,18249.0
FAN-001063,Jeonbuk Hyundai Motors,18_34,season_ticket_partial,True,True,5,0.8920448914730753,4,0.19999999999999996,0,88962.0,2.0,0,88962.0
FAN-001064,Ulsan HD,35_54,season_ticket_partial,True,True,8,0.917970623291348,7,0.125,0,143653.0,2.0,0,143653.0
FAN-001065,Ulsan HD,18_34,free_registered,True,True,1,0.95523439537123,0,1.0,24456,52259.0,1.0,24456,76715.0
FAN-001066,Jeonbuk Hyundai Motors,35_54,free_registered,True,True,1,0.9174853061007188,0,1.0,17466,125567.0,1.0,17466,143033.0
FAN-001067,FC Seoul,18_34,free_registered,True,False,1,0.9246290787012243,0,1.0,24445,0.0,0.0,24445,24445.0
FAN-001068,FC Seoul,18_34,free_registered,True,True,2,0.9176410564781127,1,0.5,21654,0.0,0.0,43308,43308.0
FAN-001069,Ulsan HD,Under_18,paid_membership,True,True,3,0.9594988797550521,2,0.33333333333333337,17236,0.0,0.0,51708,51708.0
FAN-001070,FC Seoul,18_34,paid_membership,True,False,3,0.8988527559933304,2,0.33333333333333337,16609,37916.0,1.0,49827,87743.0
FAN-001071,FC Seoul,55_Plus,free_registered,True,True,1,0.9255931492590636,0,1.0,18033,0.0,0.0,18033,18033.0
FAN-001072,FC Seoul,18_34,season_ticket_partial,True,True,9,0.8627682935565706,7,0.2222222222222222,0,47245.0,1.0,0,47245.0
FAN-001073,FC Seoul,18_34,free_registered,False,True,2,0.9364358082506818,1,0.5,22680,0.0,0.0,45360,45360.0
FAN-001074,FC Seoul,18_34,free_registered,False,True,1,0.9555347264618175,0,1.0,24741,0.0,0.0,24741,24741.0
FAN-001075,Gangwon FC,18_34,free_registered,False,True,1,0.9428513773465654,0,1.0,17218,138314.0,1.0,17218,155532.0
FAN-001076,Ulsan HD,Under_18,paid_membership,True,True,2,0.992279374069812,1,0.5,20294,27134.0,1.0,40588,67722.0
FAN-001077,Ulsan HD,18_34,free_registered,True,True,2,0.9490621183976597,1,0.5,18189,52656.0,1.0,36378,89034.0
FAN-001078,Jeju SK,18_34,free_registered,True,False,1,0.9987875230580308,0,1.0,21328,125866.0,1.0,21328,147194.0
FAN-001079,FC Seoul,35_54,free_registered,False,True,2,0.9556548448309891,1,0.5,16354,105719.0,1.0,32708,138427.0
FAN-001080,Gangwon FC,18_34,season_ticket_partial,True,True,8,0.9452375784352819,7,0.125,0,89940.0,1.0,0,89940.0
FAN-001081,Jeonbuk Hyundai Motors,18_34,season_ticket_full,True,False,16,0.6782845725074843,10,0.375,0,311264.0,4.0,0,311264.0
FAN-001082,FC Seoul,55_Plus,free_registered,True,False,1,0.9325849057331498,0,1.0,18223,0.0,0.0,18223,18223.0
FAN-001083,Ulsan HD,18_34,free_registered,True,True,2,0.9916577197794203,1,0.5,19118,87916.0,1.0,38236,126152.0
FAN-001084,Jeonbuk Hyundai Motors,18_34,paid_membership,False,False,4,0.9403680201032666,3,0.25,18840,144058.0,1.0,75360,219418.0
FAN-001085,Gangwon FC,18_34,paid_membership,False,True,4,0.8919326374037834,3,0.25,19718,0.0,0.0,78872,78872.0
FAN-001086,Ulsan HD,18_34,free_registered,False,True,1,0.9336431293642894,0,1.0,24358,0.0,0.0,24358,24358.0
FAN-001087,Jeju SK,35_54,season_ticket_partial,True,False,11,0.7539380262077946,8,0.2727272727272727,0,46688.0,1.0,0,46688.0
FAN-001088,FC Seoul,18_34,paid_membership,False,False,3,0.9705731283447377,2,0.33333333333333337,22701,200142.0,2.0,68103,268245.0
FAN-001089,Gangwon FC,35_54,free_registered,True,True,1,0.9503730837189562,0,1.0,21418,91589.0,1.0,21418,113007.0
FAN-001090,FC Seoul,Under_18,paid_membership,False,False,2,0.9318087942622719,1,0.5,17126,0.0,0.0,34252,34252.0
FAN-001091,Gangwon FC,18_34,season_ticket_full,True,False,19,0.6363517377682781,12,0.368421052631579,0,234602.0,3.0,0,234602.0
FAN-001092,Jeju SK,35_54,paid_membership,True,True,3,0.8551463182390652,2,0.33333333333333337,19777,0.0,0.0,59331,59331.0
FAN-001093,Jeju SK,18_34,free_registered,True,True,2,0.9542491167933629,1,0.5,19572,16265.0,1.0,39144,55409.0
FAN-001094,Ulsan HD,35_54,free_registered,True,True,2,0.923490973774019,1,0.5,18714,0.0,0.0,37428,37428.0
FAN-001095,FC Seoul,18_34,free_registered,False,False,2,0.947885241286078,1,0.5,21969,0.0,0.0,43938,43938.0
FAN-001096,FC Seoul,35_54,free_registered,False,True,1,0.9694722551938212,0,1.0,18050,0.0,0.0,18050,18050.0
FAN-001097,FC Seoul,Under_18,paid_membership,True,False,4,0.9994024727841793,3,0.25,18871,0.0,0.0,75484,75484.0
FAN-001098,FC Seoul,35_54,season_ticket_partial,True,True,11,0.8420623844884496,9,0.18181818181818177,0,270279.0,3.0,0,270279.0
FAN-001099,Jeonbuk Hyundai Motors,18_34,paid_membership,True,True,2,0.9237894615375016,1,0.5,17047,0.0,0.0,34094,34094.0
FAN-001100,Ulsan HD,35_54,season_ticket_full,True,False,15,0.6471640037850519,9,0.4,0,501734.0,5.0,0,501734.0
FAN-001101,FC Seoul,18_34,free_registered,True,False,2,0.9842235123638311,1,0.5,23827,136501.0,1.0,47654,184155.0
FAN-001102,Gangwon FC,35_54,season_ticket_partial,True,True,6,0.8665485949863072,5,0.16666666666666663,0,257413.0,3.0,0,257413.0
FAN-001103,Jeonbuk Hyundai Motors,18_34,paid_membership,True,True,3,0.9488615168618492,2,0.33333333333333337,24781,0.0,0.0,74343,74343.0
FAN-001104,Gangwon FC,55_Plus,free_registered,True,True,1,0.9779873491699329,0,1.0,21876,101424.0,1.0,21876,123300.0
FAN-001105,Gangwon FC,Under_18,paid_membership,False,True,2,0.9416076640798349,1,0.5,19173,90191.0,1.0,38346,128537.0
FAN-001106,FC Seoul,18_34,free_registered,True,True,2,0.9616753486077761,1,0.5,16029,0.0,0.0,32058,32058.0
FAN-001107,Ulsan HD,18_34,paid_membership,True,False,2,0.9725752130166763,1,0.5,19854,0.0,0.0,39708,39708.0
FAN-001108,Jeonbuk Hyundai Motors,Under_18,paid_membership,False,True,2,0.9773572330246576,1,0.5,22610,0.0,0.0,45220,45220.0
FAN-001109,Jeju SK,18_34,free_registered,True,True,1,0.9895699863988274,0,1.0,22346,65759.0,1.0,22346,88105.0
FAN-001110,FC Seoul,55_Plus,paid_membership,True,True,5,0.8591679850836053,4,0.19999999999999996,16723,154310.0,2.0,83615,237925.0
FAN-001111,Jeonbuk Hyundai Motors,55_Plus,paid_membership,True,False,5,0.9754207710903787,4,0.19999999999999996,18090,136728.0,1.0,90450,227178.0
FAN-001112,FC Seoul,18_34,free_registered,True,True,1,0.9695646800163434,0,1.0,17575,0.0,0.0,17575,17575.0
FAN-001113,FC Seoul,55_Plus,free_registered,True,False,1,0.9181013682235782,0,1.0,18490,0.0,0.0,18490,18490.0
FAN-001114,Ulsan HD,18_34,free_registered,False,True,1,0.9154232416291267,0,1.0,18198,149649.0,1.0,18198,167847.0
FAN-001115,Jeju SK,18_34,paid_membership,False,True,3,0.9783150145400061,2,0.33333333333333337,23211,0.0,0.0,69633,69633.0
FAN-001116,Jeju SK,35_54,season_ticket_partial,True,True,11,0.9181262711868727,10,0.09090909090909094,0,166238.0,3.0,0,166238.0
FAN-001117,FC Seoul,35_54,season_ticket_full,True,True,16,0.8716844971304947,13,0.1875,0,269325.0,4.0,0,269325.0
FAN-001118,Jeonbuk Hyundai Motors,55_Plus,paid_membership,True,False,3,0.9950138040099102,2,0.33333333333333337,19561,91414.0,1.0,58683,150097.0
FAN-001119,FC Seoul,18_34,paid_membership,True,True,2,0.9594914402660233,1,0.5,20045,91376.0,2.0,40090,131466.0
FAN-001120,FC Seoul,35_54,free_registered,True,False,1,0.9409417826270432,0,1.0,17126,0.0,0.0,17126,17126.0
FAN-001121,Jeonbuk Hyundai Motors,Under_18,paid_membership,False,True,3,0.8701555872210147,2,0.33333333333333337,19964,151055.0,2.0,59892,210947.0
FAN-001122,Gangwon FC,Under_18,free_registered,True,True,2,0.9103638690694864,1,0.5,20203,0.0,0.0,40406,40406.0
FAN-001123,Jeonbuk Hyundai Motors,Under_18,free_registered,True,True,1,0.963544490988975,0,1.0,22472,24087.0,1.0,22472,46559.0
FAN-001124,Jeonbuk Hyundai Motors,55_Plus,paid_membership,True,False,4,0.8925470800081315,3,0.25,19405,0.0,0.0,77620,77620.0
FAN-001125,Jeju SK,35_54,free_registered,True,False,2,0.920765409339947,1,0.5,23736,0.0,0.0,47472,47472.0
FAN-001126,Jeju SK,35_54,paid_membership,True,False,4,0.9975151755694287,3,0.25,20728,0.0,0.0,82912,82912.0
FAN-001127,FC Seoul,18_34,season_ticket_partial,True,True,7,0.8480931479793343,5,0.2857142857142857,0,176321.0,3.0,0,176321.0
FAN-001128,Ulsan HD,18_34,free_registered,True,False,1,0.9717061241257042,0,1.0,20692,131757.0,1.0,20692,152449.0
FAN-001129,Ulsan HD,18_34,free_registered,False,True,1,0.9920569574745558,0,1.0,20521,79033.0,1.0,20521,99554.0
FAN-001130,FC Seoul,18_34,season_ticket_partial,True,False,9,0.7365890499996097,6,0.33333333333333337,0,71987.0,1.0,0,71987.0
FAN-001131,Jeonbuk Hyundai Motors,18_34,paid_membership,True,False,5,0.9464883903138402,4,0.19999999999999996,22659,198357.0,2.0,113295,311652.0
FAN-001132,Ulsan HD,35_54,free_registered,False,True,1,0.9200341483703687,0,1.0,19801,53964.0,1.0,19801,73765.0
FAN-001133,FC Seoul,18_34,free_registered,False,True,1,0.9222130427435442,0,1.0,18531,96383.0,1.0,18531,114914.0
FAN-001134,FC Seoul,Under_18,paid_membership,True,False,4,0.8680379758508806,3,0.25,17265,194229.0,2.0,69060,263289.0
FAN-001135,Jeju SK,Under_18,paid_membership,True,False,3,0.8995065913450864,2,0.33333333333333337,23844,0.0,0.0,71532,71532.0
FAN-001136,FC Seoul,Under_18,free_registered,True,True,2,0.9454780009280933,1,0.5,24467,0.0,0.0,48934,48934.0
FAN-001137,Jeonbuk Hyundai Motors,18_34,free_registered,True,False,2,0.9213832274894489,1,0.5,24031,0.0,0.0,48062,48062.0
FAN-001138,Ulsan HD,55_Plus,season_ticket_partial,True,False,10,0.7275594388649632,7,0.30000000000000004,0,71262.0,1.0,0,71262.0
FAN-001139,Ulsan HD,35_54,paid_membership,False,True,4,0.8766420118734681,3,0.25,24369,0.0,0.0,97476,97476.0
FAN-001140,Jeju SK,35_54,season_ticket_full,True,True,19,0.7744398854606133,14,0.26315789473684215,0,202351.0,2.0,0,202351.0
FAN-001141,Jeonbuk Hyundai Motors,18_34,paid_membership,True,False,3,0.8677219934169298,2,0.33333333333333337,16811,0.0,0.0,50433,50433.0
FAN-001142,Ulsan HD,18_34,season_ticket_full,True,True,19,0.6191460353559692,11,0.42105263157894735,0,195183.0,2.0,0,195183.0
FAN-001143,Jeju SK,Under_18,free_registered,False,True,2,0.9342254302820198,1,0.5,19555,0.0,0.0,39110,39110.0
FAN-001144,Jeju SK,35_54,paid_membership,False,True,5,0.9078888199343363,4,0.19999999999999996,22696,110711.0,2.0,113480,224191.0
FAN-001145,FC Seoul,35_54,free_registered,True,False,2,0.9591380313827734,1,0.5,23437,0.0,0.0,46874,46874.0
FAN-001146,Jeonbuk Hyundai Motors,18_34,paid_membership,True,False,4,0.9232770044061847,3,0.25,16173,0.0,0.0,64692,64692.0
FAN-001147,Jeonbuk Hyundai Motors,18_34,free_registered,False,True,2,0.936991970252933,1,0.5,22620,0.0,0.0,45240,45240.0
FAN-001148,Jeju SK,18_34,free_registered,True,False,2,0.9990533188366978,1,0.5,24283,79579.0,1.0,48566,128145.0
FAN-001149,Jeonbuk Hyundai Motors,35_54,season_ticket_partial,True,False,11,0.9166297967133672,10,0.09090909090909094,0,204173.0,2.0,0,204173.0
FAN-001150,Jeonbuk Hyundai Motors,55_Plus,season_ticket_partial,True,True,5,0.711335658981584,3,0.4,0,286211.0,2.0,0,286211.0
FAN-001151,Jeonbuk Hyundai Motors,35_54,free_registered,False,False,1,0.9859806234376375,0,1.0,18648,43905.0,1.0,18648,62553.0
FAN-001152,Jeonbuk Hyundai Motors,18_34,paid_membership,True,False,4,0.9423645991647738,3,0.25,16598,0.0,0.0,66392,66392.0
FAN-001153,Jeju SK,Under_18,free_registered,True,False,1,0.9595504979860571,0,1.0,21664,88761.0,1.0,21664,110425.0
FAN-001154,Jeju SK,Under_18,free_registered,True,False,1,0.9947458663869599,0,1.0,18184,24933.0,1.0,18184,43117.0
FAN-001155,Jeju SK,18_34,season_ticket_partial,True,True,9,0.810033549271455,7,0.2222222222222222,0,103019.0,1.0,0,103019.0
FAN-001156,Jeonbuk Hyundai Motors,Under_18,free_registered,True,True,2,0.9813254334841867,1,0.5,20184,0.0,0.0,40368,40368.0
FAN-001157,FC Seoul,35_54,season_ticket_full,True,True,19,0.7982344620573931,15,0.21052631578947367,0,272061.0,5.0,0,272061.0
FAN-001158,Jeonbuk Hyundai Motors,35_54,free_registered,True,False,2,0.9719327400601171,1,0.5,21766,0.0,0.0,43532,43532.0
FAN-001159,Jeonbuk Hyundai Motors,Under_18,paid_membership,True,False,3,0.9906313431304655,2,0.33333333333333337,24535,118570.0,1.0,73605,192175.0
FAN-001160,FC Seoul,35_54,paid_membership,True,True,5,0.9596568304543567,4,0.19999999999999996,18678,75666.0,1.0,93390,169056.0
FAN-001161,Jeonbuk Hyundai Motors,18_34,free_registered,True,True,2,0.9671849433358696,1,0.5,17341,0.0,0.0,34682,34682.0
FAN-001162,FC Seoul,18_34,free_registered,True,True,2,0.9358848742606081,1,0.5,24226,74741.0,1.0,48452,123193.0
FAN-001163,Ulsan HD,18_34,season_ticket_partial,True,False,5,0.8327805530743935,4,0.19999999999999996,0,107200.0,1.0,0,107200.0
FAN-001164,Jeonbuk Hyundai Motors,18_34,paid_membership,True,True,5,0.8895239117050964,4,0.19999999999999996,20174,33768.0,1.0,100870,134638.0
FAN-001165,FC Seoul,18_34,free_registered,True,False,1,0.9524286585771762,0,1.0,23300,0.0,0.0,23300,23300.0
FAN-001166,Jeonbuk Hyundai Motors,18_34,paid_membership,False,True,3,0.9924732550768973,2,0.33333333333333337,22515,149747.0,2.0,67545,217292.0
FAN-001167,Jeonbuk Hyundai Motors,18_34,free_registered,True,True,1,0.9844914938451556,0,1.0,21287,33547.0,1.0,21287,54834.0
FAN-001168,Ulsan HD,55_Plus,free_registered,False,True,1,0.9478053678485171,0,1.0,21933,18079.0,1.0,21933,40012.0
FAN-001169,FC Seoul,Under_18,free_registered,True,False,1,0.9043102178330685,0,1.0,21652,60569.0,1.0,21652,82221.0
FAN-001170,FC Seoul,Under_18,free_registered,True,True,2,0.9552961740856952,1,0.5,20588,0.0,0.0,41176,41176.0
FAN-001171,Jeju SK,Under_18,season_ticket_partial,True,False,10,0.7558830968769279,7,0.30000000000000004,0,125088.0,2.0,0,125088.0
FAN-001172,Gangwon FC,35_54,paid_membership,True,True,4,0.9171682256375034,3,0.25,21446,0.0,0.0,85784,85784.0
FAN-001173,Jeju SK,Under_18,season_ticket_full,True,True,19,0.8727848043490906,16,0.1578947368421053,0,239504.0,3.0,0,239504.0
FAN-001174,FC Seoul,35_54,paid_membership,False,True,5,0.886093395805216,4,0.19999999999999996,18113,0.0,0.0,90565,90565.0
FAN-001175,Jeju SK,18_34,season_ticket_full,True,False,18,0.6647464913698613,11,0.38888888888888884,0,77754.0,2.0,0,77754.0
FAN-001176,Ulsan HD,18_34,paid_membership,True,False,4,0.9239072487462421,3,0.25,16199,0.0,0.0,64796,64796.0
FAN-001177,Jeonbuk Hyundai Motors,35_54,paid_membership,True,True,5,0.9287337795460504,4,0.19999999999999996,24703,0.0,0.0,123515,123515.0
FAN-001178,FC Seoul,18_34,season_ticket_full,True,False,19,0.8169955055882316,15,0.21052631578947367,0,206522.0,2.0,0,206522.0
FAN-001179,Jeonbuk Hyundai Motors,18_34,paid_membership,True,True,5,0.9830428658588258,4,0.19999999999999996,18732,70091.0,1.0,93660,163751.0
FAN-001180,Ulsan HD,18_34,free_registered,True,True,2,0.9821756794923946,1,0.5,17063,0.0,0.0,34126,34126.0
FAN-001181,Gangwon FC,35_54,paid_membership,False,True,4,0.9311448646810485,3,0.25,22415,61642.0,2.0,89660,151302.0
FAN-001182,Ulsan HD,18_34,season_ticket_partial,True,False,5,0.9047575304263131,4,0.19999999999999996,0,168160.0,3.0,0,168160.0
FAN-001183,Jeju SK,Under_18,paid_membership,True,True,2,0.9404225787014756,1,0.5,22178,82028.0,2.0,44356,126384.0
FAN-001184,Gangwon FC,55_Plus,paid_membership,True,True,5,0.9071724297381305,4,0.19999999999999996,22079,140175.0,1.0,110395,250570.0
FAN-001185,FC Seoul,Under_18,paid_membership,True,True,2,0.9470172243767895,1,0.5,20381,157056.0,2.0,40762,197818.0
FAN-001186,Gangwon FC,35_54,season_ticket_full,True,True,17,0.8905751530832258,15,0.11764705882352944,0,271442.0,5.0,0,271442.0
FAN-001187,Jeju SK,35_54,free_registered,True,True,2,0.9490725791287473,1,0.5,19009,95079.0,1.0,38018,133097.0
FAN-001188,FC Seoul,18_34,paid_membership,False,True,3,0.9428354176684288,2,0.33333333333333337,24596,97336.0,1.0,73788,171124.0
FAN-001189,Ulsan HD,Under_18,free_registered,True,True,2,0.9423494168029084,1,0.5,20583,123532.0,1.0,41166,164698.0
FAN-001190,Jeonbuk Hyundai Motors,Under_18,paid_membership,True,False,4,0.8645008650596533,3,0.25,18792,99447.0,1.0,75168,174615.0
FAN-001191,FC Seoul,35_54,paid_membership,True,True,3,0.944045224189186,2,0.33333333333333337,17532,0.0,0.0,52596,52596.0
FAN-001192,Jeju SK,35_54,free_registered,True,True,2,0.9475666304277234,1,0.5,16527,77723.0,1.0,33054,110777.0
FAN-001193,Ulsan HD,35_54,free_registered,False,True,2,0.9415433058106853,1,0.5,22838,0.0,0.0,45676,45676.0
FAN-001194,Jeju SK,55_Plus,paid_membership,True,True,4,0.8627079197991424,3,0.25,18446,147571.0,2.0,73784,221355.0
FAN-001195,FC Seoul,35_54,free_registered,False,False,1,0.9963083360245065,0,1.0,23190,93837.0,1.0,23190,117027.0
FAN-001196,Jeonbuk Hyundai Motors,18_34,free_registered,True,True,2,0.9288412874405164,1,0.5,24438,36090.0,1.0,48876,84966.0
FAN-001197,Gangwon FC,18_34,season_ticket_partial,True,False,10,0.8336583407156474,8,0.19999999999999996,0,59601.0,1.0,0,59601.0
FAN-001198,Gangwon FC,35_54,free_registered,True,False,2,0.9827699632096922,1,0.5,18116,123938.0,1.0,36232,160170.0
FAN-001199,Jeonbuk Hyundai Motors,18_34,free_registered,True,False,2,0.981047791187182,1,0.5,22041,0.0,0.0,44082,44082.0
FAN-001200,FC Seoul,Under_18,season_ticket_full,True,True,17,0.8980440570799479,15,0.11764705882352944,0,131038.0,2.0,0,131038.0
FAN-001201,Jeonbuk Hyundai Motors,35_54,free_registered,False,True,2,0.994058345264147,1,0.5,24799,0.0,0.0,49598,49598.0
FAN-001202,FC Seoul,18_34,free_registered,False,True,1,0.9838927846449685,0,1.0,22428,27098.0,1.0,22428,49526.0
FAN-001203,FC Seoul,55_Plus,paid_membership,True,False,2,0.9178162457154766,1,0.5,18193,129672.0,1.0,36386,166058.0
FAN-001204,Ulsan HD,35_54,paid_membership,False,True,5,0.8613843627586699,4,0.19999999999999996,21402,204379.0,2.0,107010,311389.0
FAN-001205,Ulsan HD,Under_18,season_ticket_partial,True,True,9,0.7846858979937745,7,0.2222222222222222,0,119216.0,2.0,0,119216.0
FAN-001206,Jeonbuk Hyundai Motors,55_Plus,season_ticket_partial,True,True,11,0.7694710055909797,8,0.2727272727272727,0,221677.0,2.0,0,221677.0
FAN-001207,Jeju SK,18_34,paid_membership,False,False,3,0.9684661586129978,2,0.33333333333333337,19293,0.0,0.0,57879,57879.0
FAN-001208,Ulsan HD,18_34,free_registered,True,False,1,0.9436455168543043,0,1.0,21157,0.0,0.0,21157,21157.0
FAN-001209,FC Seoul,18_34,free_registered,True,True,2,0.9270125807884182,1,0.5,21189,0.0,0.0,42378,42378.0
FAN-001210,Gangwon FC,Under_18,free_registered,True,True,2,0.9051188250931018,1,0.5,24973,0.0,0.0,49946,49946.0
FAN-001211,Ulsan HD,18_34,free_registered,False,True,2,0.9513003813036259,1,0.5,18049,0.0,0.0,36098,36098.0
FAN-001212,Ulsan HD,Under_18,paid_membership,True,True,4,0.9243445018939406,3,0.25,19684,236168.0,2.0,78736,314904.0
FAN-001213,FC Seoul,18_34,paid_membership,True,False,2,0.8976808883595383,1,0.5,22985,81594.0,2.0,45970,127564.0
FAN-001214,Jeonbuk Hyundai Motors,18_34,free_registered,True,False,2,0.9893777567256062,1,0.5,19284,0.0,0.0,38568,38568.0
FAN-001215,Jeju SK,35_54,season_ticket_partial,True,False,7,0.7603514666362294,5,0.2857142857142857,0,212198.0,3.0,0,212198.0
FAN-001216,FC Seoul,35_54,free_registered,True,True,2,0.9812298880623943,1,0.5,20450,0.0,0.0,40900,40900.0
FAN-001217,FC Seoul,18_34,free_registered,True,False,1,0.9667039872628593,0,1.0,24332,0.0,0.0,24332,24332.0
FAN-001218,Jeju SK,18_34,paid_membership,True,False,3,0.9183941126804884,2,0.33333333333333337,17831,0.0,0.0,53493,53493.0
FAN-001219,Jeju SK,18_34,free_registered,False,False,1,0.9906592216645214,0,1.0,22743,0.0,0.0,22743,22743.0
FAN-001220,FC Seoul,18_34,free_registered,False,False,1,0.971814975284428,0,1.0,22097,0.0,0.0,22097,22097.0
FAN-001221,Gangwon FC,35_54,free_registered,False,True,1,0.9035578989727832,0,1.0,21515,70506.0,1.0,21515,92021.0
FAN-001222,FC Seoul,35_54,free_registered,True,False,2,0.9580044238728769,1,0.5,20930,116169.0,1.0,41860,158029.0
FAN-001223,Ulsan HD,18_34,paid_membership,True,False,5,0.8861424829786678,4,0.19999999999999996,22936,191234.0,2.0,114680,305914.0
FAN-001224,Gangwon FC,18_34,season_ticket_partial,True,False,11,0.8542359269341431,9,0.18181818181818177,0,130873.0,1.0,0,130873.0
FAN-001225,Ulsan HD,Under_18,free_registered,True,True,1,0.9122784911743612,0,1.0,21007,23223.0,1.0,21007,44230.0
FAN-001226,Jeju SK,35_54,free_registered,False,False,2,0.9590844045906551,1,0.5,18288,88539.0,1.0,36576,125115.0
FAN-001227,Ulsan HD,Under_18,paid_membership,True,True,3,0.9997818480620777,2,0.33333333333333337,18671,207187.0,2.0,56013,263200.0
FAN-001228,FC Seoul,55_Plus,season_ticket_full,True,True,17,0.8417890099484349,14,0.17647058823529416,0,186459.0,2.0,0,186459.0
FAN-001229,Gangwon FC,35_54,free_registered,True,True,2,0.9022535350388416,1,0.5,17020,72453.0,1.0,34040,106493.0
FAN-001230,Ulsan HD,18_34,free_registered,False,False,2,0.933222836384997,1,0.5,18953,118309.0,1.0,37906,156215.0
FAN-001231,Jeonbuk Hyundai Motors,35_54,paid_membership,True,True,4,0.9305077523667975,3,0.25,20882,0.0,0.0,83528,83528.0
FAN-001232,FC Seoul,55_Plus,paid_membership,True,True,4,0.8689923692771719,3,0.25,22935,0.0,0.0,91740,91740.0
FAN-001233,FC Seoul,35_54,free_registered,True,False,2,0.9734721670353644,1,0.5,21308,0.0,0.0,42616,42616.0
FAN-001234,FC Seoul,18_34,paid_membership,True,False,3,0.8601955804284329,2,0.33333333333333337,22276,0.0,0.0,66828,66828.0
FAN-001235,Jeju SK,18_34,free_registered,True,False,1,0.9195239881300136,0,1.0,20196,32764.0,1.0,20196,52960.0
FAN-001236,Ulsan HD,35_54,paid_membership,True,True,5,0.9786243612554046,4,0.19999999999999996,24097,0.0,0.0,120485,120485.0
FAN-001237,Jeonbuk Hyundai Motors,35_54,paid_membership,True,False,3,0.9714326951645401,2,0.33333333333333337,21477,65344.0,2.0,64431,129775.0
FAN-001238,Ulsan HD,35_54,season_ticket_partial,True,True,11,0.8762532869688098,9,0.18181818181818177,0,79464.0,1.0,0,79464.0
FAN-001239,Gangwon FC,35_54,free_registered,True,True,2,0.9066233408668979,1,0.5,21484,0.0,0.0,42968,42968.0
FAN-001240,FC Seoul,35_54,free_registered,True,True,1,0.9201890853500079,0,1.0,19180,148082.0,1.0,19180,167262.0
FAN-001241,Jeonbuk Hyundai Motors,55_Plus,free_registered,True,False,1,0.9428031636435878,0,1.0,16186,0.0,0.0,16186,16186.0
FAN-001242,Jeonbuk Hyundai Motors,Under_18,season_ticket_partial,True,True,7,0.9408335468151294,6,0.1428571428571429,0,35704.0,1.0,0,35704.0
FAN-001243,Jeonbuk Hyundai Motors,18_34,free_registered,True,True,1,0.9178737163212173,0,1.0,21471,0.0,0.0,21471,21471.0
FAN-001244,Jeonbuk Hyundai Motors,35_54,free_registered,True,True,2,0.9399778490928322,1,0.5,19032,0.0,0.0,38064,38064.0
FAN-001245,Jeonbuk Hyundai Motors,35_54,free_registered,True,True,1,0.9989317058203289,0,1.0,16046,88316.0,1.0,16046,104362.0
FAN-001246,Jeju SK,35_54,paid_membership,True,False,3,0.8683093083880206,2,0.33333333333333337,18868,160167.0,2.0,56604,216771.0
FAN-001247,FC Seoul,18_34,free_registered,True,False,2,0.9614583273661683,1,0.5,19912,0.0,0.0,39824,39824.0
FAN-001248,FC Seoul,35_54,free_registered,True,True,2,0.9974129367456767,1,0.5,19037,0.0,0.0,38074,38074.0
FAN-001249,Gangwon FC,35_54,free_registered,True,True,1,0.9506098190519341,0,1.0,19305,0.0,0.0,19305,19305.0
FAN-001250,Jeju SK,Under_18,season_ticket_partial,True,True,6,0.8515261174116788,5,0.16666666666666663,0,100536.0,2.0,0,100536.0
FAN-001251,Jeonbuk Hyundai Motors,18_34,paid_membership,True,False,2,0.9196783272111877,1,0.5,22360,64337.0,1.0,44720,109057.0
FAN-001252,Ulsan HD,18_34,paid_membership,True,True,4,0.9999713460167986,3,0.25,22317,0.0,0.0,89268,89268.0
FAN-001253,FC Seoul,18_34,season_ticket_partial,True,True,8,0.9349316120597795,7,0.125,0,188531.0,3.0,0,188531.0
FAN-001254,FC Seoul,Under_18,season_ticket_partial,True,True,8,0.9327023204785039,7,0.125,0,273453.0,2.0,0,273453.0
FAN-001255,Jeju SK,18_34,free_registered,True,True,2,0.9551372256253974,1,0.5,20241,0.0,0.0,40482,40482.0
FAN-001256,Ulsan HD,18_34,season_ticket_full,True,True,17,0.7605253829639413,12,0.2941176470588235,0,130964.0,2.0,0,130964.0
FAN-001257,FC Seoul,35_54,free_registered,True,True,1,0.908374665234956,0,1.0,19584,46187.0,1.0,19584,65771.0
FAN-001258,Ulsan HD,35_54,free_registered,True,True,2,0.976004368232672,1,0.5,18345,0.0,0.0,36690,36690.0
FAN-001259,FC Seoul,35_54,season_ticket_partial,True,True,11,0.7833011756694273,8,0.2727272727272727,0,200974.0,3.0,0,200974.0
FAN-001260,Jeju SK,18_34,free_registered,True,False,1,0.9255745536661799,0,1.0,16580,0.0,0.0,16580,16580.0
FAN-001261,FC Seoul,Under_18,free_registered,True,True,2,0.9380446075958743,1,0.5,19545,17961.0,1.0,39090,57051.0
FAN-001262,Jeonbuk Hyundai Motors,35_54,free_registered,False,True,1,0.9743818155576937,0,1.0,23561,0.0,0.0,23561,23561.0
FAN-001263,Ulsan HD,18_34,paid_membership,False,False,2,0.9734766370090977,1,0.5,23737,19580.0,1.0,47474,67054.0
FAN-001264,Ulsan HD,55_Plus,free_registered,True,False,2,0.9542244563906234,1,0.5,17667,0.0,0.0,35334,35334.0
FAN-001265,FC Seoul,35_54,paid_membership,True,True,3,0.9571217831559491,2,0.33333333333333337,24410,151542.0,2.0,73230,224772.0
FAN-001266,FC Seoul,18_34,season_ticket_partial,True,False,6,0.8281219088592018,4,0.33333333333333337,0,30883.0,1.0,0,30883.0
FAN-001267,Ulsan HD,55_Plus,paid_membership,False,True,4,0.9058998710771978,3,0.25,21258,73651.0,1.0,85032,158683.0
FAN-001268,Ulsan HD,Under_18,free_registered,True,False,1,0.9492648231104718,0,1.0,22647,104377.0,1.0,22647,127024.0
FAN-001269,Jeju SK,18_34,season_ticket_full,True,False,15,0.6580134508609828,9,0.4,0,263372.0,2.0,0,263372.0
FAN-001270,FC Seoul,35_54,free_registered,True,True,1,0.9307610477625395,0,1.0,16843,80551.0,1.0,16843,97394.0
FAN-001271,Jeju SK,18_34,free_registered,True,True,2,0.9094936392708733,1,0.5,19511,0.0,0.0,39022,39022.0
FAN-001272,Jeonbuk Hyundai Motors,55_Plus,free_registered,True,True,2,0.9197637745023386,1,0.5,22708,62987.0,1.0,45416,108403.0
FAN-001273,Jeonbuk Hyundai Motors,Under_18,paid_membership,False,False,5,0.8825347439244949,4,0.19999999999999996,19837,0.0,0.0,99185,99185.0
FAN-001274,FC Seoul,18_34,free_registered,True,True,2,0.9424271822671171,1,0.5,17119,0.0,0.0,34238,34238.0
FAN-001275,Ulsan HD,35_54,free_registered,False,False,2,0.970687750874084,1,0.5,22034,101649.0,1.0,44068,145717.0
FAN-001276,FC Seoul,35_54,free_registered,True,True,1,0.945844892126398,0,1.0,19765,0.0,0.0,19765,19765.0
FAN-001277,FC Seoul,18_34,free_registered,True,True,1,0.9049049142259942,0,1.0,23914,120177.0,1.0,23914,144091.0
FAN-001278,Gangwon FC,18_34,paid_membership,True,True,3,0.922486639887235,2,0.33333333333333337,22397,188677.0,2.0,67191,255868.0
FAN-001279,FC Seoul,35_54,season_ticket_partial,True,True,6,0.8412164854473947,5,0.16666666666666663,0,134810.0,2.0,0,134810.0
FAN-001280,Ulsan HD,18_34,paid_membership,True,True,5,0.9757934124868318,4,0.19999999999999996,23958,0.0,0.0,119790,119790.0
FAN-001281,Jeju SK,35_54,free_registered,True,True,1,0.9635240064498981,0,1.0,17938,0.0,0.0,17938,17938.0
FAN-001282,Jeonbuk Hyundai Motors,35_54,free_registered,False,False,2,0.9533931804003,1,0.5,19055,99509.0,1.0,38110,137619.0
FAN-001283,Jeju SK,35_54,season_ticket_full,True,False,19,0.6404748865840899,12,0.368421052631579,0,460267.0,4.0,0,460267.0
FAN-001284,FC Seoul,35_54,free_registered,True,False,1,0.9236460393649697,0,1.0,19096,0.0,0.0,19096,19096.0
FAN-001285,Ulsan HD,18_34,season_ticket_partial,True,True,11,0.7866392856040136,8,0.2727272727272727,0,123721.0,1.0,0,123721.0
FAN-001286,Ulsan HD,35_54,free_registered,True,False,2,0.9407122826169988,1,0.5,17504,57527.0,1.0,35008,92535.0
FAN-001287,FC Seoul,35_54,season_ticket_full,True,False,16,0.7811612863865139,12,0.25,0,169713.0,2.0,0,169713.0
FAN-001288,Ulsan HD,18_34,free_registered,True,True,2,0.9844209805233259,1,0.5,18190,52676.0,1.0,36380,89056.0
FAN-001289,FC Seoul,55_Plus,free_registered,True,True,2,0.9805197399631267,1,0.5,16489,0.0,0.0,32978,32978.0
FAN-001290,FC Seoul,18_34,paid_membership,True,True,3,0.8606163302210083,2,0.33333333333333337,23127,46801.0,1.0,69381,116182.0
FAN-001291,Ulsan HD,Under_18,paid_membership,True,False,3,0.9978454526273843,2,0.33333333333333337,21314,211228.0,2.0,63942,275170.0
FAN-001292,FC Seoul,18_34,free_registered,True,True,1,0.9071905870506531,0,1.0,21355,143873.0,1.0,21355,165228.0
FAN-001293,Jeju SK,55_Plus,paid_membership,False,True,5,0.9784630407528124,4,0.19999999999999996,18042,0.0,0.0,90210,90210.0
FAN-001294,Jeju SK,18_34,paid_membership,False,True,3,0.9510398041384408,2,0.33333333333333337,21880,104053.0,1.0,65640,169693.0
FAN-001295,Jeonbuk Hyundai Motors,35_54,free_registered,True,False,1,0.9026715940865474,0,1.0,20882,25289.0,1.0,20882,46171.0
FAN-001296,FC Seoul,35_54,free_registered,True,True,2,0.9290500219748468,1,0.5,24313,0.0,0.0,48626,48626.0
FAN-001297,FC Seoul,18_34,free_registered,True,True,1,0.9136283189114002,0,1.0,21935,127531.0,1.0,21935,149466.0
FAN-001298,FC Seoul,Under_18,free_registered,False,True,1,0.9231278984247511,0,1.0,19288,100344.0,1.0,19288,119632.0
FAN-001299,Jeju SK,35_54,paid_membership,True,True,2,0.8630292213996184,1,0.5,23113,106906.0,2.0,46226,153132.0
FAN-001300,Jeonbuk Hyundai Motors,18_34,free_registered,True,True,2,0.9109244702237795,1,0.5,24229,0.0,0.0,48458,48458.0
FAN-001301,FC Seoul,35_54,free_registered,True,True,1,0.9229834131159538,0,1.0,17961,26008.0,1.0,17961,43969.0
FAN-001302,Gangwon FC,18_34,free_registered,True,False,1,0.9564908394859837,0,1.0,21105,0.0,0.0,21105,21105.0
FAN-001303,FC Seoul,18_34,paid_membership,True,False,4,0.8683006305308916,3,0.25,19836,0.0,0.0,79344,79344.0
FAN-001304,Ulsan HD,35_54,free_registered,True,False,1,0.9857591015118983,0,1.0,20834,0.0,0.0,20834,20834.0
FAN-001305,Jeonbuk Hyundai Motors,18_34,free_registered,True,True,2,0.9150579723308915,1,0.5,17026,66934.0,1.0,34052,100986.0
FAN-001306,Jeonbuk Hyundai Motors,18_34,free_registered,True,False,2,0.9369884735689068,1,0.5,21928,0.0,0.0,43856,43856.0
FAN-001307,Jeonbuk Hyundai Motors,18_34,season_ticket_full,True,True,18,0.6202294982657267,11,0.38888888888888884,0,203483.0,3.0,0,203483.0
FAN-001308,Jeonbuk Hyundai Motors,18_34,free_registered,True,True,1,0.9795798255007026,0,1.0,20125,0.0,0.0,20125,20125.0
FAN-001309,Ulsan HD,18_34,paid_membership,True,False,2,0.9640582153779844,1,0.5,16627,199593.0,2.0,33254,232847.0
FAN-001310,Jeonbuk Hyundai Motors,35_54,free_registered,True,False,2,0.9768992530242235,1,0.5,21286,0.0,0.0,42572,42572.0
FAN-001311,FC Seoul,18_34,free_registered,True,True,2,0.9448380781305148,1,0.5,19160,75489.0,1.0,38320,113809.0
FAN-001312,Jeonbuk Hyundai Motors,18_34,paid_membership,False,False,5,0.892872526159725,4,0.19999999999999996,19767,227375.0,2.0,98835,326210.0
FAN-001313,Ulsan HD,35_54,free_registered,True,False,1,0.9599656439143364,0,1.0,21841,93575.0,1.0,21841,115416.0
FAN-001314,Jeonbuk Hyundai Motors,18_34,season_ticket_full,True,False,18,0.7429568221903526,13,0.2777777777777778,0,215486.0,3.0,0,215486.0
FAN-001315,Ulsan HD,18_34,season_ticket_full,True,False,15,0.7532376249966692,11,0.2666666666666667,0,319629.0,4.0,0,319629.0
FAN-001316,Jeju SK,55_Plus,paid_membership,True,False,5,0.8744397183105432,4,0.19999999999999996,24580,72349.0,1.0,122900,195249.0
FAN-001317,Ulsan HD,35_54,paid_membership,True,True,4,0.9013203347364681,3,0.25,21024,0.0,0.0,84096,84096.0
FAN-001318,Jeonbuk Hyundai Motors,35_54,free_registered,True,True,2,0.9073764395218255,1,0.5,21452,0.0,0.0,42904,42904.0
FAN-001319,FC Seoul,35_54,free_registered,True,False,1,0.9603849169570466,0,1.0,20714,54977.0,1.0,20714,75691.0
FAN-001320,FC Seoul,Under_18,season_ticket_full,True,True,18,0.7921456240709426,14,0.2222222222222222,0,346679.0,4.0,0,346679.0
FAN-001321,FC Seoul,35_54,paid_membership,False,True,5,0.8775692707655504,4,0.19999999999999996,24598,0.0,0.0,122990,122990.0
FAN-001322,FC Seoul,18_34,paid_membership,False,True,5,0.9570475535983644,4,0.19999999999999996,24188,0.0,0.0,120940,120940.0
FAN-001323,Jeonbuk Hyundai Motors,18_34,free_registered,False,True,1,0.9952233716273373,0,1.0,18024,131600.0,1.0,18024,149624.0
FAN-001324,FC Seoul,18_34,free_registered,False,False,2,0.9128190322693717,1,0.5,18669,41407.0,1.0,37338,78745.0
FAN-001325,Gangwon FC,Under_18,season_ticket_full,True,False,19,0.8295590717176461,15,0.21052631578947367,0,420574.0,5.0,0,420574.0
FAN-001326,Ulsan HD,18_34,free_registered,True,True,1,0.9110596489860122,0,1.0,21949,0.0,0.0,21949,21949.0
FAN-001327,FC Seoul,55_Plus,free_registered,True,False,2,0.9283007857223594,1,0.5,19119,142114.0,1.0,38238,180352.0
FAN-001328,Jeonbuk Hyundai Motors,18_34,free_registered,True,False,2,0.9621492548312488,1,0.5,19261,69922.0,1.0,38522,108444.0
FAN-001329,Jeju SK,18_34,season_ticket_partial,True,True,7,0.9155601739900907,6,0.1428571428571429,0,17638.0,1.0,0,17638.0
FAN-001330,Ulsan HD,Under_18,free_registered,False,False,1,0.9365550152907097,0,1.0,22212,30004.0,1.0,22212,52216.0
FAN-001331,Jeju SK,Under_18,season_ticket_partial,True,True,10,0.8131057532157054,8,0.19999999999999996,0,46064.0,2.0,0,46064.0
FAN-001332,Jeonbuk Hyundai Motors,35_54,free_registered,True,True,2,0.9574983158146086,1,0.5,22638,46552.0,1.0,45276,91828.0
FAN-001333,FC Seoul,18_34,season_ticket_partial,True,True,9,0.7433332038783856,6,0.33333333333333337,0,354283.0,3.0,0,354283.0
FAN-001334,Gangwon FC,18_34,paid_membership,False,False,2,0.9843367509760779,1,0.5,23737,150146.0,2.0,47474,197620.0
FAN-001335,Gangwon FC,18_34,free_registered,True,True,2,0.970415102903391,1,0.5,23669,85275.0,1.0,47338,132613.0
FAN-001336,Jeju SK,35_54,paid_membership,False,False,5,0.9392750220750339,4,0.19999999999999996,19347,0.0,0.0,96735,96735.0
FAN-001337,FC Seoul,18_34,free_registered,True,False,1,0.9898813775200058,0,1.0,24609,0.0,0.0,24609,24609.0
FAN-001338,Jeju SK,18_34,free_registered,True,True,2,0.9601598715437369,1,0.5,21539,0.0,0.0,43078,43078.0
FAN-001339,FC Seoul,18_34,season_ticket_partial,True,True,10,0.7228061654884067,7,0.30000000000000004,0,127223.0,3.0,0,127223.0
FAN-001340,FC Seoul,18_34,free_registered,True,True,1,0.9803134492555787,0,1.0,17184,44645.0,1.0,17184,61829.0
FAN-001341,FC Seoul,18_34,free_registered,True,True,1,0.9485441179087233,0,1.0,18048,0.0,0.0,18048,18048.0
FAN-001342,Ulsan HD,35_54,free_registered,True,False,2,0.9279288329997956,1,0.5,21186,139319.0,1.0,42372,181691.0
FAN-001343,Jeonbuk Hyundai Motors,35_54,free_registered,False,True,1,0.9155097010367418,0,1.0,23714,30459.0,1.0,23714,54173.0
FAN-001344,Jeonbuk Hyundai Motors,35_54,season_ticket_partial,True,True,11,0.9379841236687867,10,0.09090909090909094,0,110398.0,2.0,0,110398.0
FAN-001345,Jeonbuk Hyundai Motors,18_34,free_registered,True,True,2,0.9424856600876452,1,0.5,16314,138149.0,1.0,32628,170777.0
FAN-001346,Ulsan HD,Under_18,season_ticket_full,True,False,15,0.8387426543527863,12,0.19999999999999996,0,382738.0,4.0,0,382738.0
FAN-001347,Ulsan HD,18_34,season_ticket_full,True,False,15,0.8156155711983286,12,0.19999999999999996,0,551336.0,5.0,0,551336.0
FAN-001348,Ulsan HD,55_Plus,free_registered,True,False,2,0.9671612215887581,1,0.5,23445,138749.0,1.0,46890,185639.0
FAN-001349,Gangwon FC,35_54,free_registered,True,False,2,0.9518996436887587,1,0.5,16592,135850.0,1.0,33184,169034.0
FAN-001350,FC Seoul,35_54,season_ticket_partial,True,True,5,0.9259844213911598,4,0.19999999999999996,0,195967.0,2.0,0,195967.0
FAN-001351,Jeonbuk Hyundai Motors,Under_18,free_registered,True,True,2,0.930812480125993,1,0.5,17737,0.0,0.0,35474,35474.0
FAN-001352,Jeju SK,18_34,free_registered,False,False,2,0.9613650978372424,1,0.5,19322,0.0,0.0,38644,38644.0
FAN-001353,Ulsan HD,Under_18,free_registered,True,False,2,0.9403516074480228,1,0.5,16730,42483.0,1.0,33460,75943.0
FAN-001354,Jeonbuk Hyundai Motors,35_54,paid_membership,False,True,3,0.9606363858584366,2,0.33333333333333337,19692,0.0,0.0,59076,59076.0
FAN-001355,Ulsan HD,55_Plus,paid_membership,True,True,4,0.9052597320958582,3,0.25,20219,121464.0,1.0,80876,202340.0
FAN-001356,Jeonbuk Hyundai Motors,55_Plus,free_registered,False,True,2,0.9289452500784946,1,0.5,19142,58831.0,1.0,38284,97115.0
FAN-001357,Gangwon FC,18_34,free_registered,True,False,2,0.9147729666816821,1,0.5,19496,97583.0,1.0,38992,136575.0
FAN-001358,Ulsan HD,18_34,season_ticket_full,True,True,19,0.7490395224287577,14,0.26315789473684215,0,395437.0,4.0,0,395437.0
FAN-001359,FC Seoul,55_Plus,paid_membership,True,True,2,0.8757264702661804,1,0.5,24519,30292.0,1.0,49038,79330.0
FAN-001360,Jeju SK,35_54,paid_membership,False,False,4,0.8949781117843766,3,0.25,22710,58657.0,1.0,90840,149497.0
FAN-001361,Gangwon FC,Under_18,paid_membership,True,True,2,0.9473055477470025,1,0.5,21083,0.0,0.0,42166,42166.0
FAN-001362,FC Seoul,18_34,free_registered,True,True,2,0.9386645231000582,1,0.5,24646,0.0,0.0,49292,49292.0
FAN-001363,Jeju SK,18_34,paid_membership,False,True,4,0.9559217888548445,3,0.25,22817,15757.0,1.0,91268,107025.0
FAN-001364,Jeju SK,18_34,free_registered,True,True,2,0.9458915188007229,1,0.5,24928,127289.0,1.0,49856,177145.0
FAN-001365,Jeonbuk Hyundai Motors,18_34,free_registered,True,True,2,0.9890926089177212,1,0.5,17974,79264.0,1.0,35948,115212.0
FAN-001366,FC Seoul,35_54,paid_membership,True,True,4,0.8722160424337813,3,0.25,24293,47940.0,1.0,97172,145112.0
FAN-001367,Jeonbuk Hyundai Motors,18_34,free_registered,True,True,2,0.92594068210403,1,0.5,20033,79744.0,1.0,40066,119810.0
FAN-001368,Gangwon FC,18_34,season_ticket_full,True,False,18,0.6314998385767927,11,0.38888888888888884,0,366057.0,5.0,0,366057.0
FAN-001369,FC Seoul,18_34,free_registered,True,False,1,0.9323229124073057,0,1.0,21350,0.0,0.0,21350,21350.0
FAN-001370,FC Seoul,35_54,season_ticket_full,True,True,18,0.8086475943923236,14,0.2222222222222222,0,366336.0,4.0,0,366336.0
FAN-001371,Gangwon FC,35_54,season_ticket_full,True,True,16,0.8692175753220908,13,0.1875,0,383174.0,5.0,0,383174.0
FAN-001372,FC Seoul,18_34,free_registered,False,False,2,0.9025524302579673,1,0.5,16808,0.0,0.0,33616,33616.0
FAN-001373,Jeonbuk Hyundai Motors,55_Plus,paid_membership,True,True,5,0.94857809392807,4,0.19999999999999996,17241,0.0,0.0,86205,86205.0
FAN-001374,Ulsan HD,55_Plus,free_registered,True,True,1,0.9835886391510522,0,1.0,23086,63014.0,1.0,23086,86100.0
FAN-001375,FC Seoul,18_34,season_ticket_partial,True,True,11,0.8267477569766963,9,0.18181818181818177,0,129244.0,2.0,0,129244.0
FAN-001376,Jeonbuk Hyundai Motors,Under_18,free_registered,True,False,2,0.91393589457174,1,0.5,17392,0.0,0.0,34784,34784.0
FAN-001377,Ulsan HD,35_54,paid_membership,True,True,4,0.8879701054022769,3,0.25,18186,32878.0,1.0,72744,105622.0
FAN-001378,Ulsan HD,35_54,free_registered,True,False,2,0.9900427461413068,1,0.5,19414,17070.0,1.0,38828,55898.0
FAN-001379,Ulsan HD,55_Plus,free_registered,True,False,2,0.9656904221898696,1,0.5,21142,0.0,0.0,42284,42284.0
FAN-001380,Jeju SK,35_54,free_registered,False,False,1,0.9846043654251437,0,1.0,23738,89161.0,1.0,23738,112899.0
FAN-001381,FC Seoul,35_54,free_registered,True,True,2,0.9998665004236125,1,0.5,19672,0.0,0.0,39344,39344.0
FAN-001382,Ulsan HD,18_34,paid_membership,True,False,2,0.9202049248521396,1,0.5,17733,170003.0,2.0,35466,205469.0
FAN-001383,Gangwon FC,Under_18,paid_membership,True,True,2,0.9476812136104076,1,0.5,24305,74838.0,1.0,48610,123448.0
FAN-001384,FC Seoul,18_34,paid_membership,True,True,3,0.9810148415784384,2,0.33333333333333337,17904,0.0,0.0,53712,53712.0
FAN-001385,Jeju SK,18_34,free_registered,False,True,1,0.974564844655684,0,1.0,18587,0.0,0.0,18587,18587.0
FAN-001386,Ulsan HD,35_54,free_registered,True,True,1,0.9901466142338933,0,1.0,23406,0.0,0.0,23406,23406.0
FAN-001387,Jeonbuk Hyundai Motors,35_54,free_registered,True,False,2,0.9520875263587089,1,0.5,17308,118374.0,1.0,34616,152990.0
FAN-001388,FC Seoul,35_54,season_ticket_partial,True,True,9,0.910404130344243,8,0.11111111111111116,0,153999.0,3.0,0,153999.0
FAN-001389,Gangwon FC,18_34,season_ticket_full,True,True,15,0.6461740033662379,9,0.4,0,372125.0,5.0,0,372125.0
FAN-001390,Ulsan HD,35_54,free_registered,True,True,1,0.925117997303808,0,1.0,20747,146288.0,1.0,20747,167035.0
FAN-001391,FC Seoul,Under_18,free_registered,True,False,1,0.9355977885607931,0,1.0,20551,0.0,0.0,20551,20551.0
FAN-001392,FC Seoul,18_34,free_registered,True,True,2,0.9772276691302251,1,0.5,22822,63743.0,1.0,45644,109387.0
FAN-001393,FC Seoul,35_54,paid_membership,True,False,3,0.8743458849430498,2,0.33333333333333337,19284,0.0,0.0,57852,57852.0
FAN-001394,Ulsan HD,35_54,paid_membership,True,False,2,0.988634058784542,1,0.5,20507,86386.0,1.0,41014,127400.0
FAN-001395,Ulsan HD,55_Plus,paid_membership,True,False,2,0.9141767946563581,1,0.5,16910,107922.0,2.0,33820,141742.0
FAN-001396,Jeonbuk Hyundai Motors,18_34,free_registered,True,True,2,0.9565484040559501,1,0.5,17979,0.0,0.0,35958,35958.0
FAN-001397,Ulsan HD,18_34,paid_membership,True,False,3,0.9775287731903082,2,0.33333333333333337,16550,119025.0,1.0,49650,168675.0
FAN-001398,FC Seoul,18_34,paid_membership,False,True,3,0.8923579774185721,2,0.33333333333333337,21733,114073.0,1.0,65199,179272.0
FAN-001399,Jeju SK,18_34,free_registered,True,False,1,0.9243902169126124,0,1.0,19542,0.0,0.0,19542,19542.0
FAN-001400,Jeonbuk Hyundai Motors,35_54,paid_membership,False,False,5,0.8970083811458918,4,0.19999999999999996,19181,144183.0,1.0,95905,240088.0
FAN-001401,FC Seoul,35_54,free_registered,True,True,1,0.9781241062123974,0,1.0,20871,0.0,0.0,20871,20871.0
FAN-001402,FC Seoul,35_54,free_registered,False,False,2,0.9021656987193987,1,0.5,22953,120139.0,1.0,45906,166045.0
FAN-001403,FC Seoul,18_34,season_ticket_partial,True,True,8,0.7391249004938095,5,0.375,0,169037.0,3.0,0,169037.0
FAN-001404,Jeonbuk Hyundai Motors,35_54,free_registered,True,True,2,0.9004892591196474,1,0.5,17358,37902.0,1.0,34716,72618.0
FAN-001405,Jeju SK,Under_18,season_ticket_partial,True,True,6,0.7778823505837552,4,0.33333333333333337,0,140290.0,2.0,0,140290.0
FAN-001406,Ulsan HD,35_54,paid_membership,False,False,2,0.9130001968014025,1,0.5,16915,0.0,0.0,33830,33830.0
FAN-001407,Jeonbuk Hyundai Motors,18_34,free_registered,True,False,1,0.9755371763634089,0,1.0,19644,133034.0,1.0,19644,152678.0
FAN-001408,Jeonbuk Hyundai Motors,18_34,paid_membership,True,False,3,0.9828283625333706,2,0.33333333333333337,16543,134071.0,1.0,49629,183700.0
FAN-001409,Jeju SK,18_34,paid_membership,True,False,3,0.9580139175061719,2,0.33333333333333337,16644,0.0,0.0,49932,49932.0
FAN-001410,Jeonbuk Hyundai Motors,55_Plus,free_registered,False,True,2,0.9891227066103455,1,0.5,19832,142420.0,1.0,39664,182084.0
FAN-001411,FC Seoul,Under_18,free_registered,True,False,1,0.9317420118516171,0,1.0,24214,140437.0,1.0,24214,164651.0
FAN-001412,FC Seoul,18_34,free_registered,True,True,1,0.9333690335873897,0,1.0,16143,0.0,0.0,16143,16143.0
FAN-001413,FC Seoul,35_54,free_registered,True,False,1,0.9001069161638644,0,1.0,20679,115708.0,1.0,20679,136387.0
FAN-001414,FC Seoul,18_34,free_registered,False,False,2,0.9429112877001974,1,0.5,19296,94428.0,1.0,38592,133020.0
FAN-001415,Ulsan HD,18_34,free_registered,True,True,2,0.9613014062190207,1,0.5,17071,0.0,0.0,34142,34142.0
FAN-001416,Gangwon FC,18_34,free_registered,True,True,1,0.9122694862839585,0,1.0,22548,86416.0,1.0,22548,108964.0
FAN-001417,FC Seoul,18_34,season_ticket_full,True,True,18,0.6863768817316485,12,0.33333333333333337,0,301352.0,4.0,0,301352.0
FAN-001418,FC Seoul,55_Plus,free_registered,True,False,2,0.9365742670423429,1,0.5,17552,98913.0,1.0,35104,134017.0
FAN-001419,Ulsan HD,35_54,paid_membership,True,True,3,0.964791367881915,2,0.33333333333333337,20336,81451.0,1.0,61008,142459.0
FAN-001420,Gangwon FC,18_34,paid_membership,True,True,5,0.9827016949360432,4,0.19999999999999996,17970,132791.0,2.0,89850,222641.0
FAN-001421,Ulsan HD,55_Plus,paid_membership,True,False,3,0.9475014307745224,2,0.33333333333333337,22210,74074.0,1.0,66630,140704.0
FAN-001422,Ulsan HD,18_34,free_registered,True,True,1,0.954885286198643,0,1.0,20873,0.0,0.0,20873,20873.0
FAN-001423,FC Seoul,Under_18,season_ticket_full,True,True,18,0.7559425074658824,13,0.2777777777777778,0,309742.0,4.0,0,309742.0
FAN-001424,FC Seoul,18_34,paid_membership,True,False,4,0.8687655972553647,3,0.25,20077,200139.0,2.0,80308,280447.0
FAN-001425,Gangwon FC,18_34,season_ticket_partial,True,True,10,0.7111141496075296,7,0.30000000000000004,0,97483.0,1.0,0,97483.0
FAN-001426,Gangwon FC,18_34,free_registered,True,False,2,0.9554254701104979,1,0.5,22191,39412.0,1.0,44382,83794.0
FAN-001427,FC Seoul,55_Plus,free_registered,True,True,2,0.9159599246333165,1,0.5,18381,0.0,0.0,36762,36762.0
FAN-001428,Gangwon FC,35_54,paid_membership,True,True,4,0.9821202641954851,3,0.25,16135,95460.0,1.0,64540,160000.0
FAN-001429,Jeju SK,18_34,free_registered,True,True,1,0.9514086637615712,0,1.0,20614,0.0,0.0,20614,20614.0
FAN-001430,Jeonbuk Hyundai Motors,35_54,free_registered,True,True,2,0.9068932817071949,1,0.5,23650,0.0,0.0,47300,47300.0
FAN-001431,Ulsan HD,35_54,free_registered,True,False,1,0.9581080976029446,0,1.0,19359,0.0,0.0,19359,19359.0
FAN-001432,Ulsan HD,55_Plus,paid_membership,True,False,3,0.9187019951079612,2,0.33333333333333337,24533,119091.0,2.0,73599,192690.0
FAN-001433,Ulsan HD,35_54,season_ticket_full,True,True,17,0.7848466411517704,13,0.23529411764705888,0,349004.0,5.0,0,349004.0
FAN-001434,Jeju SK,18_34,free_registered,True,True,1,0.9654780763156124,0,1.0,19801,92112.0,1.0,19801,111913.0
FAN-001435,FC Seoul,35_54,season_ticket_partial,True,True,10,0.7419842839643899,7,0.30000000000000004,0,58939.0,2.0,0,58939.0
FAN-001436,FC Seoul,35_54,paid_membership,True,True,3,0.8533850780120447,2,0.33333333333333337,24476,143727.0,2.0,73428,217155.0
FAN-001437,Ulsan HD,35_54,free_registered,True,True,2,0.9280742598981772,1,0.5,23390,0.0,0.0,46780,46780.0
FAN-001438,Jeonbuk Hyundai Motors,Under_18,season_ticket_full,True,False,16,0.6834985579633811,10,0.375,0,348157.0,4.0,0,348157.0
FAN-001439,FC Seoul,Under_18,season_ticket_partial,True,True,9,0.7950747494633682,7,0.2222222222222222,0,151383.0,2.0,0,151383.0
FAN-001440,Jeju SK,18_34,paid_membership,True,True,5,0.8701335855306971,4,0.19999999999999996,16052,0.0,0.0,80260,80260.0
FAN-001441,Gangwon FC,18_34,free_registered,True,True,1,0.9056254609012233,0,1.0,16327,51268.0,1.0,16327,67595.0
FAN-001442,FC Seoul,Under_18,paid_membership,True,True,2,0.9402937584796061,1,0.5,16638,168457.0,2.0,33276,201733.0
FAN-001443,Jeju SK,35_54,free_registered,True,False,1,0.9494885591833094,0,1.0,23285,0.0,0.0,23285,23285.0
FAN-001444,Ulsan HD,Under_18,free_registered,True,True,2,0.9375903273338122,1,0.5,21699,0.0,0.0,43398,43398.0
FAN-001445,Jeonbuk Hyundai Motors,35_54,free_registered,True,True,2,0.9532348675465672,1,0.5,23657,0.0,0.0,47314,47314.0
FAN-001446,FC Seoul,18_34,season_ticket_partial,True,True,7,0.8235078593424625,5,0.2857142857142857,0,131517.0,2.0,0,131517.0
FAN-001447,Jeju SK,55_Plus,season_ticket_partial,True,False,11,0.7366719282017239,8,0.2727272727272727,0,67354.0,1.0,0,67354.0
FAN-001448,Jeonbuk Hyundai Motors,18_34,free_registered,False,True,1,0.963953162430773,0,1.0,21063,142440.0,1.0,21063,163503.0
FAN-001449,Gangwon FC,Under_18,free_registered,False,False,2,0.9018035392840018,1,0.5,24750,0.0,0.0,49500,49500.0
FAN-001450,Jeju SK,35_54,season_ticket_partial,True,True,8,0.7014483763513917,5,0.375,0,59176.0,1.0,0,59176.0
FAN-001451,Ulsan HD,35_54,free_registered,False,False,2,0.9815629521501874,1,0.5,22797,90201.0,1.0,45594,135795.0
FAN-001452,Jeju SK,55_Plus,paid_membership,True,False,2,0.8647264073765589,1,0.5,24200,191259.0,2.0,48400,239659.0
FAN-001453,Jeonbuk Hyundai Motors,18_34,free_registered,True,True,2,0.9173333249284439,1,0.5,21531,0.0,0.0,43062,43062.0
FAN-001454,Jeju SK,18_34,free_registered,False,False,2,0.9811061073298625,1,0.5,18571,69649.0,1.0,37142,106791.0
FAN-001455,FC Seoul,55_Plus,season_ticket_full,True,False,17,0.8330912420684118,14,0.17647058823529416,0,91636.0,2.0,0,91636.0
FAN-001456,Gangwon FC,18_34,free_registered,False,True,1,0.9075306707385391,0,1.0,16276,93959.0,1.0,16276,110235.0
FAN-001457,Jeju SK,35_54,free_registered,True,True,1,0.9579806773766393,0,1.0,22582,0.0,0.0,22582,22582.0
FAN-001458,Jeju SK,18_34,free_registered,False,False,2,0.9938154339274854,1,0.5,22963,0.0,0.0,45926,45926.0
FAN-001459,FC Seoul,Under_18,season_ticket_partial,True,False,6,0.7380046432904122,4,0.33333333333333337,0,214875.0,3.0,0,214875.0
FAN-001460,Jeju SK,18_34,season_ticket_partial,True,False,10,0.8088331101364705,8,0.19999999999999996,0,220116.0,3.0,0,220116.0
FAN-001461,Ulsan HD,18_34,free_registered,True,False,2,0.9229821947388525,1,0.5,16434,94741.0,1.0,32868,127609.0
FAN-001462,Jeju SK,35_54,free_registered,False,False,2,0.9102335373337455,1,0.5,17267,17677.0,1.0,34534,52211.0
FAN-001463,FC Seoul,55_Plus,paid_membership,True,False,4,0.9613058333303623,3,0.25,23716,24909.0,1.0,94864,119773.0
FAN-001464,Jeju SK,18_34,free_registered,True,True,2,0.9395110157707851,1,0.5,22887,18229.0,1.0,45774,64003.0
FAN-001465,Gangwon FC,35_54,paid_membership,True,True,3,0.918545971136359,2,0.33333333333333337,22988,234705.0,2.0,68964,303669.0
FAN-001466,FC Seoul,Under_18,free_registered,True,False,1,0.9406294481374641,0,1.0,22052,96337.0,1.0,22052,118389.0
FAN-001467,Gangwon FC,18_34,free_registered,True,True,1,0.9236602254460119,0,1.0,20109,71114.0,1.0,20109,91223.0
FAN-001468,Ulsan HD,Under_18,paid_membership,True,True,5,0.8859000472557138,4,0.19999999999999996,23150,38085.0,1.0,115750,153835.0
FAN-001469,Jeonbuk Hyundai Motors,55_Plus,free_registered,True,False,1,0.9782654334410251,0,1.0,17158,31719.0,1.0,17158,48877.0
FAN-001470,Jeonbuk Hyundai Motors,35_54,season_ticket_partial,True,True,7,0.8982528618740846,6,0.1428571428571429,0,133528.0,3.0,0,133528.0
FAN-001471,Jeju SK,35_54,free_registered,True,True,2,0.9207112645404344,1,0.5,16566,93894.0,1.0,33132,127026.0
FAN-001472,Jeonbuk Hyundai Motors,35_54,free_registered,True,True,1,0.9204812027427184,0,1.0,20897,81259.0,1.0,20897,102156.0
FAN-001473,Jeonbuk Hyundai Motors,35_54,season_ticket_full,True,False,18,0.8602688864715937,15,0.16666666666666663,0,341118.0,4.0,0,341118.0
FAN-001474,Ulsan HD,55_Plus,free_registered,True,False,1,0.9530920826890364,0,1.0,21114,0.0,0.0,21114,21114.0
FAN-001475,Ulsan HD,35_54,paid_membership,False,True,5,0.930415962416917,4,0.19999999999999996,22055,0.0,0.0,110275,110275.0
FAN-001476,Jeju SK,55_Plus,free_registered,True,True,1,0.9123370400845588,0,1.0,17867,0.0,0.0,17867,17867.0
FAN-001477,Jeonbuk Hyundai Motors,18_34,paid_membership,True,True,2,0.9004362698337548,1,0.5,19683,109322.0,2.0,39366,148688.0
FAN-001478,Jeonbuk Hyundai Motors,Under_18,paid_membership,True,True,4,0.855156518296109,3,0.25,19230,117391.0,1.0,76920,194311.0
FAN-001479,Jeonbuk Hyundai Motors,18_34,free_registered,True,True,1,0.9052541779003502,0,1.0,17558,0.0,0.0,17558,17558.0
FAN-001480,Ulsan HD,Under_18,season_ticket_partial,True,True,8,0.7456696302186834,5,0.375,0,75768.0,1.0,0,75768.0
FAN-001481,Jeonbuk Hyundai Motors,35_54,paid_membership,True,True,4,0.9958181964411099,3,0.25,16078,82512.0,1.0,64312,146824.0
FAN-001482,FC Seoul,18_34,free_registered,False,True,1,0.9151172953940171,0,1.0,19163,0.0,0.0,19163,19163.0
FAN-001483,Ulsan HD,35_54,paid_membership,True,True,3,0.9551194333950418,2,0.33333333333333337,18187,0.0,0.0,54561,54561.0
FAN-001484,FC Seoul,Under_18,paid_membership,True,False,3,0.9510400549394801,2,0.33333333333333337,16266,0.0,0.0,48798,48798.0
FAN-001485,Ulsan HD,18_34,free_registered,True,False,1,0.9485891735407757,0,1.0,23218,0.0,0.0,23218,23218.0
FAN-001486,Ulsan HD,18_34,free_registered,True,False,1,0.98360363091407,0,1.0,24420,0.0,0.0,24420,24420.0
FAN-001487,Ulsan HD,55_Plus,free_registered,False,False,2,0.9264848644166014,1,0.5,17392,0.0,0.0,34784,34784.0
FAN-001488,Jeju SK,18_34,free_registered,True,True,1,0.921057437913963,0,1.0,18604,0.0,0.0,18604,18604.0
FAN-001489,Ulsan HD,18_34,paid_membership,False,False,2,0.9439176753948177,1,0.5,21218,0.0,0.0,42436,42436.0
FAN-001490,Ulsan HD,35_54,free_registered,True,True,1,0.9444204085505395,0,1.0,16596,0.0,0.0,16596,16596.0
FAN-001491,FC Seoul,35_54,season_ticket_full,True,False,17,0.8021354656934828,13,0.23529411764705888,0,92563.0,2.0,0,92563.0
FAN-001492,Ulsan HD,18_34,free_registered,True,False,1,0.9418259796588468,0,1.0,23976,0.0,0.0,23976,23976.0
FAN-001493,FC Seoul,18_34,free_registered,True,False,2,0.942527352476407,1,0.5,17921,0.0,0.0,35842,35842.0
FAN-001494,FC Seoul,18_34,paid_membership,True,False,4,0.8670376749609507,3,0.25,18624,0.0,0.0,74496,74496.0
FAN-001495,Jeju SK,55_Plus,paid_membership,True,False,5,0.9011931681538569,4,0.19999999999999996,24846,21934.0,1.0,124230,146164.0
FAN-001496,Jeju SK,Under_18,paid_membership,True,False,4,0.9302767960239401,3,0.25,17974,266053.0,2.0,71896,337949.0
FAN-001497,Jeju SK,18_34,free_registered,True,True,2,0.9466894084188661,1,0.5,23509,0.0,0.0,47018,47018.0
FAN-001498,Ulsan HD,Under_18,free_registered,True,False,1,0.9542293066437134,0,1.0,19091,0.0,0.0,19091,19091.0
FAN-001499,Ulsan HD,18_34,free_registered,True,True,2,0.9158755605726857,1,0.5,24524,81228.0,1.0,49048,130276.0
FAN-001500,Jeonbuk Hyundai Motors,35_54,season_ticket_full,True,False,18,0.8655329127131504,15,0.16666666666666663,0,203945.0,2.0,0,203945.0
FAN-001501,Ulsan HD,18_34,free_registered,True,True,1,0.9727602921913754,0,1.0,19742,69797.0,1.0,19742,89539.0
FAN-001502,Ulsan HD,Under_18,season_ticket_partial,True,True,8,0.9262719190232465,7,0.125,0,95917.0,1.0,0,95917.0
FAN-001503,FC Seoul,18_34,paid_membership,True,False,5,0.8546059239544495,4,0.19999999999999996,21815,166054.0,2.0,109075,275129.0
FAN-001504,Ulsan HD,Under_18,free_registered,True,True,2,0.9990080067970243,1,0.5,24032,0.0,0.0,48064,48064.0
FAN-001505,Ulsan HD,Under_18,paid_membership,True,False,5,0.8700086855763721,4,0.19999999999999996,19868,231214.0,2.0,99340,330554.0
FAN-001506,Ulsan HD,35_54,season_ticket_partial,True,True,11,0.8969502000881752,9,0.18181818181818177,0,118155.0,2.0,0,118155.0
FAN-001507,Jeju SK,35_54,season_ticket_partial,True,False,9,0.7121791899967514,6,0.33333333333333337,0,102526.0,1.0,0,102526.0
FAN-001508,Ulsan HD,55_Plus,free_registered,True,False,1,0.9346021760812054,0,1.0,16300,0.0,0.0,16300,16300.0
FAN-001509,Jeju SK,35_54,free_registered,True,False,1,0.9544790610407309,0,1.0,21125,37976.0,1.0,21125,59101.0
FAN-001510,Jeonbuk Hyundai Motors,35_54,free_registered,True,True,2,0.958340207940113,1,0.5,20317,0.0,0.0,40634,40634.0
FAN-001511,Jeonbuk Hyundai Motors,Under_18,free_registered,False,True,1,0.9760762813760695,0,1.0,22456,95554.0,1.0,22456,118010.0
FAN-001512,Jeonbuk Hyundai Motors,35_54,paid_membership,True,False,4,0.9447632840534163,3,0.25,20443,0.0,0.0,81772,81772.0
FAN-001513,Gangwon FC,35_54,season_ticket_partial,True,True,5,0.7583164867934129,3,0.4,0,118684.0,2.0,0,118684.0
FAN-001514,FC Seoul,35_54,free_registered,True,True,1,0.9191330611724722,0,1.0,22234,66108.0,1.0,22234,88342.0
FAN-001515,FC Seoul,18_34,paid_membership,False,False,4,0.8636310513822868,3,0.25,24102,152367.0,2.0,96408,248775.0
FAN-001516,FC Seoul,18_34,paid_membership,True,True,2,0.9538222337950814,1,0.5,19918,0.0,0.0,39836,39836.0
FAN-001517,Jeju SK,35_54,free_registered,True,True,2,0.9477704867968033,1,0.5,17194,0.0,0.0,34388,34388.0
FAN-001518,Jeonbuk Hyundai Motors,35_54,free_registered,False,True,1,0.9965524757549368,0,1.0,16293,0.0,0.0,16293,16293.0
FAN-001519,FC Seoul,55_Plus,paid_membership,True,True,3,0.8581796676050796,2,0.33333333333333337,18239,25968.0,1.0,54717,80685.0
FAN-001520,Gangwon FC,18_34,season_ticket_partial,True,False,11,0.7318865546247246,8,0.2727272727272727,0,261330.0,2.0,0,261330.0
FAN-001521,FC Seoul,18_34,paid_membership,True,True,2,0.9895607332500193,1,0.5,24222,89140.0,1.0,48444,137584.0
FAN-001522,Gangwon FC,18_34,free_registered,False,False,1,0.937683387688771,0,1.0,20877,41620.0,1.0,20877,62497.0
FAN-001523,Ulsan HD,35_54,free_registered,False,True,1,0.9175174673152969,0,1.0,21623,129492.0,1.0,21623,151115.0
FAN-001524,FC Seoul,18_34,free_registered,True,True,2,0.9463846087702633,1,0.5,24190,113512.0,1.0,48380,161892.0
FAN-001525,Ulsan HD,Under_18,paid_membership,True,True,5,0.9575994423877409,4,0.19999999999999996,21217,91372.0,1.0,106085,197457.0
FAN-001526,FC Seoul,55_Plus,paid_membership,True,True,5,0.9419834317458111,4,0.19999999999999996,20147,0.0,0.0,100735,100735.0
FAN-001527,FC Seoul,Under_18,free_registered,True,False,2,0.9966703156200197,1,0.5,23510,0.0,0.0,47020,47020.0
FAN-001528,Ulsan HD,35_54,season_ticket_partial,True,False,10,0.9332651995631707,9,0.09999999999999998,0,112620.0,1.0,0,112620.0
FAN-001529,Jeonbuk Hyundai Motors,18_34,paid_membership,True,True,2,0.9610453162822491,1,0.5,20445,197723.0,2.0,40890,238613.0
FAN-001530,Ulsan HD,35_54,paid_membership,False,False,5,0.9374376249888611,4,0.19999999999999996,21137,0.0,0.0,105685,105685.0
FAN-001531,Ulsan HD,35_54,season_ticket_full,True,True,16,0.784171698273579,12,0.25,0,139717.0,3.0,0,139717.0
FAN-001532,Jeju SK,55_Plus,free_registered,True,True,2,0.90404880466854,1,0.5,24905,0.0,0.0,49810,49810.0
FAN-001533,Jeonbuk Hyundai Motors,55_Plus,season_ticket_partial,True,True,5,0.8104310522261675,4,0.19999999999999996,0,247736.0,3.0,0,247736.0
FAN-001534,FC Seoul,Under_18,free_registered,True,False,1,0.9735935141474379,0,1.0,16609,137783.0,1.0,16609,154392.0
FAN-001535,Ulsan HD,Under_18,free_registered,True,True,1,0.9342222674285058,0,1.0,17504,0.0,0.0,17504,17504.0
FAN-001536,FC Seoul,18_34,season_ticket_partial,True,False,11,0.8928342592257026,9,0.18181818181818177,0,282250.0,3.0,0,282250.0
FAN-001537,FC Seoul,35_54,season_ticket_partial,True,True,10,0.7837032641635917,7,0.30000000000000004,0,245114.0,3.0,0,245114.0
FAN-001538,Jeju SK,35_54,paid_membership,True,True,2,0.93797944858705,1,0.5,24846,0.0,0.0,49692,49692.0
FAN-001539,FC Seoul,18_34,paid_membership,True,True,3,0.9092492778706204,2,0.33333333333333337,22145,0.0,0.0,66435,66435.0
FAN-001540,Ulsan HD,35_54,paid_membership,False,False,2,0.9735414097054387,1,0.5,18939,73008.0,1.0,37878,110886.0
FAN-001541,Jeonbuk Hyundai Motors,18_34,season_ticket_partial,True,False,8,0.8658961398973986,6,0.25,0,240690.0,2.0,0,240690.0
FAN-001542,FC Seoul,35_54,free_registered,True,True,1,0.9015944754337386,0,1.0,24944,0.0,0.0,24944,24944.0
FAN-001543,Jeju SK,55_Plus,season_ticket_partial,True,False,6,0.8119306374303862,4,0.33333333333333337,0,123745.0,1.0,0,123745.0
FAN-001544,FC Seoul,18_34,free_registered,True,True,2,0.9735475999634526,1,0.5,21772,42831.0,1.0,43544,86375.0
FAN-001545,Gangwon FC,18_34,free_registered,True,False,1,0.9808208371339407,0,1.0,17191,25663.0,1.0,17191,42854.0
FAN-001546,Ulsan HD,Under_18,free_registered,True,False,2,0.9204127212753582,1,0.5,23177,20933.0,1.0,46354,67287.0
FAN-001547,Jeonbuk Hyundai Motors,35_54,paid_membership,False,False,4,0.8940753458136891,3,0.25,20995,104104.0,2.0,83980,188084.0
FAN-001548,Jeju SK,18_34,season_ticket_full,True,False,16,0.6524562023056246,10,0.375,0,185904.0,4.0,0,185904.0
FAN-001549,FC Seoul,Under_18,paid_membership,True,True,3,0.9602106172338853,2,0.33333333333333337,17890,24725.0,1.0,53670,78395.0
FAN-001550,Jeju SK,18_34,season_ticket_full,True,False,18,0.7501207597673012,13,0.2777777777777778,0,343872.0,3.0,0,343872.0
FAN-001551,Gangwon FC,18_34,free_registered,True,True,1,0.982275481359064,0,1.0,22323,0.0,0.0,22323,22323.0
FAN-001552,Jeju SK,18_34,paid_membership,True,True,2,0.9368028856048726,1,0.5,16976,0.0,0.0,33952,33952.0
FAN-001553,Jeonbuk Hyundai Motors,35_54,season_ticket_partial,True,True,10,0.926862600641169,9,0.09999999999999998,0,82965.0,1.0,0,82965.0
FAN-001554,Jeonbuk Hyundai Motors,Under_18,paid_membership,False,True,3,0.9601270231866617,2,0.33333333333333337,20276,173857.0,2.0,60828,234685.0
FAN-001555,FC Seoul,35_54,paid_membership,False,True,4,0.8735628564126343,3,0.25,18133,134306.0,2.0,72532,206838.0
FAN-001556,FC Seoul,35_54,paid_membership,True,True,2,0.8922881875677988,1,0.5,17706,0.0,0.0,35412,35412.0
FAN-001557,Jeju SK,18_34,season_ticket_partial,True,True,11,0.894592961919733,9,0.18181818181818177,0,120000.0,1.0,0,120000.0
FAN-001558,Ulsan HD,Under_18,season_ticket_partial,True,True,7,0.750054429599883,5,0.2857142857142857,0,66926.0,2.0,0,66926.0
FAN-001559,Jeonbuk Hyundai Motors,35_54,free_registered,False,False,2,0.9314842271718032,1,0.5,23230,143773.0,1.0,46460,190233.0
FAN-001560,Gangwon FC,55_Plus,season_ticket_partial,True,True,7,0.8131114731056668,5,0.2857142857142857,0,292698.0,2.0,0,292698.0
FAN-001561,Ulsan HD,18_34,free_registered,True,False,2,0.9552682219505684,1,0.5,19724,0.0,0.0,39448,39448.0
FAN-001562,FC Seoul,18_34,free_registered,False,True,2,0.9082416389314782,1,0.5,21765,0.0,0.0,43530,43530.0
FAN-001563,Jeonbuk Hyundai Motors,18_34,season_ticket_partial,True,True,11,0.8949314813827616,9,0.18181818181818177,0,155453.0,3.0,0,155453.0
FAN-001564,FC Seoul,35_54,free_registered,True,True,1,0.9887517294263922,0,1.0,20412,0.0,0.0,20412,20412.0
FAN-001565,Jeonbuk Hyundai Motors,18_34,season_ticket_partial,True,True,10,0.8564322856511644,8,0.19999999999999996,0,193390.0,2.0,0,193390.0
FAN-001566,Ulsan HD,18_34,free_registered,False,False,1,0.9246196892773261,0,1.0,16212,0.0,0.0,16212,16212.0
FAN-001567,Jeju SK,35_54,free_registered,True,False,2,0.9628472010883664,1,0.5,16633,66921.0,1.0,33266,100187.0
FAN-001568,FC Seoul,35_54,free_registered,True,True,1,0.9043307610250059,0,1.0,22017,0.0,0.0,22017,22017.0
FAN-001569,Jeju SK,18_34,free_registered,False,True,2,0.9495993606884002,1,0.5,23913,51391.0,1.0,47826,99217.0
FAN-001570,Ulsan HD,18_34,paid_membership,True,False,2,0.9290230733577965,1,0.5,24863,146573.0,1.0,49726,196299.0
FAN-001571,Jeju SK,35_54,free_registered,True,True,2,0.9406685262611779,1,0.5,18170,0.0,0.0,36340,36340.0
FAN-001572,FC Seoul,Under_18,free_registered,True,True,2,0.9972291546487898,1,0.5,17045,107175.0,1.0,34090,141265.0
FAN-001573,Jeonbuk Hyundai Motors,Under_18,free_registered,False,False,2,0.9718864930425655,1,0.5,19289,124511.0,1.0,38578,163089.0
FAN-001574,Jeonbuk Hyundai Motors,35_54,free_registered,True,True,1,0.9934066754537184,0,1.0,18600,145770.0,1.0,18600,164370.0
FAN-001575,FC Seoul,Under_18,paid_membership,True,False,4,0.8536835736529381,3,0.25,16876,217334.0,2.0,67504,284838.0
FAN-001576,FC Seoul,35_54,free_registered,False,False,1,0.9131697159850907,0,1.0,16393,116961.0,1.0,16393,133354.0
FAN-001577,FC Seoul,55_Plus,paid_membership,True,True,3,0.9874406812043207,2,0.33333333333333337,22700,17794.0,1.0,68100,85894.0
FAN-001578,Jeju SK,18_34,season_ticket_partial,True,True,5,0.7481510588147472,3,0.4,0,142278.0,2.0,0,142278.0
FAN-001579,Jeju SK,18_34,paid_membership,True,True,3,0.9647570128097802,2,0.33333333333333337,17768,0.0,0.0,53304,53304.0
FAN-001580,Ulsan HD,35_54,season_ticket_partial,True,True,7,0.7100696776773016,4,0.4285714285714286,0,143381.0,1.0,0,143381.0
FAN-001581,FC Seoul,35_54,free_registered,True,False,2,0.9534578516065696,1,0.5,19569,47396.0,1.0,39138,86534.0
FAN-001582,Ulsan HD,55_Plus,free_registered,True,False,1,0.9548154511004545,0,1.0,21905,48853.0,1.0,21905,70758.0
FAN-001583,Jeju SK,35_54,season_ticket_partial,True,True,7,0.8931527914016594,6,0.1428571428571429,0,203756.0,2.0,0,203756.0
FAN-001584,Ulsan HD,Under_18,paid_membership,False,True,5,0.8676018138699787,4,0.19999999999999996,24278,107437.0,2.0,121390,228827.0
FAN-001585,Gangwon FC,35_54,paid_membership,True,True,2,0.9808323338856523,1,0.5,23040,195594.0,2.0,46080,241674.0
FAN-001586,FC Seoul,18_34,paid_membership,False,True,3,0.9221161987942817,2,0.33333333333333337,22836,0.0,0.0,68508,68508.0
FAN-001587,Jeju SK,18_34,free_registered,True,False,2,0.957088996878308,1,0.5,21348,0.0,0.0,42696,42696.0
FAN-001588,Ulsan HD,Under_18,free_registered,True,False,2,0.9883756600394551,1,0.5,23761,107647.0,1.0,47522,155169.0
FAN-001589,Ulsan HD,18_34,paid_membership,True,True,5,0.9753658926944371,4,0.19999999999999996,24684,0.0,0.0,123420,123420.0
FAN-001590,Jeonbuk Hyundai Motors,35_54,paid_membership,True,True,2,0.9578108138976963,1,0.5,21659,264130.0,2.0,43318,307448.0
FAN-001591,Jeju SK,18_34,free_registered,True,False,1,0.9564335594783866,0,1.0,24213,53074.0,1.0,24213,77287.0
FAN-001592,Gangwon FC,18_34,season_ticket_partial,True,True,7,0.7331295598039438,5,0.2857142857142857,0,78575.0,1.0,0,78575.0
FAN-001593,FC Seoul,18_34,free_registered,True,False,1,0.9725512617024987,0,1.0,19382,0.0,0.0,19382,19382.0
FAN-001594,FC Seoul,35_54,free_registered,True,True,1,0.9727168712498067,0,1.0,16344,73715.0,1.0,16344,90059.0
FAN-001595,Jeonbuk Hyundai Motors,35_54,season_ticket_partial,True,False,6,0.7866368433580337,4,0.33333333333333337,0,203297.0,2.0,0,203297.0
FAN-001596,Jeju SK,18_34,paid_membership,True,False,5,0.8677235028898689,4,0.19999999999999996,17160,89404.0,2.0,85800,175204.0
FAN-001597,FC Seoul,Under_18,paid_membership,True,False,3,0.9923919054333988,2,0.33333333333333337,16483,203247.0,2.0,49449,252696.0
FAN-001598,FC Seoul,18_34,free_registered,True,False,1,0.9821473742399743,0,1.0,20017,51192.0,1.0,20017,71209.0
FAN-001599,FC Seoul,55_Plus,free_registered,True,False,2,0.9310432411338458,1,0.5,17828,66678.0,1.0,35656,102334.0
FAN-001600,Jeonbuk Hyundai Motors,35_54,paid_membership,False,False,5,0.9917518498364378,4,0.19999999999999996,22720,0.0,0.0,113600,113600.0
FAN-001601,FC Seoul,18_34,free_registered,True,False,1,0.9131826246715046,0,1.0,16315,0.0,0.0,16315,16315.0
FAN-001602,Ulsan HD,35_54,season_ticket_partial,True,False,10,0.9388827325530175,9,0.09999999999999998,0,123373.0,1.0,0,123373.0
FAN-001603,FC Seoul,18_34,season_ticket_full,True,False,15,0.7549663338049717,11,0.2666666666666667,0,227649.0,3.0,0,227649.0
FAN-001604,Ulsan HD,35_54,season_ticket_partial,True,True,11,0.7885851004166015,8,0.2727272727272727,0,190261.0,2.0,0,190261.0
FAN-001605,FC Seoul,18_34,free_registered,True,True,2,0.9113774624064995,1,0.5,18100,0.0,0.0,36200,36200.0
FAN-001606,Ulsan HD,Under_18,paid_membership,True,False,5,0.9026307918091713,4,0.19999999999999996,16808,56733.0,1.0,84040,140773.0
FAN-001607,FC Seoul,Under_18,free_registered,True,True,1,0.9448414134846367,0,1.0,20611,0.0,0.0,20611,20611.0
FAN-001608,Jeonbuk Hyundai Motors,18_34,free_registered,False,False,2,0.9606052765034383,1,0.5,24705,59728.0,1.0,49410,109138.0
FAN-001609,FC Seoul,55_Plus,free_registered,True,True,1,0.9192657071574296,0,1.0,18338,0.0,0.0,18338,18338.0
FAN-001610,Ulsan HD,18_34,free_registered,True,True,1,0.9753839011630236,0,1.0,24186,0.0,0.0,24186,24186.0
FAN-001611,Jeonbuk Hyundai Motors,35_54,season_ticket_partial,True,False,10,0.8899031144181434,8,0.19999999999999996,0,104671.0,2.0,0,104671.0
FAN-001612,Jeju SK,35_54,free_registered,True,False,1,0.922119430225656,0,1.0,20580,0.0,0.0,20580,20580.0
FAN-001613,Ulsan HD,18_34,free_registered,True,True,2,0.9398924979611801,1,0.5,17896,0.0,0.0,35792,35792.0
FAN-001614,Ulsan HD,Under_18,season_ticket_full,True,False,19,0.7969641942707377,15,0.21052631578947367,0,309216.0,4.0,0,309216.0
FAN-001615,Ulsan HD,Under_18,free_registered,True,False,1,0.9680370673408729,0,1.0,18700,0.0,0.0,18700,18700.0
FAN-001616,Jeju SK,35_54,paid_membership,True,True,5,0.9927091277572203,4,0.19999999999999996,23282,166073.0,2.0,116410,282483.0
FAN-001617,Gangwon FC,18_34,free_registered,True,True,1,0.9979017917502254,0,1.0,17138,0.0,0.0,17138,17138.0
FAN-001618,Jeju SK,18_34,free_registered,True,True,2,0.9131822596547204,1,0.5,16123,147388.0,1.0,32246,179634.0
FAN-001619,Jeju SK,18_34,season_ticket_partial,True,True,6,0.8361223115570209,5,0.16666666666666663,0,32868.0,1.0,0,32868.0
FAN-001620,Jeonbuk Hyundai Motors,35_54,free_registered,False,True,1,0.9624034792075504,0,1.0,17584,15802.0,1.0,17584,33386.0
FAN-001621,Ulsan HD,Under_18,paid_membership,True,True,2,0.9711115112161037,1,0.5,19458,135089.0,1.0,38916,174005.0
FAN-001622,FC Seoul,18_34,free_registered,False,True,1,0.9542590494529055,0,1.0,20368,139316.0,1.0,20368,159684.0
FAN-001623,Jeju SK,18_34,free_registered,True,False,1,0.9442370445663782,0,1.0,20760,0.0,0.0,20760,20760.0
FAN-001624,Gangwon FC,18_34,free_registered,False,True,1,0.9922291850494447,0,1.0,17405,0.0,0.0,17405,17405.0
FAN-001625,FC Seoul,35_54,free_registered,True,False,2,0.9506383040505988,1,0.5,17244,102702.0,1.0,34488,137190.0
FAN-001626,Jeju SK,18_34,free_registered,True,True,1,0.9939227587615294,0,1.0,21892,16489.0,1.0,21892,38381.0
FAN-001627,FC Seoul,35_54,paid_membership,True,False,2,0.9713271384158146,1,0.5,16198,98937.0,1.0,32396,131333.0
FAN-001628,Ulsan HD,35_54,free_registered,True,False,2,0.916788974342606,1,0.5,18130,0.0,0.0,36260,36260.0
FAN-001629,FC Seoul,35_54,free_registered,True,True,1,0.9167465664346237,0,1.0,21622,0.0,0.0,21622,21622.0
FAN-001630,Ulsan HD,35_54,free_registered,True,False,2,0.93179737684963,1,0.5,17330,122273.0,1.0,34660,156933.0
FAN-001631,Jeonbuk Hyundai Motors,18_34,season_ticket_full,True,False,19,0.6769216232842805,12,0.368421052631579,0,410283.0,4.0,0,410283.0
FAN-001632,Ulsan HD,Under_18,season_ticket_partial,True,False,11,0.7022694751613064,7,0.36363636363636365,0,42752.0,1.0,0,42752.0
FAN-001633,Jeju SK,35_54,paid_membership,True,False,5,0.853133259075306,4,0.19999999999999996,19132,0.0,0.0,95660,95660.0
FAN-001634,Jeonbuk Hyundai Motors,18_34,season_ticket_partial,True,True,5,0.7078434479129483,3,0.4,0,292849.0,3.0,0,292849.0
FAN-001635,Gangwon FC,35_54,free_registered,True,True,2,0.9648316638827665,1,0.5,22174,129474.0,1.0,44348,173822.0
FAN-001636,FC Seoul,18_34,free_registered,True,True,1,0.9981482308123275,0,1.0,19598,0.0,0.0,19598,19598.0
FAN-001637,Ulsan HD,55_Plus,paid_membership,False,True,3,0.8816806578962174,2,0.33333333333333337,17344,0.0,0.0,52032,52032.0
FAN-001638,FC Seoul,35_54,paid_membership,True,True,5,0.8669461955134982,4,0.19999999999999996,20840,0.0,0.0,104200,104200.0
FAN-001639,Gangwon FC,Under_18,free_registered,True,False,1,0.9024989799598341,0,1.0,20928,34828.0,1.0,20928,55756.0
FAN-001640,Gangwon FC,18_34,free_registered,False,True,1,0.9231893991317833,0,1.0,21919,0.0,0.0,21919,21919.0
FAN-001641,Ulsan HD,35_54,season_ticket_full,True,False,15,0.7559166975164002,11,0.2666666666666667,0,134476.0,2.0,0,134476.0
FAN-001642,Jeonbuk Hyundai Motors,35_54,season_ticket_partial,True,True,7,0.7970991762509554,5,0.2857142857142857,0,326734.0,3.0,0,326734.0
FAN-001643,Ulsan HD,18_34,free_registered,False,True,2,0.9783808305477073,1,0.5,16428,0.0,0.0,32856,32856.0
FAN-001644,Jeju SK,35_54,paid_membership,True,True,4,0.9606969291693828,3,0.25,18298,280535.0,2.0,73192,353727.0
FAN-001645,FC Seoul,18_34,free_registered,True,True,1,0.9735633518522484,0,1.0,22154,0.0,0.0,22154,22154.0
FAN-001646,Jeonbuk Hyundai Motors,18_34,free_registered,False,False,1,0.9599557086218664,0,1.0,18464,0.0,0.0,18464,18464.0
FAN-001647,FC Seoul,35_54,free_registered,False,False,2,0.9328418298481728,1,0.5,16576,0.0,0.0,33152,33152.0
FAN-001648,Jeonbuk Hyundai Motors,35_54,free_registered,True,True,2,0.9412403737695652,1,0.5,24741,0.0,0.0,49482,49482.0
FAN-001649,Jeonbuk Hyundai Motors,35_54,free_registered,True,False,1,0.9541330472774545,0,1.0,20552,40045.0,1.0,20552,60597.0
FAN-001650,Jeonbuk Hyundai Motors,35_54,season_ticket_partial,True,False,11,0.8766210089773383,9,0.18181818181818177,0,192200.0,2.0,0,192200.0
FAN-001651,FC Seoul,Under_18,free_registered,True,True,2,0.9931362098935417,1,0.5,20375,0.0,0.0,40750,40750.0
FAN-001652,Ulsan HD,35_54,paid_membership,True,False,2,0.9228411933570295,1,0.5,24995,112636.0,2.0,49990,162626.0
FAN-001653,FC Seoul,18_34,free_registered,True,False,2,0.9016411725770768,1,0.5,19219,0.0,0.0,38438,38438.0
FAN-001654,Ulsan HD,18_34,free_registered,False,True,2,0.9717179834509077,1,0.5,23722,0.0,0.0,47444,47444.0
FAN-001655,FC Seoul,18_34,season_ticket_partial,True,False,7,0.9092855849718067,6,0.1428571428571429,0,148564.0,1.0,0,148564.0
FAN-001656,Gangwon FC,18_34,paid_membership,True,True,3,0.9435549247091115,2,0.33333333333333337,16851,0.0,0.0,50553,50553.0
FAN-001657,Jeju SK,18_34,season_ticket_full,True,True,18,0.7467361484977527,13,0.2777777777777778,0,211130.0,3.0,0,211130.0
FAN-001658,Ulsan HD,18_34,season_ticket_full,True,True,18,0.6420201126633618,11,0.38888888888888884,0,488516.0,5.0,0,488516.0
FAN-001659,Ulsan HD,Under_18,free_registered,True,False,2,0.9444133284185408,1,0.5,20721,0.0,0.0,41442,41442.0
FAN-001660,Ulsan HD,18_34,free_registered,True,False,1,0.9714195638328981,0,1.0,22907,0.0,0.0,22907,22907.0
FAN-001661,Jeju SK,35_54,season_ticket_partial,True,True,9,0.9036362336143575,8,0.11111111111111116,0,234177.0,3.0,0,234177.0
FAN-001662,Ulsan HD,18_34,season_ticket_full,True,True,19,0.8275599210728906,15,0.21052631578947367,0,211983.0,3.0,0,211983.0
FAN-001663,Gangwon FC,18_34,paid_membership,False,True,3,0.8741462995996918,2,0.33333333333333337,24825,207395.0,2.0,74475,281870.0
FAN-001664,Ulsan HD,35_54,paid_membership,True,False,3,0.8513142464787921,2,0.33333333333333337,23698,48090.0,1.0,71094,119184.0
FAN-001665,Gangwon FC,35_54,paid_membership,True,True,5,0.9635467356225139,4,0.19999999999999996,20983,0.0,0.0,104915,104915.0
FAN-001666,Jeonbuk Hyundai Motors,35_54,free_registered,True,False,1,0.9213389870747724,0,1.0,22600,0.0,0.0,22600,22600.0
FAN-001667,FC Seoul,18_34,paid_membership,True,False,2,0.8843652477429796,1,0.5,22586,40871.0,1.0,45172,86043.0
FAN-001668,Gangwon FC,35_54,season_ticket_partial,True,False,9,0.921562644682609,8,0.11111111111111116,0,159128.0,3.0,0,159128.0
FAN-001669,FC Seoul,18_34,paid_membership,True,True,5,0.9834905421154365,4,0.19999999999999996,22329,137843.0,2.0,111645,249488.0
FAN-001670,Jeonbuk Hyundai Motors,Under_18,free_registered,True,True,1,0.9701236516769559,0,1.0,19636,0.0,0.0,19636,19636.0
FAN-001671,Ulsan HD,18_34,free_registered,True,True,1,0.9961724469076504,0,1.0,19995,96339.0,1.0,19995,116334.0
FAN-001672,Jeonbuk Hyundai Motors,35_54,free_registered,True,False,2,0.9188512104812342,1,0.5,18013,0.0,0.0,36026,36026.0
FAN-001673,Jeonbuk Hyundai Motors,18_34,free_registered,False,False,2,0.9450729548246085,1,0.5,22785,0.0,0.0,45570,45570.0
FAN-001674,Jeonbuk Hyundai Motors,Under_18,season_ticket_partial,True,True,8,0.7160339378869457,5,0.375,0,308157.0,3.0,0,308157.0
FAN-001675,Jeonbuk Hyundai Motors,Under_18,free_registered,True,True,2,0.9672562629653542,1,0.5,16244,0.0,0.0,32488,32488.0
FAN-001676,Ulsan HD,35_54,free_registered,True,False,2,0.9213030868742293,1,0.5,21113,75978.0,1.0,42226,118204.0
FAN-001677,FC Seoul,35_54,free_registered,True,True,1,0.9867893170896676,0,1.0,19764,0.0,0.0,19764,19764.0
FAN-001678,Ulsan HD,18_34,paid_membership,True,True,3,0.8786157639053087,2,0.33333333333333337,24327,61293.0,1.0,72981,134274.0
FAN-001679,FC Seoul,35_54,paid_membership,True,False,5,0.9772753530851709,4,0.19999999999999996,24396,265598.0,2.0,121980,387578.0
FAN-001680,Jeju SK,18_34,free_registered,True,True,2,0.9739361887535665,1,0.5,19732,0.0,0.0,39464,39464.0
FAN-001681,Ulsan HD,35_54,free_registered,False,False,1,0.9532800747337545,0,1.0,21979,0.0,0.0,21979,21979.0
FAN-001682,Gangwon FC,18_34,free_registered,True,False,2,0.935927913226659,1,0.5,20651,0.0,0.0,41302,41302.0
FAN-001683,Jeju SK,35_54,paid_membership,True,False,2,0.9795449510027341,1,0.5,24006,197776.0,2.0,48012,245788.0
FAN-001684,Jeonbuk Hyundai Motors,18_34,free_registered,False,True,2,0.9719208094323125,1,0.5,22392,16703.0,1.0,44784,61487.0
FAN-001685,FC Seoul,35_54,season_ticket_full,True,True,16,0.7964854577833358,12,0.25,0,469365.0,5.0,0,469365.0
FAN-001686,Jeonbuk Hyundai Motors,Under_18,free_registered,True,True,1,0.9280637514468572,0,1.0,21281,101677.0,1.0,21281,122958.0
FAN-001687,Gangwon FC,18_34,free_registered,True,True,2,0.9919611536140474,1,0.5,17220,0.0,0.0,34440,34440.0
FAN-001688,Ulsan HD,18_34,paid_membership,True,False,3,0.9891372606859073,2,0.33333333333333337,24897,132143.0,2.0,74691,206834.0
FAN-001689,Jeju SK,18_34,free_registered,True,False,1,0.9854084603882424,0,1.0,18606,0.0,0.0,18606,18606.0
FAN-001690,Jeonbuk Hyundai Motors,Under_18,paid_membership,True,True,3,0.9110259031836375,2,0.33333333333333337,19283,62033.0,1.0,57849,119882.0
FAN-001691,FC Seoul,35_54,free_registered,True,False,1,0.9376238935112972,0,1.0,23894,0.0,0.0,23894,23894.0
FAN-001692,Ulsan HD,18_34,paid_membership,True,False,5,0.868984752219032,4,0.19999999999999996,17316,181165.0,2.0,86580,267745.0
FAN-001693,Ulsan HD,35_54,paid_membership,False,True,3,0.8712681733895817,2,0.33333333333333337,19151,0.0,0.0,57453,57453.0
FAN-001694,FC Seoul,35_54,season_ticket_full,True,True,18,0.7217811987128087,12,0.33333333333333337,0,308962.0,4.0,0,308962.0
FAN-001695,Ulsan HD,35_54,free_registered,False,True,2,0.9324701296150666,1,0.5,20693,114384.0,1.0,41386,155770.0
FAN-001696,FC Seoul,35_54,free_registered,True,False,2,0.9673114724997065,1,0.5,22718,136477.0,1.0,45436,181913.0
FAN-001697,FC Seoul,35_54,free_registered,True,True,1,0.9730298239225121,0,1.0,17908,0.0,0.0,17908,17908.0
FAN-001698,FC Seoul,18_34,season_ticket_full,True,False,15,0.6428562946804629,9,0.4,0,408261.0,4.0,0,408261.0
FAN-001699,Gangwon FC,35_54,season_ticket_partial,True,True,10,0.7834179171632308,7,0.30000000000000004,0,148802.0,1.0,0,148802.0
FAN-001700,Ulsan HD,18_34,free_registered,True,False,2,0.9009311095264263,1,0.5,16426,57363.0,1.0,32852,90215.0
FAN-001701,Gangwon FC,35_54,free_registered,False,True,2,0.941820286525689,1,0.5,21735,54609.0,1.0,43470,98079.0
FAN-001702,Ulsan HD,35_54,free_registered,True,False,1,0.9350407056338023,0,1.0,21881,0.0,0.0,21881,21881.0
FAN-001703,Ulsan HD,18_34,free_registered,True,False,1,0.9932813749616746,0,1.0,16639,0.0,0.0,16639,16639.0
FAN-001704,Ulsan HD,18_34,free_registered,True,True,1,0.9986025120320167,0,1.0,19765,91382.0,1.0,19765,111147.0
FAN-001705,Ulsan HD,18_34,free_registered,True,False,1,0.9287937583588476,0,1.0,18763,92760.0,1.0,18763,111523.0
FAN-001706,FC Seoul,35_54,paid_membership,True,False,4,0.883467012307858,3,0.25,22692,0.0,0.0,90768,90768.0
FAN-001707,Jeju SK,55_Plus,season_ticket_full,True,False,17,0.6631600232726289,11,0.3529411764705882,0,310327.0,4.0,0,310327.0
FAN-001708,FC Seoul,18_34,season_ticket_full,True,True,16,0.8937447212245822,14,0.125,0,346985.0,4.0,0,346985.0
FAN-001709,Jeju SK,35_54,free_registered,True,True,2,0.9686610485699448,1,0.5,19130,0.0,0.0,38260,38260.0
FAN-001710,Jeju SK,55_Plus,paid_membership,True,False,5,0.9029734125555945,4,0.19999999999999996,23570,158906.0,2.0,117850,276756.0
FAN-001711,FC Seoul,Under_18,season_ticket_partial,True,False,9,0.9262339428446724,8,0.11111111111111116,0,110988.0,1.0,0,110988.0
FAN-001712,FC Seoul,18_34,free_registered,True,True,2,0.9850676120003937,1,0.5,23133,126050.0,1.0,46266,172316.0
FAN-001713,Jeonbuk Hyundai Motors,35_54,paid_membership,True,False,5,0.8584584560510308,4,0.19999999999999996,17457,0.0,0.0,87285,87285.0
FAN-001714,Ulsan HD,35_54,free_registered,False,True,1,0.9296963817675039,0,1.0,21490,0.0,0.0,21490,21490.0
FAN-001715,FC Seoul,35_54,free_registered,False,False,2,0.9404696306714465,1,0.5,17607,0.0,0.0,35214,35214.0
FAN-001716,Gangwon FC,18_34,free_registered,False,True,1,0.9413170842639191,0,1.0,17073,91627.0,1.0,17073,108700.0
FAN-001717,FC Seoul,Under_18,free_registered,True,True,1,0.9770034392356693,0,1.0,17522,117490.0,1.0,17522,135012.0
FAN-001718,Jeju SK,18_34,paid_membership,True,True,3,0.9050396264803043,2,0.33333333333333337,16535,69305.0,1.0,49605,118910.0
FAN-001719,Gangwon FC,18_34,free_registered,True,True,1,0.9475662819555302,0,1.0,22212,61785.0,1.0,22212,83997.0
FAN-001720,FC Seoul,18_34,free_registered,True,True,1,0.9322886180072045,0,1.0,19079,0.0,0.0,19079,19079.0
FAN-001721,FC Seoul,35_54,free_registered,True,True,2,0.9727264652256813,1,0.5,16760,123471.0,1.0,33520,156991.0
FAN-001722,FC Seoul,Under_18,season_ticket_partial,True,True,7,0.8976125427254671,6,0.1428571428571429,0,197212.0,3.0,0,197212.0
FAN-001723,Ulsan HD,35_54,free_registered,True,True,1,0.9114085078364916,0,1.0,24099,58556.0,1.0,24099,82655.0
FAN-001724,FC Seoul,18_34,paid_membership,False,False,3,0.8800553610638592,2,0.33333333333333337,19263,178926.0,2.0,57789,236715.0
FAN-001725,Jeju SK,35_54,paid_membership,True,True,3,0.8946910424691571,2,0.33333333333333337,17997,252751.0,2.0,53991,306742.0
FAN-001726,FC Seoul,Under_18,free_registered,False,True,2,0.9867605106052433,1,0.5,20005,122918.0,1.0,40010,162928.0
FAN-001727,Ulsan HD,18_34,free_registered,True,False,1,0.9514104940236658,0,1.0,16025,125142.0,1.0,16025,141167.0
FAN-001728,Gangwon FC,Under_18,paid_membership,True,False,2,0.8861617458430621,1,0.5,24698,138910.0,1.0,49396,188306.0
FAN-001729,Jeonbuk Hyundai Motors,55_Plus,free_registered,False,False,1,0.9554484010514012,0,1.0,16860,93042.0,1.0,16860,109902.0
FAN-001730,Jeju SK,35_54,free_registered,True,True,1,0.9144882262089404,0,1.0,20473,56514.0,1.0,20473,76987.0
FAN-001731,Ulsan HD,18_34,paid_membership,True,False,5,0.9938262008718206,4,0.19999999999999996,23683,105282.0,1.0,118415,223697.0
FAN-001732,Jeju SK,18_34,free_registered,True,False,2,0.9620013737696435,1,0.5,24151,18188.0,1.0,48302,66490.0
FAN-001733,Ulsan HD,55_Plus,free_registered,True,True,1,0.9592111441611963,0,1.0,20160,0.0,0.0,20160,20160.0
FAN-001734,Ulsan HD,18_34,free_registered,True,False,2,0.9210223857936977,1,0.5,19981,103342.0,1.0,39962,143304.0
FAN-001735,FC Seoul,18_34,free_registered,False,True,1,0.9850631597058965,0,1.0,18850,97668.0,1.0,18850,116518.0
FAN-001736,Jeonbuk Hyundai Motors,35_54,paid_membership,False,True,2,0.9158901566237078,1,0.5,16596,208270.0,2.0,33192,241462.0
FAN-001737,Ulsan HD,55_Plus,paid_membership,True,True,5,0.9081066965247795,4,0.19999999999999996,18019,172126.0,2.0,90095,262221.0
FAN-001738,FC Seoul,Under_18,paid_membership,True,False,3,0.9007367838421491,2,0.33333333333333337,22422,16428.0,1.0,67266,83694.0
FAN-001739,Ulsan HD,18_34,paid_membership,False,True,5,0.8751850491091299,4,0.19999999999999996,21907,0.0,0.0,109535,109535.0
FAN-001740,Ulsan HD,55_Plus,free_registered,True,True,1,0.9702306476938987,0,1.0,21977,122014.0,1.0,21977,143991.0
FAN-001741,Jeonbuk Hyundai Motors,18_34,free_registered,True,True,1,0.9904466839767223,0,1.0,16168,0.0,0.0,16168,16168.0
FAN-001742,Jeonbuk Hyundai Motors,Under_18,free_registered,False,True,1,0.9456248064040109,0,1.0,17923,0.0,0.0,17923,17923.0
FAN-001743,Jeonbuk Hyundai Motors,35_54,free_registered,False,True,2,0.9618427720682056,1,0.5,22506,132061.0,1.0,45012,177073.0
FAN-001744,FC Seoul,35_54,season_ticket_full,True,True,15,0.7982507668878085,11,0.2666666666666667,0,123648.0,3.0,0,123648.0
FAN-001745,Ulsan HD,18_34,season_ticket_partial,True,True,7,0.8900714736507013,6,0.1428571428571429,0,285819.0,3.0,0,285819.0
FAN-001746,Ulsan HD,55_Plus,free_registered,True,False,2,0.9437629295816098,1,0.5,19309,0.0,0.0,38618,38618.0
FAN-001747,FC Seoul,35_54,free_registered,False,True,1,0.9317031840713401,0,1.0,23625,90480.0,1.0,23625,114105.0
FAN-001748,FC Seoul,Under_18,free_registered,True,True,2,0.9629631310812499,1,0.5,23873,0.0,0.0,47746,47746.0
FAN-001749,Jeonbuk Hyundai Motors,55_Plus,free_registered,False,True,2,0.9280695709208667,1,0.5,24700,108073.0,1.0,49400,157473.0
FAN-001750,FC Seoul,18_34,free_registered,True,True,2,0.9857566916322824,1,0.5,20076,143477.0,1.0,40152,183629.0
FAN-001751,Ulsan HD,18_34,paid_membership,False,True,4,0.885269253686248,3,0.25,22984,109375.0,1.0,91936,201311.0
FAN-001752,FC Seoul,35_54,season_ticket_partial,True,True,5,0.7925983153295011,3,0.4,0,171091.0,2.0,0,171091.0
FAN-001753,FC Seoul,18_34,paid_membership,True,False,4,0.9037998208370372,3,0.25,16873,218758.0,2.0,67492,286250.0
FAN-001754,FC Seoul,Under_18,free_registered,True,True,2,0.908662630569107,1,0.5,19842,0.0,0.0,39684,39684.0
FAN-001755,Gangwon FC,Under_18,free_registered,True,True,2,0.9255889167284987,1,0.5,21823,0.0,0.0,43646,43646.0
FAN-001756,Jeonbuk Hyundai Motors,18_34,paid_membership,True,True,5,0.9020539709490607,4,0.19999999999999996,16181,99621.0,1.0,80905,180526.0
FAN-001757,Gangwon FC,35_54,season_ticket_partial,True,False,10,0.8517912317595473,8,0.19999999999999996,0,250251.0,3.0,0,250251.0
FAN-001758,Ulsan HD,35_54,season_ticket_partial,True,False,11,0.8892551676574614,9,0.18181818181818177,0,326396.0,3.0,0,326396.0
FAN-001759,FC Seoul,55_Plus,season_ticket_partial,True,True,6,0.9430442097980258,5,0.16666666666666663,0,279344.0,3.0,0,279344.0
FAN-001760,Ulsan HD,18_34,paid_membership,True,True,5,0.9941664183120427,4,0.19999999999999996,22405,0.0,0.0,112025,112025.0
FAN-001761,Ulsan HD,18_34,paid_membership,True,False,3,0.8922682679200357,2,0.33333333333333337,23356,0.0,0.0,70068,70068.0
FAN-001762,Jeonbuk Hyundai Motors,18_34,free_registered,False,True,1,0.9422493381988697,0,1.0,24058,62754.0,1.0,24058,86812.0
FAN-001763,FC Seoul,18_34,paid_membership,True,True,3,0.9756882534888018,2,0.33333333333333337,16825,207610.0,2.0,50475,258085.0
FAN-001764,Ulsan HD,18_34,free_registered,True,True,1,0.9279610770838675,0,1.0,21740,0.0,0.0,21740,21740.0
FAN-001765,FC Seoul,35_54,free_registered,False,True,1,0.9717727027642497,0,1.0,16095,0.0,0.0,16095,16095.0
FAN-001766,Ulsan HD,55_Plus,paid_membership,True,False,3,0.9221880968644172,2,0.33333333333333337,24590,33626.0,2.0,73770,107396.0
FAN-001767,Jeonbuk Hyundai Motors,55_Plus,free_registered,True,False,1,0.9856700597117278,0,1.0,17261,34899.0,1.0,17261,52160.0
FAN-001768,Ulsan HD,18_34,free_registered,True,False,2,0.9198969110465677,1,0.5,22023,131859.0,1.0,44046,175905.0
FAN-001769,Ulsan HD,35_54,free_registered,False,True,1,0.9279720001398472,0,1.0,23700,145509.0,1.0,23700,169209.0
FAN-001770,Ulsan HD,18_34,free_registered,True,True,2,0.9054447590306975,1,0.5,23980,0.0,0.0,47960,47960.0
FAN-001771,Ulsan HD,Under_18,free_registered,False,True,1,0.948329069775523,0,1.0,24920,139260.0,1.0,24920,164180.0
FAN-001772,Jeonbuk Hyundai Motors,35_54,free_registered,False,False,2,0.9405279352351997,1,0.5,21090,82021.0,1.0,42180,124201.0
FAN-001773,Jeonbuk Hyundai Motors,35_54,free_registered,True,False,1,0.954530375680532,0,1.0,17656,106061.0,1.0,17656,123717.0
FAN-001774,Gangwon FC,18_34,free_registered,True,True,1,0.9457877509166768,0,1.0,24999,84653.0,1.0,24999,109652.0
FAN-001775,Jeonbuk Hyundai Motors,18_34,season_ticket_full,True,True,16,0.6460995945498407,10,0.375,0,220180.0,2.0,0,220180.0
FAN-001776,Ulsan HD,18_34,free_registered,True,True,2,0.9669836361908096,1,0.5,21470,133309.0,1.0,42940,176249.0
FAN-001777,Jeju SK,35_54,free_registered,True,False,2,0.9428603148504372,1,0.5,24958,0.0,0.0,49916,49916.0
FAN-001778,Ulsan HD,18_34,paid_membership,False,True,2,0.9634218571234732,1,0.5,21130,135789.0,1.0,42260,178049.0
FAN-001779,FC Seoul,55_Plus,season_ticket_partial,True,True,5,0.836857111563851,4,0.19999999999999996,0,141258.0,1.0,0,141258.0
FAN-001780,Jeonbuk Hyundai Motors,Under_18,paid_membership,True,True,3,0.9390115524462247,2,0.33333333333333337,16381,169165.0,2.0,49143,218308.0
FAN-001781,FC Seoul,18_34,free_registered,True,True,1,0.9089358004410593,0,1.0,16294,0.0,0.0,16294,16294.0
FAN-001782,Gangwon FC,18_34,paid_membership,True,False,4,0.9180412547611475,3,0.25,16054,63040.0,1.0,64216,127256.0
FAN-001783,Ulsan HD,18_34,paid_membership,True,False,4,0.9519221164799836,3,0.25,21963,0.0,0.0,87852,87852.0
FAN-001784,Jeju SK,18_34,paid_membership,True,False,2,0.9354933642214301,1,0.5,24834,163817.0,2.0,49668,213485.0
FAN-001785,Jeju SK,35_54,paid_membership,True,False,5,0.9681355354788126,4,0.19999999999999996,21546,195008.0,2.0,107730,302738.0
FAN-001786,Jeonbuk Hyundai Motors,35_54,season_ticket_partial,True,True,10,0.904156038845386,9,0.09999999999999998,0,323399.0,3.0,0,323399.0
FAN-001787,Jeju SK,55_Plus,season_ticket_partial,True,True,9,0.7862611914096244,7,0.2222222222222222,0,82569.0,2.0,0,82569.0
FAN-001788,Jeju SK,35_54,paid_membership,True,True,2,0.9618948064786133,1,0.5,21370,46798.0,1.0,42740,89538.0
FAN-001789,FC Seoul,35_54,free_registered,False,False,2,0.9322260857416729,1,0.5,18343,81862.0,1.0,36686,118548.0
FAN-001790,Ulsan HD,35_54,paid_membership,False,True,2,0.9667147049580403,1,0.5,19906,43668.0,1.0,39812,83480.0
FAN-001791,FC Seoul,35_54,season_ticket_partial,True,False,6,0.7317588860001432,4,0.33333333333333337,0,98959.0,1.0,0,98959.0
FAN-001792,Jeonbuk Hyundai Motors,18_34,free_registered,True,True,1,0.9797313012799251,0,1.0,16898,0.0,0.0,16898,16898.0
FAN-001793,Ulsan HD,18_34,season_ticket_full,True,True,17,0.7905389713549591,13,0.23529411764705888,0,185203.0,2.0,0,185203.0
FAN-001794,Jeju SK,18_34,free_registered,True,False,2,0.9949177381577857,1,0.5,17512,0.0,0.0,35024,35024.0
FAN-001795,FC Seoul,18_34,free_registered,True,False,2,0.9285565953241316,1,0.5,17820,101002.0,1.0,35640,136642.0
FAN-001796,FC Seoul,18_34,season_ticket_partial,True,True,11,0.852975767879505,9,0.18181818181818177,0,333093.0,3.0,0,333093.0
FAN-001797,Jeonbuk Hyundai Motors,55_Plus,free_registered,True,True,2,0.9639914944596163,1,0.5,18815,0.0,0.0,37630,37630.0
FAN-001798,FC Seoul,18_34,free_registered,True,False,1,0.9113384177028843,0,1.0,18021,67940.0,1.0,18021,85961.0
FAN-001799,FC Seoul,Under_18,free_registered,True,False,1,0.9695749421349547,0,1.0,19250,67061.0,1.0,19250,86311.0
FAN-001800,FC Seoul,18_34,free_registered,False,True,2,0.95335789574693,1,0.5,21199,0.0,0.0,42398,42398.0
FAN-001801,Gangwon FC,Under_18,free_registered,True,True,2,0.9610905391207916,1,0.5,20192,0.0,0.0,40384,40384.0
FAN-001802,Jeonbuk Hyundai Motors,Under_18,free_registered,True,True,2,0.9446925401784476,1,0.5,16029,0.0,0.0,32058,32058.0
FAN-001803,Ulsan HD,18_34,free_registered,False,True,1,0.9804362584332528,0,1.0,16993,0.0,0.0,16993,16993.0
FAN-001804,FC Seoul,18_34,season_ticket_full,True,False,15,0.6357745230564713,9,0.4,0,168694.0,2.0,0,168694.0
FAN-001805,Ulsan HD,18_34,season_ticket_full,True,True,17,0.7981196352267569,13,0.23529411764705888,0,343309.0,4.0,0,343309.0
FAN-001806,Jeonbuk Hyundai Motors,35_54,free_registered,False,True,1,0.9752725299918064,0,1.0,21185,144001.0,1.0,21185,165186.0
FAN-001807,Jeju SK,35_54,paid_membership,True,True,4,0.9144565246176675,3,0.25,22879,0.0,0.0,91516,91516.0
FAN-001808,FC Seoul,18_34,free_registered,False,True,1,0.9037274721151565,0,1.0,20948,0.0,0.0,20948,20948.0
FAN-001809,FC Seoul,18_34,free_registered,True,True,2,0.9394843976341039,1,0.5,21904,75913.0,1.0,43808,119721.0
FAN-001810,FC Seoul,18_34,free_registered,True,True,1,0.9401727262869645,0,1.0,23437,53412.0,1.0,23437,76849.0
FAN-001811,Jeju SK,35_54,season_ticket_full,True,True,15,0.728372093814919,10,0.33333333333333337,0,230383.0,4.0,0,230383.0
FAN-001812,Jeonbuk Hyundai Motors,Under_18,season_ticket_full,True,True,18,0.6466333318815578,11,0.38888888888888884,0,383539.0,4.0,0,383539.0
FAN-001813,FC Seoul,Under_18,free_registered,False,True,2,0.9452535207920283,1,0.5,22831,0.0,0.0,45662,45662.0
FAN-001814,FC Seoul,35_54,free_registered,True,True,1,0.9054406806932939,0,1.0,18361,68579.0,1.0,18361,86940.0
FAN-001815,FC Seoul,18_34,free_registered,True,False,1,0.9881439807408615,0,1.0,21574,102263.0,1.0,21574,123837.0
FAN-001816,Gangwon FC,Under_18,paid_membership,True,True,2,0.8868200875437727,1,0.5,16156,0.0,0.0,32312,32312.0
FAN-001817,FC Seoul,18_34,paid_membership,True,True,2,0.9645893655247527,1,0.5,18952,167151.0,2.0,37904,205055.0
FAN-001818,Jeonbuk Hyundai Motors,55_Plus,free_registered,True,True,1,0.9677236873546343,0,1.0,17230,0.0,0.0,17230,17230.0
FAN-001819,Jeju SK,35_54,paid_membership,True,False,2,0.8584523584907067,1,0.5,23579,0.0,0.0,47158,47158.0
FAN-001820,Ulsan HD,35_54,free_registered,False,False,2,0.9712706831733453,1,0.5,17189,43972.0,1.0,34378,78350.0
FAN-001821,FC Seoul,18_34,season_ticket_full,True,True,15,0.6662442922521037,9,0.4,0,136233.0,2.0,0,136233.0
FAN-001822,FC Seoul,18_34,paid_membership,True,False,5,0.9059961512545075,4,0.19999999999999996,20600,161305.0,2.0,103000,264305.0
FAN-001823,Jeju SK,55_Plus,free_registered,True,True,2,0.9667927920046143,1,0.5,16543,0.0,0.0,33086,33086.0
FAN-001824,Jeonbuk Hyundai Motors,55_Plus,paid_membership,True,True,3,0.8671544475601823,2,0.33333333333333337,17575,206326.0,2.0,52725,259051.0
FAN-001825,Jeju SK,18_34,season_ticket_partial,True,True,7,0.8742096815213631,6,0.1428571428571429,0,143242.0,1.0,0,143242.0
FAN-001826,Ulsan HD,35_54,free_registered,True,True,1,0.9462860231079409,0,1.0,21864,141505.0,1.0,21864,163369.0
FAN-001827,FC Seoul,18_34,free_registered,True,True,1,0.9259308426629568,0,1.0,24483,0.0,0.0,24483,24483.0
FAN-001828,Gangwon FC,18_34,season_ticket_full,True,False,18,0.8892643718311932,16,0.11111111111111116,0,180980.0,4.0,0,180980.0
FAN-001829,Jeonbuk Hyundai Motors,35_54,free_registered,True,False,1,0.9346647411593259,0,1.0,16612,0.0,0.0,16612,16612.0
FAN-001830,FC Seoul,18_34,free_registered,True,True,1,0.9612955368864642,0,1.0,18640,0.0,0.0,18640,18640.0
FAN-001831,Gangwon FC,55_Plus,free_registered,True,True,2,0.9115348674550483,1,0.5,23288,0.0,0.0,46576,46576.0
FAN-001832,Jeju SK,Under_18,season_ticket_partial,True,True,7,0.7236854688967014,5,0.2857142857142857,0,187938.0,2.0,0,187938.0
FAN-001833,Jeju SK,18_34,paid_membership,True,True,3,0.9398259963411155,2,0.33333333333333337,24922,126872.0,1.0,74766,201638.0
FAN-001834,Jeonbuk Hyundai Motors,55_Plus,season_ticket_partial,True,False,10,0.9486535152000011,9,0.09999999999999998,0,132990.0,1.0,0,132990.0
FAN-001835,Jeonbuk Hyundai Motors,55_Plus,paid_membership,True,False,3,0.9020207432536524,2,0.33333333333333337,24409,0.0,0.0,73227,73227.0
FAN-001836,Jeju SK,18_34,free_registered,True,False,2,0.9899489935098722,1,0.5,23506,0.0,0.0,47012,47012.0
FAN-001837,FC Seoul,18_34,paid_membership,True,False,5,0.9224821498922569,4,0.19999999999999996,17770,266550.0,2.0,88850,355400.0
FAN-001838,Ulsan HD,35_54,paid_membership,True,True,3,0.9017269110732284,2,0.33333333333333337,21696,0.0,0.0,65088,65088.0
FAN-001839,Gangwon FC,18_34,free_registered,True,True,2,0.926606494612365,1,0.5,24437,21634.0,1.0,48874,70508.0
FAN-001840,FC Seoul,55_Plus,free_registered,False,True,2,0.946999302766013,1,0.5,16403,124291.0,1.0,32806,157097.0
FAN-001841,Ulsan HD,55_Plus,free_registered,False,True,1,0.9455643118163439,0,1.0,22112,56594.0,1.0,22112,78706.0
FAN-001842,Ulsan HD,18_34,paid_membership,False,False,2,0.918593428974704,1,0.5,18080,86227.0,1.0,36160,122387.0
FAN-001843,Ulsan HD,Under_18,season_ticket_partial,True,True,8,0.7558956769341532,6,0.25,0,41767.0,1.0,0,41767.0
FAN-001844,Jeju SK,Under_18,paid_membership,True,True,4,0.9959877106684284,3,0.25,22442,38577.0,1.0,89768,128345.0
FAN-001845,Gangwon FC,55_Plus,season_ticket_full,True,False,17,0.8200389003180842,13,0.23529411764705888,0,156258.0,3.0,0,156258.0
FAN-001846,FC Seoul,18_34,free_registered,True,False,1,0.9571126797640358,0,1.0,19912,0.0,0.0,19912,19912.0
FAN-001847,FC Seoul,18_34,season_ticket_partial,True,True,11,0.8590838559908069,9,0.18181818181818177,0,216321.0,2.0,0,216321.0
FAN-001848,FC Seoul,18_34,season_ticket_partial,True,False,11,0.7740878265025214,8,0.2727272727272727,0,171594.0,2.0,0,171594.0
FAN-001849,Jeonbuk Hyundai Motors,35_54,free_registered,True,True,2,0.9539644064713344,1,0.5,23715,0.0,0.0,47430,47430.0
FAN-001850,Jeju SK,Under_18,season_ticket_full,True,True,18,0.7392032932387338,13,0.2777777777777778,0,516526.0,4.0,0,516526.0
FAN-001851,FC Seoul,18_34,free_registered,False,True,1,0.9492234098450492,0,1.0,17909,35833.0,1.0,17909,53742.0
FAN-001852,Jeonbuk Hyundai Motors,55_Plus,season_ticket_partial,True,True,8,0.8052418901032445,6,0.25,0,97062.0,1.0,0,97062.0
FAN-001853,Jeonbuk Hyundai Motors,55_Plus,season_ticket_partial,True,False,6,0.9310472815047537,5,0.16666666666666663,0,301347.0,3.0,0,301347.0
FAN-001854,Jeonbuk Hyundai Motors,35_54,paid_membership,False,True,5,0.907641610412943,4,0.19999999999999996,22539,0.0,0.0,112695,112695.0
FAN-001855,Gangwon FC,Under_18,paid_membership,True,False,3,0.9978262975090535,2,0.33333333333333337,19676,73700.0,1.0,59028,132728.0
FAN-001856,FC Seoul,18_34,free_registered,False,False,1,0.9723344081463727,0,1.0,19968,0.0,0.0,19968,19968.0
FAN-001857,Jeonbuk Hyundai Motors,35_54,paid_membership,True,True,2,0.9748259749669788,1,0.5,23951,48111.0,1.0,47902,96013.0
FAN-001858,Ulsan HD,18_34,free_registered,True,False,2,0.9771625195979808,1,0.5,19059,32763.0,1.0,38118,70881.0
FAN-001859,Jeonbuk Hyundai Motors,55_Plus,paid_membership,False,True,5,0.9726177719010753,4,0.19999999999999996,18353,47207.0,1.0,91765,138972.0
FAN-001860,Jeonbuk Hyundai Motors,35_54,paid_membership,True,True,2,0.8743250317399948,1,0.5,22998,146667.0,2.0,45996,192663.0
FAN-001861,Jeonbuk Hyundai Motors,Under_18,season_ticket_partial,True,False,11,0.9276098292869397,10,0.09090909090909094,0,206308.0,2.0,0,206308.0
FAN-001862,Jeju SK,55_Plus,free_registered,True,False,1,0.9704497185098477,0,1.0,20027,55442.0,1.0,20027,75469.0
FAN-001863,FC Seoul,55_Plus,season_ticket_partial,True,True,9,0.8254547671539745,7,0.2222222222222222,0,229168.0,3.0,0,229168.0
FAN-001864,Ulsan HD,Under_18,season_ticket_full,True,False,16,0.8964268212322672,14,0.125,0,283942.0,4.0,0,283942.0
FAN-001865,Gangwon FC,18_34,paid_membership,True,True,2,0.9642253084528112,1,0.5,17617,170081.0,2.0,35234,205315.0
FAN-001866,Gangwon FC,18_34,free_registered,True,False,2,0.9340153547251073,1,0.5,24340,0.0,0.0,48680,48680.0
FAN-001867,FC Seoul,18_34,free_registered,False,True,2,0.9878222446796427,1,0.5,18118,0.0,0.0,36236,36236.0
FAN-001868,FC Seoul,18_34,free_registered,True,True,2,0.9323544887288246,1,0.5,18368,0.0,0.0,36736,36736.0
FAN-001869,FC Seoul,35_54,paid_membership,True,True,5,0.9908163326929177,4,0.19999999999999996,21722,106013.0,1.0,108610,214623.0
FAN-001870,Jeonbuk Hyundai Motors,55_Plus,paid_membership,True,True,2,0.9648961988984464,1,0.5,18491,186169.0,2.0,36982,223151.0
FAN-001871,Jeonbuk Hyundai Motors,18_34,season_ticket_full,True,True,16,0.7130677252437636,11,0.3125,0,469520.0,4.0,0,469520.0
FAN-001872,FC Seoul,Under_18,free_registered,False,False,1,0.9311892526402171,0,1.0,21479,108603.0,1.0,21479,130082.0
FAN-001873,Ulsan HD,35_54,free_registered,True,True,2,0.9774467375576978,1,0.5,16457,0.0,0.0,32914,32914.0
FAN-001874,Jeonbuk Hyundai Motors,18_34,paid_membership,False,True,4,0.9068952007573988,3,0.25,17875,80344.0,2.0,71500,151844.0
FAN-001875,Jeonbuk Hyundai Motors,35_54,season_ticket_partial,True,True,10,0.7288018846517955,7,0.30000000000000004,0,362050.0,3.0,0,362050.0
FAN-001876,Ulsan HD,18_34,season_ticket_full,True,True,17,0.7474633151613022,12,0.2941176470588235,0,378804.0,4.0,0,378804.0
FAN-001877,Jeju SK,18_34,season_ticket_partial,True,False,11,0.751431209053846,8,0.2727272727272727,0,202806.0,3.0,0,202806.0
FAN-001878,Ulsan HD,18_34,free_registered,True,False,1,0.9475775007648164,0,1.0,17219,0.0,0.0,17219,17219.0
FAN-001879,FC Seoul,35_54,paid_membership,True,False,5,0.9772720209274612,4,0.19999999999999996,23327,255792.0,2.0,116635,372427.0
FAN-001880,Jeju SK,18_34,season_ticket_partial,True,True,8,0.8416960736724148,6,0.25,0,235542.0,2.0,0,235542.0
FAN-001881,Jeju SK,35_54,free_registered,True,True,2,0.9341132577998368,1,0.5,23847,125324.0,1.0,47694,173018.0
FAN-001882,Jeonbuk Hyundai Motors,18_34,free_registered,False,True,2,0.9901637289525158,1,0.5,22288,0.0,0.0,44576,44576.0
FAN-001883,Jeju SK,18_34,free_registered,True,False,2,0.9910799780754111,1,0.5,17094,26430.0,1.0,34188,60618.0
FAN-001884,Jeonbuk Hyundai Motors,18_34,free_registered,True,False,1,0.928517557743382,0,1.0,23866,100688.0,1.0,23866,124554.0
FAN-001885,FC Seoul,55_Plus,paid_membership,True,True,2,0.9161301423903097,1,0.5,18714,0.0,0.0,37428,37428.0
FAN-001886,Ulsan HD,55_Plus,free_registered,True,True,2,0.99290149402716,1,0.5,23566,0.0,0.0,47132,47132.0
FAN-001887,FC Seoul,18_34,free_registered,False,False,1,0.9300404053251815,0,1.0,19773,137871.0,1.0,19773,157644.0
FAN-001888,FC Seoul,18_34,free_registered,True,False,2,0.91201193831531,1,0.5,24965,131237.0,1.0,49930,181167.0
FAN-001889,Jeonbuk Hyundai Motors,Under_18,paid_membership,True,False,2,0.9136143935418567,1,0.5,23145,0.0,0.0,46290,46290.0
FAN-001890,Gangwon FC,18_34,free_registered,True,True,2,0.9281999024407588,1,0.5,20375,0.0,0.0,40750,40750.0
FAN-001891,FC Seoul,18_34,paid_membership,True,False,3,0.93177369342153,2,0.33333333333333337,22276,0.0,0.0,66828,66828.0
FAN-001892,Ulsan HD,55_Plus,free_registered,True,True,1,0.9983739191193307,0,1.0,22229,68187.0,1.0,22229,90416.0
FAN-001893,Jeonbuk Hyundai Motors,55_Plus,free_registered,True,False,2,0.929377077450204,1,0.5,17204,98608.0,1.0,34408,133016.0
FAN-001894,FC Seoul,18_34,free_registered,False,False,1,0.9272379463028249,0,1.0,17529,0.0,0.0,17529,17529.0
FAN-001895,Jeju SK,18_34,free_registered,True,False,2,0.9419930525808501,1,0.5,24801,75014.0,1.0,49602,124616.0
FAN-001896,Jeonbuk Hyundai Motors,35_54,free_registered,True,False,2,0.9414821741825328,1,0.5,20573,47159.0,1.0,41146,88305.0
FAN-001897,Jeju SK,35_54,free_registered,True,True,1,0.9433827553300467,0,1.0,17746,0.0,0.0,17746,17746.0
FAN-001898,FC Seoul,Under_18,season_ticket_partial,True,True,11,0.8244657035416383,9,0.18181818181818177,0,54466.0,1.0,0,54466.0
FAN-001899,Ulsan HD,18_34,paid_membership,False,True,2,0.8800543668304973,1,0.5,18432,50796.0,1.0,36864,87660.0
FAN-001900,Jeonbuk Hyundai Motors,18_34,free_registered,False,True,2,0.9941645045714086,1,0.5,23848,0.0,0.0,47696,47696.0
FAN-001901,Jeju SK,18_34,free_registered,True,True,2,0.9665920480316342,1,0.5,19193,117714.0,1.0,38386,156100.0
FAN-001902,FC Seoul,18_34,season_ticket_full,True,True,16,0.7806453627215666,12,0.25,0,530405.0,5.0,0,530405.0
FAN-001903,Jeonbuk Hyundai Motors,Under_18,paid_membership,True,False,5,0.9777875417537675,4,0.19999999999999996,17959,0.0,0.0,89795,89795.0
FAN-001904,FC Seoul,35_54,free_registered,True,True,2,0.9329125598135309,1,0.5,21181,96770.0,1.0,42362,139132.0
FAN-001905,Jeonbuk Hyundai Motors,18_34,paid_membership,True,False,2,0.8890712273268254,1,0.5,21467,271401.0,2.0,42934,314335.0
FAN-001906,FC Seoul,Under_18,paid_membership,False,False,3,0.8614472117187528,2,0.33333333333333337,19594,116736.0,1.0,58782,175518.0
FAN-001907,Gangwon FC,18_34,paid_membership,True,True,3,0.8603890714495379,2,0.33333333333333337,16239,147371.0,2.0,48717,196088.0
FAN-001908,Ulsan HD,35_54,free_registered,True,True,2,0.9551253488566682,1,0.5,16819,138015.0,1.0,33638,171653.0
FAN-001909,Ulsan HD,35_54,free_registered,False,True,2,0.9752728309089601,1,0.5,20950,146425.0,1.0,41900,188325.0
FAN-001910,FC Seoul,18_34,free_registered,True,False,2,0.95535341035572,1,0.5,24239,145556.0,1.0,48478,194034.0
FAN-001911,Ulsan HD,18_34,season_ticket_full,True,True,17,0.8834681213797955,15,0.11764705882352944,0,65781.0,2.0,0,65781.0
FAN-001912,Jeonbuk Hyundai Motors,55_Plus,paid_membership,True,True,4,0.8993950503478069,3,0.25,20582,75219.0,2.0,82328,157547.0
FAN-001913,Gangwon FC,18_34,free_registered,False,False,1,0.9867157758539323,0,1.0,19007,52382.0,1.0,19007,71389.0
FAN-001914,Ulsan HD,18_34,season_ticket_partial,True,True,8,0.9424176179214313,7,0.125,0,28828.0,1.0,0,28828.0
FAN-001915,Ulsan HD,18_34,season_ticket_partial,True,False,7,0.8827017003713655,6,0.1428571428571429,0,136263.0,1.0,0,136263.0
FAN-001916,Jeonbuk Hyundai Motors,18_34,season_ticket_full,True,True,17,0.8329421315198605,14,0.17647058823529416,0,430996.0,4.0,0,430996.0
FAN-001917,Jeonbuk Hyundai Motors,18_34,season_ticket_partial,True,False,10,0.8407926132694834,8,0.19999999999999996,0,210521.0,2.0,0,210521.0
FAN-001918,Jeju SK,55_Plus,season_ticket_full,True,False,17,0.6024346957301071,10,0.4117647058823529,0,527619.0,4.0,0,527619.0
FAN-001919,Ulsan HD,35_54,free_registered,False,False,2,0.9456325431976365,1,0.5,16034,37952.0,1.0,32068,70020.0
FAN-001920,Ulsan HD,18_34,season_ticket_partial,True,True,6,0.8386668085255582,5,0.16666666666666663,0,193486.0,2.0,0,193486.0
FAN-001921,Jeju SK,55_Plus,season_ticket_partial,True,True,9,0.8465475237536281,7,0.2222222222222222,0,202478.0,2.0,0,202478.0
FAN-001922,FC Seoul,Under_18,free_registered,True,False,2,0.9774344083068208,1,0.5,18912,0.0,0.0,37824,37824.0
FAN-001923,Jeju SK,18_34,free_registered,True,True,2,0.9748820393432375,1,0.5,17544,33409.0,1.0,35088,68497.0
FAN-001924,Ulsan HD,35_54,season_ticket_full,True,True,16,0.6222734624912815,9,0.4375,0,302472.0,3.0,0,302472.0
FAN-001925,Jeonbuk Hyundai Motors,35_54,free_registered,True,False,2,0.9191854744115115,1,0.5,21897,80326.0,1.0,43794,124120.0
FAN-001926,FC Seoul,Under_18,season_ticket_partial,True,True,7,0.7427318116745579,5,0.2857142857142857,0,37072.0,1.0,0,37072.0
FAN-001927,Jeju SK,18_34,free_registered,True,True,1,0.9706738172333891,0,1.0,21612,104491.0,1.0,21612,126103.0
FAN-001928,Ulsan HD,35_54,free_registered,True,False,2,0.9261289536994568,1,0.5,16904,0.0,0.0,33808,33808.0
FAN-001929,Jeju SK,35_54,free_registered,True,True,1,0.9440454519305831,0,1.0,17589,115722.0,1.0,17589,133311.0
FAN-001930,FC Seoul,35_54,free_registered,False,True,1,0.91079056083782,0,1.0,24343,15199.0,1.0,24343,39542.0
FAN-001931,Jeju SK,18_34,paid_membership,True,False,3,0.9764716132352542,2,0.33333333333333337,23229,83595.0,2.0,69687,153282.0
FAN-001932,Jeju SK,Under_18,paid_membership,True,False,5,0.8772170795874198,4,0.19999999999999996,23551,259319.0,2.0,117755,377074.0
FAN-001933,Jeju SK,18_34,free_registered,True,True,1,0.9084833191340164,0,1.0,22970,88732.0,1.0,22970,111702.0
FAN-001934,Jeju SK,Under_18,free_registered,True,False,2,0.9274560409966154,1,0.5,21431,147020.0,1.0,42862,189882.0
FAN-001935,Jeju SK,55_Plus,free_registered,True,False,2,0.9568192626014397,1,0.5,24251,112169.0,1.0,48502,160671.0
FAN-001936,Jeonbuk Hyundai Motors,18_34,free_registered,True,True,1,0.9744768779981905,0,1.0,24160,0.0,0.0,24160,24160.0
FAN-001937,FC Seoul,18_34,paid_membership,True,True,5,0.890230488036247,4,0.19999999999999996,19738,69277.0,1.0,98690,167967.0
FAN-001938,Jeonbuk Hyundai Motors,35_54,free_registered,True,True,2,0.9600616782771612,1,0.5,19691,0.0,0.0,39382,39382.0
FAN-001939,Ulsan HD,18_34,free_registered,False,False,2,0.936318645068599,1,0.5,19371,81974.0,1.0,38742,120716.0
FAN-001940,FC Seoul,18_34,free_registered,True,False,2,0.9226641298133942,1,0.5,23736,0.0,0.0,47472,47472.0
FAN-001941,FC Seoul,35_54,free_registered,True,True,2,0.9031857761708403,1,0.5,18007,64153.0,1.0,36014,100167.0
FAN-001942,Ulsan HD,35_54,free_registered,True,False,1,0.9325937212583082,0,1.0,24138,19857.0,1.0,24138,43995.0
FAN-001943,Jeonbuk Hyundai Motors,35_54,free_registered,True,False,2,0.9789678199844362,1,0.5,21980,0.0,0.0,43960,43960.0
FAN-001944,Jeonbuk Hyundai Motors,Under_18,season_ticket_partial,True,True,10,0.7211368019147748,7,0.30000000000000004,0,126509.0,2.0,0,126509.0
FAN-001945,Jeonbuk Hyundai Motors,35_54,season_ticket_full,True,False,19,0.889492949894648,16,0.1578947368421053,0,257524.0,3.0,0,257524.0
FAN-001946,Ulsan HD,35_54,season_ticket_partial,True,True,8,0.8503162274046974,6,0.25,0,208136.0,3.0,0,208136.0
FAN-001947,Ulsan HD,Under_18,free_registered,False,False,1,0.9843254266303844,0,1.0,21961,0.0,0.0,21961,21961.0
FAN-001948,FC Seoul,18_34,free_registered,False,True,2,0.9150354400080307,1,0.5,19806,93042.0,1.0,39612,132654.0
FAN-001949,Ulsan HD,35_54,paid_membership,True,False,3,0.8564794038435609,2,0.33333333333333337,21826,0.0,0.0,65478,65478.0
FAN-001950,Ulsan HD,Under_18,paid_membership,True,False,4,0.979006421178235,3,0.25,17716,144916.0,1.0,70864,215780.0
FAN-001951,FC Seoul,35_54,season_ticket_full,True,True,17,0.8162006616262119,13,0.23529411764705888,0,326087.0,4.0,0,326087.0
FAN-001952,FC Seoul,18_34,free_registered,True,False,1,0.9240422137347778,0,1.0,22503,50496.0,1.0,22503,72999.0
FAN-001953,Jeju SK,18_34,free_registered,True,False,1,0.9486157007217504,0,1.0,21530,0.0,0.0,21530,21530.0
FAN-001954,Jeonbuk Hyundai Motors,Under_18,paid_membership,False,False,4,0.881800389498816,3,0.25,23216,147529.0,2.0,92864,240393.0
FAN-001955,Gangwon FC,35_54,season_ticket_partial,True,True,9,0.8067825062738949,7,0.2222222222222222,0,67339.0,1.0,0,67339.0
FAN-001956,Gangwon FC,18_34,season_ticket_partial,True,True,5,0.7277912664700245,3,0.4,0,37394.0,1.0,0,37394.0
FAN-001957,Jeju SK,18_34,paid_membership,True,False,4,0.8641346244590529,3,0.25,16738,181667.0,2.0,66952,248619.0
FAN-001958,Ulsan HD,35_54,season_ticket_full,True,False,15,0.6565723984771749,9,0.4,0,269582.0,3.0,0,269582.0
FAN-001959,Jeju SK,35_54,paid_membership,False,False,5,0.8671677120906329,4,0.19999999999999996,18440,0.0,0.0,92200,92200.0
FAN-001960,Jeonbuk Hyundai Motors,55_Plus,season_ticket_partial,True,False,6,0.8009075909463418,4,0.33333333333333337,0,265490.0,3.0,0,265490.0
FAN-001961,FC Seoul,18_34,season_ticket_full,True,True,17,0.75841407808418,12,0.2941176470588235,0,285983.0,3.0,0,285983.0
FAN-001962,Ulsan HD,18_34,season_ticket_partial,True,True,6,0.8875295566036672,5,0.16666666666666663,0,193137.0,3.0,0,193137.0
FAN-001963,Jeonbuk Hyundai Motors,55_Plus,free_registered,True,True,1,0.985015291420834,0,1.0,18475,96670.0,1.0,18475,115145.0
FAN-001964,Ulsan HD,35_54,free_registered,True,False,2,0.901215340575972,1,0.5,16315,0.0,0.0,32630,32630.0
FAN-001965,Jeju SK,18_34,paid_membership,False,False,2,0.8504798877042279,1,0.5,16476,72991.0,1.0,32952,105943.0
FAN-001966,Jeju SK,Under_18,free_registered,True,False,2,0.9264768326323575,1,0.5,22270,41966.0,1.0,44540,86506.0
FAN-001967,FC Seoul,35_54,season_ticket_partial,True,True,10,0.8573503524842389,8,0.19999999999999996,0,145439.0,2.0,0,145439.0
FAN-001968,Ulsan HD,18_34,free_registered,True,False,1,0.9009629303139859,0,1.0,18472,64755.0,1.0,18472,83227.0
FAN-001969,Ulsan HD,35_54,free_registered,True,False,1,0.9731492691074397,0,1.0,24072,0.0,0.0,24072,24072.0
FAN-001970,FC Seoul,18_34,paid_membership,True,False,4,0.9616223794915365,3,0.25,23040,135157.0,1.0,92160,227317.0
FAN-001971,FC Seoul,18_34,free_registered,True,True,1,0.9845800101942984,0,1.0,18186,59713.0,1.0,18186,77899.0
FAN-001972,Jeonbuk Hyundai Motors,35_54,free_registered,False,False,1,0.9555520002264865,0,1.0,20227,67436.0,1.0,20227,87663.0
FAN-001973,FC Seoul,Under_18,free_registered,True,False,2,0.983465681278998,1,0.5,22304,55390.0,1.0,44608,99998.0
FAN-001974,Ulsan HD,18_34,paid_membership,False,False,5,0.955608662631534,4,0.19999999999999996,24748,0.0,0.0,123740,123740.0
FAN-001975,FC Seoul,18_34,free_registered,True,False,2,0.9745869703442922,1,0.5,19475,32853.0,1.0,38950,71803.0
FAN-001976,Gangwon FC,18_34,season_ticket_partial,True,False,11,0.8230493722861109,9,0.18181818181818177,0,230202.0,3.0,0,230202.0
FAN-001977,FC Seoul,35_54,free_registered,True,True,2,0.9246659020832587,1,0.5,22995,0.0,0.0,45990,45990.0
FAN-001978,Ulsan HD,35_54,season_ticket_partial,True,True,5,0.7258922471749408,3,0.4,0,243810.0,3.0,0,243810.0
FAN-001979,Jeonbuk Hyundai Motors,35_54,free_registered,True,False,2,0.9873863318256415,1,0.5,17330,0.0,0.0,34660,34660.0
FAN-001980,Jeonbuk Hyundai Motors,Under_18,free_registered,True,True,1,0.9878876481657726,0,1.0,23823,0.0,0.0,23823,23823.0
FAN-001981,FC Seoul,18_34,free_registered,False,True,2,0.9384707646505462,1,0.5,22879,0.0,0.0,45758,45758.0
FAN-001982,Jeonbuk Hyundai Motors,18_34,free_registered,True,True,2,0.9324894102087383,1,0.5,20273,67517.0,1.0,40546,108063.0
FAN-001983,Ulsan HD,55_Plus,paid_membership,False,True,2,0.9529488688012783,1,0.5,19575,90754.0,1.0,39150,129904.0
FAN-001984,Ulsan HD,35_54,free_registered,False,False,2,0.9778494352126721,1,0.5,19369,60000.0,1.0,38738,98738.0
FAN-001985,FC Seoul,35_54,free_registered,True,True,1,0.9035468871716795,0,1.0,19681,108721.0,1.0,19681,128402.0
FAN-001986,FC Seoul,18_34,paid_membership,True,False,4,0.937740686517657,3,0.25,19258,140267.0,1.0,77032,217299.0
FAN-001987,Jeonbuk Hyundai Motors,18_34,free_registered,True,False,1,0.9778731996446012,0,1.0,16950,117142.0,1.0,16950,134092.0
FAN-001988,Ulsan HD,18_34,free_registered,True,True,1,0.9436799252726933,0,1.0,18935,0.0,0.0,18935,18935.0
FAN-001989,Ulsan HD,18_34,paid_membership,False,True,4,0.9385286369457148,3,0.25,21203,91946.0,2.0,84812,176758.0
FAN-001990,Jeonbuk Hyundai Motors,Under_18,season_ticket_full,True,False,16,0.775671052044383,12,0.25,0,233057.0,3.0,0,233057.0
FAN-001991,Jeonbuk Hyundai Motors,55_Plus,free_registered,True,False,2,0.9756802586783415,1,0.5,18687,0.0,0.0,37374,37374.0
FAN-001992,FC Seoul,18_34,free_registered,True,True,1,0.9809717830350024,0,1.0,18698,0.0,0.0,18698,18698.0
FAN-001993,Jeju SK,18_34,season_ticket_full,True,True,19,0.8090219862013334,15,0.21052631578947367,0,193054.0,3.0,0,193054.0
FAN-001994,FC Seoul,Under_18,free_registered,True,True,1,0.9157772420445597,0,1.0,20642,112987.0,1.0,20642,133629.0
FAN-001995,Jeonbuk Hyundai Motors,55_Plus,season_ticket_full,True,True,17,0.8866034939939165,15,0.11764705882352944,0,473576.0,4.0,0,473576.0
FAN-001996,Jeju SK,35_54,free_registered,True,True,2,0.996328848940511,1,0.5,19716,0.0,0.0,39432,39432.0
FAN-001997,Gangwon FC,35_54,season_ticket_partial,True,False,8,0.8600586966855511,6,0.25,0,165613.0,2.0,0,165613.0
FAN-001998,FC Seoul,55_Plus,free_registered,True,False,2,0.9419270921426789,1,0.5,18829,0.0,0.0,37658,37658.0
FAN-001999,FC Seoul,18_34,season_ticket_full,True,False,18,0.8812060321082111,15,0.16666666666666663,0,325025.0,4.0,0,325025.0
FAN-002000,FC Seoul,35_54,free_registered,True,True,2,0.9075973395803743,1,0.5,16971,45781.0,1.0,33942,79723.0
FAN-002001,FC Seoul,Under_18,paid_membership,False,False,5,0.8741882235225269,4,0.19999999999999996,17986,77468.0,2.0,89930,167398.0
FAN-002002,FC Seoul,18_34,free_registered,True,True,2,0.9274212669198985,1,0.5,24365,0.0,0.0,48730,48730.0
FAN-002003,Gangwon FC,35_54,free_registered,False,True,1,0.9267327373443656,0,1.0,16579,0.0,0.0,16579,16579.0
FAN-002004,FC Seoul,35_54,paid_membership,True,False,5,0.9883467039873112,4,0.19999999999999996,21688,0.0,0.0,108440,108440.0
FAN-002005,FC Seoul,18_34,paid_membership,False,False,4,0.8631436710405258,3,0.25,22695,0.0,0.0,90780,90780.0
FAN-002006,Jeonbuk Hyundai Motors,18_34,season_ticket_full,True,True,18,0.7786472798343749,14,0.2222222222222222,0,188440.0,3.0,0,188440.0
FAN-002007,Ulsan HD,18_34,free_registered,True,False,2,0.9908851617897414,1,0.5,21519,0.0,0.0,43038,43038.0
FAN-002008,Jeonbuk Hyundai Motors,Under_18,season_ticket_partial,True,False,11,0.8891276502502693,9,0.18181818181818177,0,140624.0,2.0,0,140624.0
FAN-002009,FC Seoul,18_34,free_registered,False,True,2,0.9943553411075895,1,0.5,18326,59501.0,1.0,36652,96153.0
FAN-002010,Ulsan HD,18_34,season_ticket_full,True,False,18,0.7687253628550712,13,0.2777777777777778,0,234911.0,2.0,0,234911.0
FAN-002011,FC Seoul,18_34,season_ticket_full,True,False,19,0.8082451830533648,15,0.21052631578947367,0,243053.0,4.0,0,243053.0
FAN-002012,FC Seoul,35_54,free_registered,False,False,2,0.9431786600825294,1,0.5,20605,0.0,0.0,41210,41210.0
FAN-002013,Gangwon FC,18_34,season_ticket_partial,True,True,5,0.7051629640984818,3,0.4,0,241557.0,2.0,0,241557.0
FAN-002014,FC Seoul,18_34,season_ticket_partial,True,True,7,0.7107960591142498,4,0.4285714285714286,0,82250.0,1.0,0,82250.0
FAN-002015,Ulsan HD,18_34,free_registered,True,True,2,0.9475353222788582,1,0.5,23134,52550.0,1.0,46268,98818.0
FAN-002016,Ulsan HD,35_54,paid_membership,False,True,4,0.9281964177821719,3,0.25,19122,132879.0,2.0,76488,209367.0
FAN-002017,Ulsan HD,18_34,free_registered,True,False,2,0.9809994468291212,1,0.5,24960,148166.0,1.0,49920,198086.0
FAN-002018,Jeonbuk Hyundai Motors,Under_18,season_ticket_partial,True,True,6,0.8556445115338867,5,0.16666666666666663,0,209590.0,3.0,0,209590.0
FAN-002019,FC Seoul,18_34,free_registered,True,False,2,0.9221510068984818,1,0.5,22793,0.0,0.0,45586,45586.0
FAN-002020,Jeju SK,35_54,free_registered,True,True,1,0.9175553285622389,0,1.0,20857,76839.0,1.0,20857,97696.0
FAN-002021,Gangwon FC,35_54,free_registered,True,False,2,0.9166629860687163,1,0.5,18077,0.0,0.0,36154,36154.0
FAN-002022,Jeju SK,35_54,paid_membership,True,True,5,0.8796569727654486,4,0.19999999999999996,24077,180181.0,2.0,120385,300566.0
FAN-002023,Gangwon FC,55_Plus,season_ticket_partial,True,True,7,0.9135399862801243,6,0.1428571428571429,0,243724.0,2.0,0,243724.0
FAN-002024,FC Seoul,35_54,season_ticket_full,True,False,18,0.8919721250259617,16,0.11111111111111116,0,264037.0,3.0,0,264037.0
FAN-002025,Ulsan HD,35_54,free_registered,False,True,1,0.938030913189779,0,1.0,24708,0.0,0.0,24708,24708.0
FAN-002026,FC Seoul,18_34,free_registered,True,True,1,0.9446229331496155,0,1.0,22636,0.0,0.0,22636,22636.0
FAN-002027,Jeonbuk Hyundai Motors,Under_18,paid_membership,False,True,5,0.9162390583770537,4,0.19999999999999996,22414,0.0,0.0,112070,112070.0
FAN-002028,Gangwon FC,55_Plus,paid_membership,False,True,2,0.8901952345309574,1,0.5,21472,0.0,0.0,42944,42944.0
FAN-002029,FC Seoul,18_34,free_registered,True,False,2,0.9589777729221639,1,0.5,17739,55623.0,1.0,35478,91101.0
FAN-002030,Jeju SK,18_34,free_registered,True,False,2,0.9517973563873758,1,0.5,18328,137955.0,1.0,36656,174611.0
FAN-002031,FC Seoul,35_54,paid_membership,True,True,5,0.9308671453340411,4,0.19999999999999996,24466,0.0,0.0,122330,122330.0
FAN-002032,Jeju SK,18_34,free_registered,True,True,2,0.9183481863023117,1,0.5,20566,36175.0,1.0,41132,77307.0
FAN-002033,Ulsan HD,35_54,paid_membership,True,False,3,0.989022082852018,2,0.33333333333333337,16678,0.0,0.0,50034,50034.0
FAN-002034,Gangwon FC,35_54,paid_membership,False,False,4,0.9895011550936349,3,0.25,16894,164943.0,2.0,67576,232519.0
FAN-002035,Jeju SK,18_34,season_ticket_partial,True,False,10,0.7679202909461534,7,0.30000000000000004,0,163902.0,2.0,0,163902.0
FAN-002036,Ulsan HD,35_54,paid_membership,False,False,5,0.9277009770961846,4,0.19999999999999996,24291,0.0,0.0,121455,121455.0
FAN-002037,FC Seoul,18_34,free_registered,True,True,1,0.9848993862134855,0,1.0,22162,106544.0,1.0,22162,128706.0
FAN-002038,FC Seoul,18_34,season_ticket_partial,True,True,7,0.9425383919803791,6,0.1428571428571429,0,75124.0,1.0,0,75124.0
FAN-002039,FC Seoul,18_34,paid_membership,False,True,2,0.9722668496736391,1,0.5,22633,0.0,0.0,45266,45266.0
FAN-002040,FC Seoul,35_54,free_registered,True,True,1,0.9745975947319812,0,1.0,21778,34430.0,1.0,21778,56208.0
FAN-002041,Jeonbuk Hyundai Motors,35_54,paid_membership,True,False,4,0.937279791252903,3,0.25,21434,147964.0,1.0,85736,233700.0
FAN-002042,Jeju SK,18_34,free_registered,True,False,1,0.9454018914409462,0,1.0,21436,131837.0,1.0,21436,153273.0
FAN-002043,Ulsan HD,35_54,season_ticket_partial,True,False,7,0.7270960538486217,5,0.2857142857142857,0,261381.0,3.0,0,261381.0
FAN-002044,FC Seoul,18_34,free_registered,True,True,2,0.9133180096110999,1,0.5,23017,120447.0,1.0,46034,166481.0
FAN-002045,Jeonbuk Hyundai Motors,55_Plus,paid_membership,True,False,3,0.8568135862420393,2,0.33333333333333337,17580,151938.0,2.0,52740,204678.0
FAN-002046,Jeonbuk Hyundai Motors,18_34,free_registered,True,True,1,0.9045664487738362,0,1.0,18466,0.0,0.0,18466,18466.0
FAN-002047,FC Seoul,35_54,free_registered,True,True,2,0.9307013185666779,1,0.5,19509,109861.0,1.0,39018,148879.0
FAN-002048,Jeonbuk Hyundai Motors,Under_18,season_ticket_full,True,True,18,0.6839430175774045,12,0.33333333333333337,0,155894.0,2.0,0,155894.0
FAN-002049,Ulsan HD,18_34,season_ticket_partial,True,False,5,0.7992053492307573,3,0.4,0,221367.0,3.0,0,221367.0
FAN-002050,FC Seoul,18_34,free_registered,True,True,1,0.9065325535279402,0,1.0,24864,18037.0,1.0,24864,42901.0
FAN-002051,Ulsan HD,35_54,free_registered,True,False,1,0.901628040156364,0,1.0,23958,0.0,0.0,23958,23958.0
FAN-002052,Ulsan HD,18_34,free_registered,True,True,2,0.9485322630764776,1,0.5,21112,146650.0,1.0,42224,188874.0
FAN-002053,FC Seoul,55_Plus,paid_membership,True,True,5,0.9019748791783977,4,0.19999999999999996,23785,69716.0,1.0,118925,188641.0
FAN-002054,Gangwon FC,18_34,paid_membership,True,False,4,0.9992086319031142,3,0.25,23133,207432.0,2.0,92532,299964.0
FAN-002055,Jeonbuk Hyundai Motors,18_34,paid_membership,True,True,3,0.9450704082327921,2,0.33333333333333337,20676,128794.0,2.0,62028,190822.0
FAN-002056,Jeju SK,Under_18,paid_membership,True,True,3,0.8539657853660003,2,0.33333333333333337,24148,114093.0,2.0,72444,186537.0
FAN-002057,Ulsan HD,35_54,season_ticket_partial,True,True,10,0.7400858579492927,7,0.30000000000000004,0,103150.0,2.0,0,103150.0
FAN-002058,Ulsan HD,18_34,free_registered,False,False,1,0.9917783505975913,0,1.0,21318,110581.0,1.0,21318,131899.0
FAN-002059,Jeju SK,35_54,free_registered,True,True,1,0.9124334760595408,0,1.0,23816,0.0,0.0,23816,23816.0
FAN-002060,Ulsan HD,55_Plus,paid_membership,True,True,4,0.9272411156520035,3,0.25,24217,0.0,0.0,96868,96868.0
FAN-002061,FC Seoul,55_Plus,season_ticket_full,True,True,17,0.6071656855287751,10,0.4117647058823529,0,139879.0,2.0,0,139879.0
FAN-002062,Ulsan HD,18_34,paid_membership,True,True,2,0.941992036350839,1,0.5,21610,245114.0,2.0,43220,288334.0
FAN-002063,Jeonbuk Hyundai Motors,35_54,paid_membership,False,True,2,0.882454634648596,1,0.5,23450,0.0,0.0,46900,46900.0
FAN-002064,Ulsan HD,35_54,paid_membership,True,False,4,0.9746579629876285,3,0.25,22312,0.0,0.0,89248,89248.0
FAN-002065,FC Seoul,Under_18,season_ticket_full,True,False,16,0.6464756808573111,10,0.375,0,276189.0,4.0,0,276189.0
FAN-002066,Jeonbuk Hyundai Motors,35_54,free_registered,True,True,1,0.9744954541620997,0,1.0,24402,27447.0,1.0,24402,51849.0
FAN-002067,FC Seoul,Under_18,free_registered,True,False,2,0.9905689300131089,1,0.5,19178,136001.0,1.0,38356,174357.0
FAN-002068,FC Seoul,18_34,season_ticket_full,True,False,18,0.7535429345352557,13,0.2777777777777778,0,419387.0,5.0,0,419387.0
FAN-002069,FC Seoul,18_34,season_ticket_partial,True,False,8,0.8892336075989044,7,0.125,0,64313.0,1.0,0,64313.0
FAN-002070,Ulsan HD,18_34,free_registered,False,True,1,0.9148147261664904,0,1.0,24088,0.0,0.0,24088,24088.0
FAN-002071,Jeonbuk Hyundai Motors,18_34,free_registered,True,True,2,0.9344645628716531,1,0.5,18666,52658.0,1.0,37332,89990.0
FAN-002072,Ulsan HD,18_34,free_registered,True,False,1,0.9829841772711753,0,1.0,17085,130204.0,1.0,17085,147289.0
FAN-002073,FC Seoul,35_54,free_registered,True,True,2,0.9553314436744141,1,0.5,23645,70352.0,1.0,47290,117642.0
FAN-002074,Jeonbuk Hyundai Motors,Under_18,season_ticket_full,True,True,15,0.6283699879358919,9,0.4,0,254018.0,3.0,0,254018.0
FAN-002075,Jeonbuk Hyundai Motors,18_34,free_registered,True,False,1,0.946038582777022,0,1.0,19863,50755.0,1.0,19863,70618.0
FAN-002076,Jeonbuk Hyundai Motors,18_34,season_ticket_partial,True,True,10,0.7974958953275548,7,0.30000000000000004,0,109375.0,1.0,0,109375.0
FAN-002077,FC Seoul,35_54,free_registered,True,True,2,0.9080340303223636,1,0.5,20960,37090.0,1.0,41920,79010.0
FAN-002078,Ulsan HD,35_54,paid_membership,True,True,4,0.9674291818534755,3,0.25,20026,0.0,0.0,80104,80104.0
FAN-002079,Gangwon FC,35_54,free_registered,True,False,1,0.9189458281794864,0,1.0,24780,0.0,0.0,24780,24780.0
FAN-002080,Jeonbuk Hyundai Motors,35_54,paid_membership,False,True,4,0.950126959207699,3,0.25,22238,16693.0,1.0,88952,105645.0
FAN-002081,FC Seoul,18_34,paid_membership,True,False,5,0.9648699374372222,4,0.19999999999999996,24869,66529.0,2.0,124345,190874.0
FAN-002082,FC Seoul,35_54,paid_membership,True,False,5,0.934092670280561,4,0.19999999999999996,23687,0.0,0.0,118435,118435.0
FAN-002083,Ulsan HD,18_34,free_registered,True,True,1,0.9118347182473618,0,1.0,17849,131751.0,1.0,17849,149600.0
FAN-002084,Gangwon FC,18_34,free_registered,False,True,1,0.9465032816603068,0,1.0,17309,0.0,0.0,17309,17309.0
FAN-002085,Ulsan HD,35_54,free_registered,True,True,1,0.9063129195885631,0,1.0,17590,28892.0,1.0,17590,46482.0
FAN-002086,Ulsan HD,Under_18,free_registered,False,False,1,0.9269407050593929,0,1.0,23521,72157.0,1.0,23521,95678.0
FAN-002087,FC Seoul,35_54,paid_membership,False,True,5,0.9682482626132664,4,0.19999999999999996,19973,38308.0,1.0,99865,138173.0
FAN-002088,Jeju SK,35_54,paid_membership,True,False,4,0.9220407627787068,3,0.25,22593,109571.0,2.0,90372,199943.0
FAN-002089,Jeonbuk Hyundai Motors,18_34,paid_membership,True,True,5,0.9384357910747156,4,0.19999999999999996,16836,116823.0,2.0,84180,201003.0
FAN-002090,Ulsan HD,Under_18,paid_membership,False,True,4,0.8770224466049097,3,0.25,21374,0.0,0.0,85496,85496.0
FAN-002091,Jeonbuk Hyundai Motors,Under_18,free_registered,True,True,1,0.9920916121995109,0,1.0,23122,0.0,0.0,23122,23122.0
FAN-002092,Gangwon FC,55_Plus,free_registered,True,False,2,0.9786871579222547,1,0.5,20160,0.0,0.0,40320,40320.0
FAN-002093,FC Seoul,35_54,free_registered,False,True,2,0.9826179026382539,1,0.5,19045,0.0,0.0,38090,38090.0
FAN-002094,Ulsan HD,Under_18,season_ticket_partial,True,True,10,0.8398757470929887,8,0.19999999999999996,0,20898.0,1.0,0,20898.0
FAN-002095,FC Seoul,18_34,paid_membership,False,False,4,0.9364311065571735,3,0.25,20431,35438.0,1.0,81724,117162.0
FAN-002096,Jeonbuk Hyundai Motors,35_54,free_registered,False,True,1,0.9477121004559326,0,1.0,17959,0.0,0.0,17959,17959.0
FAN-002097,Jeju SK,35_54,free_registered,True,True,2,0.9351579077805297,1,0.5,17715,143514.0,1.0,35430,178944.0
FAN-002098,Jeju SK,Under_18,season_ticket_partial,True,False,5,0.9349810488403536,4,0.19999999999999996,0,46766.0,1.0,0,46766.0
FAN-002099,Jeonbuk Hyundai Motors,18_34,paid_membership,True,False,3,0.9876659876512073,2,0.33333333333333337,24212,100881.0,1.0,72636,173517.0
FAN-002100,Ulsan HD,35_54,paid_membership,True,True,4,0.9209331457147695,3,0.25,18406,0.0,0.0,73624,73624.0
FAN-002101,Gangwon FC,Under_18,free_registered,False,True,1,0.9726022115014684,0,1.0,23246,45064.0,1.0,23246,68310.0
FAN-002102,Ulsan HD,18_34,free_registered,False,False,1,0.9388088744529044,0,1.0,16132,0.0,0.0,16132,16132.0
FAN-002103,FC Seoul,55_Plus,season_ticket_full,True,True,15,0.6825067935163202,10,0.33333333333333337,0,212354.0,3.0,0,212354.0
FAN-002104,Jeju SK,35_54,paid_membership,True,False,3,0.945049827661858,2,0.33333333333333337,24818,237131.0,2.0,74454,311585.0
FAN-002105,Jeonbuk Hyundai Motors,18_34,free_registered,True,True,1,0.9168237780540669,0,1.0,23154,0.0,0.0,23154,23154.0
FAN-002106,Ulsan HD,Under_18,season_ticket_partial,True,True,9,0.9122653953408377,8,0.11111111111111116,0,175749.0,2.0,0,175749.0
FAN-002107,Jeonbuk Hyundai Motors,Under_18,paid_membership,True,True,3,0.8932903541362189,2,0.33333333333333337,21511,0.0,0.0,64533,64533.0
FAN-002108,Gangwon FC,18_34,free_registered,False,True,1,0.9616161392460958,0,1.0,16990,0.0,0.0,16990,16990.0
FAN-002109,FC Seoul,35_54,free_registered,True,False,2,0.9447107216504963,1,0.5,19456,105606.0,1.0,38912,144518.0
FAN-002110,Gangwon FC,18_34,free_registered,False,True,2,0.9125481113555182,1,0.5,24987,0.0,0.0,49974,49974.0
FAN-002111,FC Seoul,35_54,free_registered,True,True,2,0.9816149515848623,1,0.5,23988,115977.0,1.0,47976,163953.0
FAN-002112,FC Seoul,55_Plus,paid_membership,True,False,5,0.9709739503990271,4,0.19999999999999996,20247,90257.0,1.0,101235,191492.0
FAN-002113,FC Seoul,18_34,free_registered,True,True,2,0.9602679892654131,1,0.5,23421,67238.0,1.0,46842,114080.0
FAN-002114,Jeonbuk Hyundai Motors,18_34,season_ticket_partial,True,False,7,0.7431113821205613,5,0.2857142857142857,0,125117.0,2.0,0,125117.0
FAN-002115,Jeju SK,18_34,season_ticket_full,True,False,15,0.7073632532165459,10,0.33333333333333337,0,126319.0,2.0,0,126319.0
FAN-002116,FC Seoul,55_Plus,free_registered,True,False,1,0.9129657087036672,0,1.0,19922,145671.0,1.0,19922,165593.0
FAN-002117,Ulsan HD,35_54,free_registered,True,False,1,0.9655499867216779,0,1.0,22696,0.0,0.0,22696,22696.0
FAN-002118,Jeju SK,Under_18,season_ticket_partial,True,True,9,0.7090648821992365,6,0.33333333333333337,0,86515.0,2.0,0,86515.0
FAN-002119,FC Seoul,35_54,paid_membership,True,False,4,0.9139664905102705,3,0.25,23958,124597.0,1.0,95832,220429.0
FAN-002120,Jeonbuk Hyundai Motors,35_54,paid_membership,True,False,2,0.9785801957287416,1,0.5,24521,26768.0,1.0,49042,75810.0
FAN-002121,Jeonbuk Hyundai Motors,55_Plus,free_registered,True,False,2,0.952915867288321,1,0.5,19542,0.0,0.0,39084,39084.0
FAN-002122,Ulsan HD,Under_18,free_registered,True,True,2,0.9897104538435219,1,0.5,17696,126541.0,1.0,35392,161933.0
FAN-002123,Gangwon FC,18_34,paid_membership,True,False,5,0.8918604846673794,4,0.19999999999999996,19126,0.0,0.0,95630,95630.0
FAN-002124,Ulsan HD,35_54,season_ticket_full,True,False,18,0.8756542860914556,15,0.16666666666666663,0,195275.0,2.0,0,195275.0
FAN-002125,Gangwon FC,18_34,free_registered,True,False,1,0.9113712580518034,0,1.0,24868,0.0,0.0,24868,24868.0
FAN-002126,Jeju SK,18_34,season_ticket_full,True,True,16,0.8259089543849694,13,0.1875,0,322514.0,5.0,0,322514.0
FAN-002127,Jeju SK,Under_18,free_registered,True,True,1,0.9683830819299877,0,1.0,24002,50324.0,1.0,24002,74326.0
FAN-002128,FC Seoul,18_34,season_ticket_full,True,False,18,0.7765770375132819,13,0.2777777777777778,0,189602.0,5.0,0,189602.0
FAN-002129,Jeonbuk Hyundai Motors,18_34,paid_membership,True,True,5,0.9082933181756607,4,0.19999999999999996,17350,15281.0,1.0,86750,102031.0
FAN-002130,Ulsan HD,55_Plus,free_registered,False,True,1,0.9963357988959842,0,1.0,24368,66183.0,1.0,24368,90551.0
FAN-002131,FC Seoul,18_34,paid_membership,False,False,3,0.9755538946185602,2,0.33333333333333337,23934,141908.0,2.0,71802,213710.0
FAN-002132,FC Seoul,18_34,free_registered,True,True,2,0.9914868906434857,1,0.5,20003,109653.0,1.0,40006,149659.0
FAN-002133,Jeju SK,35_54,free_registered,True,True,1,0.9494830116667574,0,1.0,19264,0.0,0.0,19264,19264.0
FAN-002134,Ulsan HD,18_34,free_registered,True,True,2,0.934104167315743,1,0.5,20191,122776.0,1.0,40382,163158.0
FAN-002135,Jeonbuk Hyundai Motors,18_34,free_registered,False,True,1,0.9279592308877525,0,1.0,16688,0.0,0.0,16688,16688.0
FAN-002136,Jeonbuk Hyundai Motors,35_54,free_registered,False,True,1,0.9575689255747648,0,1.0,21074,0.0,0.0,21074,21074.0
FAN-002137,FC Seoul,35_54,paid_membership,True,True,2,0.8932820368594908,1,0.5,17582,59605.0,1.0,35164,94769.0
FAN-002138,Jeonbuk Hyundai Motors,35_54,paid_membership,True,True,3,0.8718175828156267,2,0.33333333333333337,20907,107715.0,1.0,62721,170436.0
FAN-002139,FC Seoul,35_54,free_registered,False,False,1,0.9535575226005639,0,1.0,19808,0.0,0.0,19808,19808.0
FAN-002140,Jeonbuk Hyundai Motors,Under_18,season_ticket_partial,True,False,8,0.9271703852109553,7,0.125,0,143549.0,1.0,0,143549.0
FAN-002141,Jeonbuk Hyundai Motors,55_Plus,paid_membership,True,True,5,0.9057659823788994,4,0.19999999999999996,16515,214152.0,2.0,82575,296727.0
FAN-002142,Ulsan HD,Under_18,season_ticket_full,True,True,17,0.7807623135181826,13,0.23529411764705888,0,323503.0,4.0,0,323503.0
FAN-002143,Jeonbuk Hyundai Motors,35_54,paid_membership,True,True,3,0.9704590069307697,2,0.33333333333333337,20917,66164.0,1.0,62751,128915.0
FAN-002144,Ulsan HD,18_34,free_registered,True,False,2,0.9663662974730357,1,0.5,22908,67536.0,1.0,45816,113352.0
FAN-002145,Ulsan HD,55_Plus,free_registered,False,False,2,0.9123340676192582,1,0.5,24142,30785.0,1.0,48284,79069.0
FAN-002146,Jeonbuk Hyundai Motors,35_54,paid_membership,True,True,2,0.8982546804545151,1,0.5,20776,0.0,0.0,41552,41552.0
FAN-002147,Ulsan HD,35_54,free_registered,True,True,1,0.9061908254572127,0,1.0,22133,0.0,0.0,22133,22133.0
FAN-002148,Ulsan HD,18_34,free_registered,True,False,1,0.9593889589197109,0,1.0,24733,0.0,0.0,24733,24733.0
FAN-002149,Ulsan HD,18_34,free_registered,True,False,2,0.9678482060726066,1,0.5,23238,0.0,0.0,46476,46476.0
FAN-002150,Jeonbuk Hyundai Motors,35_54,free_registered,True,True,2,0.9779594517665917,1,0.5,23909,0.0,0.0,47818,47818.0
FAN-002151,Ulsan HD,35_54,free_registered,True,False,2,0.9885698963575925,1,0.5,20049,0.0,0.0,40098,40098.0
FAN-002152,FC Seoul,Under_18,free_registered,True,False,2,0.9312236227169882,1,0.5,17373,0.0,0.0,34746,34746.0
FAN-002153,Jeonbuk Hyundai Motors,55_Plus,free_registered,False,False,1,0.9719164455413019,0,1.0,23815,0.0,0.0,23815,23815.0
FAN-002154,Jeonbuk Hyundai Motors,35_54,paid_membership,True,True,5,0.949101127917541,4,0.19999999999999996,18132,102257.0,2.0,90660,192917.0
FAN-002155,FC Seoul,18_34,paid_membership,False,False,2,0.9672948652237805,1,0.5,22508,0.0,0.0,45016,45016.0
FAN-002156,FC Seoul,35_54,free_registered,True,True,2,0.9890229024854654,1,0.5,22470,0.0,0.0,44940,44940.0
FAN-002157,FC Seoul,18_34,free_registered,False,False,1,0.9748657739970215,0,1.0,18539,0.0,0.0,18539,18539.0
FAN-002158,Ulsan HD,18_34,free_registered,True,True,1,0.9281329445276626,0,1.0,18756,130033.0,1.0,18756,148789.0
FAN-002159,Ulsan HD,18_34,free_registered,True,True,2,0.9062343540225714,1,0.5,21279,45331.0,1.0,42558,87889.0
FAN-002160,Jeonbuk Hyundai Motors,35_54,free_registered,True,False,1,0.9421605651833168,0,1.0,23375,0.0,0.0,23375,23375.0
FAN-002161,Jeju SK,35_54,free_registered,True,True,1,0.9270635616481173,0,1.0,22333,74434.0,1.0,22333,96767.0
FAN-002162,Jeju SK,18_34,paid_membership,True,True,3,0.9970744462864856,2,0.33333333333333337,18549,91142.0,1.0,55647,146789.0
FAN-002163,Ulsan HD,35_54,paid_membership,True,True,3,0.9860706963652901,2,0.33333333333333337,21242,128953.0,2.0,63726,192679.0
FAN-002164,Jeonbuk Hyundai Motors,35_54,free_registered,False,True,1,0.9135989519707264,0,1.0,24923,124344.0,1.0,24923,149267.0
FAN-002165,Ulsan HD,35_54,free_registered,False,True,2,0.9836683920977984,1,0.5,16833,0.0,0.0,33666,33666.0
FAN-002166,Gangwon FC,Under_18,paid_membership,False,False,2,0.9550132504419713,1,0.5,20686,0.0,0.0,41372,41372.0
FAN-002167,Jeju SK,35_54,season_ticket_partial,True,True,10,0.907824758626465,9,0.09999999999999998,0,164292.0,3.0,0,164292.0
FAN-002168,FC Seoul,18_34,paid_membership,False,True,2,0.8663259942339776,1,0.5,16284,102205.0,2.0,32568,134773.0
FAN-002169,Jeju SK,18_34,paid_membership,False,True,3,0.9693966533137752,2,0.33333333333333337,23491,18179.0,1.0,70473,88652.0
FAN-002170,Ulsan HD,18_34,free_registered,True,True,1,0.9171465996401295,0,1.0,19538,22248.0,1.0,19538,41786.0
FAN-002171,Jeju SK,18_34,free_registered,True,True,1,0.9665204478511293,0,1.0,20233,76874.0,1.0,20233,97107.0
FAN-002172,FC Seoul,35_54,season_ticket_partial,True,True,11,0.8081284477643279,8,0.2727272727272727,0,194836.0,2.0,0,194836.0
FAN-002173,FC Seoul,18_34,free_registered,True,True,1,0.9581535929300222,0,1.0,23015,0.0,0.0,23015,23015.0
FAN-002174,Jeonbuk Hyundai Motors,35_54,season_ticket_full,True,True,16,0.6068205790448551,9,0.4375,0,279558.0,4.0,0,279558.0
FAN-002175,FC Seoul,Under_18,paid_membership,True,False,2,0.9355395883500168,1,0.5,23237,121439.0,2.0,46474,167913.0
FAN-002176,Jeonbuk Hyundai Motors,18_34,paid_membership,True,False,3,0.8911123935277361,2,0.33333333333333337,22700,272977.0,2.0,68100,341077.0
FAN-002177,FC Seoul,55_Plus,free_registered,True,True,1,0.9247657004804316,0,1.0,23345,0.0,0.0,23345,23345.0
FAN-002178,Jeju SK,35_54,paid_membership,True,True,3,0.9755566191748719,2,0.33333333333333337,20783,47929.0,2.0,62349,110278.0
FAN-002179,Jeju SK,18_34,free_registered,False,False,2,0.9532505734185703,1,0.5,19341,0.0,0.0,38682,38682.0
FAN-002180,Ulsan HD,18_34,free_registered,False,True,1,0.9976026926527857,0,1.0,23008,0.0,0.0,23008,23008.0
FAN-002181,Ulsan HD,18_34,free_registered,False,False,2,0.9863012440332707,1,0.5,17707,105476.0,1.0,35414,140890.0
FAN-002182,FC Seoul,18_34,season_ticket_partial,True,True,5,0.7112233708810498,3,0.4,0,63067.0,1.0,0,63067.0
FAN-002183,FC Seoul,35_54,paid_membership,True,True,2,0.8956860158515029,1,0.5,19778,71015.0,1.0,39556,110571.0
FAN-002184,Ulsan HD,35_54,free_registered,True,False,1,0.9435648115334361,0,1.0,21013,0.0,0.0,21013,21013.0
FAN-002185,Jeju SK,18_34,free_registered,True,False,1,0.9974647592988942,0,1.0,22236,0.0,0.0,22236,22236.0
FAN-002186,Gangwon FC,55_Plus,paid_membership,True,True,5,0.9164821891220538,4,0.19999999999999996,16645,198397.0,2.0,83225,281622.0
FAN-002187,Jeonbuk Hyundai Motors,35_54,paid_membership,True,True,2,0.9643765036205294,1,0.5,18239,146174.0,2.0,36478,182652.0
FAN-002188,Jeonbuk Hyundai Motors,18_34,paid_membership,False,True,3,0.9021315129885543,2,0.33333333333333337,18278,152153.0,2.0,54834,206987.0
FAN-002189,Jeonbuk Hyundai Motors,18_34,paid_membership,True,False,2,0.9261292575161442,1,0.5,23094,117845.0,1.0,46188,164033.0
FAN-002190,Jeju SK,35_54,free_registered,True,False,2,0.9830286932549396,1,0.5,24718,0.0,0.0,49436,49436.0
FAN-002191,FC Seoul,35_54,paid_membership,True,True,2,0.9645207338999956,1,0.5,20458,0.0,0.0,40916,40916.0
FAN-002192,Gangwon FC,18_34,free_registered,True,True,2,0.9891763740755668,1,0.5,18417,68660.0,1.0,36834,105494.0
FAN-002193,Jeju SK,18_34,season_ticket_full,True,True,17,0.8212990947083171,13,0.23529411764705888,0,526144.0,5.0,0,526144.0
FAN-002194,Jeju SK,18_34,paid_membership,True,True,2,0.8898902622122046,1,0.5,22765,116674.0,2.0,45530,162204.0
FAN-002195,FC Seoul,35_54,free_registered,True,True,1,0.9682071610648115,0,1.0,20540,0.0,0.0,20540,20540.0
FAN-002196,Ulsan HD,18_34,free_registered,True,False,1,0.9878921282767363,0,1.0,20054,0.0,0.0,20054,20054.0
FAN-002197,Ulsan HD,Under_18,season_ticket_partial,True,True,6,0.730640876226271,4,0.33333333333333337,0,256727.0,3.0,0,256727.0
FAN-002198,Jeonbuk Hyundai Motors,35_54,free_registered,True,True,2,0.9413453454863921,1,0.5,19153,15594.0,1.0,38306,53900.0
FAN-002199,Ulsan HD,55_Plus,free_registered,True,False,2,0.9726222640056834,1,0.5,24400,125343.0,1.0,48800,174143.0
FAN-002200,Ulsan HD,55_Plus,paid_membership,False,True,2,0.8959980087972831,1,0.5,24237,0.0,0.0,48474,48474.0
FAN-002201,Gangwon FC,18_34,free_registered,True,True,2,0.9820054915218208,1,0.5,22635,122216.0,1.0,45270,167486.0
FAN-002202,FC Seoul,Under_18,paid_membership,True,True,4,0.9829156299842292,3,0.25,16000,128722.0,2.0,64000,192722.0
FAN-002203,Ulsan HD,18_34,free_registered,True,True,1,0.9043213421902596,0,1.0,19235,101083.0,1.0,19235,120318.0
FAN-002204,FC Seoul,Under_18,paid_membership,True,False,3,0.9869039447555004,2,0.33333333333333337,20932,186873.0,2.0,62796,249669.0
FAN-002205,Jeonbuk Hyundai Motors,55_Plus,free_registered,True,False,2,0.9835973552700811,1,0.5,24004,0.0,0.0,48008,48008.0
FAN-002206,Gangwon FC,18_34,free_registered,True,True,2,0.9690469269665035,1,0.5,22015,0.0,0.0,44030,44030.0
FAN-002207,FC Seoul,18_34,season_ticket_partial,True,True,8,0.8472410539614349,6,0.25,0,241359.0,3.0,0,241359.0
FAN-002208,Jeonbuk Hyundai Motors,18_34,paid_membership,True,True,5,0.9169572313459398,4,0.19999999999999996,24989,102827.0,2.0,124945,227772.0
FAN-002209,FC Seoul,18_34,free_registered,True,True,2,0.9344566373028103,1,0.5,20353,0.0,0.0,40706,40706.0
FAN-002210,Gangwon FC,35_54,free_registered,False,True,1,0.9379943006665972,0,1.0,17894,22790.0,1.0,17894,40684.0
FAN-002211,Jeonbuk Hyundai Motors,18_34,paid_membership,False,True,4,0.8588001837739745,3,0.25,21656,38331.0,1.0,86624,124955.0
FAN-002212,Jeonbuk Hyundai Motors,18_34,paid_membership,True,True,4,0.9247686867400428,3,0.25,21266,52709.0,1.0,85064,137773.0
FAN-002213,FC Seoul,18_34,season_ticket_full,True,True,15,0.8722879184606616,13,0.1333333333333333,0,472291.0,5.0,0,472291.0
FAN-002214,Gangwon FC,18_34,season_ticket_full,True,False,15,0.7638412513807284,11,0.2666666666666667,0,274827.0,4.0,0,274827.0
FAN-002215,Jeonbuk Hyundai Motors,Under_18,paid_membership,True,False,4,0.9967292306465343,3,0.25,19943,107360.0,1.0,79772,187132.0
FAN-002216,Ulsan HD,35_54,free_registered,True,False,2,0.9709643530783401,1,0.5,18061,0.0,0.0,36122,36122.0
FAN-002217,Jeonbuk Hyundai Motors,35_54,free_registered,True,True,2,0.9446763410826291,1,0.5,24067,106799.0,1.0,48134,154933.0
FAN-002218,FC Seoul,35_54,paid_membership,False,False,3,0.9598082068543853,2,0.33333333333333337,20525,148491.0,1.0,61575,210066.0
FAN-002219,Jeonbuk Hyundai Motors,55_Plus,free_registered,True,False,1,0.9015570037764911,0,1.0,19364,28193.0,1.0,19364,47557.0
FAN-002220,FC Seoul,55_Plus,free_registered,True,False,2,0.9175379804987781,1,0.5,18845,80407.0,1.0,37690,118097.0
FAN-002221,Jeonbuk Hyundai Motors,55_Plus,free_registered,True,True,2,0.9387189043530972,1,0.5,24174,37565.0,1.0,48348,85913.0
FAN-002222,Ulsan HD,18_34,free_registered,True,False,1,0.9370457331407442,0,1.0,21018,0.0,0.0,21018,21018.0
FAN-002223,FC Seoul,Under_18,free_registered,False,True,2,0.9259361261729238,1,0.5,16268,66655.0,1.0,32536,99191.0
FAN-002224,FC Seoul,18_34,free_registered,True,False,2,0.9997129246056279,1,0.5,23622,0.0,0.0,47244,47244.0
FAN-002225,FC Seoul,35_54,paid_membership,False,True,3,0.8880370663478737,2,0.33333333333333337,19409,0.0,0.0,58227,58227.0
FAN-002226,Ulsan HD,55_Plus,free_registered,True,False,1,0.9267832007535977,0,1.0,19877,0.0,0.0,19877,19877.0
FAN-002227,Ulsan HD,35_54,free_registered,True,False,2,0.9407065191976391,1,0.5,22118,120059.0,1.0,44236,164295.0
FAN-002228,Jeju SK,Under_18,free_registered,False,True,2,0.9279413282835592,1,0.5,20680,113803.0,1.0,41360,155163.0
FAN-002229,FC Seoul,55_Plus,paid_membership,True,True,4,0.9833697889954409,3,0.25,19495,203688.0,2.0,77980,281668.0
FAN-002230,FC Seoul,18_34,free_registered,True,True,1,0.9125875417647026,0,1.0,21797,0.0,0.0,21797,21797.0
FAN-002231,Jeonbuk Hyundai Motors,Under_18,paid_membership,True,True,5,0.9357986698515023,4,0.19999999999999996,17254,94720.0,1.0,86270,180990.0
FAN-002232,FC Seoul,18_34,season_ticket_full,True,True,19,0.8955049360956777,17,0.10526315789473684,0,323790.0,3.0,0,323790.0
FAN-002233,Gangwon FC,Under_18,free_registered,True,True,2,0.9489142127060326,1,0.5,24759,0.0,0.0,49518,49518.0
FAN-002234,Jeonbuk Hyundai Motors,18_34,free_registered,False,False,1,0.9156961737468979,0,1.0,20310,0.0,0.0,20310,20310.0
FAN-002235,Jeju SK,18_34,free_registered,False,True,1,0.9832679635651901,0,1.0,20774,0.0,0.0,20774,20774.0
FAN-002236,Jeju SK,18_34,season_ticket_full,True,False,18,0.8565280171352674,15,0.16666666666666663,0,353122.0,4.0,0,353122.0
FAN-002237,Jeonbuk Hyundai Motors,35_54,paid_membership,True,False,3,0.8694477722415468,2,0.33333333333333337,17794,67465.0,1.0,53382,120847.0
FAN-002238,FC Seoul,35_54,season_ticket_partial,True,False,11,0.7912439803782589,8,0.2727272727272727,0,209833.0,2.0,0,209833.0
FAN-002239,FC Seoul,35_54,free_registered,False,False,1,0.9281263342198917,0,1.0,21838,0.0,0.0,21838,21838.0
FAN-002240,FC Seoul,18_34,season_ticket_full,True,True,16,0.8209706176977374,13,0.1875,0,384063.0,4.0,0,384063.0
FAN-002241,Jeonbuk Hyundai Motors,35_54,free_registered,True,False,1,0.9229588628806246,0,1.0,16328,61400.0,1.0,16328,77728.0
FAN-002242,FC Seoul,55_Plus,free_registered,True,True,1,0.9952573990008333,0,1.0,22407,0.0,0.0,22407,22407.0
FAN-002243,Jeju SK,Under_18,season_ticket_partial,True,False,10,0.7110960238303781,7,0.30000000000000004,0,124100.0,2.0,0,124100.0
FAN-002244,Gangwon FC,18_34,season_ticket_full,True,False,18,0.6339141341812354,11,0.38888888888888884,0,605666.0,5.0,0,605666.0
FAN-002245,Jeonbuk Hyundai Motors,18_34,free_registered,True,False,2,0.9735173970643821,1,0.5,18015,0.0,0.0,36030,36030.0
FAN-002246,Ulsan HD,Under_18,free_registered,True,True,2,0.9319133563535307,1,0.5,18505,0.0,0.0,37010,37010.0
FAN-002247,FC Seoul,35_54,free_registered,True,True,1,0.9011700736928184,0,1.0,24971,147943.0,1.0,24971,172914.0
FAN-002248,Jeonbuk Hyundai Motors,35_54,free_registered,False,False,1,0.9761690584474222,0,1.0,24890,74875.0,1.0,24890,99765.0
FAN-002249,Jeju SK,18_34,free_registered,False,False,1,0.9284032379214164,0,1.0,24378,0.0,0.0,24378,24378.0
FAN-002250,FC Seoul,35_54,season_ticket_full,True,True,16,0.6332899102491584,10,0.375,0,238674.0,3.0,0,238674.0
FAN-002251,FC Seoul,35_54,paid_membership,True,False,2,0.9521354222643374,1,0.5,24357,124923.0,1.0,48714,173637.0
FAN-002252,Gangwon FC,55_Plus,paid_membership,True,True,5,0.8763474528707553,4,0.19999999999999996,16700,0.0,0.0,83500,83500.0
FAN-002253,Jeju SK,18_34,paid_membership,True,False,4,0.9915382104373797,3,0.25,22483,199598.0,2.0,89932,289530.0
FAN-002254,Jeonbuk Hyundai Motors,55_Plus,paid_membership,True,False,4,0.8656919002410743,3,0.25,23983,110092.0,1.0,95932,206024.0
FAN-002255,Jeonbuk Hyundai Motors,18_34,paid_membership,True,True,3,0.9565449661202505,2,0.33333333333333337,24400,53891.0,1.0,73200,127091.0
FAN-002256,Jeju SK,35_54,paid_membership,False,True,3,0.9556454003852326,2,0.33333333333333337,19269,0.0,0.0,57807,57807.0
FAN-002257,Ulsan HD,Under_18,free_registered,True,False,1,0.9169289793351838,0,1.0,23615,0.0,0.0,23615,23615.0
FAN-002258,Ulsan HD,Under_18,paid_membership,False,True,4,0.9989564129212444,3,0.25,19176,130706.0,1.0,76704,207410.0
FAN-002259,Ulsan HD,35_54,paid_membership,False,True,2,0.8551470817054521,1,0.5,23089,95194.0,1.0,46178,141372.0
FAN-002260,Ulsan HD,18_34,season_ticket_partial,True,False,5,0.9330911586174715,4,0.19999999999999996,0,117834.0,2.0,0,117834.0
FAN-002261,Jeonbuk Hyundai Motors,18_34,season_ticket_full,True,False,19,0.6688338809802317,12,0.368421052631579,0,231055.0,2.0,0,231055.0
FAN-002262,Jeju SK,18_34,free_registered,True,True,1,0.9803455032374985,0,1.0,21468,0.0,0.0,21468,21468.0
FAN-002263,Jeonbuk Hyundai Motors,35_54,paid_membership,False,True,4,0.8544726071651426,3,0.25,17495,57387.0,2.0,69980,127367.0
FAN-002264,Ulsan HD,Under_18,free_registered,True,True,2,0.9084961873629314,1,0.5,17090,148035.0,1.0,34180,182215.0
FAN-002265,Jeju SK,35_54,paid_membership,False,False,3,0.8806001527053822,2,0.33333333333333337,24360,141405.0,1.0,73080,214485.0
FAN-002266,Jeju SK,Under_18,free_registered,True,True,2,0.9978066510583156,1,0.5,18199,0.0,0.0,36398,36398.0
FAN-002267,Jeju SK,18_34,free_registered,True,False,1,0.985840764033699,0,1.0,20569,0.0,0.0,20569,20569.0
FAN-002268,Jeonbuk Hyundai Motors,18_34,free_registered,True,False,1,0.9841388218545553,0,1.0,24932,0.0,0.0,24932,24932.0
FAN-002269,FC Seoul,18_34,paid_membership,True,True,3,0.8601196966202944,2,0.33333333333333337,24353,47739.0,1.0,73059,120798.0
FAN-002270,Ulsan HD,18_34,free_registered,True,True,1,0.9116267685330698,0,1.0,22786,0.0,0.0,22786,22786.0
FAN-002271,FC Seoul,18_34,season_ticket_full,True,False,18,0.8794506120976904,15,0.16666666666666663,0,165643.0,2.0,0,165643.0
FAN-002272,Ulsan HD,55_Plus,free_registered,False,True,2,0.9222038423189574,1,0.5,16727,0.0,0.0,33454,33454.0
FAN-002273,Ulsan HD,35_54,season_ticket_full,True,False,18,0.7104602607164235,12,0.33333333333333337,0,226843.0,2.0,0,226843.0
FAN-002274,Jeju SK,Under_18,paid_membership,True,False,5,0.9812194440173361,4,0.19999999999999996,23063,0.0,0.0,115315,115315.0
FAN-002275,Gangwon FC,18_34,free_registered,True,False,1,0.9716906046257063,0,1.0,23499,42705.0,1.0,23499,66204.0
FAN-002276,Jeju SK,35_54,free_registered,True,True,2,0.907256265144009,1,0.5,20043,0.0,0.0,40086,40086.0
FAN-002277,Jeonbuk Hyundai Motors,18_34,paid_membership,True,True,3,0.929686743830729,2,0.33333333333333337,23760,187858.0,2.0,71280,259138.0
FAN-002278,Ulsan HD,Under_18,paid_membership,True,False,3,0.968527842745598,2,0.33333333333333337,22377,76126.0,1.0,67131,143257.0
FAN-002279,Jeju SK,35_54,paid_membership,True,False,2,0.8835648756647232,1,0.5,19527,0.0,0.0,39054,39054.0
FAN-002280,FC Seoul,35_54,free_registered,True,True,1,0.9266311100227879,0,1.0,19766,42682.0,1.0,19766,62448.0
FAN-002281,FC Seoul,35_54,free_registered,True,True,1,0.9760650137977621,0,1.0,16153,0.0,0.0,16153,16153.0
FAN-002282,Ulsan HD,Under_18,season_ticket_full,True,True,17,0.8795299161229968,14,0.17647058823529416,0,58373.0,2.0,0,58373.0
FAN-002283,Ulsan HD,Under_18,free_registered,True,False,2,0.9380061229432659,1,0.5,17207,0.0,0.0,34414,34414.0
FAN-002284,FC Seoul,35_54,free_registered,False,True,2,0.9898117274531728,1,0.5,18615,35478.0,1.0,37230,72708.0
FAN-002285,FC Seoul,18_34,free_registered,True,False,1,0.9548203456980995,0,1.0,20660,98562.0,1.0,20660,119222.0
FAN-002286,FC Seoul,18_34,paid_membership,True,False,5,0.8869280822088104,4,0.19999999999999996,21319,180628.0,2.0,106595,287223.0
FAN-002287,Gangwon FC,18_34,paid_membership,True,False,4,0.8602941757040475,3,0.25,17980,146738.0,2.0,71920,218658.0
FAN-002288,Ulsan HD,18_34,free_registered,True,False,1,0.964358074889905,0,1.0,23213,0.0,0.0,23213,23213.0
FAN-002289,Ulsan HD,55_Plus,free_registered,True,False,1,0.9517282491580462,0,1.0,18889,49686.0,1.0,18889,68575.0
FAN-002290,FC Seoul,35_54,free_registered,True,True,2,0.9533442147682843,1,0.5,24900,48036.0,1.0,49800,97836.0
FAN-002291,Jeju SK,35_54,free_registered,True,True,2,0.985216966206728,1,0.5,22002,104684.0,1.0,44004,148688.0
FAN-002292,FC Seoul,Under_18,free_registered,False,False,1,0.9302658329936636,0,1.0,24165,0.0,0.0,24165,24165.0
FAN-002293,FC Seoul,Under_18,season_ticket_full,True,True,18,0.6173384726647407,11,0.38888888888888884,0,492011.0,5.0,0,492011.0
FAN-002294,Ulsan HD,18_34,free_registered,False,True,1,0.9268575353794606,0,1.0,24147,0.0,0.0,24147,24147.0
FAN-002295,FC Seoul,18_34,free_registered,True,True,2,0.9070729782015068,1,0.5,23348,0.0,0.0,46696,46696.0
FAN-002296,FC Seoul,55_Plus,season_ticket_partial,True,True,10,0.9178618234349064,9,0.09999999999999998,0,302991.0,3.0,0,302991.0
FAN-002297,FC Seoul,18_34,free_registered,False,False,2,0.9410661565211599,1,0.5,18121,59346.0,1.0,36242,95588.0
FAN-002298,FC Seoul,18_34,paid_membership,False,False,3,0.9133063097993671,2,0.33333333333333337,18941,0.0,0.0,56823,56823.0
FAN-002299,FC Seoul,18_34,free_registered,True,True,2,0.9757886831307261,1,0.5,19880,0.0,0.0,39760,39760.0
FAN-002300,Ulsan HD,35_54,free_registered,False,False,1,0.9797010188035162,0,1.0,24556,53190.0,1.0,24556,77746.0
FAN-002301,Jeonbuk Hyundai Motors,Under_18,season_ticket_full,True,True,19,0.6556318558228018,12,0.368421052631579,0,251762.0,4.0,0,251762.0
FAN-002302,Jeju SK,18_34,paid_membership,True,False,5,0.8511658604034699,4,0.19999999999999996,16184,275783.0,2.0,80920,356703.0
FAN-002303,Ulsan HD,18_34,free_registered,True,True,2,0.976024403777523,1,0.5,20788,102657.0,1.0,41576,144233.0
FAN-002304,FC Seoul,35_54,paid_membership,True,False,5,0.9485091691568441,4,0.19999999999999996,19005,148202.0,2.0,95025,243227.0
FAN-002305,Gangwon FC,Under_18,season_ticket_partial,True,True,6,0.7411915449617072,4,0.33333333333333337,0,218822.0,2.0,0,218822.0
FAN-002306,Ulsan HD,55_Plus,free_registered,True,True,1,0.9363900632846168,0,1.0,16729,0.0,0.0,16729,16729.0
FAN-002307,FC Seoul,35_54,paid_membership,True,False,4,0.9803428570618008,3,0.25,21225,140240.0,2.0,84900,225140.0
FAN-002308,Jeju SK,18_34,season_ticket_full,True,True,15,0.6489979867611423,9,0.4,0,320417.0,4.0,0,320417.0
FAN-002309,FC Seoul,35_54,free_registered,True,False,2,0.9642698787638597,1,0.5,16566,58745.0,1.0,33132,91877.0
FAN-002310,Ulsan HD,Under_18,paid_membership,True,False,3,0.906211562033323,2,0.33333333333333337,17311,0.0,0.0,51933,51933.0
FAN-002311,Ulsan HD,55_Plus,paid_membership,True,True,5,0.9549733882528421,4,0.19999999999999996,20438,0.0,0.0,102190,102190.0
FAN-002312,Jeonbuk Hyundai Motors,18_34,paid_membership,True,False,3,0.9472961187513108,2,0.33333333333333337,23736,96050.0,2.0,71208,167258.0
FAN-002313,Ulsan HD,18_34,free_registered,False,True,1,0.9517015430117315,0,1.0,24803,64109.0,1.0,24803,88912.0
FAN-002314,Jeonbuk Hyundai Motors,18_34,free_registered,True,True,1,0.9882876784480031,0,1.0,16623,0.0,0.0,16623,16623.0
FAN-002315,Gangwon FC,Under_18,paid_membership,True,False,5,0.8733441989201199,4,0.19999999999999996,23616,93107.0,2.0,118080,211187.0
FAN-002316,FC Seoul,55_Plus,free_registered,True,True,2,0.9881568610702225,1,0.5,24689,113805.0,1.0,49378,163183.0
FAN-002317,FC Seoul,Under_18,free_registered,True,False,1,0.9565146977834134,0,1.0,22065,28531.0,1.0,22065,50596.0
FAN-002318,Ulsan HD,35_54,free_registered,True,True,1,0.9221376678321028,0,1.0,24414,44166.0,1.0,24414,68580.0
FAN-002319,Ulsan HD,18_34,free_registered,False,False,1,0.903180735011518,0,1.0,21817,0.0,0.0,21817,21817.0
FAN-002320,Ulsan HD,55_Plus,season_ticket_full,True,True,19,0.8721968807315621,16,0.1578947368421053,0,166695.0,3.0,0,166695.0
FAN-002321,Gangwon FC,18_34,free_registered,True,True,1,0.947522774411928,0,1.0,17160,0.0,0.0,17160,17160.0
FAN-002322,Jeonbuk Hyundai Motors,18_34,season_ticket_full,True,False,17,0.8196187412731293,13,0.23529411764705888,0,196937.0,4.0,0,196937.0
FAN-002323,Jeju SK,18_34,free_registered,True,True,2,0.9732981082040045,1,0.5,19834,49994.0,1.0,39668,89662.0
FAN-002324,Ulsan HD,35_54,paid_membership,True,False,4,0.8542478349877483,3,0.25,21986,0.0,0.0,87944,87944.0
FAN-002325,Jeonbuk Hyundai Motors,Under_18,free_registered,True,True,1,0.9210653403338188,0,1.0,24894,0.0,0.0,24894,24894.0
FAN-002326,Gangwon FC,18_34,paid_membership,False,True,5,0.9249775179854489,4,0.19999999999999996,22337,0.0,0.0,111685,111685.0
FAN-002327,Jeonbuk Hyundai Motors,18_34,paid_membership,True,False,2,0.9050190530246521,1,0.5,22945,158093.0,2.0,45890,203983.0
FAN-002328,FC Seoul,35_54,free_registered,True,True,1,0.955261739937812,0,1.0,19408,0.0,0.0,19408,19408.0
FAN-002329,Jeju SK,18_34,season_ticket_partial,True,True,5,0.8512664783796673,4,0.19999999999999996,0,113553.0,2.0,0,113553.0
FAN-002330,FC Seoul,35_54,free_registered,True,False,1,0.998820700659943,0,1.0,21949,128012.0,1.0,21949,149961.0
FAN-002331,FC Seoul,18_34,paid_membership,True,False,3,0.8954489249531822,2,0.33333333333333337,20827,189909.0,2.0,62481,252390.0
FAN-002332,FC Seoul,35_54,season_ticket_full,True,True,16,0.7673531018222359,12,0.25,0,229643.0,3.0,0,229643.0
FAN-002333,Jeju SK,55_Plus,season_ticket_partial,True,True,11,0.8725049722158662,9,0.18181818181818177,0,96965.0,2.0,0,96965.0
FAN-002334,Jeju SK,18_34,season_ticket_full,True,False,16,0.7745258673141437,12,0.25,0,270685.0,4.0,0,270685.0
FAN-002335,FC Seoul,18_34,free_registered,True,False,1,0.946784672337005,0,1.0,18723,0.0,0.0,18723,18723.0
FAN-002336,Ulsan HD,18_34,free_registered,False,False,2,0.9842155188407717,1,0.5,17004,35315.0,1.0,34008,69323.0
FAN-002337,Ulsan HD,Under_18,free_registered,True,False,1,0.9675045229007838,0,1.0,17775,0.0,0.0,17775,17775.0
FAN-002338,Ulsan HD,18_34,paid_membership,True,True,4,0.917577380455973,3,0.25,17114,54352.0,1.0,68456,122808.0
FAN-002339,FC Seoul,35_54,paid_membership,True,False,5,0.856215795393036,4,0.19999999999999996,20720,132212.0,2.0,103600,235812.0
FAN-002340,Ulsan HD,18_34,free_registered,True,False,2,0.9367343637685738,1,0.5,23507,0.0,0.0,47014,47014.0
FAN-002341,Jeonbuk Hyundai Motors,55_Plus,paid_membership,True,True,5,0.87203029181834,4,0.19999999999999996,16612,0.0,0.0,83060,83060.0
FAN-002342,FC Seoul,18_34,free_registered,True,True,1,0.9906121481048434,0,1.0,23377,52521.0,1.0,23377,75898.0
FAN-002343,FC Seoul,35_54,free_registered,False,True,1,0.9695647319995863,0,1.0,17403,144689.0,1.0,17403,162092.0
FAN-002344,Ulsan HD,18_34,paid_membership,True,False,2,0.9162832456501826,1,0.5,16010,0.0,0.0,32020,32020.0
FAN-002345,Gangwon FC,18_34,free_registered,True,True,1,0.91359791695239,0,1.0,17997,99993.0,1.0,17997,117990.0
FAN-002346,Jeju SK,18_34,season_ticket_partial,True,True,5,0.7819864482407632,3,0.4,0,32657.0,1.0,0,32657.0
FAN-002347,Jeju SK,18_34,free_registered,True,True,1,0.9885156057166096,0,1.0,23782,0.0,0.0,23782,23782.0
FAN-002348,Ulsan HD,18_34,paid_membership,True,True,5,0.9468414840773459,4,0.19999999999999996,23762,150113.0,2.0,118810,268923.0
FAN-002349,Jeju SK,35_54,free_registered,True,True,2,0.959094130171508,1,0.5,16554,0.0,0.0,33108,33108.0
FAN-002350,FC Seoul,55_Plus,free_registered,True,False,2,0.9883665514666432,1,0.5,24955,0.0,0.0,49910,49910.0
FAN-002351,Jeju SK,18_34,paid_membership,False,True,2,0.8721082056055778,1,0.5,20646,0.0,0.0,41292,41292.0
FAN-002352,Gangwon FC,Under_18,season_ticket_partial,True,False,9,0.8871939964412585,7,0.2222222222222222,0,140790.0,2.0,0,140790.0
FAN-002353,Jeju SK,18_34,free_registered,True,False,1,0.9112176361013071,0,1.0,19155,21094.0,1.0,19155,40249.0
FAN-002354,Jeonbuk Hyundai Motors,18_34,free_registered,True,False,2,0.9991413150205267,1,0.5,24528,0.0,0.0,49056,49056.0
FAN-002355,Jeonbuk Hyundai Motors,18_34,paid_membership,True,False,2,0.925316230766319,1,0.5,24246,71221.0,1.0,48492,119713.0
FAN-002356,FC Seoul,35_54,free_registered,True,True,1,0.9296537575807217,0,1.0,17116,0.0,0.0,17116,17116.0
FAN-002357,Gangwon FC,55_Plus,season_ticket_partial,True,True,8,0.7118779328585786,5,0.375,0,260391.0,3.0,0,260391.0
FAN-002358,FC Seoul,55_Plus,paid_membership,True,True,4,0.9846041532041401,3,0.25,22994,115621.0,2.0,91976,207597.0
FAN-002359,Ulsan HD,18_34,free_registered,False,False,1,0.9146587675573807,0,1.0,19421,0.0,0.0,19421,19421.0
FAN-002360,FC Seoul,35_54,free_registered,True,True,2,0.9023892841677468,1,0.5,22552,0.0,0.0,45104,45104.0
FAN-002361,FC Seoul,35_54,paid_membership,True,True,5,0.9977941855669316,4,0.19999999999999996,18793,156598.0,2.0,93965,250563.0
FAN-002362,Ulsan HD,18_34,free_registered,True,False,2,0.9065722030040777,1,0.5,21327,0.0,0.0,42654,42654.0
FAN-002363,FC Seoul,18_34,paid_membership,False,False,2,0.9577791800571475,1,0.5,20945,75376.0,1.0,41890,117266.0
FAN-002364,Ulsan HD,35_54,free_registered,True,False,1,0.9492170148143841,0,1.0,20584,29576.0,1.0,20584,50160.0
FAN-002365,Jeju SK,18_34,paid_membership,False,False,2,0.9129685150499642,1,0.5,20168,0.0,0.0,40336,40336.0
FAN-002366,FC Seoul,18_34,free_registered,False,True,1,0.9286537630355757,0,1.0,18867,0.0,0.0,18867,18867.0
FAN-002367,FC Seoul,18_34,season_ticket_partial,True,False,5,0.9037772735376565,4,0.19999999999999996,0,47192.0,1.0,0,47192.0
FAN-002368,Jeju SK,35_54,free_registered,False,True,1,0.9387101878429669,0,1.0,22949,110972.0,1.0,22949,133921.0
FAN-002369,Ulsan HD,18_34,free_registered,True,False,1,0.9098320155168467,0,1.0,23979,88675.0,1.0,23979,112654.0
FAN-002370,Jeonbuk Hyundai Motors,55_Plus,season_ticket_partial,True,True,6,0.8963863914656149,5,0.16666666666666663,0,211731.0,3.0,0,211731.0
FAN-002371,Jeju SK,35_54,free_registered,True,True,1,0.9400001964895551,0,1.0,23402,0.0,0.0,23402,23402.0
FAN-002372,Jeonbuk Hyundai Motors,35_54,free_registered,True,False,2,0.9916920090696941,1,0.5,23893,0.0,0.0,47786,47786.0
FAN-002373,Jeju SK,Under_18,free_registered,True,True,2,0.9936927400877977,1,0.5,19287,0.0,0.0,38574,38574.0
FAN-002374,Ulsan HD,35_54,free_registered,True,False,2,0.9820144562687192,1,0.5,16165,0.0,0.0,32330,32330.0
FAN-002375,Jeju SK,Under_18,season_ticket_partial,True,False,10,0.9212198840731907,9,0.09999999999999998,0,108940.0,1.0,0,108940.0
FAN-002376,FC Seoul,Under_18,paid_membership,False,False,2,0.8731057854755835,1,0.5,17819,0.0,0.0,35638,35638.0
FAN-002377,Ulsan HD,18_34,free_registered,True,True,1,0.9124164393577839,0,1.0,20165,0.0,0.0,20165,20165.0
FAN-002378,Jeonbuk Hyundai Motors,18_34,paid_membership,True,True,4,0.9269008641184887,3,0.25,24734,147590.0,1.0,98936,246526.0
FAN-002379,Ulsan HD,35_54,paid_membership,False,False,2,0.8711208307997257,1,0.5,18232,208505.0,2.0,36464,244969.0
FAN-002380,Jeonbuk Hyundai Motors,Under_18,season_ticket_partial,True,False,5,0.8916181676784014,4,0.19999999999999996,0,63092.0,2.0,0,63092.0
FAN-002381,Jeonbuk Hyundai Motors,18_34,free_registered,True,True,2,0.9721314685690787,1,0.5,19334,29832.0,1.0,38668,68500.0
FAN-002382,Jeonbuk Hyundai Motors,18_34,paid_membership,False,True,3,0.9433544137057994,2,0.33333333333333337,20251,280626.0,2.0,60753,341379.0
FAN-002383,Gangwon FC,55_Plus,paid_membership,True,True,3,0.9632179836661844,2,0.33333333333333337,23955,0.0,0.0,71865,71865.0
FAN-002384,Ulsan HD,35_54,free_registered,True,False,2,0.9513774296154139,1,0.5,20416,0.0,0.0,40832,40832.0
FAN-002385,Ulsan HD,35_54,free_registered,True,True,2,0.9368909130969201,1,0.5,22281,0.0,0.0,44562,44562.0
FAN-002386,Jeju SK,18_34,free_registered,False,True,2,0.9360841858389162,1,0.5,24082,0.0,0.0,48164,48164.0
FAN-002387,Ulsan HD,Under_18,paid_membership,True,False,4,0.9295466943226043,3,0.25,24393,0.0,0.0,97572,97572.0
FAN-002388,Jeju SK,55_Plus,free_registered,True,True,2,0.9472897980499717,1,0.5,20185,0.0,0.0,40370,40370.0
FAN-002389,Jeonbuk Hyundai Motors,18_34,season_ticket_full,True,False,17,0.7425227647231927,12,0.2941176470588235,0,255318.0,3.0,0,255318.0
FAN-002390,Jeju SK,18_34,free_registered,True,True,2,0.9661706200710257,1,0.5,17469,100914.0,1.0,34938,135852.0
FAN-002391,Ulsan HD,35_54,paid_membership,False,True,4,0.901131097122083,3,0.25,20896,154967.0,2.0,83584,238551.0
FAN-002392,FC Seoul,Under_18,season_ticket_full,True,True,15,0.8541591988406814,12,0.19999999999999996,0,172034.0,2.0,0,172034.0
FAN-002393,Ulsan HD,35_54,paid_membership,False,True,3,0.9249661430344539,2,0.33333333333333337,19553,69433.0,1.0,58659,128092.0
FAN-002394,FC Seoul,18_34,season_ticket_partial,True,True,10,0.707179477714354,7,0.30000000000000004,0,269177.0,3.0,0,269177.0
FAN-002395,Jeonbuk Hyundai Motors,18_34,season_ticket_partial,True,True,6,0.8284683120291257,4,0.33333333333333337,0,412397.0,3.0,0,412397.0
FAN-002396,Ulsan HD,Under_18,free_registered,False,True,1,0.9989181648161434,0,1.0,24029,0.0,0.0,24029,24029.0
FAN-002397,FC Seoul,18_34,paid_membership,True,False,5,0.9735427879042666,4,0.19999999999999996,19049,19800.0,1.0,95245,115045.0
FAN-002398,FC Seoul,35_54,free_registered,True,True,1,0.9034457517138907,0,1.0,17889,144913.0,1.0,17889,162802.0
FAN-002399,Jeju SK,35_54,paid_membership,True,False,3,0.9842166526859918,2,0.33333333333333337,17828,0.0,0.0,53484,53484.0
FAN-002400,Jeju SK,18_34,free_registered,False,False,1,0.9896636097017184,0,1.0,23197,110609.0,1.0,23197,133806.0
FAN-002401,Ulsan HD,Under_18,paid_membership,True,True,3,0.9959045307169163,2,0.33333333333333337,23381,29990.0,1.0,70143,100133.0
FAN-002402,FC Seoul,35_54,paid_membership,False,True,3,0.974159123522152,2,0.33333333333333337,24955,177823.0,2.0,74865,252688.0
FAN-002403,Ulsan HD,35_54,free_registered,True,True,2,0.9772123323176476,1,0.5,22311,109816.0,1.0,44622,154438.0
FAN-002404,Ulsan HD,18_34,free_registered,False,True,1,0.9712345257421885,0,1.0,20750,29573.0,1.0,20750,50323.0
FAN-002405,Jeju SK,18_34,season_ticket_full,True,True,17,0.8263835941865656,14,0.17647058823529416,0,299793.0,5.0,0,299793.0
FAN-002406,Jeju SK,18_34,free_registered,True,True,1,0.9514583182536874,0,1.0,16084,0.0,0.0,16084,16084.0
FAN-002407,Ulsan HD,35_54,free_registered,True,False,1,0.9530480828661988,0,1.0,19175,0.0,0.0,19175,19175.0
FAN-002408,FC Seoul,55_Plus,free_registered,True,True,2,0.9555822824404003,1,0.5,17141,51709.0,1.0,34282,85991.0
FAN-002409,Gangwon FC,18_34,season_ticket_full,True,True,18,0.8341653396745436,15,0.16666666666666663,0,113190.0,3.0,0,113190.0
FAN-002410,Ulsan HD,35_54,season_ticket_full,True,True,19,0.627085212836353,11,0.42105263157894735,0,177984.0,2.0,0,177984.0
FAN-002411,Jeju SK,18_34,paid_membership,True,False,4,0.8868480290985667,3,0.25,20231,80418.0,1.0,80924,161342.0
FAN-002412,FC Seoul,18_34,season_ticket_partial,True,True,8,0.9108845613187171,7,0.125,0,348701.0,3.0,0,348701.0
FAN-002413,Ulsan HD,18_34,free_registered,True,False,1,0.9855468130147528,0,1.0,22438,31784.0,1.0,22438,54222.0
FAN-002414,FC Seoul,35_54,season_ticket_full,True,True,15,0.8221213358736156,12,0.19999999999999996,0,403307.0,4.0,0,403307.0
FAN-002415,Ulsan HD,18_34,free_registered,True,False,2,0.9926319131251461,1,0.5,24688,0.0,0.0,49376,49376.0
FAN-002416,Gangwon FC,18_34,free_registered,False,True,2,0.9793384614987398,1,0.5,24812,128926.0,1.0,49624,178550.0
FAN-002417,Ulsan HD,18_34,free_registered,True,False,1,0.9861503413579853,0,1.0,19639,0.0,0.0,19639,19639.0
FAN-002418,FC Seoul,18_34,paid_membership,True,False,2,0.9200313915422553,1,0.5,24209,0.0,0.0,48418,48418.0
FAN-002419,FC Seoul,Under_18,paid_membership,True,True,4,0.8952722808939999,3,0.25,20527,0.0,0.0,82108,82108.0
FAN-002420,Ulsan HD,35_54,free_registered,True,True,1,0.9236626291446761,0,1.0,24807,0.0,0.0,24807,24807.0
FAN-002421,FC Seoul,18_34,season_ticket_full,True,True,18,0.6248168013463731,11,0.38888888888888884,0,230982.0,2.0,0,230982.0
FAN-002422,FC Seoul,35_54,free_registered,True,False,1,0.9476287007683175,0,1.0,20535,0.0,0.0,20535,20535.0
FAN-002423,Jeonbuk Hyundai Motors,18_34,free_registered,True,False,1,0.9169813389037733,0,1.0,20314,66308.0,1.0,20314,86622.0
FAN-002424,Ulsan HD,18_34,free_registered,False,True,2,0.9745782570975272,1,0.5,22149,0.0,0.0,44298,44298.0
FAN-002425,FC Seoul,18_34,paid_membership,True,True,4,0.8871623657383011,3,0.25,24862,19220.0,1.0,99448,118668.0
FAN-002426,Gangwon FC,18_34,season_ticket_partial,True,True,9,0.914635393952877,8,0.11111111111111116,0,284274.0,2.0,0,284274.0
FAN-002427,FC Seoul,Under_18,free_registered,True,False,1,0.9909472426869055,0,1.0,22982,0.0,0.0,22982,22982.0
FAN-002428,Gangwon FC,18_34,paid_membership,True,False,4,0.9374318424656644,3,0.25,18942,0.0,0.0,75768,75768.0
FAN-002429,Ulsan HD,35_54,free_registered,False,True,1,0.9301117618248368,0,1.0,22005,0.0,0.0,22005,22005.0
FAN-002430,Jeonbuk Hyundai Motors,35_54,paid_membership,True,True,5,0.9615596182991177,4,0.19999999999999996,21560,71998.0,1.0,107800,179798.0
FAN-002431,Jeju SK,18_34,season_ticket_full,True,True,19,0.6061572783468706,11,0.42105263157894735,0,340776.0,3.0,0,340776.0
FAN-002432,Jeonbuk Hyundai Motors,18_34,free_registered,False,True,1,0.9083880770161744,0,1.0,18671,0.0,0.0,18671,18671.0
FAN-002433,Gangwon FC,18_34,season_ticket_partial,True,True,9,0.823525037349367,7,0.2222222222222222,0,216050.0,3.0,0,216050.0
FAN-002434,FC Seoul,18_34,paid_membership,True,True,5,0.8822787882327754,4,0.19999999999999996,21946,0.0,0.0,109730,109730.0
FAN-002435,Gangwon FC,Under_18,free_registered,True,True,2,0.9971824331827067,1,0.5,18562,116670.0,1.0,37124,153794.0
FAN-002436,Ulsan HD,35_54,season_ticket_full,True,False,17,0.693075703299804,11,0.3529411764705882,0,316683.0,4.0,0,316683.0
FAN-002437,Ulsan HD,18_34,free_registered,True,False,2,0.9820524372855122,1,0.5,24346,0.0,0.0,48692,48692.0
FAN-002438,Ulsan HD,18_34,free_registered,True,False,1,0.9223425634325428,0,1.0,23680,0.0,0.0,23680,23680.0
FAN-002439,Ulsan HD,18_34,free_registered,True,True,1,0.9417292328049426,0,1.0,21454,0.0,0.0,21454,21454.0
FAN-002440,FC Seoul,Under_18,free_registered,False,False,1,0.9726449997698058,0,1.0,16387,0.0,0.0,16387,16387.0
FAN-002441,Jeju SK,35_54,season_ticket_partial,True,False,8,0.9344616447510217,7,0.125,0,189385.0,3.0,0,189385.0
FAN-002442,Ulsan HD,Under_18,paid_membership,True,True,2,0.9083550108294106,1,0.5,18427,125698.0,1.0,36854,162552.0
FAN-002443,Jeonbuk Hyundai Motors,Under_18,season_ticket_partial,True,True,8,0.7371585289889238,5,0.375,0,183358.0,2.0,0,183358.0
FAN-002444,Jeonbuk Hyundai Motors,35_54,free_registered,True,False,1,0.9009017644483137,0,1.0,16715,102851.0,1.0,16715,119566.0
FAN-002445,Ulsan HD,18_34,free_registered,True,False,1,0.9924520617049353,0,1.0,23886,85128.0,1.0,23886,109014.0
FAN-002446,Ulsan HD,35_54,free_registered,True,True,2,0.9413447254183734,1,0.5,17532,0.0,0.0,35064,35064.0
FAN-002447,FC Seoul,35_54,paid_membership,True,True,3,0.9362228142473206,2,0.33333333333333337,22328,84639.0,1.0,66984,151623.0
FAN-002448,FC Seoul,18_34,season_ticket_full,True,False,18,0.7168731839337594,12,0.33333333333333337,0,423992.0,4.0,0,423992.0
FAN-002449,FC Seoul,35_54,paid_membership,True,False,4,0.9291797595446943,3,0.25,16921,138544.0,1.0,67684,206228.0
FAN-002450,Ulsan HD,Under_18,free_registered,True,False,1,0.9758988895449762,0,1.0,16693,0.0,0.0,16693,16693.0
FAN-002451,FC Seoul,18_34,season_ticket_partial,True,True,11,0.7728774154312756,8,0.2727272727272727,0,224408.0,2.0,0,224408.0
FAN-002452,Gangwon FC,18_34,paid_membership,True,True,5,0.8616997846253655,4,0.19999999999999996,17251,62685.0,1.0,86255,148940.0
FAN-002453,Jeju SK,18_34,free_registered,True,True,1,0.9215112591060151,0,1.0,16101,0.0,0.0,16101,16101.0
FAN-002454,Ulsan HD,35_54,season_ticket_partial,True,False,7,0.7773591736822505,5,0.2857142857142857,0,212601.0,3.0,0,212601.0
FAN-002455,Jeju SK,35_54,free_registered,True,False,1,0.9530206869705227,0,1.0,17800,0.0,0.0,17800,17800.0
FAN-002456,FC Seoul,55_Plus,free_registered,True,True,1,0.9345116337453563,0,1.0,16071,0.0,0.0,16071,16071.0
FAN-002457,Ulsan HD,35_54,free_registered,False,True,1,0.929972652572808,0,1.0,23666,0.0,0.0,23666,23666.0
FAN-002458,Jeju SK,18_34,free_registered,True,False,2,0.9182693969329041,1,0.5,16883,22405.0,1.0,33766,56171.0
FAN-002459,Ulsan HD,18_34,free_registered,True,False,2,0.9159200997596048,1,0.5,19049,0.0,0.0,38098,38098.0
FAN-002460,Ulsan HD,18_34,free_registered,True,False,1,0.9472939740338538,0,1.0,19903,123953.0,1.0,19903,143856.0
FAN-002461,Gangwon FC,18_34,free_registered,True,True,1,0.944590002565788,0,1.0,23408,135702.0,1.0,23408,159110.0
FAN-002462,Jeonbuk Hyundai Motors,18_34,paid_membership,True,False,5,0.8735302439493269,4,0.19999999999999996,23956,132892.0,1.0,119780,252672.0
FAN-002463,Jeju SK,55_Plus,season_ticket_full,True,False,16,0.8466591838997923,13,0.1875,0,234485.0,3.0,0,234485.0
FAN-002464,Jeju SK,18_34,paid_membership,True,True,3,0.9411695702697175,2,0.33333333333333337,23822,112867.0,1.0,71466,184333.0
FAN-002465,Jeju SK,18_34,free_registered,True,False,1,0.9831203103761139,0,1.0,21546,52062.0,1.0,21546,73608.0
FAN-002466,FC Seoul,18_34,free_registered,True,True,1,0.9108851926480312,0,1.0,21848,0.0,0.0,21848,21848.0
FAN-002467,Ulsan HD,35_54,free_registered,True,False,2,0.9457759679226267,1,0.5,21647,0.0,0.0,43294,43294.0
FAN-002468,FC Seoul,35_54,free_registered,True,False,2,0.9286453137194993,1,0.5,22690,0.0,0.0,45380,45380.0
FAN-002469,Ulsan HD,35_54,paid_membership,False,True,4,0.8609978668496533,3,0.25,19211,146339.0,2.0,76844,223183.0
FAN-002470,Ulsan HD,18_34,paid_membership,True,False,2,0.9472077473124557,1,0.5,24119,86176.0,1.0,48238,134414.0
FAN-002471,FC Seoul,35_54,paid_membership,False,True,4,0.9109704480659179,3,0.25,23919,0.0,0.0,95676,95676.0
FAN-002472,Gangwon FC,Under_18,paid_membership,True,False,3,0.884575162870778,2,0.33333333333333337,16307,110150.0,1.0,48921,159071.0
FAN-002473,Gangwon FC,35_54,free_registered,True,False,2,0.9124099410013539,1,0.5,20487,146059.0,1.0,40974,187033.0
FAN-002474,Jeonbuk Hyundai Motors,18_34,free_registered,True,False,1,0.9639403434845946,0,1.0,16086,0.0,0.0,16086,16086.0
FAN-002475,Ulsan HD,18_34,paid_membership,True,False,2,0.9161272856060285,1,0.5,21498,0.0,0.0,42996,42996.0
FAN-002476,Jeonbuk Hyundai Motors,18_34,free_registered,True,True,2,0.9768384709624888,1,0.5,23210,0.0,0.0,46420,46420.0
FAN-002477,FC Seoul,35_54,free_registered,True,True,1,0.982869512978268,0,1.0,16865,0.0,0.0,16865,16865.0
FAN-002478,Jeonbuk Hyundai Motors,Under_18,free_registered,False,True,1,0.9522844007972131,0,1.0,24344,0.0,0.0,24344,24344.0
FAN-002479,FC Seoul,35_54,free_registered,True,False,1,0.9908402545946648,0,1.0,22615,130045.0,1.0,22615,152660.0
FAN-002480,Jeonbuk Hyundai Motors,18_34,free_registered,True,True,1,0.9020350880483455,0,1.0,18711,0.0,0.0,18711,18711.0
FAN-002481,FC Seoul,18_34,season_ticket_partial,True,False,7,0.8102951277940604,5,0.2857142857142857,0,77095.0,1.0,0,77095.0
FAN-002482,Jeonbuk Hyundai Motors,Under_18,season_ticket_partial,True,True,8,0.7289136555965383,5,0.375,0,265475.0,3.0,0,265475.0
FAN-002483,Gangwon FC,18_34,free_registered,True,False,1,0.9957300537109031,0,1.0,16937,103505.0,1.0,16937,120442.0
FAN-002484,FC Seoul,18_34,free_registered,True,True,2,0.9960579526210558,1,0.5,17614,0.0,0.0,35228,35228.0
FAN-002485,Ulsan HD,18_34,paid_membership,False,False,3,0.9408200249910772,2,0.33333333333333337,21230,0.0,0.0,63690,63690.0
FAN-002486,Gangwon FC,35_54,free_registered,True,False,1,0.9631863491970696,0,1.0,23435,73286.0,1.0,23435,96721.0
FAN-002487,Ulsan HD,18_34,free_registered,True,False,1,0.9027328999703477,0,1.0,18524,0.0,0.0,18524,18524.0
FAN-002488,Jeonbuk Hyundai Motors,55_Plus,free_registered,True,False,2,0.9700325814704458,1,0.5,19731,0.0,0.0,39462,39462.0
FAN-002489,Jeju SK,35_54,free_registered,False,False,2,0.9768041754815748,1,0.5,22530,126818.0,1.0,45060,171878.0
FAN-002490,Ulsan HD,35_54,paid_membership,False,False,3,0.9237409841015172,2,0.33333333333333337,19407,160394.0,2.0,58221,218615.0
FAN-002491,FC Seoul,Under_18,season_ticket_partial,True,False,8,0.8764525562829658,7,0.125,0,218781.0,3.0,0,218781.0
FAN-002492,FC Seoul,18_34,free_registered,True,True,1,0.9850112411606798,0,1.0,17264,130373.0,1.0,17264,147637.0
FAN-002493,Jeonbuk Hyundai Motors,18_34,free_registered,False,False,2,0.9923843415032374,1,0.5,20323,0.0,0.0,40646,40646.0
FAN-002494,Ulsan HD,35_54,free_registered,True,False,2,0.9533228865718694,1,0.5,17685,113975.0,1.0,35370,149345.0
FAN-002495,Ulsan HD,35_54,free_registered,True,True,1,0.9524115220409117,0,1.0,20168,0.0,0.0,20168,20168.0
FAN-002496,Ulsan HD,Under_18,season_ticket_full,True,False,17,0.7393907555330113,12,0.2941176470588235,0,229180.0,3.0,0,229180.0
FAN-002497,Jeju SK,Under_18,paid_membership,True,False,5,0.9810172575439928,4,0.19999999999999996,20318,124587.0,2.0,101590,226177.0
FAN-002498,Jeonbuk Hyundai Motors,35_54,paid_membership,True,False,3,0.9315947149127527,2,0.33333333333333337,21645,99157.0,1.0,64935,164092.0
FAN-002499,Gangwon FC,18_34,paid_membership,True,False,2,0.8908351285185898,1,0.5,16484,0.0,0.0,32968,32968.0
FAN-002500,Ulsan HD,35_54,season_ticket_partial,True,True,7,0.8536070321805174,5,0.2857142857142857,0,145258.0,1.0,0,145258.0
FAN-002501,Jeonbuk Hyundai Motors,18_34,season_ticket_partial,True,True,9,0.7985534273438211,7,0.2222222222222222,0,115491.0,2.0,0,115491.0
FAN-002502,Jeonbuk Hyundai Motors,35_54,free_registered,True,True,1,0.9214455740628419,0,1.0,22359,0.0,0.0,22359,22359.0
FAN-002503,Jeju SK,Under_18,free_registered,False,True,1,0.954127604186368,0,1.0,22897,91792.0,1.0,22897,114689.0
FAN-002504,Gangwon FC,Under_18,paid_membership,True,False,2,0.9443338728761324,1,0.5,23349,110876.0,1.0,46698,157574.0
FAN-002505,FC Seoul,35_54,free_registered,True,True,1,0.9737582467048191,0,1.0,21248,0.0,0.0,21248,21248.0
FAN-002506,FC Seoul,55_Plus,season_ticket_full,True,False,15,0.7032526838508194,10,0.33333333333333337,0,314678.0,3.0,0,314678.0
FAN-002507,Jeonbuk Hyundai Motors,18_34,paid_membership,True,False,2,0.9861869233188798,1,0.5,21983,152034.0,2.0,43966,196000.0
FAN-002508,Ulsan HD,18_34,season_ticket_full,True,False,18,0.6344618034191621,11,0.38888888888888884,0,210677.0,3.0,0,210677.0
FAN-002509,Jeonbuk Hyundai Motors,35_54,free_registered,True,True,1,0.9630892427106285,0,1.0,24274,95251.0,1.0,24274,119525.0
FAN-002510,Jeonbuk Hyundai Motors,55_Plus,season_ticket_partial,True,True,6,0.9374855899345665,5,0.16666666666666663,0,76382.0,1.0,0,76382.0
FAN-002511,FC Seoul,35_54,free_registered,True,True,1,0.9688657021458524,0,1.0,23600,0.0,0.0,23600,23600.0
FAN-002512,Jeonbuk Hyundai Motors,55_Plus,season_ticket_full,True,True,17,0.6834666260746068,11,0.3529411764705882,0,301784.0,3.0,0,301784.0
FAN-002513,Ulsan HD,Under_18,free_registered,True,False,2,0.9342236343976085,1,0.5,21763,101518.0,1.0,43526,145044.0
FAN-002514,Ulsan HD,Under_18,paid_membership,True,False,2,0.985343924877475,1,0.5,18477,0.0,0.0,36954,36954.0
FAN-002515,Jeju SK,35_54,paid_membership,True,True,3,0.957619972090043,2,0.33333333333333337,17989,0.0,0.0,53967,53967.0
FAN-002516,Gangwon FC,35_54,free_registered,False,False,2,0.9437453395575016,1,0.5,22008,77006.0,1.0,44016,121022.0
FAN-002517,FC Seoul,18_34,free_registered,True,True,2,0.9247648771401148,1,0.5,24651,0.0,0.0,49302,49302.0
FAN-002518,Ulsan HD,18_34,season_ticket_full,True,False,19,0.798249594817597,15,0.21052631578947367,0,222258.0,3.0,0,222258.0
FAN-002519,Jeju SK,35_54,free_registered,False,True,2,0.9958362823217675,1,0.5,21561,119258.0,1.0,43122,162380.0
FAN-002520,Jeonbuk Hyundai Motors,Under_18,paid_membership,True,False,4,0.9841984311483777,3,0.25,22309,0.0,0.0,89236,89236.0
FAN-002521,Jeju SK,18_34,free_registered,True,True,2,0.9626908089849061,1,0.5,21571,0.0,0.0,43142,43142.0
FAN-002522,FC Seoul,18_34,season_ticket_partial,True,True,6,0.7691199758890059,4,0.33333333333333337,0,178871.0,2.0,0,178871.0
FAN-002523,FC Seoul,35_54,paid_membership,True,True,3,0.8847703591448257,2,0.33333333333333337,18514,0.0,0.0,55542,55542.0
FAN-002524,Ulsan HD,35_54,free_registered,False,True,2,0.9695946103966048,1,0.5,19754,0.0,0.0,39508,39508.0
FAN-002525,Jeonbuk Hyundai Motors,18_34,free_registered,True,False,2,0.932822728137985,1,0.5,23204,0.0,0.0,46408,46408.0
FAN-002526,FC Seoul,35_54,paid_membership,True,True,3,0.8688309974926486,2,0.33333333333333337,20507,0.0,0.0,61521,61521.0
FAN-002527,FC Seoul,35_54,free_registered,True,False,1,0.9756744374295241,0,1.0,24577,0.0,0.0,24577,24577.0
FAN-002528,Gangwon FC,18_34,free_registered,False,False,1,0.9138291618398714,0,1.0,19493,95621.0,1.0,19493,115114.0
FAN-002529,FC Seoul,35_54,paid_membership,False,False,5,0.8595640319375647,4,0.19999999999999996,20133,0.0,0.0,100665,100665.0
FAN-002530,Gangwon FC,18_34,free_registered,True,False,1,0.9807759303315381,0,1.0,23385,40126.0,1.0,23385,63511.0
FAN-002531,Jeju SK,Under_18,free_registered,True,True,2,0.9050348904519767,1,0.5,19114,0.0,0.0,38228,38228.0
FAN-002532,Jeonbuk Hyundai Motors,Under_18,paid_membership,True,True,4,0.9940286558235504,3,0.25,18165,0.0,0.0,72660,72660.0
FAN-002533,FC Seoul,18_34,free_registered,True,False,1,0.9839834885240168,0,1.0,18653,91027.0,1.0,18653,109680.0
FAN-002534,FC Seoul,18_34,free_registered,False,False,1,0.9952762708564334,0,1.0,16197,66955.0,1.0,16197,83152.0
FAN-002535,Jeonbuk Hyundai Motors,35_54,free_registered,False,False,2,0.965598512895391,1,0.5,22394,0.0,0.0,44788,44788.0
FAN-002536,Jeonbuk Hyundai Motors,35_54,paid_membership,False,False,2,0.9598657910072538,1,0.5,18515,0.0,0.0,37030,37030.0
FAN-002537,Jeonbuk Hyundai Motors,35_54,paid_membership,True,True,2,0.8721604667639934,1,0.5,23670,28191.0,1.0,47340,75531.0
FAN-002538,FC Seoul,18_34,paid_membership,False,False,5,0.9906974662580008,4,0.19999999999999996,24295,65980.0,1.0,121475,187455.0
FAN-002539,Jeonbuk Hyundai Motors,18_34,free_registered,False,False,2,0.945586169742578,1,0.5,18032,85670.0,1.0,36064,121734.0
FAN-002540,Jeonbuk Hyundai Motors,18_34,free_registered,True,True,1,0.9727327391285496,0,1.0,17257,123292.0,1.0,17257,140549.0
FAN-002541,Jeju SK,18_34,free_registered,True,False,2,0.9036207106383825,1,0.5,22216,0.0,0.0,44432,44432.0
FAN-002542,Jeonbuk Hyundai Motors,Under_18,free_registered,False,True,2,0.9603233466645725,1,0.5,21281,0.0,0.0,42562,42562.0
FAN-002543,Jeonbuk Hyundai Motors,35_54,season_ticket_full,True,True,16,0.6916990633590783,11,0.3125,0,524098.0,5.0,0,524098.0
FAN-002544,Jeju SK,55_Plus,free_registered,False,False,1,0.9189672378773802,0,1.0,16336,83385.0,1.0,16336,99721.0
FAN-002545,FC Seoul,18_34,free_registered,True,False,2,0.9569222730198077,1,0.5,21608,129208.0,1.0,43216,172424.0
FAN-002546,Ulsan HD,Under_18,free_registered,True,False,2,0.9409450254508106,1,0.5,20292,0.0,0.0,40584,40584.0
FAN-002547,FC Seoul,35_54,paid_membership,False,False,5,0.9638237788634113,4,0.19999999999999996,16994,122918.0,2.0,84970,207888.0
FAN-002548,Ulsan HD,18_34,paid_membership,True,True,3,0.9875282201008567,2,0.33333333333333337,16099,0.0,0.0,48297,48297.0
FAN-002549,Ulsan HD,35_54,paid_membership,False,False,3,0.9479189709343249,2,0.33333333333333337,18110,19213.0,1.0,54330,73543.0
FAN-002550,FC Seoul,35_54,season_ticket_partial,True,True,10,0.8064233521401173,8,0.19999999999999996,0,258513.0,3.0,0,258513.0
FAN-002551,Ulsan HD,55_Plus,free_registered,True,True,2,0.9790810040583734,1,0.5,19777,70765.0,1.0,39554,110319.0
FAN-002552,FC Seoul,18_34,free_registered,True,True,2,0.9076573052648612,1,0.5,18331,71243.0,1.0,36662,107905.0
FAN-002553,Jeonbuk Hyundai Motors,35_54,free_registered,True,False,1,0.9278578812901954,0,1.0,16875,0.0,0.0,16875,16875.0
FAN-002554,Gangwon FC,18_34,paid_membership,True,True,3,0.9148247985573786,2,0.33333333333333337,24173,111872.0,1.0,72519,184391.0
FAN-002555,FC Seoul,35_54,paid_membership,False,False,3,0.8724802632305917,2,0.33333333333333337,23305,118100.0,1.0,69915,188015.0
FAN-002556,Gangwon FC,18_34,paid_membership,True,False,4,0.967015172109539,3,0.25,24610,95974.0,1.0,98440,194414.0
FAN-002557,Ulsan HD,18_34,paid_membership,True,True,5,0.9244628584378939,4,0.19999999999999996,21889,0.0,0.0,109445,109445.0
FAN-002558,FC Seoul,18_34,paid_membership,True,False,4,0.8785213981282416,3,0.25,16990,199176.0,2.0,67960,267136.0
FAN-002559,FC Seoul,18_34,season_ticket_partial,True,True,7,0.8953872222349815,6,0.1428571428571429,0,65063.0,1.0,0,65063.0
FAN-002560,Ulsan HD,35_54,paid_membership,False,True,5,0.9779828085627711,4,0.19999999999999996,24875,0.0,0.0,124375,124375.0
FAN-002561,Jeonbuk Hyundai Motors,35_54,paid_membership,True,False,2,0.9338239224898507,1,0.5,16042,131738.0,2.0,32084,163822.0
FAN-002562,Jeonbuk Hyundai Motors,35_54,free_registered,True,True,2,0.9860238816506566,1,0.5,18035,56616.0,1.0,36070,92686.0
FAN-002563,FC Seoul,Under_18,paid_membership,True,False,3,0.9890755401390716,2,0.33333333333333337,19379,0.0,0.0,58137,58137.0
FAN-002564,FC Seoul,35_54,season_ticket_partial,True,False,11,0.8543693898458757,9,0.18181818181818177,0,344094.0,3.0,0,344094.0
FAN-002565,Ulsan HD,18_34,free_registered,True,True,2,0.9624063326615326,1,0.5,20912,0.0,0.0,41824,41824.0
FAN-002566,FC Seoul,35_54,paid_membership,True,False,4,0.8941944346928096,3,0.25,18428,0.0,0.0,73712,73712.0
FAN-002567,FC Seoul,55_Plus,paid_membership,True,True,5,0.9115285322964738,4,0.19999999999999996,19187,131114.0,1.0,95935,227049.0
FAN-002568,FC Seoul,Under_18,free_registered,False,True,1,0.9492949622016269,0,1.0,19740,51977.0,1.0,19740,71717.0
FAN-002569,Jeonbuk Hyundai Motors,35_54,paid_membership,False,True,3,0.9806853642560329,2,0.33333333333333337,16843,136091.0,2.0,50529,186620.0
FAN-002570,Gangwon FC,Under_18,free_registered,False,True,2,0.9636109775683802,1,0.5,19278,0.0,0.0,38556,38556.0
FAN-002571,Ulsan HD,18_34,season_ticket_full,True,True,18,0.8916247273302509,16,0.11111111111111116,0,390690.0,4.0,0,390690.0
FAN-002572,Gangwon FC,18_34,season_ticket_partial,True,False,6,0.8560257559326998,5,0.16666666666666663,0,157259.0,2.0,0,157259.0
FAN-002573,Ulsan HD,Under_18,free_registered,True,True,2,0.9241686961765856,1,0.5,22068,52307.0,1.0,44136,96443.0
FAN-002574,Ulsan HD,35_54,free_registered,True,False,2,0.9735214444796441,1,0.5,22800,0.0,0.0,45600,45600.0
FAN-002575,FC Seoul,Under_18,paid_membership,True,True,5,0.9991231113419003,4,0.19999999999999996,22900,0.0,0.0,114500,114500.0
FAN-002576,Jeju SK,18_34,free_registered,False,True,2,0.995213482288952,1,0.5,18295,0.0,0.0,36590,36590.0
FAN-002577,Gangwon FC,35_54,free_registered,True,True,2,0.9679479681782904,1,0.5,18897,0.0,0.0,37794,37794.0
FAN-002578,Jeju SK,35_54,paid_membership,True,False,3,0.9715872800705947,2,0.33333333333333337,19927,28934.0,1.0,59781,88715.0
FAN-002579,Ulsan HD,55_Plus,free_registered,True,True,1,0.9978631810466837,0,1.0,23499,0.0,0.0,23499,23499.0
FAN-002580,Jeju SK,35_54,free_registered,True,True,1,0.9043380803227098,0,1.0,19107,0.0,0.0,19107,19107.0
FAN-002581,FC Seoul,35_54,season_ticket_partial,True,True,10,0.8345586654339405,8,0.19999999999999996,0,153800.0,2.0,0,153800.0
FAN-002582,Jeonbuk Hyundai Motors,18_34,season_ticket_partial,True,False,8,0.8561434496099449,6,0.25,0,268856.0,2.0,0,268856.0
FAN-002583,Ulsan HD,Under_18,paid_membership,True,True,2,0.9643422524768479,1,0.5,24258,116044.0,1.0,48516,164560.0
FAN-002584,Ulsan HD,Under_18,season_ticket_partial,True,False,8,0.736660860286444,5,0.375,0,203359.0,3.0,0,203359.0
FAN-002585,Jeju SK,18_34,free_registered,True,True,2,0.9983386157155594,1,0.5,21286,26560.0,1.0,42572,69132.0
FAN-002586,Jeju SK,35_54,free_registered,True,False,2,0.9904924390433577,1,0.5,22841,105978.0,1.0,45682,151660.0
FAN-002587,FC Seoul,18_34,free_registered,True,True,2,0.9197117442020245,1,0.5,17268,0.0,0.0,34536,34536.0
FAN-002588,Jeju SK,35_54,paid_membership,True,True,3,0.9435031956509872,2,0.33333333333333337,20691,69838.0,2.0,62073,131911.0
FAN-002589,FC Seoul,18_34,season_ticket_full,True,True,19,0.8352750735363336,15,0.21052631578947367,0,333336.0,3.0,0,333336.0
FAN-002590,Jeonbuk Hyundai Motors,Under_18,paid_membership,True,False,3,0.9571568759771085,2,0.33333333333333337,22762,133531.0,1.0,68286,201817.0
FAN-002591,Jeonbuk Hyundai Motors,18_34,season_ticket_partial,True,True,9,0.7452557141531089,6,0.33333333333333337,0,303230.0,3.0,0,303230.0
FAN-002592,Jeonbuk Hyundai Motors,35_54,paid_membership,False,False,3,0.9542430644228517,2,0.33333333333333337,17874,153598.0,2.0,53622,207220.0
FAN-002593,Jeju SK,35_54,free_registered,True,True,1,0.9994164261589362,0,1.0,16601,37957.0,1.0,16601,54558.0
FAN-002594,Ulsan HD,35_54,free_registered,True,True,1,0.9040069643800879,0,1.0,22259,100162.0,1.0,22259,122421.0
FAN-002595,FC Seoul,Under_18,free_registered,False,True,1,0.9257162934461935,0,1.0,23044,0.0,0.0,23044,23044.0
FAN-002596,Jeonbuk Hyundai Motors,55_Plus,free_registered,True,True,2,0.993457607773858,1,0.5,20780,0.0,0.0,41560,41560.0
FAN-002597,FC Seoul,18_34,paid_membership,True,False,2,0.9575061507350255,1,0.5,23512,0.0,0.0,47024,47024.0
FAN-002598,Ulsan HD,Under_18,free_registered,True,False,1,0.9106489138962945,0,1.0,18582,26760.0,1.0,18582,45342.0
FAN-002599,FC Seoul,55_Plus,paid_membership,False,False,5,0.855219160708965,4,0.19999999999999996,16095,0.0,0.0,80475,80475.0
FAN-002600,FC Seoul,18_34,paid_membership,False,False,3,0.9689437234090321,2,0.33333333333333337,20220,17819.0,1.0,60660,78479.0
FAN-002601,Jeju SK,35_54,free_registered,True,True,2,0.9386091253115695,1,0.5,24425,86812.0,1.0,48850,135662.0
FAN-002602,FC Seoul,18_34,free_registered,True,False,1,0.9788303107628664,0,1.0,20677,0.0,0.0,20677,20677.0
FAN-002603,Jeonbuk Hyundai Motors,35_54,free_registered,True,True,1,0.961103565437669,0,1.0,22774,82776.0,1.0,22774,105550.0
FAN-002604,Ulsan HD,55_Plus,free_registered,True,False,2,0.943490455634793,1,0.5,24213,130277.0,1.0,48426,178703.0
FAN-002605,FC Seoul,18_34,season_ticket_partial,True,True,6,0.8405261380324902,5,0.16666666666666663,0,78506.0,2.0,0,78506.0
FAN-002606,Ulsan HD,35_54,free_registered,True,False,1,0.9885938842017533,0,1.0,17235,0.0,0.0,17235,17235.0
FAN-002607,FC Seoul,18_34,paid_membership,True,False,2,0.9930630117330793,1,0.5,24187,110833.0,1.0,48374,159207.0
FAN-002608,FC Seoul,35_54,season_ticket_partial,True,False,10,0.8741240199102869,8,0.19999999999999996,0,91227.0,1.0,0,91227.0
FAN-002609,Jeonbuk Hyundai Motors,18_34,season_ticket_partial,True,True,8,0.8151169291072811,6,0.25,0,261394.0,2.0,0,261394.0
FAN-002610,FC Seoul,18_34,season_ticket_partial,True,True,7,0.7361872308107451,5,0.2857142857142857,0,138785.0,1.0,0,138785.0
FAN-002611,Jeonbuk Hyundai Motors,18_34,free_registered,True,True,1,0.93298505495893,0,1.0,16552,95616.0,1.0,16552,112168.0
FAN-002612,FC Seoul,18_34,free_registered,True,False,1,0.9892053099834532,0,1.0,18587,73039.0,1.0,18587,91626.0
FAN-002613,FC Seoul,55_Plus,free_registered,False,False,1,0.9596833346679402,0,1.0,23966,0.0,0.0,23966,23966.0
FAN-002614,Jeonbuk Hyundai Motors,18_34,free_registered,True,True,1,0.9343586790267835,0,1.0,23700,94988.0,1.0,23700,118688.0
FAN-002615,Ulsan HD,18_34,season_ticket_partial,True,True,5,0.7800542218346455,3,0.4,0,130079.0,2.0,0,130079.0
FAN-002616,FC Seoul,18_34,paid_membership,True,True,3,0.851196871505137,2,0.33333333333333337,24227,163790.0,2.0,72681,236471.0
FAN-002617,Ulsan HD,18_34,free_registered,True,False,2,0.9399975882995305,1,0.5,22092,0.0,0.0,44184,44184.0
FAN-002618,FC Seoul,35_54,free_registered,True,True,2,0.9026171008666574,1,0.5,20065,66235.0,1.0,40130,106365.0
FAN-002619,Jeonbuk Hyundai Motors,55_Plus,free_registered,False,False,1,0.9679002521783096,0,1.0,24722,112780.0,1.0,24722,137502.0
FAN-002620,Ulsan HD,18_34,paid_membership,True,True,3,0.9546099984897877,2,0.33333333333333337,19089,0.0,0.0,57267,57267.0
FAN-002621,Jeonbuk Hyundai Motors,35_54,paid_membership,True,True,4,0.9324745301119037,3,0.25,22227,0.0,0.0,88908,88908.0
FAN-002622,Jeonbuk Hyundai Motors,35_54,season_ticket_partial,True,False,9,0.712883132058549,6,0.33333333333333337,0,219879.0,3.0,0,219879.0
FAN-002623,Ulsan HD,18_34,season_ticket_full,True,True,17,0.6523058879924393,11,0.3529411764705882,0,271513.0,4.0,0,271513.0
FAN-002624,Gangwon FC,35_54,free_registered,False,True,1,0.9224862014780262,0,1.0,23889,0.0,0.0,23889,23889.0
FAN-002625,Ulsan HD,18_34,free_registered,True,True,1,0.9865203557117632,0,1.0,22537,0.0,0.0,22537,22537.0
FAN-002626,Gangwon FC,35_54,free_registered,True,True,1,0.9480636066775207,0,1.0,18067,139408.0,1.0,18067,157475.0
FAN-002627,FC Seoul,35_54,free_registered,True,False,1,0.9695497111070694,0,1.0,18404,140417.0,1.0,18404,158821.0
FAN-002628,Jeju SK,18_34,season_ticket_partial,True,True,5,0.9247082686344437,4,0.19999999999999996,0,132146.0,1.0,0,132146.0
FAN-002629,Ulsan HD,55_Plus,paid_membership,True,False,5,0.8879154648963365,4,0.19999999999999996,24963,180414.0,2.0,124815,305229.0
FAN-002630,Ulsan HD,35_54,paid_membership,False,True,2,0.9152321466274754,1,0.5,18873,0.0,0.0,37746,37746.0
FAN-002631,Jeju SK,18_34,free_registered,True,False,1,0.9771156730240348,0,1.0,23707,91354.0,1.0,23707,115061.0
FAN-002632,Jeonbuk Hyundai Motors,35_54,free_registered,True,False,1,0.9232138176152737,0,1.0,21480,0.0,0.0,21480,21480.0
FAN-002633,FC Seoul,18_34,free_registered,True,False,1,0.9625719809388854,0,1.0,16716,0.0,0.0,16716,16716.0
FAN-002634,FC Seoul,55_Plus,paid_membership,True,False,5,0.9956079160316111,4,0.19999999999999996,20159,76900.0,1.0,100795,177695.0
FAN-002635,Jeonbuk Hyundai Motors,35_54,paid_membership,True,True,3,0.9711179897515421,2,0.33333333333333337,22429,0.0,0.0,67287,67287.0
FAN-002636,Jeju SK,Under_18,free_registered,True,True,1,0.9068331757352242,0,1.0,22485,0.0,0.0,22485,22485.0
FAN-002637,Gangwon FC,18_34,paid_membership,True,False,4,0.8813602082660417,3,0.25,18556,0.0,0.0,74224,74224.0
FAN-002638,Jeonbuk Hyundai Motors,35_54,season_ticket_partial,True,True,11,0.7770835377250709,8,0.2727272727272727,0,287220.0,2.0,0,287220.0
FAN-002639,Gangwon FC,Under_18,free_registered,True,True,2,0.9690629581055245,1,0.5,23605,48540.0,1.0,47210,95750.0
FAN-002640,Jeonbuk Hyundai Motors,Under_18,paid_membership,False,True,4,0.9390186421142184,3,0.25,22678,15827.0,1.0,90712,106539.0
FAN-002641,FC Seoul,18_34,free_registered,True,True,1,0.9396015756933684,0,1.0,19601,49664.0,1.0,19601,69265.0
FAN-002642,FC Seoul,18_34,paid_membership,True,True,4,0.9955127199524811,3,0.25,19837,84886.0,2.0,79348,164234.0
FAN-002643,Jeonbuk Hyundai Motors,18_34,paid_membership,True,True,4,0.9605108462360198,3,0.25,24272,0.0,0.0,97088,97088.0
FAN-002644,Jeju SK,18_34,season_ticket_full,True,True,19,0.7739773098806224,14,0.26315789473684215,0,502885.0,5.0,0,502885.0
FAN-002645,FC Seoul,18_34,free_registered,False,False,2,0.9554309004174023,1,0.5,22837,0.0,0.0,45674,45674.0
FAN-002646,Ulsan HD,35_54,free_registered,False,True,2,0.9629216176339794,1,0.5,24030,93231.0,1.0,48060,141291.0
FAN-002647,Gangwon FC,18_34,free_registered,True,False,1,0.9867687448908089,0,1.0,19995,93332.0,1.0,19995,113327.0
FAN-002648,Ulsan HD,18_34,free_registered,True,True,2,0.9921828946639458,1,0.5,18695,0.0,0.0,37390,37390.0
FAN-002649,Ulsan HD,18_34,paid_membership,True,False,5,0.9470925314702789,4,0.19999999999999996,20511,0.0,0.0,102555,102555.0
FAN-002650,Ulsan HD,35_54,season_ticket_partial,True,True,9,0.7114353666920029,6,0.33333333333333337,0,228680.0,2.0,0,228680.0
FAN-002651,FC Seoul,Under_18,free_registered,True,True,2,0.9518915814175292,1,0.5,19879,113426.0,1.0,39758,153184.0
FAN-002652,Ulsan HD,Under_18,free_registered,True,True,2,0.941281236000454,1,0.5,19762,0.0,0.0,39524,39524.0
FAN-002653,Ulsan HD,Under_18,free_registered,True,True,1,0.9451169440025315,0,1.0,16222,137614.0,1.0,16222,153836.0
FAN-002654,FC Seoul,35_54,free_registered,False,False,1,0.9458505200354314,0,1.0,22339,0.0,0.0,22339,22339.0
FAN-002655,Jeonbuk Hyundai Motors,35_54,free_registered,True,False,1,0.989518859153038,0,1.0,17014,86905.0,1.0,17014,103919.0
FAN-002656,Ulsan HD,35_54,free_registered,True,True,2,0.9636627066737439,1,0.5,17018,64369.0,1.0,34036,98405.0
FAN-002657,Jeonbuk Hyundai Motors,35_54,paid_membership,True,True,3,0.9337570384492506,2,0.33333333333333337,18296,0.0,0.0,54888,54888.0
FAN-002658,Jeonbuk Hyundai Motors,35_54,free_registered,False,True,2,0.9454782709832861,1,0.5,24417,81071.0,1.0,48834,129905.0
FAN-002659,FC Seoul,18_34,paid_membership,True,True,2,0.9049643975794527,1,0.5,21773,130014.0,2.0,43546,173560.0
FAN-002660,Jeju SK,35_54,paid_membership,False,True,2,0.9016107753999796,1,0.5,20582,0.0,0.0,41164,41164.0
FAN-002661,Ulsan HD,Under_18,free_registered,True,False,2,0.9014746492534257,1,0.5,21269,136192.0,1.0,42538,178730.0
FAN-002662,Jeonbuk Hyundai Motors,35_54,paid_membership,True,True,3,0.9434609150786826,2,0.33333333333333337,19947,51813.0,1.0,59841,111654.0
FAN-002663,FC Seoul,35_54,paid_membership,False,False,4,0.9737673514984976,3,0.25,22353,93125.0,1.0,89412,182537.0
FAN-002664,Jeju SK,18_34,paid_membership,False,False,3,0.917118722985653,2,0.33333333333333337,20411,0.0,0.0,61233,61233.0
FAN-002665,Jeju SK,18_34,free_registered,True,False,2,0.9408395224047543,1,0.5,20495,137175.0,1.0,40990,178165.0
FAN-002666,FC Seoul,18_34,free_registered,True,True,1,0.917509909092107,0,1.0,21247,29313.0,1.0,21247,50560.0
FAN-002667,FC Seoul,35_54,season_ticket_partial,True,False,6,0.8794952758115522,5,0.16666666666666663,0,78412.0,1.0,0,78412.0
FAN-002668,Jeju SK,35_54,paid_membership,True,False,2,0.9347368787392762,1,0.5,16768,253668.0,2.0,33536,287204.0
FAN-002669,Jeonbuk Hyundai Motors,35_54,free_registered,True,True,2,0.9717273565795644,1,0.5,24215,147514.0,1.0,48430,195944.0
FAN-002670,Ulsan HD,18_34,free_registered,True,True,1,0.9540200222978528,0,1.0,18173,0.0,0.0,18173,18173.0
FAN-002671,Jeju SK,35_54,free_registered,True,False,1,0.973487651985304,0,1.0,21290,0.0,0.0,21290,21290.0
FAN-002672,Ulsan HD,35_54,free_registered,True,False,1,0.9964654681706129,0,1.0,19292,0.0,0.0,19292,19292.0
FAN-002673,Jeonbuk Hyundai Motors,35_54,paid_membership,True,True,5,0.992113664008979,4,0.19999999999999996,22111,0.0,0.0,110555,110555.0
FAN-002674,FC Seoul,18_34,free_registered,True,True,1,0.9555347945136382,0,1.0,23224,0.0,0.0,23224,23224.0
FAN-002675,Jeonbuk Hyundai Motors,18_34,free_registered,True,True,1,0.947860331883654,0,1.0,21780,0.0,0.0,21780,21780.0
FAN-002676,FC Seoul,35_54,paid_membership,True,True,3,0.9413140780046068,2,0.33333333333333337,18080,0.0,0.0,54240,54240.0
FAN-002677,Ulsan HD,35_54,free_registered,True,True,1,0.9635162228489688,0,1.0,22043,98905.0,1.0,22043,120948.0
FAN-002678,FC Seoul,55_Plus,paid_membership,True,True,3,0.9219354563552837,2,0.33333333333333337,21227,139078.0,2.0,63681,202759.0
FAN-002679,FC Seoul,Under_18,paid_membership,True,False,4,0.9095289382591515,3,0.25,23139,27266.0,1.0,92556,119822.0
FAN-002680,Ulsan HD,Under_18,free_registered,True,False,2,0.9013457342754176,1,0.5,18112,53736.0,1.0,36224,89960.0
FAN-002681,FC Seoul,55_Plus,paid_membership,True,False,2,0.9907655774896229,1,0.5,19147,0.0,0.0,38294,38294.0
FAN-002682,Jeonbuk Hyundai Motors,18_34,paid_membership,False,True,2,0.9509742374048687,1,0.5,22048,219307.0,2.0,44096,263403.0
FAN-002683,FC Seoul,35_54,free_registered,True,False,2,0.9958153090095323,1,0.5,19947,0.0,0.0,39894,39894.0
FAN-002684,Ulsan HD,18_34,free_registered,True,True,1,0.9968992767324871,0,1.0,21572,0.0,0.0,21572,21572.0
FAN-002685,Ulsan HD,Under_18,paid_membership,True,True,5,0.8951557230263453,4,0.19999999999999996,22051,0.0,0.0,110255,110255.0
FAN-002686,FC Seoul,35_54,season_ticket_full,True,False,19,0.7739353157896539,14,0.26315789473684215,0,319559.0,3.0,0,319559.0
FAN-002687,FC Seoul,35_54,paid_membership,True,True,2,0.8587363744333413,1,0.5,24817,178331.0,2.0,49634,227965.0
FAN-002688,Ulsan HD,18_34,free_registered,False,True,1,0.9162174695370567,0,1.0,23475,46578.0,1.0,23475,70053.0
FAN-002689,Ulsan HD,18_34,paid_membership,True,True,3,0.9800571409540917,2,0.33333333333333337,16404,279698.0,2.0,49212,328910.0
FAN-002690,Ulsan HD,35_54,free_registered,False,True,2,0.947620651672895,1,0.5,21755,0.0,0.0,43510,43510.0
FAN-002691,Ulsan HD,Under_18,paid_membership,True,False,2,0.9612713965837801,1,0.5,24334,106831.0,1.0,48668,155499.0
FAN-002692,Jeju SK,35_54,paid_membership,True,False,4,0.9565770955051005,3,0.25,19720,123173.0,1.0,78880,202053.0
FAN-002693,FC Seoul,18_34,paid_membership,False,False,3,0.9216739764223272,2,0.33333333333333337,18806,70925.0,2.0,56418,127343.0
FAN-002694,Ulsan HD,35_54,season_ticket_partial,True,False,11,0.9304453228946646,10,0.09090909090909094,0,72939.0,1.0,0,72939.0
FAN-002695,Gangwon FC,55_Plus,paid_membership,True,False,2,0.9265201848658331,1,0.5,20167,190997.0,2.0,40334,231331.0
FAN-002696,Ulsan HD,35_54,paid_membership,True,False,2,0.8544461663104975,1,0.5,17818,83042.0,1.0,35636,118678.0
FAN-002697,Jeju SK,18_34,free_registered,True,True,1,0.9572249669668302,0,1.0,20649,40918.0,1.0,20649,61567.0
FAN-002698,Ulsan HD,35_54,season_ticket_partial,True,False,6,0.9238047839266149,5,0.16666666666666663,0,219393.0,2.0,0,219393.0
FAN-002699,Jeonbuk Hyundai Motors,18_34,season_ticket_full,True,True,15,0.8518742494743455,12,0.19999999999999996,0,261669.0,3.0,0,261669.0
FAN-002700,Jeonbuk Hyundai Motors,18_34,free_registered,False,False,2,0.9445280663730241,1,0.5,17940,59591.0,1.0,35880,95471.0
FAN-002701,Ulsan HD,55_Plus,free_registered,False,True,2,0.9690082240572473,1,0.5,17067,0.0,0.0,34134,34134.0
FAN-002702,Gangwon FC,35_54,free_registered,True,False,1,0.929143705860191,0,1.0,16989,101124.0,1.0,16989,118113.0
FAN-002703,FC Seoul,35_54,paid_membership,True,False,3,0.8521799802705284,2,0.33333333333333337,24480,0.0,0.0,73440,73440.0
FAN-002704,FC Seoul,18_34,paid_membership,False,False,3,0.9010281103997568,2,0.33333333333333337,23746,0.0,0.0,71238,71238.0
FAN-002705,Jeonbuk Hyundai Motors,Under_18,free_registered,True,False,2,0.9796647973885443,1,0.5,22143,0.0,0.0,44286,44286.0
FAN-002706,Jeonbuk Hyundai Motors,Under_18,season_ticket_partial,True,True,6,0.9494696347338312,5,0.16666666666666663,0,201723.0,2.0,0,201723.0
FAN-002707,FC Seoul,35_54,free_registered,True,True,1,0.9393084098949002,0,1.0,20633,0.0,0.0,20633,20633.0
FAN-002708,FC Seoul,35_54,paid_membership,True,True,3,0.9728477557638606,2,0.33333333333333337,23461,54704.0,1.0,70383,125087.0
FAN-002709,FC Seoul,18_34,free_registered,False,True,1,0.9443680318675457,0,1.0,21219,0.0,0.0,21219,21219.0
FAN-002710,FC Seoul,35_54,free_registered,True,True,2,0.9946809950127784,1,0.5,17174,142099.0,1.0,34348,176447.0
FAN-002711,Jeonbuk Hyundai Motors,Under_18,free_registered,True,True,1,0.9158957261582601,0,1.0,19537,57924.0,1.0,19537,77461.0
FAN-002712,Ulsan HD,18_34,free_registered,True,True,2,0.908799627693277,1,0.5,23591,134517.0,1.0,47182,181699.0
FAN-002713,Ulsan HD,18_34,paid_membership,False,False,4,0.9197809539320402,3,0.25,23780,0.0,0.0,95120,95120.0
FAN-002714,Ulsan HD,18_34,paid_membership,True,False,3,0.9149694647223584,2,0.33333333333333337,17688,87746.0,1.0,53064,140810.0
FAN-002715,FC Seoul,Under_18,free_registered,True,True,1,0.9061957673194616,0,1.0,22552,139351.0,1.0,22552,161903.0
FAN-002716,FC Seoul,55_Plus,free_registered,True,True,1,0.9684738041315044,0,1.0,16643,0.0,0.0,16643,16643.0
FAN-002717,Jeju SK,18_34,free_registered,True,True,2,0.9117401755098336,1,0.5,20346,0.0,0.0,40692,40692.0
FAN-002718,Gangwon FC,55_Plus,paid_membership,True,True,2,0.8751278062977635,1,0.5,21843,140559.0,2.0,43686,184245.0
FAN-002719,Jeonbuk Hyundai Motors,18_34,paid_membership,True,True,5,0.9222061979024172,4,0.19999999999999996,24044,152830.0,2.0,120220,273050.0
FAN-002720,FC Seoul,55_Plus,free_registered,True,True,2,0.9446157883360099,1,0.5,20974,0.0,0.0,41948,41948.0
FAN-002721,Jeonbuk Hyundai Motors,35_54,paid_membership,False,True,4,0.9834708869705084,3,0.25,18619,73637.0,2.0,74476,148113.0
FAN-002722,Jeonbuk Hyundai Motors,55_Plus,free_registered,True,True,1,0.9970674114226157,0,1.0,16554,0.0,0.0,16554,16554.0
FAN-002723,Jeonbuk Hyundai Motors,Under_18,season_ticket_partial,True,True,5,0.7627647867009176,3,0.4,0,118609.0,1.0,0,118609.0
FAN-002724,Ulsan HD,35_54,season_ticket_partial,True,True,5,0.8253835672414656,4,0.19999999999999996,0,161227.0,2.0,0,161227.0
FAN-002725,Ulsan HD,55_Plus,paid_membership,True,False,3,0.8709423072943507,2,0.33333333333333337,16532,24332.0,1.0,49596,73928.0
FAN-002726,Ulsan HD,Under_18,season_ticket_full,True,False,15,0.6811970510671358,10,0.33333333333333337,0,347904.0,4.0,0,347904.0
FAN-002727,FC Seoul,Under_18,season_ticket_partial,True,True,10,0.7875579926098988,7,0.30000000000000004,0,272565.0,3.0,0,272565.0
FAN-002728,FC Seoul,18_34,season_ticket_partial,True,True,11,0.8455519671067391,9,0.18181818181818177,0,101339.0,1.0,0,101339.0
FAN-002729,FC Seoul,55_Plus,paid_membership,True,True,3,0.9386238351876253,2,0.33333333333333337,21803,96608.0,2.0,65409,162017.0
FAN-002730,Ulsan HD,18_34,free_registered,True,True,1,0.9695834680522475,0,1.0,19282,140193.0,1.0,19282,159475.0
FAN-002731,Jeonbuk Hyundai Motors,18_34,free_registered,True,True,2,0.9216812409709777,1,0.5,18180,145556.0,1.0,36360,181916.0
FAN-002732,Ulsan HD,Under_18,free_registered,True,True,1,0.93212270363633,0,1.0,16956,0.0,0.0,16956,16956.0
FAN-002733,FC Seoul,Under_18,paid_membership,True,True,5,0.9193885866312963,4,0.19999999999999996,17323,0.0,0.0,86615,86615.0
FAN-002734,Gangwon FC,35_54,free_registered,True,True,2,0.9788990538882099,1,0.5,24410,47216.0,1.0,48820,96036.0
FAN-002735,Gangwon FC,Under_18,free_registered,True,False,2,0.9603156415512843,1,0.5,19056,0.0,0.0,38112,38112.0
FAN-002736,Jeonbuk Hyundai Motors,35_54,free_registered,True,True,1,0.979196860593002,0,1.0,20482,0.0,0.0,20482,20482.0
FAN-002737,Gangwon FC,55_Plus,free_registered,True,True,1,0.9228618042552426,0,1.0,18718,34307.0,1.0,18718,53025.0
FAN-002738,Ulsan HD,18_34,paid_membership,True,True,4,0.9564160026337999,3,0.25,19372,0.0,0.0,77488,77488.0
FAN-002739,Gangwon FC,35_54,season_ticket_full,True,True,18,0.6127586052807161,11,0.38888888888888884,0,462567.0,5.0,0,462567.0
FAN-002740,FC Seoul,Under_18,paid_membership,True,False,2,0.9415540524684811,1,0.5,19657,208118.0,2.0,39314,247432.0
FAN-002741,Ulsan HD,35_54,paid_membership,True,False,3,0.9465703947116315,2,0.33333333333333337,18870,119562.0,1.0,56610,176172.0
FAN-002742,FC Seoul,18_34,paid_membership,True,True,3,0.9497866825650814,2,0.33333333333333337,24251,139438.0,1.0,72753,212191.0
FAN-002743,FC Seoul,35_54,free_registered,True,False,2,0.9194812464949241,1,0.5,16926,92381.0,1.0,33852,126233.0
FAN-002744,FC Seoul,18_34,free_registered,False,False,2,0.9698683872220566,1,0.5,19837,55695.0,1.0,39674,95369.0
FAN-002745,Jeju SK,18_34,season_ticket_partial,True,True,8,0.9420221700624315,7,0.125,0,94527.0,1.0,0,94527.0
FAN-002746,Jeonbuk Hyundai Motors,35_54,free_registered,True,True,1,0.9810348903343353,0,1.0,22258,62168.0,1.0,22258,84426.0
FAN-002747,Jeju SK,18_34,free_registered,False,False,1,0.9754685369488538,0,1.0,24486,0.0,0.0,24486,24486.0
FAN-002748,FC Seoul,35_54,paid_membership,True,True,5,0.9636716551650993,4,0.19999999999999996,16615,165458.0,2.0,83075,248533.0
FAN-002749,Jeonbuk Hyundai Motors,18_34,free_registered,True,True,2,0.9766964226203734,1,0.5,17583,132261.0,1.0,35166,167427.0
FAN-002750,Jeju SK,35_54,free_registered,True,True,2,0.948457262243928,1,0.5,19855,0.0,0.0,39710,39710.0
FAN-002751,Ulsan HD,18_34,free_registered,True,False,2,0.9404525557148684,1,0.5,19507,107737.0,1.0,39014,146751.0
FAN-002752,Jeju SK,35_54,free_registered,True,False,2,0.9964782319791506,1,0.5,21352,0.0,0.0,42704,42704.0
FAN-002753,FC Seoul,Under_18,free_registered,True,False,1,0.9146669890295576,0,1.0,20349,0.0,0.0,20349,20349.0
FAN-002754,Ulsan HD,18_34,free_registered,True,False,1,0.986471895283515,0,1.0,21484,28762.0,1.0,21484,50246.0
FAN-002755,Gangwon FC,18_34,paid_membership,True,False,5,0.8933710768457963,4,0.19999999999999996,21507,0.0,0.0,107535,107535.0
FAN-002756,FC Seoul,35_54,season_ticket_partial,True,False,6,0.7707053266878144,4,0.33333333333333337,0,112095.0,1.0,0,112095.0
FAN-002757,Ulsan HD,18_34,free_registered,True,False,1,0.9362935986459461,0,1.0,21256,75009.0,1.0,21256,96265.0
FAN-002758,Jeonbuk Hyundai Motors,35_54,season_ticket_partial,True,False,8,0.7232665495789931,5,0.375,0,49796.0,1.0,0,49796.0
FAN-002759,Jeonbuk Hyundai Motors,35_54,free_registered,True,True,1,0.9818402563496361,0,1.0,18105,130194.0,1.0,18105,148299.0
FAN-002760,FC Seoul,18_34,free_registered,True,False,1,0.9183013209129729,0,1.0,16219,37153.0,1.0,16219,53372.0
FAN-002761,FC Seoul,35_54,free_registered,True,False,2,0.9754793057701625,1,0.5,21137,97880.0,1.0,42274,140154.0
FAN-002762,FC Seoul,Under_18,paid_membership,False,False,4,0.9336796196335558,3,0.25,17200,0.0,0.0,68800,68800.0
FAN-002763,Jeju SK,18_34,free_registered,True,False,2,0.9934950252252573,1,0.5,21675,0.0,0.0,43350,43350.0
FAN-002764,Ulsan HD,35_54,paid_membership,True,False,3,0.9958350798633891,2,0.33333333333333337,21613,241687.0,2.0,64839,306526.0
FAN-002765,FC Seoul,35_54,paid_membership,True,False,2,0.8637728813569909,1,0.5,20581,0.0,0.0,41162,41162.0
FAN-002766,Gangwon FC,35_54,paid_membership,True,True,4,0.9582525488796673,3,0.25,21834,195562.0,2.0,87336,282898.0
FAN-002767,Ulsan HD,18_34,paid_membership,True,True,4,0.9239202483900468,3,0.25,22053,0.0,0.0,88212,88212.0
FAN-002768,FC Seoul,18_34,season_ticket_full,True,True,19,0.7115014003028509,13,0.3157894736842105,0,267118.0,3.0,0,267118.0
FAN-002769,Ulsan HD,Under_18,free_registered,True,True,2,0.9972662412173031,1,0.5,20944,50725.0,1.0,41888,92613.0
FAN-002770,Jeju SK,35_54,free_registered,False,True,1,0.9445799481921309,0,1.0,20048,37532.0,1.0,20048,57580.0
FAN-002771,FC Seoul,18_34,paid_membership,True,True,3,0.9288252181472963,2,0.33333333333333337,19561,292175.0,2.0,58683,350858.0
FAN-002772,FC Seoul,35_54,paid_membership,False,True,5,0.8681101232094433,4,0.19999999999999996,22401,36752.0,1.0,112005,148757.0
FAN-002773,Jeonbuk Hyundai Motors,18_34,free_registered,True,False,2,0.9022683700406637,1,0.5,18929,0.0,0.0,37858,37858.0
FAN-002774,Ulsan HD,18_34,free_registered,True,True,1,0.9795020487138955,0,1.0,18451,0.0,0.0,18451,18451.0
FAN-002775,Ulsan HD,18_34,free_registered,False,False,2,0.9885811224608173,1,0.5,17247,0.0,0.0,34494,34494.0
FAN-002776,Ulsan HD,Under_18,free_registered,True,False,1,0.9162808654208556,0,1.0,16770,0.0,0.0,16770,16770.0
FAN-002777,FC Seoul,18_34,free_registered,False,True,1,0.9553980937747211,0,1.0,18595,55675.0,1.0,18595,74270.0
FAN-002778,FC Seoul,35_54,season_ticket_full,True,True,16,0.6656185989002398,10,0.375,0,418454.0,5.0,0,418454.0
FAN-002779,Ulsan HD,35_54,paid_membership,True,False,3,0.9802864618606193,2,0.33333333333333337,21890,130580.0,1.0,65670,196250.0
FAN-002780,FC Seoul,18_34,free_registered,True,False,2,0.9788365871387135,1,0.5,19427,0.0,0.0,38854,38854.0
FAN-002781,FC Seoul,18_34,paid_membership,True,True,2,0.9647240911072815,1,0.5,18373,104457.0,2.0,36746,141203.0
FAN-002782,Jeonbuk Hyundai Motors,Under_18,season_ticket_partial,True,True,11,0.7868620313509054,8,0.2727272727272727,0,133696.0,2.0,0,133696.0
FAN-002783,Gangwon FC,35_54,free_registered,True,True,1,0.9918815861128417,0,1.0,19374,0.0,0.0,19374,19374.0
FAN-002784,Jeonbuk Hyundai Motors,Under_18,free_registered,True,True,1,0.941682335499923,0,1.0,16007,45214.0,1.0,16007,61221.0
FAN-002785,Jeonbuk Hyundai Motors,55_Plus,paid_membership,True,True,4,0.9492520831821671,3,0.25,20709,114746.0,1.0,82836,197582.0
FAN-002786,FC Seoul,18_34,paid_membership,True,True,5,0.9069711453530139,4,0.19999999999999996,22768,0.0,0.0,113840,113840.0
FAN-002787,Gangwon FC,18_34,free_registered,True,False,1,0.9438988999895345,0,1.0,22351,149183.0,1.0,22351,171534.0
FAN-002788,FC Seoul,55_Plus,season_ticket_full,True,False,18,0.6885519825814775,12,0.33333333333333337,0,327137.0,4.0,0,327137.0
FAN-002789,Gangwon FC,Under_18,free_registered,True,False,2,0.9881354667182138,1,0.5,17068,27248.0,1.0,34136,61384.0
FAN-002790,Gangwon FC,35_54,free_registered,True,False,2,0.9204739499338784,1,0.5,24713,0.0,0.0,49426,49426.0
FAN-002791,Jeonbuk Hyundai Motors,18_34,free_registered,False,False,2,0.9318507105554839,1,0.5,22485,0.0,0.0,44970,44970.0
FAN-002792,Gangwon FC,18_34,free_registered,True,False,1,0.9974482006572226,0,1.0,21864,0.0,0.0,21864,21864.0
FAN-002793,Jeju SK,18_34,paid_membership,True,True,2,0.9593667516274947,1,0.5,21598,88415.0,2.0,43196,131611.0
FAN-002794,FC Seoul,35_54,season_ticket_full,True,True,18,0.8497817140469387,15,0.16666666666666663,0,373356.0,4.0,0,373356.0
FAN-002795,Ulsan HD,35_54,free_registered,False,False,2,0.9371427783951155,1,0.5,22312,98942.0,1.0,44624,143566.0
FAN-002796,Jeju SK,Under_18,season_ticket_full,True,False,15,0.678716234539039,10,0.33333333333333337,0,145125.0,2.0,0,145125.0
FAN-002797,FC Seoul,55_Plus,season_ticket_partial,True,True,7,0.8993821823818522,6,0.1428571428571429,0,210209.0,3.0,0,210209.0
FAN-002798,Jeju SK,18_34,free_registered,True,True,1,0.9221301762079575,0,1.0,24791,0.0,0.0,24791,24791.0
FAN-002799,Gangwon FC,18_34,paid_membership,True,False,2,0.953956789794171,1,0.5,19800,0.0,0.0,39600,39600.0
FAN-002800,FC Seoul,18_34,free_registered,False,True,2,0.9966610201023334,1,0.5,19895,0.0,0.0,39790,39790.0
FAN-002801,Jeonbuk Hyundai Motors,Under_18,paid_membership,False,True,5,0.8666721182306086,4,0.19999999999999996,19425,0.0,0.0,97125,97125.0
FAN-002802,Gangwon FC,Under_18,free_registered,False,False,2,0.9985276687070891,1,0.5,22215,0.0,0.0,44430,44430.0
FAN-002803,Gangwon FC,55_Plus,paid_membership,True,True,3,0.9891912953186708,2,0.33333333333333337,18680,112812.0,1.0,56040,168852.0
FAN-002804,Gangwon FC,18_34,free_registered,True,False,1,0.9034478238313859,0,1.0,23339,0.0,0.0,23339,23339.0
FAN-002805,Ulsan HD,Under_18,season_ticket_partial,True,False,8,0.8310357050857571,6,0.25,0,218729.0,3.0,0,218729.0
FAN-002806,Gangwon FC,Under_18,season_ticket_partial,True,True,5,0.929347689381224,4,0.19999999999999996,0,98348.0,1.0,0,98348.0
FAN-002807,Jeonbuk Hyundai Motors,35_54,free_registered,True,True,2,0.9120143788524379,1,0.5,19248,0.0,0.0,38496,38496.0
FAN-002808,FC Seoul,35_54,free_registered,True,True,1,0.9828426938620252,0,1.0,24293,0.0,0.0,24293,24293.0
FAN-002809,Ulsan HD,18_34,free_registered,True,True,1,0.9730080676309877,0,1.0,20038,0.0,0.0,20038,20038.0
FAN-002810,Jeonbuk Hyundai Motors,Under_18,paid_membership,True,False,5,0.910793825037084,4,0.19999999999999996,16259,0.0,0.0,81295,81295.0
FAN-002811,FC Seoul,18_34,free_registered,False,True,2,0.9291994749164595,1,0.5,16276,41598.0,1.0,32552,74150.0
FAN-002812,Jeju SK,Under_18,paid_membership,True,True,5,0.9522522847475654,4,0.19999999999999996,20691,145217.0,2.0,103455,248672.0
FAN-002813,Jeju SK,Under_18,free_registered,True,True,1,0.9964446842853918,0,1.0,20560,130012.0,1.0,20560,150572.0
FAN-002814,FC Seoul,18_34,free_registered,True,True,2,0.9802075563342094,1,0.5,23539,0.0,0.0,47078,47078.0
FAN-002815,Jeju SK,18_34,free_registered,True,True,2,0.9693384242138542,1,0.5,19326,98451.0,1.0,38652,137103.0
FAN-002816,Jeonbuk Hyundai Motors,18_34,free_registered,True,False,1,0.9948380183667576,0,1.0,18934,40242.0,1.0,18934,59176.0
FAN-002817,Ulsan HD,18_34,paid_membership,True,True,5,0.8589976873749436,4,0.19999999999999996,19358,229524.0,2.0,96790,326314.0
FAN-002818,FC Seoul,55_Plus,season_ticket_full,True,True,17,0.6567797831489695,11,0.3529411764705882,0,217450.0,3.0,0,217450.0
FAN-002819,FC Seoul,55_Plus,free_registered,False,True,1,0.9583446082065187,0,1.0,24545,40029.0,1.0,24545,64574.0
FAN-002820,Ulsan HD,35_54,paid_membership,True,False,2,0.8639251422376768,1,0.5,18159,27983.0,1.0,36318,64301.0
FAN-002821,Gangwon FC,18_34,free_registered,False,True,1,0.9660609978711435,0,1.0,18763,71755.0,1.0,18763,90518.0
FAN-002822,FC Seoul,18_34,paid_membership,True,False,2,0.8932208685061604,1,0.5,19276,264028.0,2.0,38552,302580.0
FAN-002823,Jeju SK,18_34,free_registered,True,True,2,0.9222257121015219,1,0.5,22209,0.0,0.0,44418,44418.0
FAN-002824,FC Seoul,35_54,paid_membership,True,False,5,0.9105864623058624,4,0.19999999999999996,16460,174987.0,2.0,82300,257287.0
FAN-002825,Ulsan HD,18_34,season_ticket_full,True,True,15,0.8007220594651432,12,0.19999999999999996,0,243694.0,4.0,0,243694.0
FAN-002826,Jeonbuk Hyundai Motors,35_54,free_registered,True,False,1,0.9694145949603816,0,1.0,21593,0.0,0.0,21593,21593.0
FAN-002827,Jeonbuk Hyundai Motors,55_Plus,paid_membership,True,False,2,0.9747235888130599,1,0.5,20805,0.0,0.0,41610,41610.0
FAN-002828,FC Seoul,18_34,free_registered,True,False,1,0.9859977949179093,0,1.0,20139,37378.0,1.0,20139,57517.0
FAN-002829,Ulsan HD,35_54,free_registered,True,True,2,0.921258151859693,1,0.5,23840,138653.0,1.0,47680,186333.0
FAN-002830,FC Seoul,Under_18,free_registered,True,False,2,0.9795667544225453,1,0.5,17358,0.0,0.0,34716,34716.0
FAN-002831,Ulsan HD,18_34,free_registered,True,False,1,0.9813242761597106,0,1.0,21467,130840.0,1.0,21467,152307.0
FAN-002832,Jeju SK,18_34,free_registered,True,True,2,0.9627878657328979,1,0.5,19556,110923.0,1.0,39112,150035.0
FAN-002833,FC Seoul,18_34,free_registered,True,True,2,0.9148310143731112,1,0.5,24148,0.0,0.0,48296,48296.0
FAN-002834,FC Seoul,35_54,free_registered,True,False,2,0.9326719017125302,1,0.5,24196,29338.0,1.0,48392,77730.0
FAN-002835,Ulsan HD,18_34,free_registered,True,True,2,0.9397741558014885,1,0.5,17210,0.0,0.0,34420,34420.0
FAN-002836,Gangwon FC,18_34,paid_membership,True,False,3,0.9903931985494113,2,0.33333333333333337,22394,213705.0,2.0,67182,280887.0
FAN-002837,Gangwon FC,35_54,season_ticket_partial,True,True,10,0.8035630232603926,8,0.19999999999999996,0,376012.0,3.0,0,376012.0
FAN-002838,FC Seoul,35_54,free_registered,True,True,2,0.9338372594687323,1,0.5,20164,0.0,0.0,40328,40328.0
FAN-002839,Jeonbuk Hyundai Motors,18_34,free_registered,False,False,2,0.9018217760921737,1,0.5,24183,124142.0,1.0,48366,172508.0
FAN-002840,Ulsan HD,35_54,free_registered,True,True,2,0.98660786979721,1,0.5,21368,0.0,0.0,42736,42736.0
FAN-002841,Ulsan HD,35_54,season_ticket_partial,True,False,10,0.900956982901335,9,0.09999999999999998,0,315620.0,3.0,0,315620.0
FAN-002842,Jeonbuk Hyundai Motors,18_34,paid_membership,True,False,3,0.8988574444166079,2,0.33333333333333337,19534,154719.0,2.0,58602,213321.0
FAN-002843,Gangwon FC,Under_18,free_registered,False,False,2,0.981918584189762,1,0.5,17646,20642.0,1.0,35292,55934.0
FAN-002844,Gangwon FC,18_34,free_registered,True,False,1,0.9878845382598298,0,1.0,16792,16308.0,1.0,16792,33100.0
FAN-002845,Jeju SK,35_54,free_registered,False,False,2,0.9731038842541313,1,0.5,21255,80920.0,1.0,42510,123430.0
FAN-002846,Ulsan HD,35_54,free_registered,True,True,2,0.9354315959748751,1,0.5,18790,123956.0,1.0,37580,161536.0
FAN-002847,Jeonbuk Hyundai Motors,35_54,season_ticket_full,True,False,15,0.7044079479160488,10,0.33333333333333337,0,433799.0,5.0,0,433799.0
FAN-002848,FC Seoul,18_34,season_ticket_partial,True,True,10,0.8792237336866426,8,0.19999999999999996,0,137911.0,1.0,0,137911.0
FAN-002849,Jeju SK,Under_18,free_registered,True,True,1,0.9057459381968069,0,1.0,24278,0.0,0.0,24278,24278.0
FAN-002850,Ulsan HD,Under_18,paid_membership,False,True,2,0.9073683072680457,1,0.5,18027,192280.0,2.0,36054,228334.0
FAN-002851,Jeju SK,18_34,free_registered,True,False,2,0.9758805375125943,1,0.5,23680,0.0,0.0,47360,47360.0
FAN-002852,FC Seoul,35_54,free_registered,False,True,1,0.9585072151569115,0,1.0,18446,118397.0,1.0,18446,136843.0
FAN-002853,FC Seoul,35_54,season_ticket_partial,True,True,6,0.9171332511913491,5,0.16666666666666663,0,86011.0,2.0,0,86011.0
FAN-002854,Gangwon FC,18_34,paid_membership,True,False,3,0.9008062392622355,2,0.33333333333333337,21701,190213.0,2.0,65103,255316.0
FAN-002855,FC Seoul,18_34,free_registered,True,True,2,0.9239687469239144,1,0.5,17423,113770.0,1.0,34846,148616.0
FAN-002856,Ulsan HD,18_34,free_registered,False,False,1,0.948321492348071,0,1.0,22507,129840.0,1.0,22507,152347.0
FAN-002857,FC Seoul,18_34,season_ticket_partial,True,False,6,0.8138423696341609,4,0.33333333333333337,0,191267.0,3.0,0,191267.0
FAN-002858,FC Seoul,18_34,paid_membership,True,True,3,0.9789810644733512,2,0.33333333333333337,24263,139930.0,2.0,72789,212719.0
FAN-002859,FC Seoul,Under_18,free_registered,True,True,1,0.9963020662771864,0,1.0,17080,0.0,0.0,17080,17080.0
FAN-002860,FC Seoul,18_34,free_registered,True,False,2,0.9202863248571266,1,0.5,18554,0.0,0.0,37108,37108.0
FAN-002861,Jeonbuk Hyundai Motors,Under_18,free_registered,False,True,1,0.901420700727879,0,1.0,21548,0.0,0.0,21548,21548.0
FAN-002862,FC Seoul,18_34,season_ticket_full,True,True,16,0.7291133325615378,11,0.3125,0,223986.0,4.0,0,223986.0
FAN-002863,Gangwon FC,Under_18,paid_membership,True,True,3,0.9056187370267395,2,0.33333333333333337,22764,86351.0,1.0,68292,154643.0
FAN-002864,Jeju SK,35_54,free_registered,True,True,2,0.9246642673985789,1,0.5,19354,70678.0,1.0,38708,109386.0
FAN-002865,Ulsan HD,18_34,paid_membership,False,True,4,0.9738255975836742,3,0.25,21579,0.0,0.0,86316,86316.0
FAN-002866,Jeju SK,55_Plus,paid_membership,True,True,3,0.8554355687094701,2,0.33333333333333337,16264,82315.0,2.0,48792,131107.0
FAN-002867,Ulsan HD,18_34,free_registered,True,False,2,0.962786456394073,1,0.5,24460,0.0,0.0,48920,48920.0
FAN-002868,Jeonbuk Hyundai Motors,18_34,free_registered,True,True,2,0.9579020540004713,1,0.5,16263,101020.0,1.0,32526,133546.0
FAN-002869,FC Seoul,18_34,paid_membership,True,False,3,0.8948780552300345,2,0.33333333333333337,19697,0.0,0.0,59091,59091.0
FAN-002870,Ulsan HD,Under_18,paid_membership,True,True,2,0.9168744024352536,1,0.5,22967,0.0,0.0,45934,45934.0
FAN-002871,Jeonbuk Hyundai Motors,35_54,paid_membership,True,True,5,0.9102646510341927,4,0.19999999999999996,19802,0.0,0.0,99010,99010.0
FAN-002872,Gangwon FC,Under_18,season_ticket_partial,True,False,7,0.7901881042549,5,0.2857142857142857,0,140792.0,2.0,0,140792.0
FAN-002873,Jeonbuk Hyundai Motors,55_Plus,free_registered,False,False,1,0.9697085485939153,0,1.0,16398,0.0,0.0,16398,16398.0
FAN-002874,Ulsan HD,35_54,free_registered,True,False,1,0.9608747163403993,0,1.0,24375,0.0,0.0,24375,24375.0
FAN-002875,Jeonbuk Hyundai Motors,18_34,season_ticket_full,True,False,18,0.6506825187966861,11,0.38888888888888884,0,335752.0,4.0,0,335752.0
FAN-002876,Ulsan HD,18_34,free_registered,True,False,2,0.9570714347994045,1,0.5,22583,22124.0,1.0,45166,67290.0
FAN-002877,Ulsan HD,35_54,paid_membership,True,True,5,0.894921715671387,4,0.19999999999999996,18852,94965.0,1.0,94260,189225.0
FAN-002878,FC Seoul,18_34,paid_membership,True,False,4,0.8540812270017081,3,0.25,19647,26470.0,1.0,78588,105058.0
FAN-002879,Jeju SK,35_54,paid_membership,True,False,3,0.9740161374764744,2,0.33333333333333337,21709,46961.0,1.0,65127,112088.0
FAN-002880,FC Seoul,Under_18,free_registered,True,False,2,0.9744962321355232,1,0.5,18408,0.0,0.0,36816,36816.0
FAN-002881,Ulsan HD,Under_18,paid_membership,True,False,5,0.986679029342078,4,0.19999999999999996,24302,0.0,0.0,121510,121510.0
FAN-002882,Jeonbuk Hyundai Motors,18_34,season_ticket_partial,True,False,5,0.9410910498784142,4,0.19999999999999996,0,142806.0,2.0,0,142806.0
FAN-002883,FC Seoul,18_34,paid_membership,True,True,4,0.949704381435147,3,0.25,20403,0.0,0.0,81612,81612.0
FAN-002884,FC Seoul,35_54,free_registered,True,False,2,0.9605103528460258,1,0.5,20172,17671.0,1.0,40344,58015.0
FAN-002885,FC Seoul,Under_18,free_registered,True,False,1,0.9181006741559565,0,1.0,22889,0.0,0.0,22889,22889.0
FAN-002886,Gangwon FC,35_54,free_registered,True,False,1,0.9770266459892633,0,1.0,16606,0.0,0.0,16606,16606.0
FAN-002887,Ulsan HD,18_34,free_registered,True,False,1,0.9650833139795125,0,1.0,17349,0.0,0.0,17349,17349.0
FAN-002888,Ulsan HD,18_34,free_registered,True,True,2,0.9933604656198481,1,0.5,23626,91690.0,1.0,47252,138942.0
FAN-002889,Jeonbuk Hyundai Motors,18_34,season_ticket_full,True,False,15,0.7122941954325384,10,0.33333333333333337,0,246263.0,4.0,0,246263.0
FAN-002890,Jeonbuk Hyundai Motors,18_34,paid_membership,False,False,5,0.8690477513282979,4,0.19999999999999996,24632,102914.0,2.0,123160,226074.0
FAN-002891,Ulsan HD,18_34,paid_membership,True,False,5,0.9129862436893081,4,0.19999999999999996,20883,175180.0,2.0,104415,279595.0
FAN-002892,Jeju SK,18_34,paid_membership,True,True,5,0.9309536780376695,4,0.19999999999999996,24771,0.0,0.0,123855,123855.0
FAN-002893,Jeonbuk Hyundai Motors,35_54,free_registered,False,False,2,0.978403925005879,1,0.5,17323,0.0,0.0,34646,34646.0
FAN-002894,Jeju SK,18_34,season_ticket_full,True,True,17,0.8379544263867349,14,0.17647058823529416,0,362230.0,5.0,0,362230.0
FAN-002895,FC Seoul,18_34,free_registered,True,False,1,0.9323841678644245,0,1.0,23576,53721.0,1.0,23576,77297.0
FAN-002896,Jeonbuk Hyundai Motors,35_54,free_registered,True,True,2,0.9219434316895134,1,0.5,18541,0.0,0.0,37082,37082.0
FAN-002897,Ulsan HD,35_54,free_registered,True,False,1,0.9624083650018436,0,1.0,24717,132789.0,1.0,24717,157506.0
FAN-002898,FC Seoul,18_34,season_ticket_partial,True,True,8,0.7529042605933635,6,0.25,0,237855.0,2.0,0,237855.0
FAN-002899,Ulsan HD,18_34,season_ticket_partial,True,True,10,0.7611231577580468,7,0.30000000000000004,0,134629.0,1.0,0,134629.0
FAN-002900,FC Seoul,35_54,free_registered,True,False,2,0.9495497067910622,1,0.5,23122,15824.0,1.0,46244,62068.0
FAN-002901,FC Seoul,35_54,season_ticket_partial,True,True,8,0.8211837396512552,6,0.25,0,243515.0,2.0,0,243515.0
FAN-002902,Jeonbuk Hyundai Motors,18_34,free_registered,True,False,1,0.9498802681948559,0,1.0,17568,0.0,0.0,17568,17568.0
FAN-002903,FC Seoul,18_34,free_registered,False,False,1,0.9535082991344139,0,1.0,19027,102565.0,1.0,19027,121592.0
FAN-002904,Ulsan HD,35_54,season_ticket_partial,True,False,10,0.8545181482842331,8,0.19999999999999996,0,273091.0,3.0,0,273091.0
FAN-002905,Ulsan HD,Under_18,season_ticket_partial,True,True,6,0.7221198296621409,4,0.33333333333333337,0,66525.0,2.0,0,66525.0
FAN-002906,FC Seoul,55_Plus,paid_membership,False,False,2,0.9941904319609911,1,0.5,22919,121141.0,1.0,45838,166979.0
FAN-002907,Gangwon FC,Under_18,paid_membership,True,True,5,0.8619880907633566,4,0.19999999999999996,16202,0.0,0.0,81010,81010.0
FAN-002908,FC Seoul,35_54,season_ticket_partial,True,False,7,0.8356672499852849,5,0.2857142857142857,0,64637.0,2.0,0,64637.0
FAN-002909,Ulsan HD,18_34,paid_membership,True,False,4,0.9220914102425193,3,0.25,21575,0.0,0.0,86300,86300.0
FAN-002910,Ulsan HD,18_34,season_ticket_partial,True,True,11,0.7572888766793382,8,0.2727272727272727,0,78503.0,1.0,0,78503.0
FAN-002911,FC Seoul,35_54,paid_membership,True,True,5,0.8995167007177268,4,0.19999999999999996,19531,0.0,0.0,97655,97655.0
FAN-002912,FC Seoul,18_34,season_ticket_full,True,True,17,0.8678691328894601,14,0.17647058823529416,0,356304.0,4.0,0,356304.0
FAN-002913,Jeonbuk Hyundai Motors,18_34,season_ticket_full,True,False,19,0.8282357064632944,15,0.21052631578947367,0,356477.0,5.0,0,356477.0
FAN-002914,Gangwon FC,Under_18,free_registered,False,True,2,0.9771552222834565,1,0.5,23555,113028.0,1.0,47110,160138.0
FAN-002915,FC Seoul,Under_18,season_ticket_partial,True,False,9,0.9145850608796056,8,0.11111111111111116,0,105356.0,1.0,0,105356.0
FAN-002916,Jeju SK,18_34,free_registered,True,False,1,0.987158004040058,0,1.0,16661,84630.0,1.0,16661,101291.0
FAN-002917,Jeonbuk Hyundai Motors,35_54,free_registered,True,False,1,0.9321630893331028,0,1.0,16093,0.0,0.0,16093,16093.0
FAN-002918,Jeonbuk Hyundai Motors,Under_18,paid_membership,False,False,4,0.9238387998381704,3,0.25,23358,177652.0,2.0,93432,271084.0
FAN-002919,Ulsan HD,Under_18,free_registered,True,True,1,0.9656676905135239,0,1.0,22619,0.0,0.0,22619,22619.0
FAN-002920,Ulsan HD,18_34,paid_membership,False,False,2,0.9891274575388825,1,0.5,17063,48162.0,1.0,34126,82288.0
FAN-002921,Ulsan HD,35_54,season_ticket_partial,True,False,5,0.8237781179793894,4,0.19999999999999996,0,131298.0,3.0,0,131298.0
FAN-002922,Jeonbuk Hyundai Motors,35_54,free_registered,False,False,2,0.9527574102363254,1,0.5,21761,17770.0,1.0,43522,61292.0
FAN-002923,Jeonbuk Hyundai Motors,18_34,free_registered,True,True,1,0.9412333103359048,0,1.0,19044,21162.0,1.0,19044,40206.0
FAN-002924,FC Seoul,Under_18,season_ticket_full,True,True,15,0.6482886096610183,9,0.4,0,418273.0,4.0,0,418273.0
FAN-002925,Ulsan HD,55_Plus,free_registered,True,True,1,0.9753129324530718,0,1.0,20370,81541.0,1.0,20370,101911.0
FAN-002926,Gangwon FC,18_34,free_registered,False,True,2,0.9941471637286465,1,0.5,23245,112099.0,1.0,46490,158589.0
FAN-002927,Jeonbuk Hyundai Motors,35_54,free_registered,True,True,2,0.9420077859749358,1,0.5,18172,0.0,0.0,36344,36344.0
FAN-002928,Gangwon FC,35_54,paid_membership,True,True,5,0.9503089754239942,4,0.19999999999999996,24712,0.0,0.0,123560,123560.0
FAN-002929,Jeonbuk Hyundai Motors,35_54,paid_membership,True,False,2,0.856353423139228,1,0.5,21408,196270.0,2.0,42816,239086.0
FAN-002930,Ulsan HD,18_34,season_ticket_partial,True,True,8,0.7294914833097589,5,0.375,0,23654.0,1.0,0,23654.0
FAN-002931,Jeju SK,35_54,free_registered,False,False,1,0.9605819340740918,0,1.0,22359,0.0,0.0,22359,22359.0
FAN-002932,Jeju SK,35_54,season_ticket_partial,True,True,8,0.8632918634218634,6,0.25,0,217781.0,3.0,0,217781.0
FAN-002933,FC Seoul,35_54,paid_membership,True,False,2,0.924757587022107,1,0.5,18772,91524.0,1.0,37544,129068.0
FAN-002934,Ulsan HD,18_34,free_registered,True,False,1,0.9326865381942115,0,1.0,19648,0.0,0.0,19648,19648.0
FAN-002935,Jeonbuk Hyundai Motors,18_34,paid_membership,False,False,3,0.8794295074720402,2,0.33333333333333337,22200,82389.0,1.0,66600,148989.0
FAN-002936,FC Seoul,Under_18,paid_membership,False,False,4,0.9403102935183376,3,0.25,22887,24095.0,1.0,91548,115643.0
FAN-002937,Jeonbuk Hyundai Motors,18_34,paid_membership,True,True,3,0.9440506695910849,2,0.33333333333333337,19351,256423.0,2.0,58053,314476.0
FAN-002938,Jeju SK,35_54,free_registered,True,False,1,0.9924076522708407,0,1.0,16613,0.0,0.0,16613,16613.0
FAN-002939,Gangwon FC,18_34,free_registered,False,True,1,0.968279756606709,0,1.0,20267,0.0,0.0,20267,20267.0
FAN-002940,FC Seoul,18_34,free_registered,False,True,2,0.9449738614738377,1,0.5,23272,35893.0,1.0,46544,82437.0
FAN-002941,FC Seoul,18_34,free_registered,True,True,2,0.9493188424848464,1,0.5,24197,0.0,0.0,48394,48394.0
FAN-002942,Jeju SK,35_54,paid_membership,True,True,4,0.8724484951066166,3,0.25,20034,234375.0,2.0,80136,314511.0
FAN-002943,FC Seoul,55_Plus,free_registered,True,True,1,0.938629910004674,0,1.0,18968,0.0,0.0,18968,18968.0
FAN-002944,Jeonbuk Hyundai Motors,18_34,paid_membership,True,False,2,0.8587279213472838,1,0.5,24730,0.0,0.0,49460,49460.0
FAN-002945,Jeonbuk Hyundai Motors,18_34,free_registered,True,True,2,0.9473461835172616,1,0.5,23697,69317.0,1.0,47394,116711.0
FAN-002946,FC Seoul,Under_18,free_registered,True,False,1,0.9645919058303694,0,1.0,18519,0.0,0.0,18519,18519.0
FAN-002947,Ulsan HD,35_54,paid_membership,True,False,5,0.8746298504537883,4,0.19999999999999996,16555,151179.0,2.0,82775,233954.0
FAN-002948,Ulsan HD,35_54,free_registered,True,True,2,0.9943767394635267,1,0.5,20342,0.0,0.0,40684,40684.0
FAN-002949,Ulsan HD,55_Plus,season_ticket_partial,True,True,5,0.9454833326921526,4,0.19999999999999996,0,74801.0,1.0,0,74801.0
FAN-002950,Gangwon FC,18_34,free_registered,True,False,1,0.9219917692492618,0,1.0,24508,0.0,0.0,24508,24508.0
FAN-002951,Jeonbuk Hyundai Motors,55_Plus,free_registered,False,True,1,0.9167000622585412,0,1.0,21370,0.0,0.0,21370,21370.0
FAN-002952,Jeju SK,Under_18,season_ticket_partial,True,True,11,0.9052157290731925,9,0.18181818181818177,0,218546.0,3.0,0,218546.0
FAN-002953,Jeonbuk Hyundai Motors,35_54,paid_membership,True,False,4,0.8945940585947851,3,0.25,19717,0.0,0.0,78868,78868.0
FAN-002954,Ulsan HD,Under_18,free_registered,True,True,2,0.9236622939517677,1,0.5,21926,0.0,0.0,43852,43852.0
FAN-002955,Gangwon FC,35_54,free_registered,False,True,2,0.916837379085266,1,0.5,18287,0.0,0.0,36574,36574.0
FAN-002956,Jeju SK,18_34,paid_membership,False,True,4,0.9745610294660154,3,0.25,20231,198421.0,2.0,80924,279345.0
FAN-002957,Jeonbuk Hyundai Motors,35_54,season_ticket_full,True,True,19,0.8503609035949248,16,0.1578947368421053,0,122725.0,2.0,0,122725.0
FAN-002958,Jeonbuk Hyundai Motors,35_54,season_ticket_partial,True,True,8,0.8795361307612811,7,0.125,0,55223.0,1.0,0,55223.0
FAN-002959,FC Seoul,18_34,free_registered,True,True,1,0.9079077628383208,0,1.0,21715,0.0,0.0,21715,21715.0
FAN-002960,Jeonbuk Hyundai Motors,Under_18,season_ticket_full,True,True,18,0.8346963198234426,15,0.16666666666666663,0,270429.0,3.0,0,270429.0
FAN-002961,FC Seoul,35_54,free_registered,True,True,2,0.9976452689882345,1,0.5,17109,0.0,0.0,34218,34218.0
FAN-002962,Ulsan HD,18_34,free_registered,True,False,1,0.9617791901635564,0,1.0,18984,62230.0,1.0,18984,81214.0
FAN-002963,Ulsan HD,Under_18,season_ticket_partial,True,True,6,0.9051640230923287,5,0.16666666666666663,0,280048.0,3.0,0,280048.0
FAN-002964,Gangwon FC,18_34,free_registered,True,False,2,0.9550097443196318,1,0.5,20164,0.0,0.0,40328,40328.0
FAN-002965,Jeonbuk Hyundai Motors,35_54,free_registered,True,True,1,0.9240937538741412,0,1.0,17385,29683.0,1.0,17385,47068.0
FAN-002966,Jeonbuk Hyundai Motors,Under_18,free_registered,False,True,2,0.9973616377496805,1,0.5,21562,138713.0,1.0,43124,181837.0
FAN-002967,Jeonbuk Hyundai Motors,18_34,free_registered,False,False,2,0.9388811952840815,1,0.5,22294,77748.0,1.0,44588,122336.0
FAN-002968,Jeju SK,Under_18,paid_membership,True,False,2,0.9810227843952192,1,0.5,21603,0.0,0.0,43206,43206.0
FAN-002969,Gangwon FC,18_34,paid_membership,True,True,4,0.947465872468039,3,0.25,17733,82179.0,1.0,70932,153111.0
FAN-002970,Ulsan HD,35_54,free_registered,True,True,2,0.9137306929977211,1,0.5,17577,81324.0,1.0,35154,116478.0
FAN-002971,Ulsan HD,55_Plus,paid_membership,True,True,2,0.8968633265236304,1,0.5,22740,46691.0,1.0,45480,92171.0
FAN-002972,FC Seoul,35_54,season_ticket_full,True,False,17,0.8452664343441058,14,0.17647058823529416,0,429055.0,5.0,0,429055.0
FAN-002973,Jeonbuk Hyundai Motors,18_34,season_ticket_partial,True,True,8,0.7960371133239323,6,0.25,0,232108.0,2.0,0,232108.0
FAN-002974,Jeonbuk Hyundai Motors,55_Plus,free_registered,True,True,1,0.9477481495748967,0,1.0,18478,0.0,0.0,18478,18478.0
FAN-002975,Ulsan HD,18_34,season_ticket_full,True,False,17,0.7991333818832425,13,0.23529411764705888,0,183390.0,2.0,0,183390.0
FAN-002976,FC Seoul,18_34,paid_membership,True,False,4,0.9246946827669679,3,0.25,19291,179969.0,2.0,77164,257133.0
FAN-002977,Jeonbuk Hyundai Motors,55_Plus,free_registered,True,False,1,0.9112119865487869,0,1.0,18249,0.0,0.0,18249,18249.0
FAN-002978,FC Seoul,35_54,free_registered,True,True,1,0.932696473307984,0,1.0,19793,0.0,0.0,19793,19793.0
FAN-002979,Jeonbuk Hyundai Motors,35_54,free_registered,True,False,2,0.9841182857985331,1,0.5,18460,0.0,0.0,36920,36920.0
FAN-002980,Gangwon FC,35_54,paid_membership,False,False,2,0.8876632701887073,1,0.5,20315,142866.0,1.0,40630,183496.0
FAN-002981,Ulsan HD,18_34,free_registered,True,False,1,0.984017006206549,0,1.0,22955,0.0,0.0,22955,22955.0
FAN-002982,FC Seoul,18_34,paid_membership,True,False,5,0.964862231753989,4,0.19999999999999996,23550,239986.0,2.0,117750,357736.0
FAN-002983,Jeonbuk Hyundai Motors,35_54,free_registered,True,False,1,0.91410433607946,0,1.0,16616,0.0,0.0,16616,16616.0
FAN-002984,Jeonbuk Hyundai Motors,18_34,season_ticket_full,True,True,18,0.7506992852788591,13,0.2777777777777778,0,380427.0,3.0,0,380427.0
FAN-002985,Ulsan HD,18_34,free_registered,True,True,2,0.9663213389968627,1,0.5,19349,60671.0,1.0,38698,99369.0
FAN-002986,Gangwon FC,35_54,season_ticket_partial,True,False,10,0.9136063907332649,9,0.09999999999999998,0,129175.0,1.0,0,129175.0
FAN-002987,FC Seoul,35_54,season_ticket_full,True,True,15,0.7833809353756007,11,0.2666666666666667,0,83037.0,2.0,0,83037.0
FAN-002988,Ulsan HD,18_34,free_registered,False,True,2,0.9714051954209408,1,0.5,24709,0.0,0.0,49418,49418.0
FAN-002989,Jeonbuk Hyundai Motors,35_54,free_registered,True,True,1,0.9361583471552506,0,1.0,17981,0.0,0.0,17981,17981.0
FAN-002990,Jeonbuk Hyundai Motors,35_54,free_registered,True,False,2,0.900143531324869,1,0.5,22940,45202.0,1.0,45880,91082.0
FAN-002991,FC Seoul,35_54,season_ticket_partial,True,True,6,0.8919977440764051,5,0.16666666666666663,0,375966.0,3.0,0,375966.0
FAN-002992,Jeonbuk Hyundai Motors,18_34,paid_membership,False,False,2,0.9230875935569163,1,0.5,24898,0.0,0.0,49796,49796.0
FAN-002993,Jeju SK,18_34,free_registered,True,True,1,0.9687654537347744,0,1.0,18295,0.0,0.0,18295,18295.0
FAN-002994,Ulsan HD,18_34,free_registered,True,True,1,0.9231313064583997,0,1.0,21437,0.0,0.0,21437,21437.0
FAN-002995,FC Seoul,Under_18,free_registered,True,True,2,0.917023177258376,1,0.5,24972,93493.0,1.0,49944,143437.0
FAN-002996,Jeonbuk Hyundai Motors,18_34,season_ticket_full,True,True,17,0.6091555425789996,10,0.4117647058823529,0,572441.0,5.0,0,572441.0
FAN-002997,FC Seoul,18_34,paid_membership,False,False,4,0.9722354693392531,3,0.25,24462,0.0,0.0,97848,97848.0
FAN-002998,Ulsan HD,18_34,season_ticket_partial,True,False,11,0.7532959488681844,8,0.2727272727272727,0,280179.0,2.0,0,280179.0
FAN-002999,FC Seoul,55_Plus,free_registered,True,False,2,0.9339760679987597,1,0.5,21925,0.0,0.0,43850,43850.0
FAN-003000,Jeonbuk Hyundai Motors,Under_18,free_registered,False,True,2,0.9059018068756635,1,0.5,21361,0.0,0.0,42722,42722.0
FAN-003001,Jeju SK,35_54,season_ticket_full,True,True,19,0.7061800668333492,13,0.3157894736842105,0,114092.0,2.0,0,114092.0
FAN-003002,Jeonbuk Hyundai Motors,35_54,free_registered,True,True,1,0.9479745962148207,0,1.0,22623,0.0,0.0,22623,22623.0
FAN-003003,FC Seoul,Under_18,season_ticket_full,True,True,16,0.7529835326856664,12,0.25,0,218717.0,2.0,0,218717.0
FAN-003004,Jeju SK,55_Plus,free_registered,True,True,2,0.9575061431985774,1,0.5,18466,0.0,0.0,36932,36932.0
FAN-003005,Jeju SK,35_54,free_registered,False,False,2,0.9260819039810764,1,0.5,19207,85123.0,1.0,38414,123537.0
FAN-003006,Jeonbuk Hyundai Motors,18_34,paid_membership,True,True,2,0.9383629905903588,1,0.5,18710,172724.0,2.0,37420,210144.0
FAN-003007,Gangwon FC,35_54,season_ticket_full,True,True,17,0.8996474732145806,15,0.11764705882352944,0,205991.0,3.0,0,205991.0
FAN-003008,FC Seoul,18_34,season_ticket_full,True,False,18,0.8934524291806942,16,0.11111111111111116,0,220328.0,3.0,0,220328.0
FAN-003009,Jeju SK,35_54,free_registered,True,True,1,0.9561573650983375,0,1.0,16179,50374.0,1.0,16179,66553.0
FAN-003010,FC Seoul,Under_18,free_registered,True,False,2,0.901521003953544,1,0.5,18695,143814.0,1.0,37390,181204.0
FAN-003011,Ulsan HD,35_54,paid_membership,True,False,3,0.8864717564484248,2,0.33333333333333337,24802,0.0,0.0,74406,74406.0
FAN-003012,FC Seoul,18_34,paid_membership,False,True,5,0.9472576628500631,4,0.19999999999999996,20420,0.0,0.0,102100,102100.0
FAN-003013,Ulsan HD,35_54,paid_membership,False,True,2,0.9718649477868542,1,0.5,16960,151667.0,2.0,33920,185587.0
FAN-003014,Ulsan HD,18_34,free_registered,True,False,2,0.9867510166502405,1,0.5,23358,27526.0,1.0,46716,74242.0
FAN-003015,Jeju SK,35_54,season_ticket_full,True,True,17,0.8580788679532672,14,0.17647058823529416,0,500105.0,5.0,0,500105.0
FAN-003016,Ulsan HD,35_54,paid_membership,False,True,5,0.9014637424886224,4,0.19999999999999996,17281,144471.0,2.0,86405,230876.0
FAN-003017,Jeonbuk Hyundai Motors,18_34,season_ticket_partial,True,False,5,0.7087759254908147,3,0.4,0,300769.0,3.0,0,300769.0
FAN-003018,Ulsan HD,35_54,paid_membership,False,True,4,0.949672905669239,3,0.25,17417,0.0,0.0,69668,69668.0
FAN-003019,FC Seoul,18_34,free_registered,True,True,1,0.9419998308557316,0,1.0,16740,0.0,0.0,16740,16740.0
FAN-003020,Jeonbuk Hyundai Motors,35_54,season_ticket_full,True,False,15,0.6655491822172891,9,0.4,0,325083.0,5.0,0,325083.0
FAN-003021,FC Seoul,18_34,paid_membership,True,False,5,0.9877028171268187,4,0.19999999999999996,20555,200819.0,2.0,102775,303594.0
FAN-003022,Ulsan HD,35_54,season_ticket_partial,True,True,10,0.79655747863864,7,0.30000000000000004,0,118213.0,1.0,0,118213.0
FAN-003023,Jeju SK,35_54,season_ticket_full,True,True,17,0.7723537215559029,13,0.23529411764705888,0,279690.0,4.0,0,279690.0
FAN-003024,Ulsan HD,18_34,paid_membership,False,True,3,0.9951077838125241,2,0.33333333333333337,23027,113380.0,1.0,69081,182461.0
FAN-003025,FC Seoul,18_34,paid_membership,True,True,4,0.9802551175666482,3,0.25,17189,33112.0,1.0,68756,101868.0
FAN-003026,Ulsan HD,18_34,free_registered,False,False,2,0.967658123584115,1,0.5,21788,129811.0,1.0,43576,173387.0
FAN-003027,Gangwon FC,35_54,free_registered,True,False,2,0.9711160359406728,1,0.5,19575,101335.0,1.0,39150,140485.0
FAN-003028,Jeju SK,18_34,free_registered,False,False,1,0.9343036284372339,0,1.0,17144,113196.0,1.0,17144,130340.0
FAN-003029,Jeju SK,18_34,free_registered,False,True,1,0.9223935583203646,0,1.0,24874,57688.0,1.0,24874,82562.0
FAN-003030,Jeju SK,35_54,free_registered,True,True,1,0.9958622816530112,0,1.0,21096,0.0,0.0,21096,21096.0
FAN-003031,FC Seoul,18_34,free_registered,True,True,1,0.9975565980539512,0,1.0,17509,0.0,0.0,17509,17509.0
FAN-003032,Ulsan HD,35_54,free_registered,True,True,2,0.9424602670587232,1,0.5,19739,115831.0,1.0,39478,155309.0
FAN-003033,Jeonbuk Hyundai Motors,18_34,free_registered,True,True,1,0.9410824534792476,0,1.0,19933,82711.0,1.0,19933,102644.0
FAN-003034,FC Seoul,Under_18,free_registered,True,True,1,0.9451717827291756,0,1.0,21627,67032.0,1.0,21627,88659.0
FAN-003035,FC Seoul,35_54,free_registered,False,True,2,0.9461413887534524,1,0.5,23367,0.0,0.0,46734,46734.0
FAN-003036,FC Seoul,Under_18,paid_membership,False,False,2,0.8544843981702872,1,0.5,24047,104418.0,1.0,48094,152512.0
FAN-003037,Ulsan HD,18_34,paid_membership,True,False,3,0.9868678212554383,2,0.33333333333333337,24274,0.0,0.0,72822,72822.0
FAN-003038,Gangwon FC,35_54,free_registered,True,True,2,0.9882351340650913,1,0.5,19968,0.0,0.0,39936,39936.0
FAN-003039,FC Seoul,18_34,paid_membership,True,True,5,0.9509647710833438,4,0.19999999999999996,16875,0.0,0.0,84375,84375.0
FAN-003040,Ulsan HD,55_Plus,season_ticket_partial,True,False,6,0.9151281544880855,5,0.16666666666666663,0,153768.0,2.0,0,153768.0
FAN-003041,FC Seoul,55_Plus,free_registered,True,False,1,0.9674560367955626,0,1.0,24184,25889.0,1.0,24184,50073.0
FAN-003042,Gangwon FC,18_34,paid_membership,False,True,3,0.9620316467932535,2,0.33333333333333337,17564,217121.0,2.0,52692,269813.0
FAN-003043,FC Seoul,Under_18,season_ticket_full,True,False,16,0.8866508345973585,14,0.125,0,281847.0,3.0,0,281847.0
FAN-003044,Ulsan HD,35_54,season_ticket_partial,True,False,6,0.8648746676009169,5,0.16666666666666663,0,237881.0,2.0,0,237881.0
FAN-003045,Jeonbuk Hyundai Motors,18_34,free_registered,False,True,2,0.9964955532736587,1,0.5,17794,141888.0,1.0,35588,177476.0
FAN-003046,Jeonbuk Hyundai Motors,Under_18,paid_membership,True,True,2,0.9959327895372037,1,0.5,21430,272580.0,2.0,42860,315440.0
FAN-003047,Ulsan HD,35_54,free_registered,False,True,2,0.9640940597085144,1,0.5,21115,103812.0,1.0,42230,146042.0
FAN-003048,Ulsan HD,Under_18,paid_membership,True,True,4,0.956193964903325,3,0.25,18216,0.0,0.0,72864,72864.0
FAN-003049,Ulsan HD,35_54,season_ticket_full,True,True,19,0.693435412146081,13,0.3157894736842105,0,296606.0,3.0,0,296606.0
FAN-003050,FC Seoul,Under_18,paid_membership,False,False,5,0.9836452499030202,4,0.19999999999999996,17115,71581.0,1.0,85575,157156.0
FAN-003051,FC Seoul,Under_18,season_ticket_full,True,False,15,0.785992924101075,11,0.2666666666666667,0,409254.0,5.0,0,409254.0
FAN-003052,Ulsan HD,18_34,free_registered,False,True,2,0.998882383970345,1,0.5,22718,18587.0,1.0,45436,64023.0
FAN-003053,FC Seoul,55_Plus,season_ticket_full,True,True,15,0.8863801541502643,13,0.1333333333333333,0,202891.0,2.0,0,202891.0
FAN-003054,FC Seoul,35_54,paid_membership,True,False,3,0.9262581777101149,2,0.33333333333333337,21203,25924.0,1.0,63609,89533.0
FAN-003055,Jeju SK,35_54,free_registered,True,True,2,0.9979070458425039,1,0.5,19548,0.0,0.0,39096,39096.0
FAN-003056,Gangwon FC,18_34,paid_membership,True,True,5,0.9124517409158963,4,0.19999999999999996,22614,142667.0,2.0,113070,255737.0
FAN-003057,Jeju SK,18_34,free_registered,False,False,2,0.9266598183453751,1,0.5,23888,148057.0,1.0,47776,195833.0
FAN-003058,FC Seoul,18_34,free_registered,True,True,2,0.9756953636466932,1,0.5,17175,0.0,0.0,34350,34350.0
FAN-003059,FC Seoul,18_34,season_ticket_partial,True,True,6,0.8642186549933712,5,0.16666666666666663,0,90959.0,2.0,0,90959.0
FAN-003060,Gangwon FC,35_54,free_registered,True,True,1,0.9267499057450553,0,1.0,20921,85681.0,1.0,20921,106602.0
FAN-003061,FC Seoul,35_54,paid_membership,True,True,3,0.9736188750754823,2,0.33333333333333337,22858,122044.0,1.0,68574,190618.0
FAN-003062,FC Seoul,18_34,free_registered,False,True,1,0.960786792345282,0,1.0,19293,0.0,0.0,19293,19293.0
FAN-003063,Jeju SK,55_Plus,free_registered,False,True,1,0.9395454450299141,0,1.0,24891,0.0,0.0,24891,24891.0
FAN-003064,Jeju SK,18_34,season_ticket_full,True,False,16,0.7156622486764417,11,0.3125,0,372216.0,5.0,0,372216.0
FAN-003065,Jeju SK,55_Plus,free_registered,True,True,2,0.9429923192911979,1,0.5,22547,0.0,0.0,45094,45094.0
FAN-003066,FC Seoul,Under_18,paid_membership,False,True,4,0.8605785645693891,3,0.25,21717,268190.0,2.0,86868,355058.0
FAN-003067,FC Seoul,18_34,paid_membership,True,True,5,0.9265038349015341,4,0.19999999999999996,17623,0.0,0.0,88115,88115.0
FAN-003068,Gangwon FC,18_34,paid_membership,True,True,4,0.8635048442788767,3,0.25,20543,39312.0,1.0,82172,121484.0
FAN-003069,FC Seoul,18_34,season_ticket_partial,True,False,7,0.8654590772521996,6,0.1428571428571429,0,248034.0,2.0,0,248034.0
FAN-003070,Jeju SK,35_54,paid_membership,False,True,4,0.8559645560429704,3,0.25,20236,183326.0,2.0,80944,264270.0
FAN-003071,Jeonbuk Hyundai Motors,18_34,free_registered,False,False,2,0.9388948459454366,1,0.5,20352,74287.0,1.0,40704,114991.0
FAN-003072,Jeju SK,18_34,season_ticket_partial,True,True,11,0.7551575701573943,8,0.2727272727272727,0,46379.0,1.0,0,46379.0
FAN-003073,Ulsan HD,35_54,free_registered,False,True,1,0.9511872119288917,0,1.0,19674,0.0,0.0,19674,19674.0
FAN-003074,FC Seoul,35_54,paid_membership,False,False,3,0.9380280668690026,2,0.33333333333333337,17292,149367.0,2.0,51876,201243.0
FAN-003075,Jeju SK,35_54,season_ticket_full,True,True,15,0.6327553460905012,9,0.4,0,273369.0,5.0,0,273369.0
FAN-003076,Jeonbuk Hyundai Motors,18_34,paid_membership,False,False,3,0.8796950216549108,2,0.33333333333333337,17553,0.0,0.0,52659,52659.0
FAN-003077,Gangwon FC,35_54,season_ticket_partial,True,True,5,0.8203217593832776,4,0.19999999999999996,0,147523.0,1.0,0,147523.0
FAN-003078,FC Seoul,35_54,paid_membership,True,True,3,0.9491043236767557,2,0.33333333333333337,24474,0.0,0.0,73422,73422.0
FAN-003079,FC Seoul,18_34,season_ticket_partial,True,False,9,0.9023992293635291,8,0.11111111111111116,0,103545.0,1.0,0,103545.0
FAN-003080,Gangwon FC,18_34,season_ticket_full,True,False,15,0.7047065186483684,10,0.33333333333333337,0,214288.0,3.0,0,214288.0
FAN-003081,Jeonbuk Hyundai Motors,18_34,free_registered,True,False,2,0.9718958669587063,1,0.5,21823,0.0,0.0,43646,43646.0
FAN-003082,Jeonbuk Hyundai Motors,Under_18,free_registered,True,False,1,0.9802396534253228,0,1.0,16590,0.0,0.0,16590,16590.0
FAN-003083,FC Seoul,18_34,free_registered,True,False,1,0.9578077412177405,0,1.0,20922,0.0,0.0,20922,20922.0
FAN-003084,Jeju SK,Under_18,paid_membership,False,True,5,0.941742204543607,4,0.19999999999999996,19778,0.0,0.0,98890,98890.0
FAN-003085,Jeonbuk Hyundai Motors,35_54,free_registered,False,True,1,0.9849442659050868,0,1.0,20373,113430.0,1.0,20373,133803.0
FAN-003086,Jeju SK,35_54,free_registered,True,True,1,0.9552712890688044,0,1.0,21553,63293.0,1.0,21553,84846.0
FAN-003087,Ulsan HD,55_Plus,free_registered,True,True,1,0.9737010394809595,0,1.0,18454,65560.0,1.0,18454,84014.0
FAN-003088,FC Seoul,35_54,season_ticket_full,True,True,17,0.8337051061087362,14,0.17647058823529416,0,313725.0,3.0,0,313725.0
FAN-003089,Jeju SK,Under_18,paid_membership,True,False,5,0.9521562356671187,4,0.19999999999999996,22579,97543.0,1.0,112895,210438.0
FAN-003090,FC Seoul,35_54,free_registered,True,True,1,0.9976928181061747,0,1.0,21894,0.0,0.0,21894,21894.0
FAN-003091,Ulsan HD,35_54,free_registered,False,False,1,0.9799872401401196,0,1.0,17926,30545.0,1.0,17926,48471.0
FAN-003092,Gangwon FC,18_34,free_registered,True,True,2,0.9374536692301623,1,0.5,24140,0.0,0.0,48280,48280.0
FAN-003093,Ulsan HD,35_54,free_registered,True,True,2,0.9932365923337085,1,0.5,16744,90238.0,1.0,33488,123726.0
FAN-003094,Jeonbuk Hyundai Motors,55_Plus,free_registered,True,False,2,0.9825136568108596,1,0.5,24342,125690.0,1.0,48684,174374.0
FAN-003095,FC Seoul,18_34,season_ticket_partial,True,True,6,0.7865923637753082,4,0.33333333333333337,0,62400.0,1.0,0,62400.0
FAN-003096,Jeju SK,55_Plus,season_ticket_full,True,True,18,0.7559973349888702,13,0.2777777777777778,0,486216.0,5.0,0,486216.0
FAN-003097,Gangwon FC,Under_18,free_registered,True,True,2,0.9976399274298644,1,0.5,24553,0.0,0.0,49106,49106.0
FAN-003098,FC Seoul,18_34,free_registered,False,False,2,0.9317706563075384,1,0.5,17215,0.0,0.0,34430,34430.0
FAN-003099,FC Seoul,18_34,free_registered,True,True,1,0.9275336387240513,0,1.0,20625,0.0,0.0,20625,20625.0
FAN-003100,Ulsan HD,35_54,free_registered,True,True,2,0.9640067014760042,1,0.5,20258,38272.0,1.0,40516,78788.0
FAN-003101,FC Seoul,35_54,free_registered,True,False,1,0.911012199590114,0,1.0,18326,0.0,0.0,18326,18326.0
FAN-003102,Jeonbuk Hyundai Motors,55_Plus,free_registered,True,True,2,0.9674975917791274,1,0.5,17158,83201.0,1.0,34316,117517.0
FAN-003103,Gangwon FC,18_34,free_registered,True,False,2,0.9226579546717548,1,0.5,23868,0.0,0.0,47736,47736.0
FAN-003104,Ulsan HD,Under_18,paid_membership,True,True,2,0.9296655968975094,1,0.5,16944,192533.0,2.0,33888,226421.0
FAN-003105,FC Seoul,35_54,paid_membership,True,True,2,0.8734149927818613,1,0.5,21113,0.0,0.0,42226,42226.0
FAN-003106,Ulsan HD,35_54,paid_membership,True,False,3,0.9484045693989792,2,0.33333333333333337,20850,295267.0,2.0,62550,357817.0
FAN-003107,Jeonbuk Hyundai Motors,18_34,free_registered,True,False,1,0.9107992018596414,0,1.0,20803,85956.0,1.0,20803,106759.0
FAN-003108,FC Seoul,18_34,season_ticket_partial,True,False,9,0.8211999325903777,7,0.2222222222222222,0,137637.0,3.0,0,137637.0
FAN-003109,Jeju SK,35_54,season_ticket_full,True,False,17,0.8614968535514365,14,0.17647058823529416,0,333715.0,4.0,0,333715.0
FAN-003110,Jeju SK,35_54,free_registered,True,True,1,0.9994441692171001,0,1.0,20554,111289.0,1.0,20554,131843.0
FAN-003111,Jeju SK,18_34,free_registered,True,True,1,0.9299736136271645,0,1.0,24807,0.0,0.0,24807,24807.0
FAN-003112,FC Seoul,18_34,paid_membership,True,True,4,0.9696887974274034,3,0.25,23297,113671.0,1.0,93188,206859.0
FAN-003113,Jeonbuk Hyundai Motors,55_Plus,free_registered,True,False,2,0.9341177799541084,1,0.5,16003,0.0,0.0,32006,32006.0
FAN-003114,FC Seoul,35_54,free_registered,True,False,1,0.9586192679254238,0,1.0,20754,50748.0,1.0,20754,71502.0
FAN-003115,FC Seoul,18_34,paid_membership,True,False,4,0.9014943009801837,3,0.25,21063,186154.0,2.0,84252,270406.0
FAN-003116,Jeonbuk Hyundai Motors,18_34,paid_membership,True,True,3,0.9091175205828371,2,0.33333333333333337,17612,102539.0,1.0,52836,155375.0
FAN-003117,Jeonbuk Hyundai Motors,35_54,free_registered,True,True,1,0.961698912458356,0,1.0,20529,26653.0,1.0,20529,47182.0
FAN-003118,FC Seoul,18_34,paid_membership,False,False,2,0.9336206685751237,1,0.5,20721,124868.0,2.0,41442,166310.0
FAN-003119,FC Seoul,18_34,season_ticket_full,True,False,18,0.7489155841677274,13,0.2777777777777778,0,295092.0,3.0,0,295092.0
FAN-003120,FC Seoul,18_34,free_registered,False,False,2,0.9185834556160688,1,0.5,18240,0.0,0.0,36480,36480.0
FAN-003121,FC Seoul,18_34,paid_membership,False,False,5,0.9424067023418955,4,0.19999999999999996,20322,145179.0,1.0,101610,246789.0
FAN-003122,FC Seoul,35_54,free_registered,False,True,2,0.9407577306212211,1,0.5,24531,36114.0,1.0,49062,85176.0
FAN-003123,FC Seoul,Under_18,free_registered,False,True,2,0.9993510502451048,1,0.5,21963,120621.0,1.0,43926,164547.0
FAN-003124,Ulsan HD,35_54,paid_membership,True,True,4,0.8616904923052898,3,0.25,23153,53531.0,1.0,92612,146143.0
FAN-003125,Jeonbuk Hyundai Motors,18_34,free_registered,True,True,1,0.9846801431883179,0,1.0,24870,0.0,0.0,24870,24870.0
FAN-003126,Jeju SK,Under_18,free_registered,True,True,1,0.9568684214118373,0,1.0,18460,0.0,0.0,18460,18460.0
FAN-003127,Jeju SK,Under_18,free_registered,True,True,2,0.9094839385187908,1,0.5,20418,0.0,0.0,40836,40836.0
FAN-003128,FC Seoul,55_Plus,paid_membership,False,True,3,0.9666752749024157,2,0.33333333333333337,18556,173248.0,2.0,55668,228916.0
FAN-003129,Gangwon FC,35_54,paid_membership,True,False,3,0.9379645428058186,2,0.33333333333333337,20170,0.0,0.0,60510,60510.0
FAN-003130,Jeonbuk Hyundai Motors,18_34,free_registered,True,False,2,0.9177392616528877,1,0.5,23795,0.0,0.0,47590,47590.0
FAN-003131,Jeonbuk Hyundai Motors,35_54,paid_membership,True,False,2,0.8744426908638013,1,0.5,18387,0.0,0.0,36774,36774.0
FAN-003132,Jeonbuk Hyundai Motors,35_54,free_registered,True,True,1,0.9709755938483204,0,1.0,19632,0.0,0.0,19632,19632.0
FAN-003133,Gangwon FC,55_Plus,paid_membership,True,True,4,0.9638629146977786,3,0.25,18366,0.0,0.0,73464,73464.0
FAN-003134,Ulsan HD,18_34,free_registered,True,True,2,0.9740817610326301,1,0.5,16794,0.0,0.0,33588,33588.0
FAN-003135,FC Seoul,35_54,paid_membership,True,False,3,0.952483557789989,2,0.33333333333333337,19781,111955.0,1.0,59343,171298.0
FAN-003136,Jeju SK,Under_18,season_ticket_full,True,True,17,0.690609790987304,11,0.3529411764705882,0,564370.0,5.0,0,564370.0
FAN-003137,Jeonbuk Hyundai Motors,18_34,season_ticket_full,True,True,15,0.8010996790997381,12,0.19999999999999996,0,272497.0,3.0,0,272497.0
FAN-003138,Jeonbuk Hyundai Motors,55_Plus,free_registered,False,False,2,0.9777148096191265,1,0.5,19705,144297.0,1.0,39410,183707.0
FAN-003139,Ulsan HD,18_34,season_ticket_partial,True,True,6,0.7872417973911993,4,0.33333333333333337,0,219505.0,3.0,0,219505.0
FAN-003140,FC Seoul,18_34,free_registered,False,False,1,0.9165829837429333,0,1.0,24916,0.0,0.0,24916,24916.0
FAN-003141,Ulsan HD,Under_18,season_ticket_full,True,True,15,0.7068798805617375,10,0.33333333333333337,0,175952.0,4.0,0,175952.0
FAN-003142,Gangwon FC,35_54,free_registered,True,True,2,0.9986709551972927,1,0.5,16075,79046.0,1.0,32150,111196.0
FAN-003143,Jeju SK,35_54,free_registered,True,True,1,0.9714367381317006,0,1.0,19602,122813.0,1.0,19602,142415.0
FAN-003144,Ulsan HD,18_34,free_registered,True,False,2,0.9679952461539587,1,0.5,17657,95467.0,1.0,35314,130781.0
FAN-003145,FC Seoul,55_Plus,free_registered,True,False,2,0.9502808902252622,1,0.5,21005,0.0,0.0,42010,42010.0
FAN-003146,Ulsan HD,Under_18,paid_membership,True,True,2,0.9310610208268284,1,0.5,21849,0.0,0.0,43698,43698.0
FAN-003147,Jeonbuk Hyundai Motors,18_34,season_ticket_full,True,True,15,0.751140038317978,11,0.2666666666666667,0,483862.0,5.0,0,483862.0
FAN-003148,Jeju SK,55_Plus,paid_membership,True,True,3,0.9879255559304987,2,0.33333333333333337,20869,185101.0,2.0,62607,247708.0
FAN-003149,Jeonbuk Hyundai Motors,18_34,paid_membership,True,False,2,0.9892157472445617,1,0.5,20208,0.0,0.0,40416,40416.0
FAN-003150,Ulsan HD,18_34,paid_membership,True,False,3,0.9423042261217877,2,0.33333333333333337,16349,117180.0,1.0,49047,166227.0
FAN-003151,Jeju SK,18_34,free_registered,True,False,1,0.9761550329077806,0,1.0,20860,29226.0,1.0,20860,50086.0
FAN-003152,FC Seoul,35_54,free_registered,False,True,1,0.9486212759395253,0,1.0,19090,37323.0,1.0,19090,56413.0
FAN-003153,Jeonbuk Hyundai Motors,Under_18,free_registered,True,True,1,0.9476324411700703,0,1.0,21848,0.0,0.0,21848,21848.0
FAN-003154,Ulsan HD,55_Plus,free_registered,True,True,1,0.9834796859358955,0,1.0,18264,0.0,0.0,18264,18264.0
FAN-003155,Ulsan HD,35_54,free_registered,True,False,1,0.9793561949514661,0,1.0,17523,57212.0,1.0,17523,74735.0
FAN-003156,Jeju SK,18_34,free_registered,True,False,1,0.9138796848194711,0,1.0,16641,0.0,0.0,16641,16641.0
FAN-003157,Gangwon FC,35_54,free_registered,True,True,1,0.9549195435312235,0,1.0,24905,39780.0,1.0,24905,64685.0
FAN-003158,FC Seoul,18_34,free_registered,True,True,2,0.9969357428490272,1,0.5,24190,25727.0,1.0,48380,74107.0
FAN-003159,Jeonbuk Hyundai Motors,18_34,season_ticket_partial,True,True,7,0.7721139310078118,5,0.2857142857142857,0,356342.0,3.0,0,356342.0
FAN-003160,FC Seoul,35_54,free_registered,False,True,1,0.9972978287095902,0,1.0,21812,0.0,0.0,21812,21812.0
FAN-003161,Ulsan HD,55_Plus,paid_membership,True,False,3,0.8757812584378488,2,0.33333333333333337,17927,207892.0,2.0,53781,261673.0
FAN-003162,FC Seoul,Under_18,paid_membership,True,True,2,0.9311543885637272,1,0.5,24480,140080.0,2.0,48960,189040.0
FAN-003163,Ulsan HD,18_34,paid_membership,False,False,5,0.8778009289782326,4,0.19999999999999996,21546,95919.0,1.0,107730,203649.0
FAN-003164,Ulsan HD,18_34,free_registered,False,False,1,0.9709413382532581,0,1.0,22045,38603.0,1.0,22045,60648.0
FAN-003165,FC Seoul,18_34,free_registered,True,False,1,0.9728826703863102,0,1.0,22433,0.0,0.0,22433,22433.0
FAN-003166,Ulsan HD,18_34,free_registered,True,False,2,0.9747558801438495,1,0.5,21987,52628.0,1.0,43974,96602.0
FAN-003167,Gangwon FC,Under_18,free_registered,False,False,1,0.993025934329048,0,1.0,22163,35600.0,1.0,22163,57763.0
FAN-003168,FC Seoul,35_54,free_registered,True,False,2,0.9309164923261944,1,0.5,22461,0.0,0.0,44922,44922.0
FAN-003169,Jeonbuk Hyundai Motors,18_34,paid_membership,True,True,5,0.9251950319657481,4,0.19999999999999996,22359,177579.0,2.0,111795,289374.0
FAN-003170,Ulsan HD,18_34,paid_membership,True,False,4,0.9773372239703754,3,0.25,17623,105790.0,1.0,70492,176282.0
FAN-003171,Jeju SK,35_54,paid_membership,True,False,3,0.8619497316483171,2,0.33333333333333337,16252,0.0,0.0,48756,48756.0
FAN-003172,FC Seoul,35_54,free_registered,False,True,2,0.96310937463678,1,0.5,22211,91764.0,1.0,44422,136186.0
FAN-003173,FC Seoul,18_34,free_registered,True,False,2,0.9935148727095567,1,0.5,19662,0.0,0.0,39324,39324.0
FAN-003174,FC Seoul,18_34,season_ticket_partial,True,False,8,0.8955804295844502,7,0.125,0,251450.0,2.0,0,251450.0
FAN-003175,FC Seoul,35_54,free_registered,False,False,2,0.9099292793780259,1,0.5,21778,149311.0,1.0,43556,192867.0
FAN-003176,FC Seoul,18_34,paid_membership,False,True,5,0.9443259770901575,4,0.19999999999999996,16367,0.0,0.0,81835,81835.0
FAN-003177,Jeju SK,18_34,paid_membership,True,False,3,0.983728773898475,2,0.33333333333333337,18030,104814.0,1.0,54090,158904.0
FAN-003178,Jeonbuk Hyundai Motors,35_54,free_registered,True,True,2,0.9691434205930937,1,0.5,18700,54634.0,1.0,37400,92034.0
FAN-003179,Jeonbuk Hyundai Motors,Under_18,free_registered,True,False,2,0.9724981451475326,1,0.5,23558,70432.0,1.0,47116,117548.0
FAN-003180,Jeju SK,Under_18,free_registered,True,True,1,0.9028880600520348,0,1.0,20623,61268.0,1.0,20623,81891.0
FAN-003181,FC Seoul,Under_18,free_registered,False,True,1,0.996492372754144,0,1.0,19337,35076.0,1.0,19337,54413.0
FAN-003182,FC Seoul,18_34,free_registered,True,True,1,0.9264179377748656,0,1.0,18296,89407.0,1.0,18296,107703.0
FAN-003183,Ulsan HD,Under_18,free_registered,True,True,1,0.9413862081062886,0,1.0,23845,0.0,0.0,23845,23845.0
FAN-003184,FC Seoul,55_Plus,free_registered,True,True,1,0.9418422736203601,0,1.0,24244,144852.0,1.0,24244,169096.0
FAN-003185,Ulsan HD,18_34,paid_membership,True,True,5,0.9304012160353298,4,0.19999999999999996,21204,28050.0,1.0,106020,134070.0
FAN-003186,Ulsan HD,Under_18,season_ticket_partial,True,False,6,0.9386710456288432,5,0.16666666666666663,0,125707.0,2.0,0,125707.0
FAN-003187,Ulsan HD,18_34,free_registered,True,False,1,0.9620206446441503,0,1.0,16718,53932.0,1.0,16718,70650.0
FAN-003188,Ulsan HD,55_Plus,season_ticket_full,True,True,17,0.755136055425428,12,0.2941176470588235,0,258416.0,3.0,0,258416.0
FAN-003189,Jeonbuk Hyundai Motors,18_34,season_ticket_full,True,True,19,0.6688998311059924,12,0.368421052631579,0,284707.0,3.0,0,284707.0
FAN-003190,Jeonbuk Hyundai Motors,18_34,season_ticket_full,True,True,15,0.6228951464024937,9,0.4,0,223935.0,4.0,0,223935.0
FAN-003191,Ulsan HD,35_54,season_ticket_partial,True,False,6,0.8436475742848605,5,0.16666666666666663,0,160033.0,2.0,0,160033.0
FAN-003192,Gangwon FC,18_34,free_registered,True,True,1,0.9571307699699787,0,1.0,19999,101285.0,1.0,19999,121284.0
FAN-003193,Gangwon FC,18_34,free_registered,True,True,1,0.9214340906034658,0,1.0,21662,0.0,0.0,21662,21662.0
FAN-003194,Ulsan HD,18_34,paid_membership,True,True,2,0.9472293668708054,1,0.5,19964,51882.0,1.0,39928,91810.0
FAN-003195,Ulsan HD,18_34,paid_membership,True,True,5,0.9944101227192076,4,0.19999999999999996,19074,113822.0,2.0,95370,209192.0
FAN-003196,Ulsan HD,18_34,season_ticket_partial,True,True,7,0.8809824115038501,6,0.1428571428571429,0,74764.0,1.0,0,74764.0
FAN-003197,Gangwon FC,35_54,season_ticket_full,True,True,15,0.7072408775407254,10,0.33333333333333337,0,174905.0,3.0,0,174905.0
FAN-003198,Jeonbuk Hyundai Motors,18_34,paid_membership,False,False,4,0.9723801777304918,3,0.25,21846,39999.0,1.0,87384,127383.0
FAN-003199,FC Seoul,35_54,free_registered,True,False,2,0.9628988527896968,1,0.5,23015,0.0,0.0,46030,46030.0
FAN-003200,Ulsan HD,Under_18,free_registered,True,True,2,0.9784586078689327,1,0.5,16829,0.0,0.0,33658,33658.0
FAN-003201,Jeju SK,18_34,free_registered,False,False,2,0.9790399082283657,1,0.5,16692,0.0,0.0,33384,33384.0
FAN-003202,Ulsan HD,18_34,paid_membership,True,True,3,0.9933041849207338,2,0.33333333333333337,21975,0.0,0.0,65925,65925.0
FAN-003203,FC Seoul,55_Plus,paid_membership,False,False,2,0.9687206684286456,1,0.5,21496,0.0,0.0,42992,42992.0
FAN-003204,Jeonbuk Hyundai Motors,18_34,season_ticket_partial,True,True,10,0.735927224600986,7,0.30000000000000004,0,239138.0,3.0,0,239138.0
FAN-003205,Jeju SK,35_54,paid_membership,True,False,4,0.9476749088390249,3,0.25,23920,0.0,0.0,95680,95680.0
FAN-003206,Jeonbuk Hyundai Motors,18_34,season_ticket_partial,True,False,7,0.948181060722756,6,0.1428571428571429,0,176052.0,2.0,0,176052.0
FAN-003207,Jeonbuk Hyundai Motors,Under_18,paid_membership,True,True,5,0.9422262810897682,4,0.19999999999999996,18700,0.0,0.0,93500,93500.0
FAN-003208,Jeonbuk Hyundai Motors,Under_18,season_ticket_partial,True,False,8,0.765973846442801,6,0.25,0,100431.0,1.0,0,100431.0
FAN-003209,Ulsan HD,18_34,free_registered,True,True,1,0.9698992810898389,0,1.0,17574,61155.0,1.0,17574,78729.0
FAN-003210,Jeju SK,18_34,season_ticket_partial,True,False,6,0.8983403206396722,5,0.16666666666666663,0,121401.0,1.0,0,121401.0
FAN-003211,FC Seoul,18_34,paid_membership,True,True,2,0.9235288373537308,1,0.5,23192,286656.0,2.0,46384,333040.0
FAN-003212,Jeju SK,35_54,free_registered,True,True,2,0.9351609515305526,1,0.5,22637,27483.0,1.0,45274,72757.0
FAN-003213,FC Seoul,Under_18,free_registered,True,True,1,0.9774778543580057,0,1.0,21568,25490.0,1.0,21568,47058.0
FAN-003214,Jeju SK,35_54,season_ticket_full,True,True,19,0.8867435902721671,16,0.1578947368421053,0,74034.0,2.0,0,74034.0
FAN-003215,FC Seoul,18_34,free_registered,True,True,2,0.9023365738766076,1,0.5,20679,0.0,0.0,41358,41358.0
FAN-003216,FC Seoul,18_34,free_registered,True,True,1,0.9089219607003733,0,1.0,17620,0.0,0.0,17620,17620.0
FAN-003217,FC Seoul,35_54,free_registered,True,False,1,0.9966147862473377,0,1.0,20042,0.0,0.0,20042,20042.0
FAN-003218,FC Seoul,18_34,paid_membership,True,True,3,0.8999296560824154,2,0.33333333333333337,19801,0.0,0.0,59403,59403.0
FAN-003219,Jeonbuk Hyundai Motors,18_34,season_ticket_partial,True,True,11,0.8897960002575362,9,0.18181818181818177,0,25402.0,1.0,0,25402.0
FAN-003220,Jeonbuk Hyundai Motors,35_54,free_registered,True,False,2,0.9967005787314244,1,0.5,17467,130060.0,1.0,34934,164994.0
FAN-003221,Ulsan HD,35_54,free_registered,True,True,1,0.9776005956288981,0,1.0,19364,44985.0,1.0,19364,64349.0
FAN-003222,FC Seoul,18_34,season_ticket_full,True,True,15,0.7060556367000109,10,0.33333333333333337,0,437946.0,5.0,0,437946.0
FAN-003223,FC Seoul,Under_18,paid_membership,False,True,4,0.9690977725493445,3,0.25,17534,95434.0,2.0,70136,165570.0
FAN-003224,FC Seoul,35_54,season_ticket_partial,True,True,10,0.831685530245927,8,0.19999999999999996,0,104899.0,1.0,0,104899.0
FAN-003225,FC Seoul,18_34,free_registered,True,True,2,0.9664993573653707,1,0.5,20270,142884.0,1.0,40540,183424.0
FAN-003226,Jeonbuk Hyundai Motors,35_54,free_registered,True,False,1,0.921574401017123,0,1.0,22484,128712.0,1.0,22484,151196.0
FAN-003227,FC Seoul,18_34,free_registered,True,True,1,0.9805707538207898,0,1.0,19818,0.0,0.0,19818,19818.0
FAN-003228,Ulsan HD,Under_18,paid_membership,False,True,5,0.9020710310317702,4,0.19999999999999996,23633,48486.0,1.0,118165,166651.0
FAN-003229,FC Seoul,35_54,free_registered,False,True,1,0.9788317499444384,0,1.0,16169,0.0,0.0,16169,16169.0
FAN-003230,FC Seoul,18_34,free_registered,True,True,2,0.9626465049877992,1,0.5,20835,74533.0,1.0,41670,116203.0
FAN-003231,Ulsan HD,18_34,free_registered,True,True,1,0.9462873849230914,0,1.0,16700,117061.0,1.0,16700,133761.0
FAN-003232,Jeju SK,18_34,free_registered,True,True,2,0.9728511164839821,1,0.5,22130,0.0,0.0,44260,44260.0
FAN-003233,FC Seoul,35_54,season_ticket_partial,True,True,6,0.7938889722839542,4,0.33333333333333337,0,250605.0,3.0,0,250605.0
FAN-003234,FC Seoul,35_54,free_registered,True,True,2,0.9465565286503905,1,0.5,16950,0.0,0.0,33900,33900.0
FAN-003235,Ulsan HD,Under_18,paid_membership,True,False,3,0.8717942705171282,2,0.33333333333333337,19045,161696.0,2.0,57135,218831.0
FAN-003236,FC Seoul,18_34,season_ticket_full,True,True,16,0.7274115019476326,11,0.3125,0,430242.0,5.0,0,430242.0
FAN-003237,FC Seoul,35_54,free_registered,True,True,2,0.9090336528320202,1,0.5,19830,0.0,0.0,39660,39660.0
FAN-003238,Gangwon FC,35_54,paid_membership,True,False,3,0.8844199713174775,2,0.33333333333333337,16297,98999.0,1.0,48891,147890.0
FAN-003239,Jeju SK,35_54,season_ticket_full,True,True,18,0.7116308560952223,12,0.33333333333333337,0,117361.0,2.0,0,117361.0
FAN-003240,Jeju SK,18_34,season_ticket_full,True,False,15,0.7347533644706696,11,0.2666666666666667,0,179322.0,2.0,0,179322.0
FAN-003241,Ulsan HD,35_54,free_registered,True,False,2,0.9280931359789845,1,0.5,21893,0.0,0.0,43786,43786.0
FAN-003242,Ulsan HD,35_54,free_registered,True,True,2,0.9020111343504259,1,0.5,19749,0.0,0.0,39498,39498.0
FAN-003243,Ulsan HD,Under_18,free_registered,True,True,1,0.9269270165150697,0,1.0,23118,0.0,0.0,23118,23118.0
FAN-003244,Jeju SK,18_34,paid_membership,True,False,4,0.8775691253359174,3,0.25,17440,0.0,0.0,69760,69760.0
FAN-003245,Jeonbuk Hyundai Motors,18_34,paid_membership,True,False,4,0.8730988167040986,3,0.25,21465,0.0,0.0,85860,85860.0
FAN-003246,FC Seoul,35_54,paid_membership,True,False,2,0.8733044093796998,1,0.5,23581,110331.0,1.0,47162,157493.0
FAN-003247,Ulsan HD,18_34,free_registered,True,True,2,0.966581074403946,1,0.5,21229,0.0,0.0,42458,42458.0
FAN-003248,Ulsan HD,35_54,free_registered,True,True,2,0.9779903399208328,1,0.5,16448,0.0,0.0,32896,32896.0
FAN-003249,Jeonbuk Hyundai Motors,55_Plus,paid_membership,True,False,2,0.900455316643457,1,0.5,16633,0.0,0.0,33266,33266.0
FAN-003250,Jeju SK,35_54,free_registered,True,True,2,0.9618927044372422,1,0.5,21886,83885.0,1.0,43772,127657.0
FAN-003251,Ulsan HD,55_Plus,paid_membership,True,False,3,0.9930318551237183,2,0.33333333333333337,17018,114791.0,1.0,51054,165845.0
FAN-003252,FC Seoul,55_Plus,free_registered,True,True,2,0.9322883115740599,1,0.5,24906,39371.0,1.0,49812,89183.0
FAN-003253,Jeju SK,Under_18,free_registered,True,False,2,0.9482774672594061,1,0.5,21609,62085.0,1.0,43218,105303.0
FAN-003254,FC Seoul,35_54,free_registered,True,True,1,0.9481294500016187,0,1.0,21646,119382.0,1.0,21646,141028.0
FAN-003255,Ulsan HD,18_34,free_registered,False,True,1,0.9639370450390267,0,1.0,23115,0.0,0.0,23115,23115.0
FAN-003256,FC Seoul,35_54,free_registered,True,False,1,0.9559218374991804,0,1.0,16917,28911.0,1.0,16917,45828.0
FAN-003257,Jeju SK,18_34,free_registered,True,True,1,0.9631274434647471,0,1.0,22937,0.0,0.0,22937,22937.0
FAN-003258,FC Seoul,55_Plus,free_registered,True,True,2,0.9980494332085181,1,0.5,20273,0.0,0.0,40546,40546.0
FAN-003259,Ulsan HD,35_54,free_registered,False,True,1,0.981046512127015,0,1.0,18032,0.0,0.0,18032,18032.0
FAN-003260,Jeonbuk Hyundai Motors,35_54,free_registered,True,False,1,0.9292058204216465,0,1.0,24790,95429.0,1.0,24790,120219.0
FAN-003261,FC Seoul,Under_18,paid_membership,True,False,3,0.9216057144184755,2,0.33333333333333337,18364,213947.0,2.0,55092,269039.0
FAN-003262,Ulsan HD,18_34,free_registered,True,True,1,0.922936100637076,0,1.0,16002,0.0,0.0,16002,16002.0
FAN-003263,Ulsan HD,35_54,paid_membership,True,True,3,0.8686753567582226,2,0.33333333333333337,21277,0.0,0.0,63831,63831.0
FAN-003264,FC Seoul,Under_18,paid_membership,False,True,4,0.9442566809120209,3,0.25,21305,81445.0,1.0,85220,166665.0
FAN-003265,Jeonbuk Hyundai Motors,35_54,paid_membership,True,False,5,0.9319498531702022,4,0.19999999999999996,22039,62164.0,1.0,110195,172359.0
FAN-003266,FC Seoul,Under_18,season_ticket_full,True,True,19,0.8670657712348112,16,0.1578947368421053,0,118318.0,3.0,0,118318.0
FAN-003267,Ulsan HD,35_54,free_registered,True,True,2,0.9007310629126785,1,0.5,20146,0.0,0.0,40292,40292.0
FAN-003268,Jeju SK,18_34,paid_membership,True,True,4,0.9827101415559778,3,0.25,22965,132995.0,2.0,91860,224855.0
FAN-003269,Jeju SK,35_54,season_ticket_full,True,True,17,0.6895059322444679,11,0.3529411764705882,0,451000.0,5.0,0,451000.0
FAN-003270,Jeju SK,35_54,season_ticket_partial,True,False,11,0.9199017448605585,10,0.09090909090909094,0,203246.0,3.0,0,203246.0
FAN-003271,FC Seoul,18_34,free_registered,True,True,2,0.9570782951876089,1,0.5,18472,0.0,0.0,36944,36944.0
FAN-003272,FC Seoul,Under_18,free_registered,True,True,1,0.9589870662943448,0,1.0,23792,129172.0,1.0,23792,152964.0
FAN-003273,Jeonbuk Hyundai Motors,Under_18,free_registered,True,True,2,0.9089540544587575,1,0.5,20215,142838.0,1.0,40430,183268.0
FAN-003274,Ulsan HD,35_54,paid_membership,False,False,2,0.9233647054416227,1,0.5,16617,90505.0,2.0,33234,123739.0
FAN-003275,Jeonbuk Hyundai Motors,18_34,paid_membership,True,True,4,0.8816872643701099,3,0.25,17393,148299.0,2.0,69572,217871.0
FAN-003276,Jeonbuk Hyundai Motors,35_54,free_registered,True,True,1,0.9458711018388402,0,1.0,18464,0.0,0.0,18464,18464.0
FAN-003277,Jeonbuk Hyundai Motors,18_34,paid_membership,True,True,2,0.8605976309537656,1,0.5,17802,0.0,0.0,35604,35604.0
FAN-003278,Ulsan HD,18_34,paid_membership,True,False,2,0.9378790366594936,1,0.5,24355,144360.0,1.0,48710,193070.0
FAN-003279,Ulsan HD,18_34,free_registered,True,True,2,0.904519319468693,1,0.5,24826,56571.0,1.0,49652,106223.0
FAN-003280,Jeonbuk Hyundai Motors,Under_18,season_ticket_partial,True,True,6,0.9057150616898537,5,0.16666666666666663,0,52852.0,1.0,0,52852.0
FAN-003281,Ulsan HD,18_34,paid_membership,False,True,5,0.9389279552594401,4,0.19999999999999996,22031,103323.0,1.0,110155,213478.0
FAN-003282,FC Seoul,55_Plus,free_registered,True,True,2,0.9144923965841557,1,0.5,16718,110534.0,1.0,33436,143970.0
FAN-003283,Jeonbuk Hyundai Motors,35_54,paid_membership,True,False,2,0.9792682896568405,1,0.5,19463,128845.0,1.0,38926,167771.0
FAN-003284,Jeonbuk Hyundai Motors,18_34,free_registered,True,True,1,0.9002888510237623,0,1.0,16994,111105.0,1.0,16994,128099.0
FAN-003285,Ulsan HD,35_54,paid_membership,False,False,3,0.954129783689367,2,0.33333333333333337,20616,234005.0,2.0,61848,295853.0
FAN-003286,FC Seoul,35_54,season_ticket_full,True,True,17,0.8126950416291769,13,0.23529411764705888,0,317609.0,4.0,0,317609.0
FAN-003287,Ulsan HD,18_34,season_ticket_partial,True,True,6,0.7325691021647085,4,0.33333333333333337,0,290521.0,3.0,0,290521.0
FAN-003288,Jeonbuk Hyundai Motors,Under_18,free_registered,False,True,1,0.9287090203099471,0,1.0,23759,0.0,0.0,23759,23759.0
FAN-003289,Gangwon FC,Under_18,free_registered,False,False,2,0.9562037796153124,1,0.5,17041,75774.0,1.0,34082,109856.0
FAN-003290,FC Seoul,18_34,free_registered,True,True,2,0.9112859305352445,1,0.5,23627,0.0,0.0,47254,47254.0
FAN-003291,FC Seoul,55_Plus,paid_membership,False,False,4,0.8666148236160228,3,0.25,20802,0.0,0.0,83208,83208.0
FAN-003292,Jeonbuk Hyundai Motors,35_54,free_registered,True,True,1,0.9561990405819834,0,1.0,21235,133767.0,1.0,21235,155002.0
FAN-003293,Ulsan HD,Under_18,paid_membership,True,True,4,0.9830554049730917,3,0.25,24735,0.0,0.0,98940,98940.0
FAN-003294,Ulsan HD,18_34,free_registered,True,False,2,0.9931270752122349,1,0.5,22366,0.0,0.0,44732,44732.0
FAN-003295,Gangwon FC,35_54,free_registered,False,False,2,0.951055405778,1,0.5,20183,0.0,0.0,40366,40366.0
FAN-003296,FC Seoul,35_54,free_registered,True,True,1,0.9113224228447505,0,1.0,21792,108269.0,1.0,21792,130061.0
FAN-003297,Jeju SK,35_54,season_ticket_full,True,False,16,0.805058941189061,12,0.25,0,438244.0,4.0,0,438244.0
FAN-003298,FC Seoul,35_54,paid_membership,False,True,3,0.9807761497960609,2,0.33333333333333337,18869,53023.0,1.0,56607,109630.0
FAN-003299,Ulsan HD,Under_18,free_registered,True,True,2,0.9883064521013184,1,0.5,24866,19490.0,1.0,49732,69222.0
FAN-003300,Jeonbuk Hyundai Motors,35_54,free_registered,True,True,1,0.9780162642839989,0,1.0,18236,0.0,0.0,18236,18236.0
FAN-003301,Ulsan HD,35_54,paid_membership,True,True,2,0.9179857580737057,1,0.5,22514,67758.0,1.0,45028,112786.0
FAN-003302,Gangwon FC,18_34,free_registered,True,True,1,0.9755555563113008,0,1.0,20923,82605.0,1.0,20923,103528.0
FAN-003303,Jeju SK,35_54,paid_membership,True,True,5,0.9136018901884704,4,0.19999999999999996,18297,92858.0,1.0,91485,184343.0
FAN-003304,Ulsan HD,18_34,season_ticket_partial,True,False,9,0.8625339942504596,7,0.2222222222222222,0,240897.0,2.0,0,240897.0
FAN-003305,FC Seoul,Under_18,paid_membership,True,False,2,0.9387890696406178,1,0.5,18013,24233.0,1.0,36026,60259.0
FAN-003306,Ulsan HD,18_34,paid_membership,True,True,3,0.8604546737378864,2,0.33333333333333337,18352,18808.0,1.0,55056,73864.0
FAN-003307,Ulsan HD,18_34,paid_membership,True,False,3,0.8704900321653621,2,0.33333333333333337,20886,0.0,0.0,62658,62658.0
FAN-003308,FC Seoul,18_34,season_ticket_full,True,True,19,0.6146561869778633,11,0.42105263157894735,0,230792.0,3.0,0,230792.0
FAN-003309,Ulsan HD,18_34,season_ticket_full,True,True,15,0.7969195136665397,11,0.2666666666666667,0,220468.0,3.0,0,220468.0
FAN-003310,Ulsan HD,18_34,paid_membership,True,False,2,0.8664707663351312,1,0.5,23325,0.0,0.0,46650,46650.0
FAN-003311,Jeonbuk Hyundai Motors,18_34,free_registered,True,True,2,0.9423235717995041,1,0.5,18050,87818.0,1.0,36100,123918.0
FAN-003312,Jeju SK,18_34,free_registered,False,False,2,0.954317576380799,1,0.5,18043,0.0,0.0,36086,36086.0
FAN-003313,Jeonbuk Hyundai Motors,Under_18,free_registered,True,True,2,0.9094738971816316,1,0.5,22474,0.0,0.0,44948,44948.0
FAN-003314,FC Seoul,35_54,paid_membership,True,True,3,0.9142348236349505,2,0.33333333333333337,20674,148394.0,1.0,62022,210416.0
FAN-003315,FC Seoul,18_34,paid_membership,False,True,2,0.930014436305593,1,0.5,18728,151985.0,2.0,37456,189441.0
FAN-003316,Jeju SK,18_34,free_registered,False,False,2,0.9560464416228667,1,0.5,24111,0.0,0.0,48222,48222.0
FAN-003317,Ulsan HD,35_54,free_registered,True,False,1,0.949112299911072,0,1.0,21681,76213.0,1.0,21681,97894.0
FAN-003318,FC Seoul,35_54,free_registered,False,False,1,0.9905635579092055,0,1.0,16441,125947.0,1.0,16441,142388.0
FAN-003319,Jeonbuk Hyundai Motors,35_54,season_ticket_partial,True,True,8,0.7062508274280792,5,0.375,0,182402.0,2.0,0,182402.0
FAN-003320,Jeonbuk Hyundai Motors,18_34,paid_membership,True,True,5,0.9176266963294444,4,0.19999999999999996,21241,43885.0,1.0,106205,150090.0
FAN-003321,Ulsan HD,Under_18,paid_membership,True,False,3,0.8880707080128439,2,0.33333333333333337,24817,122873.0,1.0,74451,197324.0
FAN-003322,FC Seoul,35_54,free_registered,True,True,2,0.9985400136463982,1,0.5,22976,128625.0,1.0,45952,174577.0
FAN-003323,Jeonbuk Hyundai Motors,18_34,paid_membership,False,True,5,0.8977296591557734,4,0.19999999999999996,22113,0.0,0.0,110565,110565.0
FAN-003324,Jeju SK,18_34,free_registered,True,False,2,0.9073669271727114,1,0.5,23555,119276.0,1.0,47110,166386.0
FAN-003325,Jeonbuk Hyundai Motors,Under_18,paid_membership,True,True,2,0.8979944900810315,1,0.5,16090,42274.0,1.0,32180,74454.0
FAN-003326,Jeonbuk Hyundai Motors,35_54,free_registered,True,True,2,0.9503193815088206,1,0.5,18764,0.0,0.0,37528,37528.0
FAN-003327,Jeonbuk Hyundai Motors,Under_18,free_registered,True,False,1,0.9939632896462419,0,1.0,21878,0.0,0.0,21878,21878.0
FAN-003328,Ulsan HD,55_Plus,free_registered,True,False,2,0.9575199804865079,1,0.5,17517,62380.0,1.0,35034,97414.0
FAN-003329,FC Seoul,35_54,free_registered,True,False,2,0.9511496431832442,1,0.5,24039,78971.0,1.0,48078,127049.0
FAN-003330,Jeju SK,18_34,season_ticket_full,True,True,17,0.771190900007698,13,0.23529411764705888,0,430434.0,4.0,0,430434.0
FAN-003331,Jeju SK,35_54,free_registered,False,True,2,0.9380383501185827,1,0.5,22664,0.0,0.0,45328,45328.0
FAN-003332,Jeonbuk Hyundai Motors,35_54,free_registered,True,False,2,0.9597446344848981,1,0.5,19812,0.0,0.0,39624,39624.0
FAN-003333,FC Seoul,35_54,paid_membership,True,False,4,0.9308132117097394,3,0.25,24376,233944.0,2.0,97504,331448.0
FAN-003334,FC Seoul,18_34,season_ticket_partial,True,True,5,0.9051112400050123,4,0.19999999999999996,0,71443.0,1.0,0,71443.0
FAN-003335,Jeonbuk Hyundai Motors,35_54,free_registered,True,False,2,0.9297795843119061,1,0.5,24207,0.0,0.0,48414,48414.0
FAN-003336,Jeonbuk Hyundai Motors,18_34,paid_membership,False,False,2,0.9152879159895376,1,0.5,19152,210560.0,2.0,38304,248864.0
FAN-003337,Gangwon FC,55_Plus,season_ticket_partial,True,True,9,0.8381920888167508,7,0.2222222222222222,0,15003.0,1.0,0,15003.0
FAN-003338,Jeonbuk Hyundai Motors,18_34,free_registered,True,False,2,0.9984713697234476,1,0.5,21769,0.0,0.0,43538,43538.0
FAN-003339,Jeju SK,18_34,free_registered,True,True,1,0.9050942588680448,0,1.0,22836,104546.0,1.0,22836,127382.0
FAN-003340,Jeju SK,35_54,free_registered,True,True,1,0.9767968413812518,0,1.0,22208,89472.0,1.0,22208,111680.0
FAN-003341,Jeonbuk Hyundai Motors,35_54,season_ticket_partial,True,True,5,0.8559575868439028,4,0.19999999999999996,0,15310.0,1.0,0,15310.0
FAN-003342,Jeju SK,35_54,free_registered,True,True,2,0.9603914604562969,1,0.5,24337,0.0,0.0,48674,48674.0
FAN-003343,Jeju SK,18_34,free_registered,False,False,2,0.9430936588336509,1,0.5,17898,0.0,0.0,35796,35796.0
FAN-003344,FC Seoul,18_34,paid_membership,False,False,3,0.9829267205238983,2,0.33333333333333337,19744,136657.0,1.0,59232,195889.0
FAN-003345,Ulsan HD,55_Plus,paid_membership,True,False,4,0.8876525737788878,3,0.25,17898,0.0,0.0,71592,71592.0
FAN-003346,Jeonbuk Hyundai Motors,35_54,free_registered,False,True,2,0.9827333498155681,1,0.5,22410,103535.0,1.0,44820,148355.0
FAN-003347,FC Seoul,35_54,paid_membership,False,True,4,0.8633655231383757,3,0.25,21831,84692.0,1.0,87324,172016.0
FAN-003348,FC Seoul,Under_18,free_registered,False,True,2,0.9447059022096524,1,0.5,22434,148366.0,1.0,44868,193234.0
FAN-003349,Ulsan HD,18_34,free_registered,False,True,2,0.9337711325041953,1,0.5,24271,70563.0,1.0,48542,119105.0
FAN-003350,FC Seoul,35_54,paid_membership,True,True,4,0.9998357807337491,3,0.25,23787,76206.0,1.0,95148,171354.0
FAN-003351,FC Seoul,35_54,season_ticket_partial,True,True,9,0.9365042334548096,8,0.11111111111111116,0,165002.0,2.0,0,165002.0
FAN-003352,Ulsan HD,Under_18,free_registered,False,True,2,0.9001396208600584,1,0.5,17185,116734.0,1.0,34370,151104.0
FAN-003353,Gangwon FC,35_54,season_ticket_partial,True,True,11,0.8090417622230809,8,0.2727272727272727,0,249073.0,3.0,0,249073.0
FAN-003354,Ulsan HD,18_34,paid_membership,False,True,2,0.8790128259272563,1,0.5,19059,63118.0,2.0,38118,101236.0
FAN-003355,FC Seoul,18_34,free_registered,True,True,1,0.9975494543961289,0,1.0,22967,0.0,0.0,22967,22967.0
FAN-003356,FC Seoul,18_34,paid_membership,True,False,4,0.9620784471067505,3,0.25,19934,198007.0,2.0,79736,277743.0
FAN-003357,Jeju SK,18_34,free_registered,True,True,2,0.9070682821841092,1,0.5,17437,85399.0,1.0,34874,120273.0
FAN-003358,Ulsan HD,18_34,season_ticket_full,True,True,17,0.6241276449519488,10,0.4117647058823529,0,443382.0,5.0,0,443382.0
FAN-003359,Jeonbuk Hyundai Motors,Under_18,season_ticket_partial,True,False,10,0.9274480726362276,9,0.09999999999999998,0,96179.0,3.0,0,96179.0
FAN-003360,Jeju SK,18_34,free_registered,True,False,1,0.9636183434015726,0,1.0,24649,110121.0,1.0,24649,134770.0
FAN-003361,Jeonbuk Hyundai Motors,35_54,free_registered,True,False,1,0.9623191894910524,0,1.0,18273,0.0,0.0,18273,18273.0
FAN-003362,FC Seoul,Under_18,free_registered,True,True,1,0.9143944968485261,0,1.0,21694,96576.0,1.0,21694,118270.0
FAN-003363,Jeju SK,18_34,free_registered,True,True,2,0.9919459662298338,1,0.5,18325,35481.0,1.0,36650,72131.0
FAN-003364,FC Seoul,18_34,free_registered,True,False,2,0.9554541543071139,1,0.5,23992,122438.0,1.0,47984,170422.0
FAN-003365,Gangwon FC,18_34,free_registered,True,False,1,0.9700761301305028,0,1.0,21813,0.0,0.0,21813,21813.0
FAN-003366,Jeju SK,35_54,paid_membership,True,True,3,0.8984858762987278,2,0.33333333333333337,18051,0.0,0.0,54153,54153.0
FAN-003367,Ulsan HD,18_34,free_registered,False,True,2,0.9122291477603501,1,0.5,23360,0.0,0.0,46720,46720.0
FAN-003368,FC Seoul,35_54,season_ticket_partial,True,True,8,0.9164841557691408,7,0.125,0,243454.0,3.0,0,243454.0
FAN-003369,FC Seoul,35_54,season_ticket_partial,True,True,10,0.7517711636284248,7,0.30000000000000004,0,406358.0,3.0,0,406358.0
FAN-003370,Jeju SK,Under_18,free_registered,False,False,1,0.9581132498143111,0,1.0,24050,0.0,0.0,24050,24050.0
FAN-003371,FC Seoul,18_34,season_ticket_partial,True,True,5,0.761458813745324,3,0.4,0,117870.0,1.0,0,117870.0
FAN-003372,Jeju SK,18_34,free_registered,True,False,1,0.9623252329858589,0,1.0,17765,89505.0,1.0,17765,107270.0
FAN-003373,FC Seoul,18_34,free_registered,True,True,1,0.9428931771223621,0,1.0,23494,22626.0,1.0,23494,46120.0
FAN-003374,Jeju SK,35_54,paid_membership,False,False,2,0.8840150302533001,1,0.5,20000,0.0,0.0,40000,40000.0
FAN-003375,Jeonbuk Hyundai Motors,35_54,free_registered,True,True,2,0.9913504767979093,1,0.5,16954,0.0,0.0,33908,33908.0
FAN-003376,Jeonbuk Hyundai Motors,18_34,paid_membership,False,True,4,0.9387286906706744,3,0.25,16084,0.0,0.0,64336,64336.0
FAN-003377,Jeonbuk Hyundai Motors,18_34,season_ticket_partial,True,True,8,0.8321381279016257,6,0.25,0,55882.0,1.0,0,55882.0
FAN-003378,FC Seoul,18_34,season_ticket_full,True,False,18,0.8761219446089317,15,0.16666666666666663,0,310809.0,3.0,0,310809.0
FAN-003379,FC Seoul,35_54,paid_membership,True,True,3,0.9427972696396826,2,0.33333333333333337,21365,104930.0,2.0,64095,169025.0
FAN-003380,Jeju SK,18_34,paid_membership,True,True,5,0.8732382095342706,4,0.19999999999999996,24564,212626.0,2.0,122820,335446.0
FAN-003381,Ulsan HD,18_34,free_registered,True,False,1,0.954061659292119,0,1.0,17094,0.0,0.0,17094,17094.0
FAN-003382,Ulsan HD,18_34,free_registered,True,True,1,0.9048342132339803,0,1.0,19273,62633.0,1.0,19273,81906.0
FAN-003383,FC Seoul,35_54,paid_membership,False,False,2,0.9019583860510533,1,0.5,23518,76332.0,1.0,47036,123368.0
FAN-003384,FC Seoul,35_54,free_registered,True,False,1,0.949408708242535,0,1.0,20864,0.0,0.0,20864,20864.0
FAN-003385,FC Seoul,18_34,free_registered,True,False,2,0.9608294887424097,1,0.5,20316,0.0,0.0,40632,40632.0
FAN-003386,Jeonbuk Hyundai Motors,18_34,free_registered,False,True,2,0.9743100718284723,1,0.5,17182,135980.0,1.0,34364,170344.0
FAN-003387,FC Seoul,55_Plus,paid_membership,True,True,5,0.9103013802531925,4,0.19999999999999996,21327,167836.0,2.0,106635,274471.0
FAN-003388,Jeju SK,18_34,free_registered,True,False,2,0.9294803728953067,1,0.5,18898,0.0,0.0,37796,37796.0
FAN-003389,FC Seoul,35_54,paid_membership,True,True,5,0.953101832351482,4,0.19999999999999996,20489,0.0,0.0,102445,102445.0
FAN-003390,Jeju SK,Under_18,free_registered,True,True,2,0.9521279552438373,1,0.5,21092,0.0,0.0,42184,42184.0
FAN-003391,Ulsan HD,35_54,free_registered,True,False,1,0.9466013006732072,0,1.0,24513,0.0,0.0,24513,24513.0
FAN-003392,Jeonbuk Hyundai Motors,Under_18,free_registered,False,True,2,0.9079900732572035,1,0.5,17203,0.0,0.0,34406,34406.0
FAN-003393,Jeonbuk Hyundai Motors,55_Plus,free_registered,True,False,1,0.9761351470489152,0,1.0,19671,35713.0,1.0,19671,55384.0
FAN-003394,Ulsan HD,35_54,season_ticket_partial,True,False,5,0.8163980971679176,4,0.19999999999999996,0,257605.0,2.0,0,257605.0
FAN-003395,Gangwon FC,35_54,free_registered,True,False,2,0.982114421691763,1,0.5,22971,0.0,0.0,45942,45942.0
FAN-003396,Gangwon FC,35_54,free_registered,True,True,2,0.9111034758107552,1,0.5,24013,38342.0,1.0,48026,86368.0
FAN-003397,Jeonbuk Hyundai Motors,35_54,paid_membership,True,True,3,0.9233208633428703,2,0.33333333333333337,16125,43558.0,1.0,48375,91933.0
FAN-003398,Jeonbuk Hyundai Motors,18_34,free_registered,True,True,1,0.9603722077969056,0,1.0,21101,134285.0,1.0,21101,155386.0
FAN-003399,FC Seoul,35_54,free_registered,False,True,2,0.904893962791795,1,0.5,22961,85106.0,1.0,45922,131028.0
FAN-003400,Jeju SK,55_Plus,free_registered,True,True,2,0.9959415716711123,1,0.5,19690,91745.0,1.0,39380,131125.0
FAN-003401,FC Seoul,18_34,season_ticket_full,True,True,17,0.8527031014987461,14,0.17647058823529416,0,354634.0,5.0,0,354634.0
FAN-003402,FC Seoul,55_Plus,paid_membership,True,True,4,0.9631638183072574,3,0.25,22142,146017.0,2.0,88568,234585.0
FAN-003403,Gangwon FC,35_54,free_registered,False,True,2,0.9628751490568193,1,0.5,19597,81332.0,1.0,39194,120526.0
FAN-003404,Ulsan HD,18_34,free_registered,True,False,1,0.9143376568576144,0,1.0,19314,0.0,0.0,19314,19314.0
FAN-003405,Jeonbuk Hyundai Motors,18_34,free_registered,True,True,1,0.9873210351518154,0,1.0,18577,99912.0,1.0,18577,118489.0
FAN-003406,Jeonbuk Hyundai Motors,18_34,free_registered,True,True,1,0.9098341341585691,0,1.0,20385,71565.0,1.0,20385,91950.0
FAN-003407,Jeonbuk Hyundai Motors,Under_18,paid_membership,False,False,4,0.9627253578063977,3,0.25,19624,0.0,0.0,78496,78496.0
FAN-003408,Gangwon FC,18_34,season_ticket_partial,True,False,8,0.7257552540044246,5,0.375,0,99810.0,1.0,0,99810.0
FAN-003409,FC Seoul,18_34,free_registered,True,True,1,0.9478226210249007,0,1.0,21296,0.0,0.0,21296,21296.0
FAN-003410,FC Seoul,18_34,season_ticket_partial,True,False,8,0.8140647989544877,6,0.25,0,262545.0,3.0,0,262545.0
FAN-003411,Ulsan HD,18_34,free_registered,True,True,2,0.924581111338802,1,0.5,20820,0.0,0.0,41640,41640.0
FAN-003412,FC Seoul,55_Plus,free_registered,False,True,1,0.9384350281022242,0,1.0,18863,30314.0,1.0,18863,49177.0
FAN-003413,FC Seoul,18_34,free_registered,False,False,1,0.9217444701205606,0,1.0,20032,0.0,0.0,20032,20032.0
FAN-003414,Ulsan HD,18_34,free_registered,False,False,2,0.9527617591951234,1,0.5,19853,122603.0,1.0,39706,162309.0
FAN-003415,Jeonbuk Hyundai Motors,Under_18,season_ticket_partial,True,True,7,0.8780649377779071,6,0.1428571428571429,0,210447.0,3.0,0,210447.0
FAN-003416,Jeju SK,Under_18,free_registered,False,False,1,0.9351547335846027,0,1.0,19997,19650.0,1.0,19997,39647.0
FAN-003417,Ulsan HD,35_54,free_registered,True,False,1,0.9442765179194328,0,1.0,20246,0.0,0.0,20246,20246.0
FAN-003418,Jeju SK,35_54,season_ticket_full,True,False,18,0.7270137258699358,13,0.2777777777777778,0,375752.0,5.0,0,375752.0
FAN-003419,FC Seoul,35_54,season_ticket_partial,True,True,8,0.7131815052959853,5,0.375,0,143984.0,2.0,0,143984.0
FAN-003420,FC Seoul,Under_18,paid_membership,False,True,2,0.9013767427116999,1,0.5,22017,59192.0,1.0,44034,103226.0
FAN-003421,Jeonbuk Hyundai Motors,35_54,season_ticket_full,True,True,16,0.6210562294587336,9,0.4375,0,328787.0,4.0,0,328787.0
FAN-003422,Jeju SK,18_34,free_registered,True,True,2,0.924542838023046,1,0.5,16510,56514.0,1.0,33020,89534.0
FAN-003423,Jeonbuk Hyundai Motors,18_34,season_ticket_partial,True,True,11,0.8915279585376705,9,0.18181818181818177,0,70625.0,2.0,0,70625.0
FAN-003424,FC Seoul,Under_18,paid_membership,True,False,2,0.9278114020760844,1,0.5,20065,173320.0,2.0,40130,213450.0
FAN-003425,Jeonbuk Hyundai Motors,Under_18,season_ticket_partial,True,False,6,0.7317121535759659,4,0.33333333333333337,0,127405.0,2.0,0,127405.0
FAN-003426,Jeju SK,18_34,paid_membership,True,False,4,0.8568184988346732,3,0.25,18909,72871.0,2.0,75636,148507.0
FAN-003427,Jeju SK,Under_18,free_registered,True,True,1,0.9572338368198857,0,1.0,21213,114743.0,1.0,21213,135956.0
FAN-003428,Jeju SK,55_Plus,paid_membership,True,True,5,0.8845584271689171,4,0.19999999999999996,18766,0.0,0.0,93830,93830.0
FAN-003429,Jeonbuk Hyundai Motors,18_34,free_registered,True,True,2,0.9816255313834531,1,0.5,17608,0.0,0.0,35216,35216.0
FAN-003430,Jeju SK,Under_18,free_registered,True,True,2,0.9934621810627975,1,0.5,17690,0.0,0.0,35380,35380.0
FAN-003431,Jeju SK,18_34,free_registered,False,False,1,0.9478107654105734,0,1.0,24961,0.0,0.0,24961,24961.0
FAN-003432,Gangwon FC,35_54,season_ticket_full,True,True,16,0.7346735260961739,11,0.3125,0,224052.0,2.0,0,224052.0
FAN-003433,Jeonbuk Hyundai Motors,Under_18,free_registered,True,False,1,0.9488782291544349,0,1.0,23342,0.0,0.0,23342,23342.0
FAN-003434,Ulsan HD,35_54,paid_membership,False,True,3,0.9211215634047678,2,0.33333333333333337,16807,114481.0,1.0,50421,164902.0
FAN-003435,Jeonbuk Hyundai Motors,55_Plus,free_registered,True,True,1,0.9236981556974045,0,1.0,22360,0.0,0.0,22360,22360.0
FAN-003436,Ulsan HD,18_34,season_ticket_full,True,False,17,0.6122570062690589,10,0.4117647058823529,0,296100.0,3.0,0,296100.0
FAN-003437,FC Seoul,18_34,free_registered,True,True,2,0.9345074399991868,1,0.5,21516,30030.0,1.0,43032,73062.0
FAN-003438,Jeju SK,Under_18,paid_membership,True,True,5,0.8991860734305194,4,0.19999999999999996,16723,0.0,0.0,83615,83615.0
FAN-003439,Gangwon FC,35_54,season_ticket_partial,True,True,10,0.9455527043430755,9,0.09999999999999998,0,140303.0,1.0,0,140303.0
FAN-003440,Gangwon FC,18_34,free_registered,False,False,2,0.9877156012433054,1,0.5,22661,0.0,0.0,45322,45322.0
FAN-003441,Ulsan HD,18_34,free_registered,True,False,1,0.923817834422537,0,1.0,20035,100596.0,1.0,20035,120631.0
FAN-003442,Ulsan HD,18_34,paid_membership,True,False,5,0.9579744777099221,4,0.19999999999999996,22451,0.0,0.0,112255,112255.0
FAN-003443,FC Seoul,35_54,season_ticket_partial,True,False,8,0.8159724169482273,6,0.25,0,89682.0,2.0,0,89682.0
FAN-003444,Gangwon FC,18_34,paid_membership,True,False,3,0.9798650407642417,2,0.33333333333333337,20161,0.0,0.0,60483,60483.0
FAN-003445,Gangwon FC,18_34,free_registered,True,False,1,0.9411317937452174,0,1.0,24469,0.0,0.0,24469,24469.0
FAN-003446,Jeju SK,35_54,season_ticket_partial,True,True,10,0.93066652345935,9,0.09999999999999998,0,180769.0,3.0,0,180769.0
FAN-003447,Jeonbuk Hyundai Motors,35_54,free_registered,True,True,1,0.905212291004733,0,1.0,16675,74888.0,1.0,16675,91563.0
FAN-003448,Jeonbuk Hyundai Motors,35_54,paid_membership,True,True,2,0.8762000419804121,1,0.5,23476,32291.0,1.0,46952,79243.0
FAN-003449,Jeju SK,Under_18,season_ticket_partial,True,False,6,0.7047557082888587,4,0.33333333333333337,0,93558.0,2.0,0,93558.0
FAN-003450,FC Seoul,35_54,free_registered,True,True,2,0.9541191626384437,1,0.5,24872,0.0,0.0,49744,49744.0
FAN-003451,Ulsan HD,35_54,paid_membership,True,True,3,0.8528144450554708,2,0.33333333333333337,20366,147675.0,1.0,61098,208773.0
FAN-003452,Jeju SK,Under_18,paid_membership,True,False,2,0.8780149482612613,1,0.5,18347,152929.0,2.0,36694,189623.0
FAN-003453,Jeju SK,35_54,season_ticket_partial,True,True,8,0.7600400584865586,6,0.25,0,79318.0,1.0,0,79318.0
FAN-003454,Ulsan HD,18_34,free_registered,True,False,1,0.9475716127960314,0,1.0,23683,0.0,0.0,23683,23683.0
FAN-003455,Gangwon FC,55_Plus,free_registered,False,False,2,0.9099534262340804,1,0.5,21032,0.0,0.0,42064,42064.0
FAN-003456,FC Seoul,Under_18,season_ticket_partial,True,True,10,0.7649362294507324,7,0.30000000000000004,0,289336.0,3.0,0,289336.0
FAN-003457,Ulsan HD,35_54,free_registered,True,False,1,0.9377063788983713,0,1.0,21840,0.0,0.0,21840,21840.0
FAN-003458,Jeju SK,18_34,free_registered,True,False,2,0.9244539586196716,1,0.5,19326,0.0,0.0,38652,38652.0
FAN-003459,Jeju SK,55_Plus,season_ticket_full,True,True,19,0.7800453102739684,14,0.26315789473684215,0,327354.0,4.0,0,327354.0
FAN-003460,Jeju SK,18_34,free_registered,True,False,2,0.961186979900074,1,0.5,20506,0.0,0.0,41012,41012.0
FAN-003461,FC Seoul,55_Plus,season_ticket_full,True,False,16,0.7729326970217435,12,0.25,0,434203.0,5.0,0,434203.0
FAN-003462,FC Seoul,55_Plus,free_registered,False,True,1,0.9153419697162746,0,1.0,20851,0.0,0.0,20851,20851.0
FAN-003463,Jeju SK,18_34,free_registered,True,True,1,0.9592568788789361,0,1.0,24049,103166.0,1.0,24049,127215.0
FAN-003464,Jeju SK,35_54,paid_membership,True,True,2,0.900501883525919,1,0.5,23270,0.0,0.0,46540,46540.0
FAN-003465,FC Seoul,55_Plus,paid_membership,True,True,2,0.8519776889948133,1,0.5,21663,82749.0,1.0,43326,126075.0
FAN-003466,Jeonbuk Hyundai Motors,18_34,paid_membership,False,True,5,0.9883259708972842,4,0.19999999999999996,18902,145313.0,1.0,94510,239823.0
FAN-003467,Ulsan HD,18_34,paid_membership,True,False,3,0.8972071759866616,2,0.33333333333333337,16050,104335.0,1.0,48150,152485.0
FAN-003468,Jeju SK,18_34,season_ticket_partial,True,True,8,0.8320223732504622,6,0.25,0,159245.0,3.0,0,159245.0
FAN-003469,Jeonbuk Hyundai Motors,18_34,free_registered,True,False,2,0.9780355467948754,1,0.5,24231,0.0,0.0,48462,48462.0
FAN-003470,FC Seoul,Under_18,free_registered,True,True,1,0.9495806045910737,0,1.0,22022,98709.0,1.0,22022,120731.0
FAN-003471,FC Seoul,18_34,free_registered,True,True,2,0.9055372351824522,1,0.5,24960,18169.0,1.0,49920,68089.0
FAN-003472,Jeonbuk Hyundai Motors,18_34,paid_membership,False,False,5,0.9800866753962462,4,0.19999999999999996,18968,0.0,0.0,94840,94840.0
FAN-003473,Jeju SK,18_34,free_registered,True,False,1,0.9580384581875303,0,1.0,22366,0.0,0.0,22366,22366.0
FAN-003474,Jeju SK,18_34,free_registered,True,True,2,0.9151437770008561,1,0.5,24709,0.0,0.0,49418,49418.0
FAN-003475,Jeonbuk Hyundai Motors,35_54,free_registered,False,True,2,0.9212966995800058,1,0.5,24155,22737.0,1.0,48310,71047.0
FAN-003476,Jeonbuk Hyundai Motors,35_54,free_registered,True,False,1,0.9230676555388327,0,1.0,18019,99564.0,1.0,18019,117583.0
FAN-003477,Gangwon FC,Under_18,free_registered,True,True,2,0.9732409664659336,1,0.5,22415,0.0,0.0,44830,44830.0
FAN-003478,Ulsan HD,35_54,paid_membership,True,True,2,0.8719292301458698,1,0.5,23573,198240.0,2.0,47146,245386.0
FAN-003479,Ulsan HD,35_54,free_registered,True,True,2,0.9047894351535173,1,0.5,20324,0.0,0.0,40648,40648.0
FAN-003480,Ulsan HD,55_Plus,season_ticket_partial,True,False,6,0.7933134578218612,4,0.33333333333333337,0,230826.0,2.0,0,230826.0
FAN-003481,FC Seoul,Under_18,paid_membership,True,True,2,0.8622057253604863,1,0.5,20489,165521.0,2.0,40978,206499.0
FAN-003482,Jeju SK,18_34,free_registered,False,True,1,0.9733150173731259,0,1.0,23462,0.0,0.0,23462,23462.0
FAN-003483,FC Seoul,55_Plus,paid_membership,False,True,3,0.9973541570366349,2,0.33333333333333337,22713,151722.0,2.0,68139,219861.0
FAN-003484,Gangwon FC,55_Plus,free_registered,True,False,2,0.9260167630503019,1,0.5,21830,19856.0,1.0,43660,63516.0
FAN-003485,Jeju SK,35_54,paid_membership,True,True,5,0.9357993585251599,4,0.19999999999999996,18729,130214.0,2.0,93645,223859.0
FAN-003486,Jeju SK,35_54,season_ticket_full,True,True,17,0.7634993853542053,12,0.2941176470588235,0,302070.0,4.0,0,302070.0
FAN-003487,Ulsan HD,Under_18,paid_membership,True,True,4,0.8521928369000084,3,0.25,17796,133142.0,1.0,71184,204326.0
FAN-003488,FC Seoul,18_34,paid_membership,True,True,2,0.8657872353778571,1,0.5,24504,103388.0,1.0,49008,152396.0
FAN-003489,FC Seoul,18_34,free_registered,False,False,1,0.9928724183295793,0,1.0,21199,98690.0,1.0,21199,119889.0
FAN-003490,Ulsan HD,18_34,free_registered,True,False,2,0.9243603083922857,1,0.5,16662,0.0,0.0,33324,33324.0
FAN-003491,FC Seoul,35_54,season_ticket_partial,True,False,9,0.8521926547235469,7,0.2222222222222222,0,149024.0,1.0,0,149024.0
FAN-003492,Jeju SK,Under_18,free_registered,True,False,1,0.9970288250404552,0,1.0,24686,65879.0,1.0,24686,90565.0
FAN-003493,Jeonbuk Hyundai Motors,18_34,free_registered,True,False,1,0.9219987170517077,0,1.0,19975,144380.0,1.0,19975,164355.0
FAN-003494,Jeonbuk Hyundai Motors,55_Plus,free_registered,True,True,2,0.9462411787152526,1,0.5,19047,146068.0,1.0,38094,184162.0
FAN-003495,Jeju SK,18_34,paid_membership,True,False,2,0.9659690521590203,1,0.5,18194,0.0,0.0,36388,36388.0
FAN-003496,FC Seoul,55_Plus,free_registered,False,True,2,0.9035854139816478,1,0.5,22372,15104.0,1.0,44744,59848.0
FAN-003497,Jeonbuk Hyundai Motors,55_Plus,season_ticket_full,True,False,15,0.7061606345178624,10,0.33333333333333337,0,384789.0,5.0,0,384789.0
FAN-003498,Jeonbuk Hyundai Motors,35_54,free_registered,True,True,2,0.9404541403918402,1,0.5,17731,0.0,0.0,35462,35462.0
FAN-003499,FC Seoul,18_34,free_registered,True,False,2,0.9771092073800223,1,0.5,18901,0.0,0.0,37802,37802.0
FAN-003500,Jeonbuk Hyundai Motors,18_34,paid_membership,True,True,2,0.995876905524444,1,0.5,20427,0.0,0.0,40854,40854.0
FAN-003501,FC Seoul,18_34,free_registered,True,False,1,0.9372883361399311,0,1.0,21568,127359.0,1.0,21568,148927.0
FAN-003502,Jeonbuk Hyundai Motors,18_34,paid_membership,True,False,4,0.9093855445696871,3,0.25,16775,0.0,0.0,67100,67100.0
FAN-003503,Gangwon FC,18_34,free_registered,True,False,1,0.9345882116593204,0,1.0,16441,112901.0,1.0,16441,129342.0
FAN-003504,FC Seoul,55_Plus,free_registered,True,False,1,0.9259574297996757,0,1.0,19048,114043.0,1.0,19048,133091.0
FAN-003505,Jeonbuk Hyundai Motors,18_34,free_registered,True,True,2,0.935533376948373,1,0.5,16410,136533.0,1.0,32820,169353.0
FAN-003506,Jeju SK,35_54,season_ticket_full,True,True,16,0.602722645060971,9,0.4375,0,228771.0,3.0,0,228771.0
FAN-003507,Gangwon FC,Under_18,paid_membership,True,False,4,0.941812302205156,3,0.25,23669,214736.0,2.0,94676,309412.0
FAN-003508,Ulsan HD,35_54,paid_membership,True,False,2,0.9954131616079476,1,0.5,19173,0.0,0.0,38346,38346.0
FAN-003509,Jeonbuk Hyundai Motors,55_Plus,free_registered,True,True,2,0.9205019669780163,1,0.5,21868,0.0,0.0,43736,43736.0
FAN-003510,FC Seoul,18_34,paid_membership,True,True,2,0.8742286431326425,1,0.5,18936,127071.0,1.0,37872,164943.0
FAN-003511,Ulsan HD,18_34,free_registered,True,True,1,0.9744962396678389,0,1.0,22782,109031.0,1.0,22782,131813.0
FAN-003512,FC Seoul,35_54,season_ticket_full,True,True,17,0.8291354928984349,14,0.17647058823529416,0,211528.0,4.0,0,211528.0
FAN-003513,Gangwon FC,35_54,paid_membership,False,True,4,0.8739333809383748,3,0.25,20829,114198.0,1.0,83316,197514.0
FAN-003514,Jeonbuk Hyundai Motors,35_54,paid_membership,False,True,3,0.9260424596475998,2,0.33333333333333337,21826,152402.0,2.0,65478,217880.0
FAN-003515,Jeonbuk Hyundai Motors,18_34,free_registered,False,True,2,0.9928226090803799,1,0.5,17726,0.0,0.0,35452,35452.0
FAN-003516,Gangwon FC,18_34,paid_membership,True,True,3,0.9401454975864858,2,0.33333333333333337,19165,126997.0,2.0,57495,184492.0
FAN-003517,FC Seoul,55_Plus,free_registered,True,True,1,0.9036765992420165,0,1.0,16483,83881.0,1.0,16483,100364.0
FAN-003518,Ulsan HD,55_Plus,season_ticket_full,True,True,19,0.6456822023243036,12,0.368421052631579,0,511045.0,5.0,0,511045.0
FAN-003519,FC Seoul,18_34,free_registered,True,True,2,0.9885707570725458,1,0.5,22963,37149.0,1.0,45926,83075.0
FAN-003520,FC Seoul,35_54,free_registered,True,False,2,0.973752116917405,1,0.5,20139,0.0,0.0,40278,40278.0
FAN-003521,FC Seoul,18_34,free_registered,True,True,2,0.9133741663867174,1,0.5,17339,57856.0,1.0,34678,92534.0
FAN-003522,Ulsan HD,18_34,free_registered,True,False,2,0.953988779573446,1,0.5,22201,0.0,0.0,44402,44402.0
FAN-003523,FC Seoul,18_34,free_registered,True,False,1,0.9733098540370357,0,1.0,16606,51536.0,1.0,16606,68142.0
FAN-003524,FC Seoul,18_34,season_ticket_partial,True,True,8,0.730239360866467,5,0.375,0,163232.0,2.0,0,163232.0
FAN-003525,FC Seoul,18_34,paid_membership,True,True,5,0.9867928610553732,4,0.19999999999999996,22930,58076.0,1.0,114650,172726.0
FAN-003526,FC Seoul,Under_18,season_ticket_partial,True,True,11,0.9199015582786039,10,0.09090909090909094,0,20004.0,1.0,0,20004.0
FAN-003527,Gangwon FC,18_34,season_ticket_partial,True,True,11,0.7143764809422211,7,0.36363636363636365,0,190192.0,3.0,0,190192.0
FAN-003528,Jeonbuk Hyundai Motors,35_54,free_registered,True,True,2,0.9258431861280274,1,0.5,19061,0.0,0.0,38122,38122.0
FAN-003529,Gangwon FC,35_54,paid_membership,True,True,3,0.9769560414414478,2,0.33333333333333337,17817,181476.0,2.0,53451,234927.0
FAN-003530,Ulsan HD,35_54,free_registered,True,False,1,0.9696665209568887,0,1.0,20721,53146.0,1.0,20721,73867.0
FAN-003531,FC Seoul,55_Plus,season_ticket_partial,True,True,5,0.7979317683558682,3,0.4,0,323318.0,3.0,0,323318.0
FAN-003532,Jeonbuk Hyundai Motors,Under_18,free_registered,True,False,2,0.9425860374794803,1,0.5,18806,117778.0,1.0,37612,155390.0
FAN-003533,Ulsan HD,35_54,free_registered,True,True,2,0.9503674622720925,1,0.5,20780,0.0,0.0,41560,41560.0
FAN-003534,FC Seoul,35_54,free_registered,True,False,1,0.9558629570860133,0,1.0,19294,125908.0,1.0,19294,145202.0
FAN-003535,FC Seoul,18_34,free_registered,True,True,1,0.9234165389281607,0,1.0,22865,0.0,0.0,22865,22865.0
FAN-003536,FC Seoul,18_34,free_registered,True,True,2,0.9368678353227203,1,0.5,18945,0.0,0.0,37890,37890.0
FAN-003537,FC Seoul,Under_18,free_registered,True,True,1,0.9434466288546319,0,1.0,20217,0.0,0.0,20217,20217.0
FAN-003538,Ulsan HD,35_54,paid_membership,False,False,5,0.9793942245520013,4,0.19999999999999996,23532,138890.0,2.0,117660,256550.0
FAN-003539,Jeju SK,18_34,season_ticket_partial,True,True,9,0.8072582193101274,7,0.2222222222222222,0,23484.0,1.0,0,23484.0
FAN-003540,FC Seoul,35_54,free_registered,True,False,2,0.9224308626334321,1,0.5,18887,0.0,0.0,37774,37774.0
FAN-003541,FC Seoul,35_54,free_registered,False,False,1,0.9512223424621123,0,1.0,18883,55597.0,1.0,18883,74480.0
FAN-003542,Jeonbuk Hyundai Motors,35_54,season_ticket_partial,True,False,6,0.7637252280102078,4,0.33333333333333337,0,209026.0,2.0,0,209026.0
FAN-003543,FC Seoul,35_54,free_registered,True,True,1,0.9972604392619228,0,1.0,17145,0.0,0.0,17145,17145.0
FAN-003544,Ulsan HD,35_54,season_ticket_partial,True,False,7,0.8203998957252674,5,0.2857142857142857,0,205032.0,3.0,0,205032.0
FAN-003545,Jeonbuk Hyundai Motors,18_34,free_registered,True,False,2,0.9827009324440265,1,0.5,17198,0.0,0.0,34396,34396.0
FAN-003546,FC Seoul,18_34,paid_membership,True,True,2,0.8987163986601862,1,0.5,23460,230656.0,2.0,46920,277576.0
FAN-003547,FC Seoul,35_54,paid_membership,True,True,3,0.85395505025759,2,0.33333333333333337,17744,0.0,0.0,53232,53232.0
FAN-003548,Ulsan HD,18_34,paid_membership,True,False,5,0.9891902457380314,4,0.19999999999999996,19090,0.0,0.0,95450,95450.0
FAN-003549,Ulsan HD,18_34,season_ticket_partial,True,False,5,0.7269976386780432,3,0.4,0,201880.0,2.0,0,201880.0
FAN-003550,Jeju SK,Under_18,free_registered,True,True,2,0.9003641240583491,1,0.5,16586,0.0,0.0,33172,33172.0
FAN-003551,Jeonbuk Hyundai Motors,55_Plus,free_registered,False,False,2,0.9648071133114817,1,0.5,23811,82028.0,1.0,47622,129650.0
FAN-003552,FC Seoul,Under_18,paid_membership,False,True,2,0.8603568650867199,1,0.5,24749,93964.0,1.0,49498,143462.0
FAN-003553,Jeju SK,35_54,season_ticket_partial,True,True,7,0.8301925570478339,5,0.2857142857142857,0,202053.0,2.0,0,202053.0
FAN-003554,Ulsan HD,18_34,free_registered,True,True,1,0.9694407785269267,0,1.0,24833,109616.0,1.0,24833,134449.0
FAN-003555,FC Seoul,18_34,season_ticket_partial,True,True,7,0.7020599221276387,4,0.4285714285714286,0,155552.0,2.0,0,155552.0
FAN-003556,Jeju SK,35_54,free_registered,False,False,2,0.9874541456951758,1,0.5,19883,116611.0,1.0,39766,156377.0
FAN-003557,FC Seoul,Under_18,free_registered,True,True,2,0.9175731797444124,1,0.5,20186,0.0,0.0,40372,40372.0
FAN-003558,Ulsan HD,35_54,paid_membership,True,True,4,0.9536618310243451,3,0.25,24056,183198.0,2.0,96224,279422.0
FAN-003559,FC Seoul,35_54,free_registered,True,True,1,0.9429707072550262,0,1.0,23976,0.0,0.0,23976,23976.0
FAN-003560,Ulsan HD,35_54,paid_membership,False,True,5,0.9057755067113612,4,0.19999999999999996,19193,263129.0,2.0,95965,359094.0
FAN-003561,Ulsan HD,18_34,free_registered,False,False,2,0.9955977294631827,1,0.5,21984,0.0,0.0,43968,43968.0
FAN-003562,Jeonbuk Hyundai Motors,35_54,free_registered,True,False,2,0.9283812155439524,1,0.5,19877,79663.0,1.0,39754,119417.0
FAN-003563,FC Seoul,35_54,paid_membership,True,True,5,0.919768244887677,4,0.19999999999999996,20041,0.0,0.0,100205,100205.0
FAN-003564,Ulsan HD,35_54,paid_membership,True,False,5,0.8523611888872719,4,0.19999999999999996,18752,230399.0,2.0,93760,324159.0
FAN-003565,Ulsan HD,18_34,free_registered,True,True,2,0.928335612071273,1,0.5,19185,34907.0,1.0,38370,73277.0
FAN-003566,Jeonbuk Hyundai Motors,18_34,free_registered,False,False,1,0.9062573399329718,0,1.0,16418,0.0,0.0,16418,16418.0
FAN-003567,Jeju SK,55_Plus,free_registered,True,False,1,0.9540006585392792,0,1.0,20618,91449.0,1.0,20618,112067.0
FAN-003568,Jeju SK,35_54,free_registered,False,True,2,0.9018005207546035,1,0.5,18234,16473.0,1.0,36468,52941.0
FAN-003569,Jeonbuk Hyundai Motors,18_34,season_ticket_full,True,False,15,0.7238890330345819,10,0.33333333333333337,0,230500.0,4.0,0,230500.0
FAN-003570,Jeonbuk Hyundai Motors,18_34,season_ticket_partial,True,True,9,0.8431561680484974,7,0.2222222222222222,0,214300.0,2.0,0,214300.0
FAN-003571,Ulsan HD,18_34,free_registered,True,True,1,0.9399697890656471,0,1.0,23654,63591.0,1.0,23654,87245.0
FAN-003572,Ulsan HD,18_34,free_registered,True,True,2,0.9970818990400623,1,0.5,18904,135778.0,1.0,37808,173586.0
FAN-003573,Jeonbuk Hyundai Motors,18_34,season_ticket_full,True,False,18,0.7142406316192804,12,0.33333333333333337,0,416697.0,4.0,0,416697.0
FAN-003574,Gangwon FC,18_34,paid_membership,True,True,5,0.9426227282512414,4,0.19999999999999996,17653,0.0,0.0,88265,88265.0
FAN-003575,Jeonbuk Hyundai Motors,35_54,paid_membership,True,False,4,0.9476827163745958,3,0.25,20100,117930.0,2.0,80400,198330.0
FAN-003576,Ulsan HD,Under_18,paid_membership,True,False,4,0.897631666939815,3,0.25,21785,0.0,0.0,87140,87140.0
FAN-003577,FC Seoul,35_54,free_registered,True,True,2,0.9703990596793257,1,0.5,22943,0.0,0.0,45886,45886.0
FAN-003578,Ulsan HD,18_34,free_registered,True,True,1,0.9653449317455357,0,1.0,20398,0.0,0.0,20398,20398.0
FAN-003579,Jeonbuk Hyundai Motors,18_34,season_ticket_full,True,False,18,0.7444021369460156,13,0.2777777777777778,0,193376.0,2.0,0,193376.0
FAN-003580,Ulsan HD,Under_18,paid_membership,True,True,3,0.8602812913279835,2,0.33333333333333337,22498,0.0,0.0,67494,67494.0
FAN-003581,Ulsan HD,18_34,free_registered,True,True,2,0.9478492392100386,1,0.5,21049,0.0,0.0,42098,42098.0
FAN-003582,Jeonbuk Hyundai Motors,35_54,free_registered,True,False,2,0.9165828012976107,1,0.5,21214,97530.0,1.0,42428,139958.0
FAN-003583,Ulsan HD,35_54,free_registered,True,False,2,0.9294458654668466,1,0.5,23758,0.0,0.0,47516,47516.0
FAN-003584,Jeonbuk Hyundai Motors,18_34,paid_membership,False,True,2,0.9593062449750149,1,0.5,20790,215371.0,2.0,41580,256951.0
FAN-003585,Ulsan HD,18_34,free_registered,False,False,2,0.9316430504525981,1,0.5,16825,112453.0,1.0,33650,146103.0
FAN-003586,Ulsan HD,18_34,free_registered,True,True,2,0.9030352208107246,1,0.5,21108,17927.0,1.0,42216,60143.0
FAN-003587,Ulsan HD,35_54,season_ticket_full,True,True,15,0.8354387550334557,12,0.19999999999999996,0,222020.0,4.0,0,222020.0
FAN-003588,Jeonbuk Hyundai Motors,35_54,free_registered,True,False,2,0.9004928277286677,1,0.5,19913,86311.0,1.0,39826,126137.0
FAN-003589,FC Seoul,18_34,free_registered,True,False,2,0.9679111902740162,1,0.5,21804,0.0,0.0,43608,43608.0
FAN-003590,FC Seoul,35_54,free_registered,True,True,2,0.9664504186752342,1,0.5,19721,0.0,0.0,39442,39442.0
FAN-003591,Gangwon FC,35_54,free_registered,True,True,2,0.9068129084621893,1,0.5,17381,0.0,0.0,34762,34762.0
FAN-003592,FC Seoul,Under_18,free_registered,True,False,2,0.931518443323297,1,0.5,17755,0.0,0.0,35510,35510.0
FAN-003593,Jeju SK,18_34,season_ticket_full,True,True,15,0.6074298143796676,9,0.4,0,178538.0,2.0,0,178538.0
FAN-003594,Jeju SK,55_Plus,season_ticket_partial,True,True,7,0.7626402662576219,5,0.2857142857142857,0,96324.0,1.0,0,96324.0
FAN-003595,Ulsan HD,35_54,free_registered,True,True,2,0.9358696738657643,1,0.5,21487,120078.0,1.0,42974,163052.0
FAN-003596,Jeju SK,18_34,free_registered,False,False,1,0.9820512070515734,0,1.0,18911,0.0,0.0,18911,18911.0
FAN-003597,FC Seoul,18_34,paid_membership,True,True,3,0.9828388228685117,2,0.33333333333333337,21893,191934.0,2.0,65679,257613.0
FAN-003598,Jeju SK,18_34,free_registered,True,True,2,0.9206040989684448,1,0.5,17418,0.0,0.0,34836,34836.0
FAN-003599,Ulsan HD,18_34,free_registered,True,True,1,0.9120997976723021,0,1.0,20482,44126.0,1.0,20482,64608.0
FAN-003600,Jeju SK,35_54,season_ticket_full,True,True,18,0.7398148303341198,13,0.2777777777777778,0,516467.0,5.0,0,516467.0
FAN-003601,FC Seoul,18_34,free_registered,True,True,2,0.9501495816254015,1,0.5,17952,0.0,0.0,35904,35904.0
FAN-003602,Jeju SK,35_54,free_registered,True,True,1,0.9324373456754254,0,1.0,18030,119003.0,1.0,18030,137033.0
FAN-003603,FC Seoul,35_54,free_registered,True,True,2,0.9051392487001624,1,0.5,16978,0.0,0.0,33956,33956.0
FAN-003604,FC Seoul,18_34,free_registered,True,False,1,0.9606124714296425,0,1.0,16761,0.0,0.0,16761,16761.0
FAN-003605,FC Seoul,18_34,free_registered,True,True,2,0.9207725887292484,1,0.5,22153,17911.0,1.0,44306,62217.0
FAN-003606,FC Seoul,18_34,free_registered,True,True,2,0.9037686738396169,1,0.5,21906,49829.0,1.0,43812,93641.0
FAN-003607,Jeonbuk Hyundai Motors,35_54,free_registered,False,False,1,0.9444808857177075,0,1.0,16134,121290.0,1.0,16134,137424.0
FAN-003608,FC Seoul,18_34,paid_membership,True,False,2,0.8559299611993972,1,0.5,18620,124233.0,1.0,37240,161473.0
FAN-003609,Gangwon FC,35_54,free_registered,False,False,2,0.9171376927428402,1,0.5,18573,25459.0,1.0,37146,62605.0
FAN-003610,Gangwon FC,35_54,free_registered,True,True,2,0.9651453163231459,1,0.5,18305,0.0,0.0,36610,36610.0
FAN-003611,Jeju SK,18_34,paid_membership,False,True,3,0.9873648895152658,2,0.33333333333333337,22587,170668.0,2.0,67761,238429.0
FAN-003612,FC Seoul,55_Plus,season_ticket_partial,True,False,11,0.883539675464871,9,0.18181818181818177,0,283288.0,2.0,0,283288.0
FAN-003613,Ulsan HD,55_Plus,free_registered,True,False,1,0.9148932412127803,0,1.0,23955,54182.0,1.0,23955,78137.0
FAN-003614,Jeonbuk Hyundai Motors,Under_18,free_registered,True,True,1,0.9586994969182401,0,1.0,21145,100763.0,1.0,21145,121908.0
FAN-003615,Ulsan HD,18_34,free_registered,False,True,1,0.9635309526031577,0,1.0,21562,149892.0,1.0,21562,171454.0
FAN-003616,FC Seoul,55_Plus,paid_membership,True,False,3,0.9697473049112586,2,0.33333333333333337,21110,64284.0,2.0,63330,127614.0
FAN-003617,Jeju SK,55_Plus,free_registered,True,True,2,0.9062392457441252,1,0.5,23143,0.0,0.0,46286,46286.0
FAN-003618,Jeonbuk Hyundai Motors,Under_18,free_registered,False,True,1,0.9952957717382377,0,1.0,23375,0.0,0.0,23375,23375.0
FAN-003619,Jeonbuk Hyundai Motors,Under_18,free_registered,True,True,1,0.9521923938028389,0,1.0,20723,0.0,0.0,20723,20723.0
FAN-003620,FC Seoul,18_34,free_registered,True,False,2,0.9245588140491763,1,0.5,22344,59456.0,1.0,44688,104144.0
FAN-003621,Jeju SK,55_Plus,free_registered,True,False,2,0.9365415134878324,1,0.5,16380,0.0,0.0,32760,32760.0
FAN-003622,FC Seoul,18_34,free_registered,True,False,2,0.9055677336685023,1,0.5,22046,128973.0,1.0,44092,173065.0
FAN-003623,FC Seoul,18_34,season_ticket_partial,True,True,11,0.9384169048225386,10,0.09090909090909094,0,290175.0,3.0,0,290175.0
FAN-003624,Jeonbuk Hyundai Motors,35_54,paid_membership,True,True,5,0.9152426209747131,4,0.19999999999999996,22446,115117.0,1.0,112230,227347.0
FAN-003625,FC Seoul,Under_18,free_registered,False,True,2,0.9105908038402292,1,0.5,16141,0.0,0.0,32282,32282.0
FAN-003626,FC Seoul,35_54,free_registered,True,False,1,0.9055839589690069,0,1.0,20623,0.0,0.0,20623,20623.0
FAN-003627,FC Seoul,18_34,free_registered,True,False,1,0.9598267881542759,0,1.0,21267,27264.0,1.0,21267,48531.0
FAN-003628,Jeonbuk Hyundai Motors,35_54,free_registered,True,False,2,0.9382734690927057,1,0.5,17524,71103.0,1.0,35048,106151.0
FAN-003629,Jeonbuk Hyundai Motors,18_34,season_ticket_partial,True,True,6,0.7199744029736883,4,0.33333333333333337,0,61012.0,1.0,0,61012.0
FAN-003630,Jeju SK,35_54,season_ticket_full,True,False,18,0.7080378365982485,12,0.33333333333333337,0,294546.0,5.0,0,294546.0
FAN-003631,Jeonbuk Hyundai Motors,35_54,free_registered,False,True,2,0.9044169154275341,1,0.5,18055,84255.0,1.0,36110,120365.0
FAN-003632,FC Seoul,18_34,free_registered,True,True,2,0.986572929840219,1,0.5,19375,100613.0,1.0,38750,139363.0
FAN-003633,Ulsan HD,Under_18,free_registered,True,True,2,0.9389538131162998,1,0.5,23183,0.0,0.0,46366,46366.0
FAN-003634,Ulsan HD,18_34,paid_membership,True,True,3,0.9199872679243175,2,0.33333333333333337,19374,0.0,0.0,58122,58122.0
FAN-003635,FC Seoul,18_34,paid_membership,True,False,3,0.9833323309218391,2,0.33333333333333337,22239,39937.0,1.0,66717,106654.0
FAN-003636,Ulsan HD,35_54,season_ticket_partial,True,True,10,0.8739519071562163,8,0.19999999999999996,0,38805.0,1.0,0,38805.0
FAN-003637,Gangwon FC,35_54,paid_membership,True,False,3,0.9215193791126645,2,0.33333333333333337,24779,157632.0,2.0,74337,231969.0
FAN-003638,FC Seoul,18_34,free_registered,True,True,1,0.9803504700639636,0,1.0,23286,0.0,0.0,23286,23286.0
FAN-003639,FC Seoul,35_54,paid_membership,False,True,5,0.8530489674836583,4,0.19999999999999996,23338,0.0,0.0,116690,116690.0
FAN-003640,FC Seoul,35_54,paid_membership,False,True,5,0.8511223457395558,4,0.19999999999999996,16033,130057.0,2.0,80165,210222.0
FAN-003641,FC Seoul,35_54,paid_membership,False,True,2,0.9605021385491623,1,0.5,23941,91118.0,2.0,47882,139000.0
FAN-003642,Gangwon FC,18_34,free_registered,False,True,2,0.9712074635521092,1,0.5,21424,114128.0,1.0,42848,156976.0
FAN-003643,Ulsan HD,18_34,paid_membership,True,True,2,0.8910723356337512,1,0.5,17544,0.0,0.0,35088,35088.0
FAN-003644,Ulsan HD,18_34,paid_membership,True,True,3,0.9467571921177832,2,0.33333333333333337,23533,0.0,0.0,70599,70599.0
FAN-003645,Jeonbuk Hyundai Motors,18_34,paid_membership,False,False,5,0.9427976345781061,4,0.19999999999999996,16527,192218.0,2.0,82635,274853.0
FAN-003646,FC Seoul,18_34,paid_membership,True,False,2,0.8582717140711874,1,0.5,19258,169091.0,2.0,38516,207607.0
FAN-003647,Ulsan HD,18_34,paid_membership,True,False,4,0.8885000117010485,3,0.25,22327,0.0,0.0,89308,89308.0
FAN-003648,Ulsan HD,Under_18,paid_membership,True,True,5,0.9458983282568438,4,0.19999999999999996,23360,106623.0,1.0,116800,223423.0
FAN-003649,Jeju SK,35_54,paid_membership,True,True,4,0.9088368649872206,3,0.25,19155,142828.0,2.0,76620,219448.0
FAN-003650,Gangwon FC,18_34,paid_membership,True,True,5,0.919873420791605,4,0.19999999999999996,16895,0.0,0.0,84475,84475.0
FAN-003651,Jeonbuk Hyundai Motors,18_34,free_registered,True,False,1,0.9301148090067584,0,1.0,21513,0.0,0.0,21513,21513.0
FAN-003652,Ulsan HD,18_34,free_registered,True,True,1,0.9446068550243554,0,1.0,21080,0.0,0.0,21080,21080.0
FAN-003653,Jeonbuk Hyundai Motors,18_34,free_registered,False,True,1,0.9803049025341211,0,1.0,17526,0.0,0.0,17526,17526.0
FAN-003654,FC Seoul,35_54,paid_membership,False,True,4,0.95244759502134,3,0.25,16603,0.0,0.0,66412,66412.0
FAN-003655,FC Seoul,18_34,paid_membership,False,True,4,0.9649794238319921,3,0.25,24994,43369.0,1.0,99976,143345.0
FAN-003656,FC Seoul,18_34,season_ticket_full,True,False,17,0.6416520137148853,10,0.4117647058823529,0,364596.0,5.0,0,364596.0
FAN-003657,Ulsan HD,18_34,free_registered,False,True,2,0.926189201230089,1,0.5,18080,25129.0,1.0,36160,61289.0
FAN-003658,Ulsan HD,18_34,free_registered,False,True,2,0.9013826001095666,1,0.5,16142,101383.0,1.0,32284,133667.0
FAN-003659,Jeju SK,18_34,free_registered,True,False,2,0.9076819984438501,1,0.5,21234,66095.0,1.0,42468,108563.0
FAN-003660,Gangwon FC,35_54,free_registered,False,True,1,0.9882870702637582,0,1.0,17908,0.0,0.0,17908,17908.0
FAN-003661,Ulsan HD,18_34,paid_membership,True,True,3,0.8641728732097016,2,0.33333333333333337,21476,56149.0,1.0,64428,120577.0
FAN-003662,Ulsan HD,18_34,free_registered,False,True,2,0.9379576799573934,1,0.5,19575,58763.0,1.0,39150,97913.0
FAN-003663,FC Seoul,Under_18,paid_membership,True,False,2,0.8595214550140746,1,0.5,22735,0.0,0.0,45470,45470.0
FAN-003664,FC Seoul,18_34,paid_membership,True,False,2,0.9805686188417214,1,0.5,16753,97435.0,2.0,33506,130941.0
FAN-003665,Jeju SK,35_54,free_registered,True,False,1,0.9255242015939718,0,1.0,23774,106180.0,1.0,23774,129954.0
FAN-003666,Ulsan HD,35_54,season_ticket_partial,True,False,9,0.8506651066708689,7,0.2222222222222222,0,227577.0,2.0,0,227577.0
FAN-003667,Jeonbuk Hyundai Motors,35_54,free_registered,True,True,2,0.952289781205498,1,0.5,17260,104537.0,1.0,34520,139057.0
FAN-003668,FC Seoul,18_34,free_registered,False,True,1,0.971517828515285,0,1.0,17533,0.0,0.0,17533,17533.0
FAN-003669,FC Seoul,18_34,season_ticket_partial,True,True,10,0.8814567523340804,8,0.19999999999999996,0,155374.0,3.0,0,155374.0
FAN-003670,Ulsan HD,35_54,season_ticket_partial,True,False,6,0.7177868042645262,4,0.33333333333333337,0,76125.0,1.0,0,76125.0
FAN-003671,FC Seoul,55_Plus,free_registered,True,True,2,0.9063171369209732,1,0.5,19246,47283.0,1.0,38492,85775.0
FAN-003672,FC Seoul,Under_18,free_registered,False,False,2,0.9975982304241088,1,0.5,17595,99710.0,1.0,35190,134900.0
FAN-003673,Jeonbuk Hyundai Motors,18_34,free_registered,True,False,1,0.9412244111760005,0,1.0,19240,0.0,0.0,19240,19240.0
FAN-003674,FC Seoul,18_34,free_registered,False,False,1,0.9183174197599385,0,1.0,23219,0.0,0.0,23219,23219.0
FAN-003675,Jeju SK,Under_18,season_ticket_full,True,True,16,0.7801975362993999,12,0.25,0,399685.0,4.0,0,399685.0
FAN-003676,FC Seoul,18_34,paid_membership,True,True,4,0.873259226318839,3,0.25,23415,0.0,0.0,93660,93660.0
FAN-003677,FC Seoul,Under_18,free_registered,False,True,2,0.9266983338240716,1,0.5,18379,17311.0,1.0,36758,54069.0
FAN-003678,Ulsan HD,35_54,season_ticket_partial,True,True,7,0.7533226755939854,5,0.2857142857142857,0,203915.0,3.0,0,203915.0
FAN-003679,Jeonbuk Hyundai Motors,18_34,free_registered,True,False,2,0.9245387013300417,1,0.5,19509,120656.0,1.0,39018,159674.0
FAN-003680,Ulsan HD,Under_18,free_registered,False,True,2,0.9822552060057435,1,0.5,23500,52557.0,1.0,47000,99557.0
FAN-003681,Jeonbuk Hyundai Motors,Under_18,season_ticket_full,True,False,19,0.6329120240914075,12,0.368421052631579,0,286103.0,3.0,0,286103.0
FAN-003682,FC Seoul,35_54,season_ticket_partial,True,False,6,0.8598799693256574,5,0.16666666666666663,0,176093.0,2.0,0,176093.0
FAN-003683,Jeonbuk Hyundai Motors,18_34,season_ticket_partial,True,True,8,0.7392259919223685,5,0.375,0,57311.0,1.0,0,57311.0
FAN-003684,FC Seoul,35_54,paid_membership,True,True,2,0.9210067149020097,1,0.5,22151,206714.0,2.0,44302,251016.0
FAN-003685,Jeju SK,18_34,paid_membership,True,True,4,0.8934241049744814,3,0.25,17597,0.0,0.0,70388,70388.0
FAN-003686,Jeju SK,35_54,free_registered,True,True,2,0.9475006841734166,1,0.5,21520,59465.0,1.0,43040,102505.0
FAN-003687,Gangwon FC,18_34,paid_membership,True,True,3,0.9452993123868665,2,0.33333333333333337,18892,39768.0,1.0,56676,96444.0
FAN-003688,Ulsan HD,Under_18,season_ticket_full,True,True,15,0.6899003779620043,10,0.33333333333333337,0,314168.0,4.0,0,314168.0
FAN-003689,FC Seoul,18_34,free_registered,True,True,2,0.9526652325563775,1,0.5,22028,0.0,0.0,44056,44056.0
FAN-003690,FC Seoul,18_34,paid_membership,True,False,2,0.9909618067858601,1,0.5,19181,71067.0,2.0,38362,109429.0
FAN-003691,Jeonbuk Hyundai Motors,18_34,free_registered,True,True,2,0.9101334627240313,1,0.5,18461,71562.0,1.0,36922,108484.0
FAN-003692,Ulsan HD,35_54,free_registered,True,True,1,0.9924137676751631,0,1.0,21004,104216.0,1.0,21004,125220.0
FAN-003693,Jeonbuk Hyundai Motors,18_34,paid_membership,True,True,4,0.8579696969078204,3,0.25,19079,29219.0,1.0,76316,105535.0
FAN-003694,FC Seoul,Under_18,free_registered,True,False,1,0.9167031820207527,0,1.0,19647,56352.0,1.0,19647,75999.0
FAN-003695,Ulsan HD,18_34,paid_membership,True,False,4,0.9787602448095523,3,0.25,21939,93729.0,2.0,87756,181485.0
FAN-003696,FC Seoul,35_54,free_registered,True,True,1,0.9250715076523179,0,1.0,19973,119701.0,1.0,19973,139674.0
FAN-003697,Gangwon FC,55_Plus,season_ticket_full,True,False,15,0.8604820398969903,12,0.19999999999999996,0,331430.0,4.0,0,331430.0
FAN-003698,Jeju SK,35_54,free_registered,True,False,1,0.9096607465283386,0,1.0,17973,0.0,0.0,17973,17973.0
FAN-003699,Gangwon FC,18_34,free_registered,True,False,1,0.9437120860630024,0,1.0,20373,0.0,0.0,20373,20373.0
FAN-003700,FC Seoul,35_54,free_registered,True,True,1,0.9596070384651993,0,1.0,19262,69998.0,1.0,19262,89260.0
FAN-003701,Jeju SK,55_Plus,season_ticket_full,True,False,19,0.7436764671518875,14,0.26315789473684215,0,425528.0,4.0,0,425528.0
FAN-003702,Jeju SK,35_54,paid_membership,False,True,3,0.9730310739044983,2,0.33333333333333337,16699,0.0,0.0,50097,50097.0
FAN-003703,Ulsan HD,18_34,paid_membership,True,False,3,0.8933737322616143,2,0.33333333333333337,24851,67493.0,2.0,74553,142046.0
FAN-003704,Jeonbuk Hyundai Motors,18_34,free_registered,True,True,2,0.9967118608782592,1,0.5,20190,30321.0,1.0,40380,70701.0
FAN-003705,Gangwon FC,18_34,free_registered,True,False,2,0.9638552526509064,1,0.5,17650,0.0,0.0,35300,35300.0
FAN-003706,Jeonbuk Hyundai Motors,18_34,free_registered,True,False,2,0.9658772960167727,1,0.5,23852,124826.0,1.0,47704,172530.0
FAN-003707,Jeonbuk Hyundai Motors,35_54,paid_membership,True,True,5,0.936888459687635,4,0.19999999999999996,22777,0.0,0.0,113885,113885.0
FAN-003708,FC Seoul,18_34,free_registered,False,False,1,0.9320296289996927,0,1.0,23481,44696.0,1.0,23481,68177.0
FAN-003709,FC Seoul,Under_18,season_ticket_full,True,True,17,0.6188764059992654,10,0.4117647058823529,0,102209.0,2.0,0,102209.0
FAN-003710,Gangwon FC,35_54,paid_membership,True,True,4,0.8771922555160498,3,0.25,16676,234845.0,2.0,66704,301549.0
FAN-003711,FC Seoul,35_54,free_registered,False,True,2,0.9016538100945323,1,0.5,24413,145594.0,1.0,48826,194420.0
FAN-003712,Jeonbuk Hyundai Motors,18_34,free_registered,True,False,2,0.9867158966149627,1,0.5,22730,92633.0,1.0,45460,138093.0
FAN-003713,Jeonbuk Hyundai Motors,35_54,paid_membership,False,True,3,0.8619253119095274,2,0.33333333333333337,22089,45375.0,1.0,66267,111642.0
FAN-003714,Jeju SK,18_34,free_registered,False,True,1,0.9262412939710246,0,1.0,20829,124950.0,1.0,20829,145779.0
FAN-003715,Gangwon FC,35_54,free_registered,True,False,2,0.9821694834250939,1,0.5,21341,0.0,0.0,42682,42682.0
FAN-003716,Ulsan HD,35_54,free_registered,True,False,2,0.9330243123419992,1,0.5,22573,131250.0,1.0,45146,176396.0
FAN-003717,Ulsan HD,18_34,paid_membership,True,False,5,0.9336255437480303,4,0.19999999999999996,19305,198559.0,2.0,96525,295084.0
FAN-003718,FC Seoul,35_54,paid_membership,True,True,5,0.8548279539821435,4,0.19999999999999996,16120,275433.0,2.0,80600,356033.0
FAN-003719,Ulsan HD,35_54,free_registered,True,True,2,0.9101329300558331,1,0.5,23728,35464.0,1.0,47456,82920.0
FAN-003720,FC Seoul,18_34,free_registered,False,True,2,0.9895358918259876,1,0.5,19450,0.0,0.0,38900,38900.0
FAN-003721,Ulsan HD,18_34,free_registered,False,False,1,0.9545259921228989,0,1.0,22311,57248.0,1.0,22311,79559.0
FAN-003722,Jeonbuk Hyundai Motors,35_54,paid_membership,False,True,4,0.9480019440908399,3,0.25,24985,131532.0,2.0,99940,231472.0
FAN-003723,Gangwon FC,18_34,free_registered,False,True,1,0.9879497667499607,0,1.0,23763,136314.0,1.0,23763,160077.0
FAN-003724,FC Seoul,18_34,free_registered,False,False,1,0.9328020616565763,0,1.0,23257,37228.0,1.0,23257,60485.0
FAN-003725,Ulsan HD,35_54,season_ticket_full,True,True,16,0.8000558780382048,12,0.25,0,313124.0,3.0,0,313124.0
FAN-003726,Gangwon FC,35_54,season_ticket_full,True,True,17,0.6141736468045949,10,0.4117647058823529,0,266394.0,5.0,0,266394.0
FAN-003727,FC Seoul,18_34,season_ticket_full,True,True,19,0.7053650286364189,13,0.3157894736842105,0,111953.0,3.0,0,111953.0
FAN-003728,FC Seoul,18_34,season_ticket_partial,True,True,11,0.9146780671125907,10,0.09090909090909094,0,306820.0,3.0,0,306820.0
FAN-003729,FC Seoul,18_34,free_registered,True,True,1,0.9514370635803929,0,1.0,18308,64067.0,1.0,18308,82375.0
FAN-003730,Jeju SK,18_34,free_registered,True,True,1,0.9157766603846653,0,1.0,19283,81082.0,1.0,19283,100365.0
FAN-003731,FC Seoul,18_34,free_registered,False,False,1,0.9040591567724274,0,1.0,22007,106072.0,1.0,22007,128079.0
FAN-003732,Gangwon FC,35_54,free_registered,False,True,2,0.9726725401522107,1,0.5,22753,0.0,0.0,45506,45506.0
FAN-003733,Ulsan HD,18_34,season_ticket_full,True,True,17,0.8321285377662487,14,0.17647058823529416,0,159993.0,2.0,0,159993.0
FAN-003734,Ulsan HD,18_34,paid_membership,False,False,3,0.9301204646507188,2,0.33333333333333337,17567,0.0,0.0,52701,52701.0
FAN-003735,FC Seoul,18_34,paid_membership,True,False,4,0.9518970786708345,3,0.25,20311,0.0,0.0,81244,81244.0
FAN-003736,Ulsan HD,55_Plus,free_registered,False,False,1,0.9567856388668455,0,1.0,20880,0.0,0.0,20880,20880.0
FAN-003737,Jeju SK,18_34,season_ticket_partial,True,False,5,0.7457034272190347,3,0.4,0,208111.0,2.0,0,208111.0
FAN-003738,Jeonbuk Hyundai Motors,Under_18,season_ticket_partial,True,False,5,0.8247332240916532,4,0.19999999999999996,0,75320.0,1.0,0,75320.0
FAN-003739,Jeonbuk Hyundai Motors,Under_18,free_registered,False,True,2,0.9765702932780633,1,0.5,24170,0.0,0.0,48340,48340.0
FAN-003740,Jeju SK,35_54,season_ticket_partial,True,False,7,0.7832913594420932,5,0.2857142857142857,0,341426.0,3.0,0,341426.0
FAN-003741,Gangwon FC,35_54,free_registered,True,True,1,0.9561359792048469,0,1.0,18201,66144.0,1.0,18201,84345.0
FAN-003742,Jeonbuk Hyundai Motors,18_34,free_registered,True,True,1,0.9106441675638259,0,1.0,21156,0.0,0.0,21156,21156.0
FAN-003743,Jeonbuk Hyundai Motors,18_34,paid_membership,True,True,3,0.966341132703425,2,0.33333333333333337,21432,0.0,0.0,64296,64296.0
FAN-003744,FC Seoul,Under_18,paid_membership,False,True,3,0.9357764095511908,2,0.33333333333333337,20107,210554.0,2.0,60321,270875.0
FAN-003745,FC Seoul,18_34,free_registered,True,True,1,0.9899593425749773,0,1.0,23392,18039.0,1.0,23392,41431.0
FAN-003746,FC Seoul,18_34,free_registered,False,True,2,0.9977834574322517,1,0.5,18202,47215.0,1.0,36404,83619.0
FAN-003747,Jeju SK,Under_18,season_ticket_full,True,True,16,0.6639645364798414,10,0.375,0,287948.0,5.0,0,287948.0
FAN-003748,Ulsan HD,Under_18,paid_membership,True,False,5,0.9754752962050074,4,0.19999999999999996,21097,122855.0,1.0,105485,228340.0
FAN-003749,Ulsan HD,Under_18,paid_membership,True,False,5,0.9615267321268406,4,0.19999999999999996,16235,57858.0,1.0,81175,139033.0
FAN-003750,Jeonbuk Hyundai Motors,Under_18,free_registered,False,True,1,0.9898876192107184,0,1.0,21157,0.0,0.0,21157,21157.0
FAN-003751,Jeonbuk Hyundai Motors,35_54,free_registered,True,False,1,0.9585197729262573,0,1.0,22063,148242.0,1.0,22063,170305.0
FAN-003752,Gangwon FC,18_34,free_registered,True,True,1,0.9888121248513038,0,1.0,20393,76280.0,1.0,20393,96673.0
FAN-003753,Ulsan HD,18_34,free_registered,True,False,2,0.9930521543806844,1,0.5,17267,35535.0,1.0,34534,70069.0
FAN-003754,Jeju SK,18_34,free_registered,True,True,1,0.9555389565576914,0,1.0,18170,0.0,0.0,18170,18170.0
FAN-003755,FC Seoul,55_Plus,free_registered,False,True,2,0.9686528184490674,1,0.5,24073,140645.0,1.0,48146,188791.0
FAN-003756,FC Seoul,35_54,paid_membership,True,True,5,0.9654175593547165,4,0.19999999999999996,23018,85783.0,1.0,115090,200873.0
FAN-003757,FC Seoul,18_34,free_registered,True,True,1,0.9174599148089931,0,1.0,19179,49056.0,1.0,19179,68235.0
FAN-003758,Ulsan HD,18_34,season_ticket_partial,True,True,8,0.7621782937077719,6,0.25,0,142070.0,3.0,0,142070.0
FAN-003759,Ulsan HD,18_34,free_registered,True,True,1,0.9681384330071171,0,1.0,17197,148772.0,1.0,17197,165969.0
FAN-003760,Jeonbuk Hyundai Motors,18_34,free_registered,True,True,1,0.9610268897235165,0,1.0,19932,144683.0,1.0,19932,164615.0
FAN-003761,FC Seoul,Under_18,free_registered,True,True,2,0.9215097822353009,1,0.5,22481,69699.0,1.0,44962,114661.0
FAN-003762,Jeonbuk Hyundai Motors,35_54,free_registered,True,True,2,0.9909759156451183,1,0.5,17628,80599.0,1.0,35256,115855.0
FAN-003763,Ulsan HD,18_34,free_registered,True,False,1,0.978406833972012,0,1.0,23798,66697.0,1.0,23798,90495.0
FAN-003764,FC Seoul,35_54,season_ticket_full,True,True,15,0.8023215961911359,12,0.19999999999999996,0,210973.0,3.0,0,210973.0
FAN-003765,Ulsan HD,18_34,paid_membership,False,True,2,0.8973070706252726,1,0.5,18988,158547.0,2.0,37976,196523.0
FAN-003766,FC Seoul,35_54,free_registered,False,False,2,0.999553813124961,1,0.5,24735,71888.0,1.0,49470,121358.0
FAN-003767,Jeju SK,35_54,free_registered,True,False,1,0.9389810033681136,0,1.0,24615,0.0,0.0,24615,24615.0
FAN-003768,Ulsan HD,Under_18,paid_membership,True,True,4,0.9418214535552212,3,0.25,19417,0.0,0.0,77668,77668.0
FAN-003769,FC Seoul,18_34,paid_membership,True,False,3,0.8721598144446095,2,0.33333333333333337,24146,19724.0,1.0,72438,92162.0
FAN-003770,FC Seoul,18_34,free_registered,False,True,1,0.9310924000982154,0,1.0,16993,0.0,0.0,16993,16993.0
FAN-003771,Ulsan HD,18_34,paid_membership,True,True,4,0.9611793363970734,3,0.25,19003,0.0,0.0,76012,76012.0
FAN-003772,Gangwon FC,18_34,season_ticket_partial,True,True,5,0.9453866014340613,4,0.19999999999999996,0,138994.0,3.0,0,138994.0
FAN-003773,Ulsan HD,35_54,paid_membership,True,False,2,0.9977212866032892,1,0.5,19515,51830.0,1.0,39030,90860.0
FAN-003774,Jeonbuk Hyundai Motors,18_34,season_ticket_partial,True,True,7,0.8042292121163628,5,0.2857142857142857,0,148034.0,1.0,0,148034.0
FAN-003775,Jeju SK,55_Plus,season_ticket_partial,True,False,11,0.889700212146917,9,0.18181818181818177,0,149470.0,2.0,0,149470.0
FAN-003776,Gangwon FC,Under_18,season_ticket_full,True,True,15,0.8330585142641413,12,0.19999999999999996,0,244873.0,2.0,0,244873.0
FAN-003777,Jeonbuk Hyundai Motors,55_Plus,free_registered,True,False,2,0.9860776597455848,1,0.5,16911,137275.0,1.0,33822,171097.0
FAN-003778,Jeju SK,18_34,paid_membership,False,True,3,0.9792485809691001,2,0.33333333333333337,20411,39838.0,1.0,61233,101071.0
FAN-003779,Jeju SK,35_54,paid_membership,False,True,3,0.9974050658907752,2,0.33333333333333337,21846,0.0,0.0,65538,65538.0
FAN-003780,Jeonbuk Hyundai Motors,18_34,paid_membership,False,True,2,0.9860234529222239,1,0.5,22815,147787.0,1.0,45630,193417.0
FAN-003781,Ulsan HD,Under_18,season_ticket_full,True,False,16,0.605602437918096,9,0.4375,0,260118.0,5.0,0,260118.0
FAN-003782,Ulsan HD,35_54,free_registered,True,True,1,0.9464495378665426,0,1.0,22303,24139.0,1.0,22303,46442.0
FAN-003783,FC Seoul,18_34,free_registered,True,False,1,0.9830298388824973,0,1.0,23013,106239.0,1.0,23013,129252.0
FAN-003784,Jeonbuk Hyundai Motors,35_54,free_registered,True,False,1,0.9460615641353886,0,1.0,16155,0.0,0.0,16155,16155.0
FAN-003785,Jeonbuk Hyundai Motors,35_54,free_registered,False,True,1,0.9332634864570638,0,1.0,22887,0.0,0.0,22887,22887.0
FAN-003786,FC Seoul,18_34,free_registered,True,False,2,0.9611351567727118,1,0.5,21456,110798.0,1.0,42912,153710.0
FAN-003787,Jeju SK,18_34,paid_membership,True,False,5,0.9619777341744143,4,0.19999999999999996,18729,129642.0,2.0,93645,223287.0
FAN-003788,Ulsan HD,35_54,free_registered,False,True,1,0.9809947938082213,0,1.0,23553,0.0,0.0,23553,23553.0
FAN-003789,FC Seoul,Under_18,paid_membership,False,True,3,0.9596648957579197,2,0.33333333333333337,22898,155851.0,2.0,68694,224545.0
FAN-003790,Gangwon FC,35_54,paid_membership,True,True,3,0.887510385980438,2,0.33333333333333337,17697,252877.0,2.0,53091,305968.0
FAN-003791,FC Seoul,35_54,free_registered,True,True,1,0.9626724092021725,0,1.0,21541,0.0,0.0,21541,21541.0
FAN-003792,FC Seoul,Under_18,free_registered,False,True,2,0.9524279539092172,1,0.5,18315,35305.0,1.0,36630,71935.0
FAN-003793,Jeju SK,Under_18,paid_membership,True,True,5,0.9327602698271614,4,0.19999999999999996,21012,47148.0,1.0,105060,152208.0
FAN-003794,Jeonbuk Hyundai Motors,35_54,paid_membership,False,False,3,0.8611935492492258,2,0.33333333333333337,17114,0.0,0.0,51342,51342.0
FAN-003795,FC Seoul,18_34,season_ticket_partial,True,True,11,0.8482776734035101,9,0.18181818181818177,0,282489.0,3.0,0,282489.0
FAN-003796,Jeju SK,18_34,season_ticket_partial,True,False,11,0.8489693162875446,9,0.18181818181818177,0,29906.0,1.0,0,29906.0
FAN-003797,Ulsan HD,Under_18,season_ticket_full,True,True,16,0.850340041519648,13,0.1875,0,282500.0,5.0,0,282500.0
FAN-003798,FC Seoul,18_34,paid_membership,False,True,5,0.9567657994712656,4,0.19999999999999996,24509,27472.0,1.0,122545,150017.0
FAN-003799,FC Seoul,Under_18,season_ticket_partial,True,False,9,0.8198302957972228,7,0.2222222222222222,0,230892.0,3.0,0,230892.0
FAN-003800,Jeju SK,18_34,season_ticket_partial,True,False,8,0.7268213335935756,5,0.375,0,106492.0,1.0,0,106492.0
FAN-003801,FC Seoul,35_54,season_ticket_partial,True,True,7,0.9405496953281337,6,0.1428571428571429,0,292008.0,3.0,0,292008.0
FAN-003802,Gangwon FC,18_34,free_registered,False,True,2,0.9486494715180316,1,0.5,23400,119202.0,1.0,46800,166002.0
FAN-003803,Jeonbuk Hyundai Motors,18_34,season_ticket_full,True,True,18,0.7082827613909083,12,0.33333333333333337,0,233971.0,3.0,0,233971.0
FAN-003804,Gangwon FC,55_Plus,free_registered,True,True,2,0.9678488132583464,1,0.5,24552,0.0,0.0,49104,49104.0
FAN-003805,FC Seoul,35_54,paid_membership,True,True,3,0.9109406613806788,2,0.33333333333333337,19007,135894.0,2.0,57021,192915.0
FAN-003806,Gangwon FC,35_54,free_registered,False,False,2,0.9033698968016376,1,0.5,19573,41260.0,1.0,39146,80406.0
FAN-003807,Ulsan HD,18_34,free_registered,False,True,2,0.9794072948418661,1,0.5,19557,73899.0,1.0,39114,113013.0
FAN-003808,Ulsan HD,35_54,free_registered,True,True,1,0.9981594682236465,0,1.0,16869,59144.0,1.0,16869,76013.0
FAN-003809,FC Seoul,Under_18,free_registered,True,True,1,0.9940687350179297,0,1.0,22281,107323.0,1.0,22281,129604.0
FAN-003810,FC Seoul,Under_18,free_registered,False,True,2,0.9500799668067362,1,0.5,16876,0.0,0.0,33752,33752.0
FAN-003811,Jeju SK,18_34,season_ticket_partial,True,True,10,0.9190543643161841,9,0.09999999999999998,0,344488.0,3.0,0,344488.0
FAN-003812,Ulsan HD,18_34,free_registered,False,True,1,0.9930575902989839,0,1.0,17819,0.0,0.0,17819,17819.0
FAN-003813,FC Seoul,35_54,free_registered,True,True,2,0.9544146332269067,1,0.5,16001,82614.0,1.0,32002,114616.0
FAN-003814,Jeju SK,18_34,free_registered,True,False,1,0.9277664917292182,0,1.0,20915,39236.0,1.0,20915,60151.0
FAN-003815,FC Seoul,35_54,paid_membership,True,True,4,0.9686590052785498,3,0.25,23676,251741.0,2.0,94704,346445.0
FAN-003816,Jeju SK,35_54,free_registered,True,False,2,0.9477198275764531,1,0.5,18189,47711.0,1.0,36378,84089.0
FAN-003817,Ulsan HD,35_54,free_registered,True,True,2,0.9785000398864214,1,0.5,22171,102485.0,1.0,44342,146827.0
FAN-003818,Jeonbuk Hyundai Motors,18_34,free_registered,True,True,1,0.9783306773821363,0,1.0,18304,0.0,0.0,18304,18304.0
FAN-003819,Jeonbuk Hyundai Motors,35_54,paid_membership,True,False,2,0.9021861732469797,1,0.5,19002,111898.0,1.0,38004,149902.0
FAN-003820,Ulsan HD,18_34,free_registered,True,False,1,0.9137820328184938,0,1.0,19057,18629.0,1.0,19057,37686.0
FAN-003821,Ulsan HD,Under_18,free_registered,False,True,1,0.952132992516935,0,1.0,23927,0.0,0.0,23927,23927.0
FAN-003822,Ulsan HD,55_Plus,free_registered,True,False,1,0.9785860925717363,0,1.0,21092,0.0,0.0,21092,21092.0
FAN-003823,Jeonbuk Hyundai Motors,Under_18,season_ticket_full,True,False,17,0.7073103576991249,12,0.2941176470588235,0,158562.0,3.0,0,158562.0
FAN-003824,Ulsan HD,Under_18,free_registered,False,False,2,0.9626883913045358,1,0.5,19314,124385.0,1.0,38628,163013.0
FAN-003825,FC Seoul,35_54,paid_membership,True,True,3,0.8571123286688183,2,0.33333333333333337,21325,0.0,0.0,63975,63975.0
FAN-003826,FC Seoul,18_34,free_registered,True,False,1,0.9473366500827262,0,1.0,20880,0.0,0.0,20880,20880.0
FAN-003827,Ulsan HD,35_54,free_registered,True,False,2,0.9408281652938497,1,0.5,17294,115601.0,1.0,34588,150189.0
FAN-003828,Ulsan HD,18_34,free_registered,False,False,1,0.91805569571035,0,1.0,16478,0.0,0.0,16478,16478.0
FAN-003829,Jeonbuk Hyundai Motors,18_34,free_registered,False,False,1,0.9824549886077163,0,1.0,23725,0.0,0.0,23725,23725.0
FAN-003830,FC Seoul,18_34,free_registered,True,False,1,0.9795778951538274,0,1.0,21296,91179.0,1.0,21296,112475.0
FAN-003831,Ulsan HD,18_34,free_registered,False,True,2,0.9743150447472931,1,0.5,20877,139901.0,1.0,41754,181655.0
FAN-003832,Jeonbuk Hyundai Motors,18_34,free_registered,True,True,2,0.9393315953130904,1,0.5,19811,0.0,0.0,39622,39622.0
FAN-003833,Jeonbuk Hyundai Motors,35_54,paid_membership,True,True,4,0.8875457769316494,3,0.25,20570,172762.0,2.0,82280,255042.0
FAN-003834,Ulsan HD,18_34,season_ticket_full,True,True,15,0.6036421567386697,9,0.4,0,209772.0,2.0,0,209772.0
FAN-003835,Ulsan HD,55_Plus,free_registered,True,True,2,0.9319518836623881,1,0.5,23421,0.0,0.0,46842,46842.0
FAN-003836,Ulsan HD,Under_18,paid_membership,False,True,2,0.8983795187337517,1,0.5,19461,0.0,0.0,38922,38922.0
FAN-003837,Gangwon FC,18_34,season_ticket_full,True,True,17,0.7099920256518433,12,0.2941176470588235,0,400729.0,4.0,0,400729.0
FAN-003838,FC Seoul,35_54,season_ticket_partial,True,False,8,0.7547289269709926,6,0.25,0,217801.0,2.0,0,217801.0
FAN-003839,Gangwon FC,55_Plus,free_registered,False,False,2,0.9829724498530489,1,0.5,16533,111357.0,1.0,33066,144423.0
FAN-003840,Jeju SK,Under_18,paid_membership,True,True,2,0.9705427732038451,1,0.5,20831,175920.0,2.0,41662,217582.0
FAN-003841,Ulsan HD,35_54,free_registered,False,False,1,0.9321990164147712,0,1.0,20442,89659.0,1.0,20442,110101.0
FAN-003842,FC Seoul,35_54,paid_membership,False,True,2,0.8850285785495344,1,0.5,19302,0.0,0.0,38604,38604.0
FAN-003843,Ulsan HD,18_34,free_registered,False,False,1,0.9935392343880497,0,1.0,19403,0.0,0.0,19403,19403.0
FAN-003844,Ulsan HD,35_54,free_registered,True,False,1,0.9914311546995115,0,1.0,21117,142050.0,1.0,21117,163167.0
FAN-003845,FC Seoul,Under_18,free_registered,True,True,1,0.9654658582120413,0,1.0,24120,72722.0,1.0,24120,96842.0
FAN-003846,Jeju SK,35_54,free_registered,False,True,1,0.9338590672865794,0,1.0,24361,0.0,0.0,24361,24361.0
FAN-003847,Gangwon FC,55_Plus,paid_membership,False,True,4,0.963042469881365,3,0.25,19508,54202.0,1.0,78032,132234.0
FAN-003848,Jeju SK,35_54,free_registered,True,False,2,0.9939493335165076,1,0.5,23512,114059.0,1.0,47024,161083.0
FAN-003849,Jeonbuk Hyundai Motors,18_34,paid_membership,False,False,4,0.8534840477180181,3,0.25,24067,155123.0,2.0,96268,251391.0
FAN-003850,FC Seoul,Under_18,free_registered,True,True,1,0.9743202127706376,0,1.0,23347,0.0,0.0,23347,23347.0
FAN-003851,Ulsan HD,55_Plus,free_registered,False,True,1,0.9933886299889476,0,1.0,22651,0.0,0.0,22651,22651.0
FAN-003852,FC Seoul,18_34,paid_membership,True,True,2,0.9166524093174746,1,0.5,20395,244851.0,2.0,40790,285641.0
FAN-003853,Jeju SK,Under_18,season_ticket_full,True,True,16,0.7925504458952672,12,0.25,0,145055.0,2.0,0,145055.0
FAN-003854,Gangwon FC,35_54,free_registered,True,False,1,0.9192040394391103,0,1.0,19785,0.0,0.0,19785,19785.0
FAN-003855,Jeju SK,18_34,free_registered,True,True,2,0.921549235039611,1,0.5,23390,0.0,0.0,46780,46780.0
FAN-003856,FC Seoul,Under_18,season_ticket_partial,True,False,8,0.7800825802962333,6,0.25,0,245235.0,2.0,0,245235.0
FAN-003857,Ulsan HD,18_34,free_registered,True,False,1,0.992173491350545,0,1.0,16899,33295.0,1.0,16899,50194.0
FAN-003858,Jeju SK,Under_18,season_ticket_partial,True,False,5,0.8616032819122978,4,0.19999999999999996,0,44924.0,1.0,0,44924.0
FAN-003859,Ulsan HD,35_54,paid_membership,True,True,2,0.9292582210626986,1,0.5,18525,89895.0,2.0,37050,126945.0
FAN-003860,Jeonbuk Hyundai Motors,35_54,free_registered,True,True,2,0.9454484857487181,1,0.5,21156,64307.0,1.0,42312,106619.0
FAN-003861,Jeonbuk Hyundai Motors,18_34,free_registered,True,True,1,0.9177869988869728,0,1.0,16017,43181.0,1.0,16017,59198.0
FAN-003862,Jeju SK,35_54,free_registered,True,False,1,0.985334723838883,0,1.0,19844,92779.0,1.0,19844,112623.0
FAN-003863,Ulsan HD,35_54,free_registered,True,False,2,0.9522492832387891,1,0.5,21672,0.0,0.0,43344,43344.0
FAN-003864,FC Seoul,35_54,season_ticket_partial,True,True,7,0.8789879949885594,6,0.1428571428571429,0,121440.0,2.0,0,121440.0
FAN-003865,FC Seoul,Under_18,paid_membership,True,False,5,0.9932933567917285,4,0.19999999999999996,21771,200276.0,2.0,108855,309131.0
FAN-003866,Ulsan HD,35_54,paid_membership,True,True,5,0.9709815115449921,4,0.19999999999999996,17749,89957.0,2.0,88745,178702.0
FAN-003867,Ulsan HD,18_34,paid_membership,True,True,3,0.8822820675243463,2,0.33333333333333337,17541,0.0,0.0,52623,52623.0
FAN-003868,Jeju SK,35_54,free_registered,False,True,1,0.9304931517000989,0,1.0,17468,101941.0,1.0,17468,119409.0
FAN-003869,Jeju SK,35_54,paid_membership,True,True,2,0.9626691602590022,1,0.5,21118,141671.0,2.0,42236,183907.0
FAN-003870,FC Seoul,18_34,free_registered,True,True,2,0.9584040170267867,1,0.5,23535,25357.0,1.0,47070,72427.0
FAN-003871,Ulsan HD,55_Plus,paid_membership,True,True,4,0.9369146020970353,3,0.25,20572,141266.0,2.0,82288,223554.0
FAN-003872,FC Seoul,Under_18,free_registered,True,False,2,0.9202064049697314,1,0.5,20062,0.0,0.0,40124,40124.0
FAN-003873,FC Seoul,35_54,paid_membership,True,False,5,0.8645137178971226,4,0.19999999999999996,24772,110449.0,1.0,123860,234309.0
FAN-003874,Jeonbuk Hyundai Motors,Under_18,season_ticket_partial,True,True,8,0.934393410435864,7,0.125,0,181938.0,2.0,0,181938.0
FAN-003875,FC Seoul,55_Plus,free_registered,False,False,1,0.9921381480845293,0,1.0,23101,29630.0,1.0,23101,52731.0
FAN-003876,Ulsan HD,Under_18,free_registered,False,True,1,0.9213012003989732,0,1.0,18960,86799.0,1.0,18960,105759.0
FAN-003877,FC Seoul,Under_18,paid_membership,True,True,3,0.8948868979982804,2,0.33333333333333337,20026,68116.0,1.0,60078,128194.0
FAN-003878,Jeonbuk Hyundai Motors,18_34,free_registered,False,False,1,0.9840152816526939,0,1.0,17688,77030.0,1.0,17688,94718.0
FAN-003879,Jeju SK,18_34,paid_membership,True,False,5,0.921585818175036,4,0.19999999999999996,18415,22800.0,1.0,92075,114875.0
FAN-003880,FC Seoul,18_34,season_ticket_full,True,False,18,0.6544772658497569,11,0.38888888888888884,0,215312.0,3.0,0,215312.0
FAN-003881,Ulsan HD,35_54,free_registered,True,False,2,0.9797162352954155,1,0.5,20197,22222.0,1.0,40394,62616.0
FAN-003882,Jeonbuk Hyundai Motors,18_34,free_registered,True,False,2,0.944961670272796,1,0.5,20366,0.0,0.0,40732,40732.0
FAN-003883,Gangwon FC,Under_18,paid_membership,True,True,3,0.9986921376063901,2,0.33333333333333337,18354,0.0,0.0,55062,55062.0
FAN-003884,FC Seoul,18_34,free_registered,True,False,1,0.9426054557139111,0,1.0,22530,0.0,0.0,22530,22530.0
FAN-003885,Jeonbuk Hyundai Motors,35_54,free_registered,False,True,2,0.9486874294500954,1,0.5,16956,0.0,0.0,33912,33912.0
FAN-003886,Gangwon FC,35_54,season_ticket_partial,True,False,6,0.8407755973411412,5,0.16666666666666663,0,164304.0,2.0,0,164304.0
FAN-003887,Gangwon FC,35_54,paid_membership,True,True,2,0.9790960103072133,1,0.5,20020,104474.0,1.0,40040,144514.0
FAN-003888,Jeju SK,35_54,free_registered,True,True,2,0.9874765098821173,1,0.5,19618,0.0,0.0,39236,39236.0
FAN-003889,Jeju SK,18_34,free_registered,False,False,2,0.9392425426604681,1,0.5,20615,0.0,0.0,41230,41230.0
FAN-003890,Ulsan HD,Under_18,paid_membership,True,True,3,0.9615256940901774,2,0.33333333333333337,17455,0.0,0.0,52365,52365.0
FAN-003891,Jeonbuk Hyundai Motors,18_34,paid_membership,True,False,5,0.9561164801323289,4,0.19999999999999996,20554,42834.0,1.0,102770,145604.0
FAN-003892,Ulsan HD,35_54,season_ticket_partial,True,True,6,0.9086889434034927,5,0.16666666666666663,0,131677.0,1.0,0,131677.0
FAN-003893,Jeju SK,55_Plus,free_registered,True,False,2,0.921698730778277,1,0.5,19473,60509.0,1.0,38946,99455.0
FAN-003894,Ulsan HD,18_34,season_ticket_full,True,True,19,0.6201419878634461,11,0.42105263157894735,0,215669.0,2.0,0,215669.0
FAN-003895,Jeonbuk Hyundai Motors,Under_18,paid_membership,True,True,4,0.9307036360164131,3,0.25,19093,136767.0,1.0,76372,213139.0
FAN-003896,Jeonbuk Hyundai Motors,Under_18,paid_membership,True,True,3,0.9603065946361539,2,0.33333333333333337,24426,0.0,0.0,73278,73278.0
FAN-003897,FC Seoul,18_34,paid_membership,True,False,3,0.9825387979678006,2,0.33333333333333337,17821,0.0,0.0,53463,53463.0
FAN-003898,Jeonbuk Hyundai Motors,35_54,free_registered,True,False,1,0.9222720296700575,0,1.0,20485,0.0,0.0,20485,20485.0
FAN-003899,Ulsan HD,Under_18,season_ticket_full,True,True,17,0.808464842121585,13,0.23529411764705888,0,420693.0,4.0,0,420693.0
FAN-003900,Jeonbuk Hyundai Motors,55_Plus,free_registered,True,False,1,0.95162950961411,0,1.0,18511,36412.0,1.0,18511,54923.0
FAN-003901,Ulsan HD,18_34,free_registered,True,False,1,0.9792213705022044,0,1.0,18588,0.0,0.0,18588,18588.0
FAN-003902,Ulsan HD,55_Plus,season_ticket_partial,True,False,8,0.7083596391304425,5,0.375,0,60360.0,1.0,0,60360.0
FAN-003903,Gangwon FC,35_54,paid_membership,False,True,5,0.9808581341819488,4,0.19999999999999996,18076,0.0,0.0,90380,90380.0
FAN-003904,FC Seoul,35_54,season_ticket_partial,True,True,9,0.722990436152473,6,0.33333333333333337,0,120363.0,2.0,0,120363.0
FAN-003905,Jeonbuk Hyundai Motors,35_54,paid_membership,True,True,2,0.9306601388662792,1,0.5,19760,137880.0,2.0,39520,177400.0
FAN-003906,Ulsan HD,35_54,free_registered,True,True,1,0.9807601906435229,0,1.0,18695,57920.0,1.0,18695,76615.0
FAN-003907,Ulsan HD,35_54,season_ticket_full,True,True,19,0.7087636083169603,13,0.3157894736842105,0,398929.0,5.0,0,398929.0
FAN-003908,Ulsan HD,35_54,free_registered,False,True,1,0.9901217452854415,0,1.0,23151,0.0,0.0,23151,23151.0
FAN-003909,Jeju SK,35_54,season_ticket_partial,True,True,10,0.9324905815873341,9,0.09999999999999998,0,115703.0,2.0,0,115703.0
FAN-003910,Ulsan HD,55_Plus,free_registered,True,False,2,0.9194108196442504,1,0.5,21195,0.0,0.0,42390,42390.0
FAN-003911,FC Seoul,35_54,season_ticket_partial,True,False,7,0.8218695607880647,5,0.2857142857142857,0,16787.0,1.0,0,16787.0
FAN-003912,FC Seoul,35_54,free_registered,True,False,2,0.9386387286249565,1,0.5,18535,19670.0,1.0,37070,56740.0
FAN-003913,FC Seoul,35_54,paid_membership,False,True,3,0.9676755687580009,2,0.33333333333333337,22572,55446.0,2.0,67716,123162.0
FAN-003914,Gangwon FC,18_34,season_ticket_partial,True,True,11,0.876324359790766,9,0.18181818181818177,0,199329.0,2.0,0,199329.0
FAN-003915,Gangwon FC,Under_18,free_registered,True,True,1,0.994077539871351,0,1.0,20672,127959.0,1.0,20672,148631.0
FAN-003916,Ulsan HD,18_34,paid_membership,True,True,3,0.9358218713126046,2,0.33333333333333337,19798,158149.0,2.0,59394,217543.0
FAN-003917,Jeonbuk Hyundai Motors,18_34,season_ticket_partial,True,True,9,0.8953342357786096,8,0.11111111111111116,0,277032.0,3.0,0,277032.0
FAN-003918,Ulsan HD,35_54,paid_membership,False,True,4,0.969202165545474,3,0.25,21350,81504.0,1.0,85400,166904.0
FAN-003919,Jeju SK,18_34,season_ticket_full,True,True,18,0.6986539216611022,12,0.33333333333333337,0,333925.0,3.0,0,333925.0
FAN-003920,Jeonbuk Hyundai Motors,35_54,free_registered,False,False,2,0.9261675992730344,1,0.5,22491,0.0,0.0,44982,44982.0
FAN-003921,Gangwon FC,18_34,free_registered,True,False,1,0.9804954383592788,0,1.0,23512,0.0,0.0,23512,23512.0
FAN-003922,Ulsan HD,Under_18,free_registered,True,True,1,0.9741054609647253,0,1.0,19105,61441.0,1.0,19105,80546.0
FAN-003923,Jeonbuk Hyundai Motors,35_54,free_registered,True,True,1,0.9253561998769337,0,1.0,23160,106891.0,1.0,23160,130051.0
FAN-003924,FC Seoul,35_54,free_registered,True,False,2,0.9905784356387035,1,0.5,20468,63618.0,1.0,40936,104554.0
FAN-003925,Gangwon FC,18_34,paid_membership,True,True,2,0.9217391091929644,1,0.5,22554,74748.0,1.0,45108,119856.0
FAN-003926,FC Seoul,35_54,free_registered,True,True,2,0.9480179079467274,1,0.5,17236,0.0,0.0,34472,34472.0
FAN-003927,Jeju SK,35_54,free_registered,True,True,2,0.9609261533401661,1,0.5,19348,0.0,0.0,38696,38696.0
FAN-003928,Jeju SK,18_34,free_registered,True,True,1,0.9191263254139236,0,1.0,23733,0.0,0.0,23733,23733.0
FAN-003929,Jeju SK,Under_18,season_ticket_partial,True,True,9,0.8785975102846256,7,0.2222222222222222,0,139102.0,3.0,0,139102.0
FAN-003930,FC Seoul,55_Plus,paid_membership,True,False,4,0.8683495566401354,3,0.25,20649,44865.0,1.0,82596,127461.0
FAN-003931,Gangwon FC,18_34,free_registered,True,True,2,0.9101547086340169,1,0.5,18808,50320.0,1.0,37616,87936.0
FAN-003932,FC Seoul,18_34,season_ticket_partial,True,True,8,0.7380080111550809,5,0.375,0,257079.0,3.0,0,257079.0
FAN-003933,Jeju SK,18_34,free_registered,True,True,1,0.9612059598572359,0,1.0,24135,0.0,0.0,24135,24135.0
FAN-003934,FC Seoul,35_54,season_ticket_full,True,False,17,0.8191835523866029,13,0.23529411764705888,0,183150.0,2.0,0,183150.0
FAN-003935,Ulsan HD,35_54,paid_membership,True,True,3,0.9449791471511276,2,0.33333333333333337,16948,0.0,0.0,50844,50844.0
FAN-003936,Ulsan HD,35_54,free_registered,False,True,1,0.9169667315271266,0,1.0,16452,0.0,0.0,16452,16452.0
FAN-003937,Ulsan HD,Under_18,paid_membership,True,True,4,0.9338500673269423,3,0.25,23922,116762.0,1.0,95688,212450.0
FAN-003938,FC Seoul,35_54,paid_membership,False,True,4,0.8716888896940801,3,0.25,24298,135304.0,1.0,97192,232496.0
FAN-003939,FC Seoul,18_34,free_registered,True,True,1,0.9293878891484604,0,1.0,16004,21820.0,1.0,16004,37824.0
FAN-003940,Ulsan HD,18_34,season_ticket_partial,True,True,5,0.9344676761009343,4,0.19999999999999996,0,62079.0,2.0,0,62079.0
FAN-003941,Jeonbuk Hyundai Motors,18_34,free_registered,True,False,1,0.9081364751498624,0,1.0,16136,0.0,0.0,16136,16136.0
FAN-003942,Jeonbuk Hyundai Motors,18_34,free_registered,True,False,1,0.9888862060461574,0,1.0,24984,0.0,0.0,24984,24984.0
FAN-003943,FC Seoul,35_54,free_registered,True,True,2,0.9828988650534836,1,0.5,19512,0.0,0.0,39024,39024.0
FAN-003944,Ulsan HD,55_Plus,free_registered,False,True,1,0.947338997250107,0,1.0,23232,0.0,0.0,23232,23232.0
FAN-003945,FC Seoul,18_34,free_registered,True,True,2,0.9491754255025852,1,0.5,24606,102327.0,1.0,49212,151539.0
FAN-003946,FC Seoul,35_54,season_ticket_partial,True,False,8,0.8970119591013962,7,0.125,0,214996.0,3.0,0,214996.0
FAN-003947,Jeju SK,35_54,free_registered,True,True,2,0.9050437351825807,1,0.5,22523,31811.0,1.0,45046,76857.0
FAN-003948,Jeju SK,55_Plus,free_registered,True,False,1,0.9143880919687942,0,1.0,24388,40940.0,1.0,24388,65328.0
FAN-003949,FC Seoul,18_34,paid_membership,True,False,5,0.8832940683811067,4,0.19999999999999996,23971,97782.0,2.0,119855,217637.0
FAN-003950,FC Seoul,35_54,season_ticket_partial,True,False,9,0.8936359929625393,8,0.11111111111111116,0,183317.0,2.0,0,183317.0
FAN-003951,FC Seoul,18_34,season_ticket_full,True,False,15,0.6447141170267915,9,0.4,0,264081.0,2.0,0,264081.0
FAN-003952,Jeonbuk Hyundai Motors,35_54,paid_membership,True,False,2,0.9947851865445501,1,0.5,16722,138937.0,2.0,33444,172381.0
FAN-003953,Gangwon FC,Under_18,season_ticket_full,True,True,19,0.6641913059979343,12,0.368421052631579,0,432170.0,5.0,0,432170.0
FAN-003954,FC Seoul,35_54,paid_membership,True,True,4,0.9857061409681449,3,0.25,24285,0.0,0.0,97140,97140.0
FAN-003955,FC Seoul,18_34,season_ticket_full,True,True,17,0.8217526274026796,13,0.23529411764705888,0,209366.0,2.0,0,209366.0
FAN-003956,Jeonbuk Hyundai Motors,18_34,paid_membership,False,True,3,0.9905272721638826,2,0.33333333333333337,20108,229454.0,2.0,60324,289778.0
FAN-003957,Gangwon FC,35_54,free_registered,True,False,2,0.9328551742944526,1,0.5,20835,26433.0,1.0,41670,68103.0
FAN-003958,Ulsan HD,35_54,free_registered,False,True,2,0.9117776918406415,1,0.5,18601,143769.0,1.0,37202,180971.0
FAN-003959,FC Seoul,35_54,paid_membership,True,False,3,0.8746602650323869,2,0.33333333333333337,24100,0.0,0.0,72300,72300.0
FAN-003960,FC Seoul,35_54,free_registered,False,True,2,0.9251426412668211,1,0.5,17208,0.0,0.0,34416,34416.0
FAN-003961,Jeju SK,18_34,free_registered,True,False,2,0.9844636487198772,1,0.5,18082,109963.0,1.0,36164,146127.0
FAN-003962,Ulsan HD,18_34,paid_membership,True,True,3,0.9356744749992172,2,0.33333333333333337,22692,26732.0,1.0,68076,94808.0
FAN-003963,FC Seoul,18_34,season_ticket_full,True,True,19,0.602216380301233,11,0.42105263157894735,0,516596.0,5.0,0,516596.0
FAN-003964,Jeju SK,Under_18,free_registered,True,True,2,0.9850830652119594,1,0.5,24129,141643.0,1.0,48258,189901.0
FAN-003965,FC Seoul,35_54,paid_membership,True,False,3,0.9377142703017717,2,0.33333333333333337,16246,130731.0,2.0,48738,179469.0
FAN-003966,Jeonbuk Hyundai Motors,35_54,paid_membership,True,True,5,0.9584826074815536,4,0.19999999999999996,21782,80288.0,1.0,108910,189198.0
FAN-003967,Ulsan HD,35_54,season_ticket_full,True,True,18,0.8145940895242487,14,0.2222222222222222,0,294086.0,3.0,0,294086.0
FAN-003968,FC Seoul,35_54,season_ticket_full,True,True,19,0.6115893695838128,11,0.42105263157894735,0,180892.0,2.0,0,180892.0
FAN-003969,Jeju SK,35_54,paid_membership,True,False,5,0.9377506399284158,4,0.19999999999999996,23787,0.0,0.0,118935,118935.0
FAN-003970,Ulsan HD,Under_18,paid_membership,True,True,3,0.9048343960416951,2,0.33333333333333337,19741,0.0,0.0,59223,59223.0
FAN-003971,Gangwon FC,Under_18,free_registered,True,False,1,0.9570429770355771,0,1.0,19307,149890.0,1.0,19307,169197.0
FAN-003972,Ulsan HD,35_54,paid_membership,True,True,2,0.916156693887075,1,0.5,22777,113934.0,1.0,45554,159488.0
FAN-003973,FC Seoul,18_34,paid_membership,True,True,3,0.915173323122264,2,0.33333333333333337,19882,0.0,0.0,59646,59646.0
FAN-003974,Jeonbuk Hyundai Motors,Under_18,season_ticket_partial,True,False,6,0.7618166376925714,4,0.33333333333333337,0,268897.0,3.0,0,268897.0
FAN-003975,FC Seoul,18_34,paid_membership,True,True,3,0.8876528475144099,2,0.33333333333333337,20159,118769.0,2.0,60477,179246.0
FAN-003976,Gangwon FC,35_54,free_registered,False,False,1,0.9739942613634403,0,1.0,21125,53577.0,1.0,21125,74702.0
FAN-003977,Ulsan HD,18_34,paid_membership,True,True,2,0.9780728221399005,1,0.5,24031,129687.0,2.0,48062,177749.0
FAN-003978,Ulsan HD,35_54,free_registered,True,False,2,0.9414659686673786,1,0.5,18846,0.0,0.0,37692,37692.0
FAN-003979,FC Seoul,35_54,free_registered,True,False,1,0.9165812621514017,0,1.0,17227,44037.0,1.0,17227,61264.0
FAN-003980,Ulsan HD,18_34,free_registered,True,False,1,0.9909038142475208,0,1.0,17531,0.0,0.0,17531,17531.0
FAN-003981,Jeonbuk Hyundai Motors,35_54,free_registered,False,True,1,0.9414911342747816,0,1.0,22742,79621.0,1.0,22742,102363.0
FAN-003982,Jeonbuk Hyundai Motors,35_54,season_ticket_partial,True,True,8,0.9150610876809672,7,0.125,0,85941.0,1.0,0,85941.0
FAN-003983,FC Seoul,35_54,free_registered,True,False,2,0.9242295756023028,1,0.5,16386,56496.0,1.0,32772,89268.0
FAN-003984,FC Seoul,35_54,free_registered,True,False,2,0.924208826286606,1,0.5,19680,0.0,0.0,39360,39360.0
FAN-003985,Jeonbuk Hyundai Motors,Under_18,season_ticket_full,True,True,15,0.6435916761318072,9,0.4,0,332870.0,3.0,0,332870.0
FAN-003986,Gangwon FC,35_54,free_registered,True,True,2,0.9438219149485659,1,0.5,23275,0.0,0.0,46550,46550.0
FAN-003987,FC Seoul,18_34,free_registered,False,True,1,0.9890687587076231,0,1.0,19797,17958.0,1.0,19797,37755.0
FAN-003988,Ulsan HD,55_Plus,free_registered,True,False,2,0.9025146418372719,1,0.5,22291,0.0,0.0,44582,44582.0
FAN-003989,Ulsan HD,35_54,free_registered,True,True,1,0.995659747693075,0,1.0,18767,0.0,0.0,18767,18767.0
FAN-003990,Jeonbuk Hyundai Motors,35_54,free_registered,True,True,1,0.9179123025858115,0,1.0,21177,0.0,0.0,21177,21177.0
FAN-003991,FC Seoul,18_34,free_registered,True,True,2,0.9718874320442439,1,0.5,18104,0.0,0.0,36208,36208.0
FAN-003992,FC Seoul,18_34,paid_membership,True,True,5,0.8828888122770594,4,0.19999999999999996,24262,270489.0,2.0,121310,391799.0
FAN-003993,Jeonbuk Hyundai Motors,18_34,free_registered,False,True,2,0.9735115492042411,1,0.5,24688,0.0,0.0,49376,49376.0
FAN-003994,FC Seoul,18_34,free_registered,True,False,1,0.9339175606207425,0,1.0,23201,0.0,0.0,23201,23201.0
FAN-003995,Ulsan HD,18_34,season_ticket_partial,True,True,7,0.823052150162044,5,0.2857142857142857,0,145958.0,2.0,0,145958.0
FAN-003996,Ulsan HD,18_34,free_registered,True,False,2,0.9472974220254166,1,0.5,21472,89044.0,1.0,42944,131988.0
FAN-003997,Ulsan HD,18_34,season_ticket_partial,True,True,9,0.9236787069539008,8,0.11111111111111116,0,193652.0,2.0,0,193652.0
FAN-003998,Ulsan HD,55_Plus,free_registered,True,True,2,0.920092977449752,1,0.5,17903,58752.0,1.0,35806,94558.0
FAN-003999,Ulsan HD,Under_18,free_registered,True,True,1,0.9026029522325039,0,1.0,19992,0.0,0.0,19992,19992.0
FAN-004000,FC Seoul,55_Plus,paid_membership,False,False,2,0.9377584698756949,1,0.5,24620,0.0,0.0,49240,49240.0
FAN-004001,Jeju SK,55_Plus,free_registered,True,False,2,0.9727989495111932,1,0.5,20237,112623.0,1.0,40474,153097.0
FAN-004002,Jeonbuk Hyundai Motors,18_34,free_registered,True,True,1,0.9969048284670716,0,1.0,18301,89132.0,1.0,18301,107433.0
FAN-004003,Jeonbuk Hyundai Motors,35_54,paid_membership,True,True,4,0.9380468873674147,3,0.25,20871,81531.0,1.0,83484,165015.0
FAN-004004,FC Seoul,18_34,free_registered,True,False,1,0.9353280870918758,0,1.0,21775,73212.0,1.0,21775,94987.0
FAN-004005,FC Seoul,35_54,paid_membership,False,False,4,0.8758051158557798,3,0.25,19834,163983.0,2.0,79336,243319.0
FAN-004006,FC Seoul,18_34,season_ticket_partial,True,True,7,0.7835978985169673,5,0.2857142857142857,0,54356.0,1.0,0,54356.0
FAN-004007,Ulsan HD,18_34,free_registered,True,False,1,0.991958379723448,0,1.0,20446,0.0,0.0,20446,20446.0
FAN-004008,Ulsan HD,35_54,paid_membership,True,True,4,0.925036690627547,3,0.25,20486,184737.0,2.0,81944,266681.0
FAN-004009,Jeju SK,18_34,paid_membership,True,True,2,0.9759474088022748,1,0.5,18435,94529.0,1.0,36870,131399.0
FAN-004010,FC Seoul,35_54,season_ticket_full,True,True,19,0.6640644963734701,12,0.368421052631579,0,207599.0,4.0,0,207599.0
FAN-004011,FC Seoul,18_34,season_ticket_partial,True,True,9,0.9002714340549169,8,0.11111111111111116,0,141387.0,3.0,0,141387.0
FAN-004012,Ulsan HD,18_34,season_ticket_partial,True,False,11,0.7422188624817342,8,0.2727272727272727,0,235929.0,3.0,0,235929.0
FAN-004013,Jeju SK,Under_18,free_registered,True,True,2,0.9080468277937974,1,0.5,18860,73626.0,1.0,37720,111346.0
FAN-004014,FC Seoul,Under_18,paid_membership,True,True,5,0.93362861655396,4,0.19999999999999996,23454,185983.0,2.0,117270,303253.0
FAN-004015,Jeju SK,18_34,free_registered,True,False,2,0.944641220934718,1,0.5,18485,142295.0,1.0,36970,179265.0
FAN-004016,FC Seoul,Under_18,free_registered,True,True,1,0.9658643888209613,0,1.0,21677,87113.0,1.0,21677,108790.0
FAN-004017,Jeonbuk Hyundai Motors,Under_18,season_ticket_full,True,True,18,0.8791564102401644,15,0.16666666666666663,0,174895.0,2.0,0,174895.0
FAN-004018,Jeonbuk Hyundai Motors,35_54,free_registered,True,False,1,0.9217638851959936,0,1.0,19222,0.0,0.0,19222,19222.0
FAN-004019,FC Seoul,Under_18,season_ticket_full,True,True,16,0.6901783503305822,11,0.3125,0,236441.0,3.0,0,236441.0
FAN-004020,FC Seoul,35_54,free_registered,True,True,2,0.9806558365805218,1,0.5,16859,0.0,0.0,33718,33718.0
FAN-004021,Ulsan HD,18_34,season_ticket_partial,True,True,10,0.828415304687022,8,0.19999999999999996,0,242641.0,2.0,0,242641.0
FAN-004022,FC Seoul,35_54,free_registered,False,True,1,0.9073405114524086,0,1.0,17000,0.0,0.0,17000,17000.0
FAN-004023,Jeju SK,18_34,free_registered,True,False,2,0.9036716758945881,1,0.5,18202,0.0,0.0,36404,36404.0
FAN-004024,Jeonbuk Hyundai Motors,18_34,free_registered,False,False,1,0.9040150350849148,0,1.0,24585,23357.0,1.0,24585,47942.0
FAN-004025,Jeju SK,18_34,paid_membership,True,True,3,0.9121370179788937,2,0.33333333333333337,19143,265439.0,2.0,57429,322868.0
FAN-004026,Jeonbuk Hyundai Motors,18_34,free_registered,True,True,2,0.9093985233116253,1,0.5,16648,145558.0,1.0,33296,178854.0
FAN-004027,Ulsan HD,35_54,paid_membership,True,False,5,0.9738304964238089,4,0.19999999999999996,23818,144321.0,2.0,119090,263411.0
FAN-004028,FC Seoul,Under_18,free_registered,True,True,1,0.9832676861901699,0,1.0,16857,0.0,0.0,16857,16857.0
FAN-004029,Jeonbuk Hyundai Motors,55_Plus,free_registered,True,True,2,0.9968107892024195,1,0.5,17585,0.0,0.0,35170,35170.0
FAN-004030,Ulsan HD,18_34,free_registered,True,False,1,0.9860857911222578,0,1.0,22244,98983.0,1.0,22244,121227.0
FAN-004031,Jeju SK,18_34,free_registered,False,False,2,0.9959602604376314,1,0.5,22721,105082.0,1.0,45442,150524.0
FAN-004032,FC Seoul,35_54,season_ticket_partial,True,True,6,0.9425587887986285,5,0.16666666666666663,0,168243.0,2.0,0,168243.0
FAN-004033,FC Seoul,18_34,season_ticket_partial,True,True,9,0.9108658342688332,8,0.11111111111111116,0,128860.0,2.0,0,128860.0
FAN-004034,Gangwon FC,35_54,free_registered,True,True,1,0.9496343827767284,0,1.0,21763,0.0,0.0,21763,21763.0
FAN-004035,FC Seoul,18_34,paid_membership,True,True,3,0.8897830984485624,2,0.33333333333333337,21424,0.0,0.0,64272,64272.0
FAN-004036,Gangwon FC,35_54,paid_membership,True,False,4,0.9772523447980539,3,0.25,22838,171410.0,2.0,91352,262762.0
FAN-004037,Gangwon FC,Under_18,free_registered,True,True,2,0.970929122582848,1,0.5,23693,113034.0,1.0,47386,160420.0
FAN-004038,Jeonbuk Hyundai Motors,35_54,free_registered,True,True,1,0.9956719984610554,0,1.0,17739,61579.0,1.0,17739,79318.0
FAN-004039,Jeju SK,35_54,paid_membership,False,True,5,0.8636401256528451,4,0.19999999999999996,16148,72119.0,1.0,80740,152859.0
FAN-004040,Jeju SK,18_34,free_registered,True,False,1,0.9300275481835012,0,1.0,18686,0.0,0.0,18686,18686.0
FAN-004041,Jeonbuk Hyundai Motors,Under_18,free_registered,True,True,2,0.9397240133063981,1,0.5,16931,34833.0,1.0,33862,68695.0
FAN-004042,FC Seoul,18_34,free_registered,True,True,2,0.9464586757071075,1,0.5,18023,132526.0,1.0,36046,168572.0
FAN-004043,Ulsan HD,55_Plus,paid_membership,True,False,3,0.9518757449060884,2,0.33333333333333337,17342,0.0,0.0,52026,52026.0
FAN-004044,Jeju SK,18_34,free_registered,True,True,1,0.9887862454952121,0,1.0,16297,0.0,0.0,16297,16297.0
FAN-004045,Ulsan HD,18_34,free_registered,True,True,2,0.9657960163290881,1,0.5,22064,143039.0,1.0,44128,187167.0
FAN-004046,Ulsan HD,Under_18,free_registered,True,True,2,0.9232301781117273,1,0.5,22214,38036.0,1.0,44428,82464.0
FAN-004047,Ulsan HD,18_34,free_registered,True,True,1,0.9240377281843364,0,1.0,20692,0.0,0.0,20692,20692.0
FAN-004048,Jeju SK,35_54,free_registered,True,True,1,0.9631743267437146,0,1.0,22793,78686.0,1.0,22793,101479.0
FAN-004049,Jeonbuk Hyundai Motors,55_Plus,season_ticket_partial,True,True,9,0.7452579529541798,6,0.33333333333333337,0,101896.0,2.0,0,101896.0
FAN-004050,FC Seoul,18_34,free_registered,True,True,2,0.9258532809314297,1,0.5,21071,43029.0,1.0,42142,85171.0
FAN-004051,Gangwon FC,35_54,paid_membership,True,True,3,0.8956055122855183,2,0.33333333333333337,22220,0.0,0.0,66660,66660.0
FAN-004052,Jeju SK,18_34,free_registered,True,True,1,0.9722625455733863,0,1.0,22961,35920.0,1.0,22961,58881.0
FAN-004053,Jeonbuk Hyundai Motors,Under_18,paid_membership,False,True,4,0.9437364308247893,3,0.25,16228,209516.0,2.0,64912,274428.0
FAN-004054,Jeju SK,18_34,paid_membership,False,True,4,0.870219141982409,3,0.25,24158,43036.0,1.0,96632,139668.0
FAN-004055,Jeonbuk Hyundai Motors,35_54,free_registered,True,True,1,0.9424922519522596,0,1.0,17734,0.0,0.0,17734,17734.0
FAN-004056,FC Seoul,55_Plus,season_ticket_partial,True,False,10,0.9458196129638268,9,0.09999999999999998,0,285637.0,3.0,0,285637.0
FAN-004057,Jeonbuk Hyundai Motors,35_54,free_registered,True,True,2,0.9469221728747832,1,0.5,23415,0.0,0.0,46830,46830.0
FAN-004058,FC Seoul,18_34,season_ticket_partial,True,True,6,0.8813082900807655,5,0.16666666666666663,0,177275.0,3.0,0,177275.0
FAN-004059,Jeonbuk Hyundai Motors,18_34,free_registered,True,False,1,0.9129599211150777,0,1.0,23709,0.0,0.0,23709,23709.0
FAN-004060,Gangwon FC,18_34,season_ticket_full,True,True,16,0.6284287034933194,10,0.375,0,175046.0,2.0,0,175046.0
FAN-004061,FC Seoul,55_Plus,paid_membership,True,False,4,0.9891712985434021,3,0.25,23111,214909.0,2.0,92444,307353.0
FAN-004062,FC Seoul,35_54,season_ticket_full,True,False,18,0.7227888085578014,13,0.2777777777777778,0,181276.0,2.0,0,181276.0
FAN-004063,Jeonbuk Hyundai Motors,35_54,paid_membership,False,False,3,0.9891062895153863,2,0.33333333333333337,16582,180440.0,2.0,49746,230186.0
FAN-004064,FC Seoul,18_34,free_registered,True,False,1,0.9966469635050623,0,1.0,19396,0.0,0.0,19396,19396.0
FAN-004065,Jeonbuk Hyundai Motors,18_34,paid_membership,True,True,5,0.9270682250345093,4,0.19999999999999996,23529,79457.0,1.0,117645,197102.0
FAN-004066,FC Seoul,18_34,season_ticket_partial,True,False,7,0.8958749294599058,6,0.1428571428571429,0,195230.0,2.0,0,195230.0
FAN-004067,FC Seoul,18_34,season_ticket_full,True,True,18,0.6508553980186025,11,0.38888888888888884,0,261653.0,4.0,0,261653.0
FAN-004068,Gangwon FC,18_34,free_registered,True,True,1,0.9469840457394519,0,1.0,23784,58844.0,1.0,23784,82628.0
FAN-004069,Jeju SK,Under_18,paid_membership,True,False,3,0.9682799069284596,2,0.33333333333333337,18477,43180.0,2.0,55431,98611.0
FAN-004070,Jeonbuk Hyundai Motors,Under_18,free_registered,True,True,2,0.9949828636724418,1,0.5,22690,0.0,0.0,45380,45380.0
FAN-004071,Ulsan HD,35_54,paid_membership,True,False,5,0.8999761662350741,4,0.19999999999999996,22172,0.0,0.0,110860,110860.0
FAN-004072,Jeju SK,35_54,free_registered,True,True,1,0.948880730960747,0,1.0,17379,75326.0,1.0,17379,92705.0
FAN-004073,Jeju SK,18_34,free_registered,True,True,1,0.9686422550814429,0,1.0,23798,0.0,0.0,23798,23798.0
FAN-004074,Jeju SK,18_34,season_ticket_full,True,True,18,0.7255404620832149,13,0.2777777777777778,0,257841.0,4.0,0,257841.0
FAN-004075,Jeju SK,18_34,free_registered,True,False,1,0.9163155646320414,0,1.0,22023,0.0,0.0,22023,22023.0
FAN-004076,Jeju SK,35_54,paid_membership,True,True,3,0.9644213209347317,2,0.33333333333333337,20033,0.0,0.0,60099,60099.0
FAN-004077,Ulsan HD,35_54,paid_membership,False,True,3,0.9642887176093022,2,0.33333333333333337,20957,132434.0,2.0,62871,195305.0
FAN-004078,FC Seoul,35_54,free_registered,True,True,2,0.9755396802984158,1,0.5,23508,0.0,0.0,47016,47016.0
FAN-004079,Jeonbuk Hyundai Motors,35_54,free_registered,True,False,2,0.9284637087221586,1,0.5,23880,136990.0,1.0,47760,184750.0
FAN-004080,FC Seoul,18_34,paid_membership,False,True,2,0.8711417241163771,1,0.5,24641,0.0,0.0,49282,49282.0
FAN-004081,Jeju SK,18_34,free_registered,True,False,2,0.9769801832518388,1,0.5,19061,121807.0,1.0,38122,159929.0
FAN-004082,FC Seoul,18_34,season_ticket_partial,True,True,7,0.7786152557122524,5,0.2857142857142857,0,73197.0,2.0,0,73197.0
FAN-004083,Jeju SK,18_34,season_ticket_full,True,True,18,0.7370034796182517,13,0.2777777777777778,0,390365.0,3.0,0,390365.0
FAN-004084,Jeonbuk Hyundai Motors,35_54,free_registered,False,True,1,0.9501102507923294,0,1.0,23173,0.0,0.0,23173,23173.0
FAN-004085,FC Seoul,18_34,free_registered,False,False,2,0.9693460552554731,1,0.5,20431,0.0,0.0,40862,40862.0
FAN-004086,FC Seoul,Under_18,free_registered,True,True,1,0.9745170165145499,0,1.0,23844,33267.0,1.0,23844,57111.0
FAN-004087,FC Seoul,18_34,paid_membership,True,True,5,0.997729410750114,4,0.19999999999999996,16392,92500.0,1.0,81960,174460.0
FAN-004088,Jeju SK,55_Plus,free_registered,False,False,1,0.9390387755451294,0,1.0,18015,0.0,0.0,18015,18015.0
FAN-004089,Jeonbuk Hyundai Motors,18_34,free_registered,False,True,1,0.9536341861183808,0,1.0,21694,145711.0,1.0,21694,167405.0
FAN-004090,FC Seoul,35_54,paid_membership,False,False,5,0.9796210524742648,4,0.19999999999999996,23406,276904.0,2.0,117030,393934.0
FAN-004091,Jeonbuk Hyundai Motors,18_34,season_ticket_full,True,True,19,0.6005509920776455,11,0.42105263157894735,0,431821.0,5.0,0,431821.0
FAN-004092,Ulsan HD,Under_18,free_registered,False,True,1,0.9701415883457489,0,1.0,23864,31054.0,1.0,23864,54918.0
FAN-004093,Ulsan HD,18_34,free_registered,True,True,1,0.937555260523343,0,1.0,16246,0.0,0.0,16246,16246.0
FAN-004094,Gangwon FC,35_54,season_ticket_full,True,True,15,0.6740760573610696,10,0.33333333333333337,0,316467.0,4.0,0,316467.0
FAN-004095,Ulsan HD,18_34,paid_membership,True,False,4,0.9761631005460607,3,0.25,20060,0.0,0.0,80240,80240.0
FAN-004096,Ulsan HD,35_54,paid_membership,True,False,5,0.9459845856507962,4,0.19999999999999996,22207,77140.0,1.0,111035,188175.0
FAN-004097,FC Seoul,18_34,paid_membership,True,True,4,0.9018478162963987,3,0.25,18782,0.0,0.0,75128,75128.0
FAN-004098,FC Seoul,Under_18,season_ticket_full,True,False,18,0.7955994868949745,14,0.2222222222222222,0,201209.0,3.0,0,201209.0
FAN-004099,FC Seoul,55_Plus,paid_membership,True,True,3,0.9850405646985271,2,0.33333333333333337,21244,102489.0,1.0,63732,166221.0
FAN-004100,FC Seoul,18_34,season_ticket_partial,True,True,10,0.7337243662880256,7,0.30000000000000004,0,135100.0,2.0,0,135100.0
FAN-004101,Jeju SK,35_54,paid_membership,False,False,4,0.9578192386615746,3,0.25,20203,87564.0,1.0,80812,168376.0
FAN-004102,Ulsan HD,35_54,paid_membership,True,False,5,0.9537087716240968,4,0.19999999999999996,18233,50823.0,1.0,91165,141988.0
FAN-004103,Ulsan HD,18_34,free_registered,True,True,2,0.9032138884088152,1,0.5,24210,0.0,0.0,48420,48420.0
FAN-004104,FC Seoul,35_54,free_registered,True,False,2,0.9889857474841159,1,0.5,18959,119521.0,1.0,37918,157439.0
FAN-004105,FC Seoul,Under_18,paid_membership,True,True,2,0.9541225688432675,1,0.5,19817,94500.0,1.0,39634,134134.0
FAN-004106,Jeju SK,18_34,free_registered,True,False,1,0.9984664747630096,0,1.0,18141,79786.0,1.0,18141,97927.0
FAN-004107,Gangwon FC,Under_18,paid_membership,True,False,4,0.863759408976125,3,0.25,19814,0.0,0.0,79256,79256.0
FAN-004108,FC Seoul,35_54,free_registered,True,True,1,0.9668334500288883,0,1.0,24319,0.0,0.0,24319,24319.0
FAN-004109,Jeonbuk Hyundai Motors,18_34,season_ticket_partial,True,True,11,0.947937325248255,10,0.09090909090909094,0,105382.0,1.0,0,105382.0
FAN-004110,Jeju SK,35_54,free_registered,True,False,1,0.9232419466665782,0,1.0,23983,25595.0,1.0,23983,49578.0
FAN-004111,Jeju SK,55_Plus,season_ticket_partial,True,False,11,0.7189480726539274,7,0.36363636363636365,0,270574.0,2.0,0,270574.0
FAN-004112,Ulsan HD,18_34,paid_membership,True,True,2,0.9375258636491439,1,0.5,21890,48409.0,1.0,43780,92189.0
FAN-004113,FC Seoul,18_34,free_registered,True,True,1,0.9450521705966828,0,1.0,17883,0.0,0.0,17883,17883.0
FAN-004114,FC Seoul,18_34,paid_membership,True,False,2,0.8512423486918926,1,0.5,23409,0.0,0.0,46818,46818.0
FAN-004115,Jeju SK,18_34,free_registered,True,True,1,0.9999107071661597,0,1.0,24170,65329.0,1.0,24170,89499.0
FAN-004116,Ulsan HD,18_34,free_registered,True,True,1,0.98951456056183,0,1.0,19698,0.0,0.0,19698,19698.0
FAN-004117,Gangwon FC,35_54,free_registered,True,True,2,0.9422785079843237,1,0.5,20065,59603.0,1.0,40130,99733.0
FAN-004118,Ulsan HD,55_Plus,free_registered,True,True,2,0.9171457308953537,1,0.5,18558,59352.0,1.0,37116,96468.0
FAN-004119,FC Seoul,55_Plus,season_ticket_full,True,False,19,0.6592782589482045,12,0.368421052631579,0,327661.0,5.0,0,327661.0
FAN-004120,Jeonbuk Hyundai Motors,35_54,free_registered,False,False,2,0.9151835160746888,1,0.5,24893,0.0,0.0,49786,49786.0
FAN-004121,FC Seoul,35_54,paid_membership,True,True,2,0.9409990653982961,1,0.5,22647,47205.0,2.0,45294,92499.0
FAN-004122,Ulsan HD,18_34,free_registered,True,False,1,0.9815792345739148,0,1.0,18303,131196.0,1.0,18303,149499.0
FAN-004123,Jeju SK,35_54,paid_membership,True,False,2,0.9717024077894587,1,0.5,19726,131518.0,1.0,39452,170970.0
FAN-004124,Gangwon FC,35_54,free_registered,False,True,1,0.9433981264780962,0,1.0,20952,146451.0,1.0,20952,167403.0
FAN-004125,Jeonbuk Hyundai Motors,18_34,paid_membership,False,True,5,0.8967819930331943,4,0.19999999999999996,24335,66022.0,1.0,121675,187697.0
FAN-004126,Jeju SK,55_Plus,paid_membership,True,False,4,0.8658129139023605,3,0.25,18739,0.0,0.0,74956,74956.0
FAN-004127,Jeju SK,18_34,paid_membership,False,True,3,0.9621623432853812,2,0.33333333333333337,24396,146069.0,1.0,73188,219257.0
FAN-004128,Gangwon FC,35_54,free_registered,True,True,1,0.9500908789699396,0,1.0,21921,0.0,0.0,21921,21921.0
FAN-004129,FC Seoul,35_54,paid_membership,False,True,4,0.9887450461709567,3,0.25,18174,0.0,0.0,72696,72696.0
FAN-004130,FC Seoul,55_Plus,free_registered,True,False,1,0.9523322945607049,0,1.0,23100,56888.0,1.0,23100,79988.0
FAN-004131,FC Seoul,18_34,free_registered,True,True,2,0.910810008483455,1,0.5,23016,0.0,0.0,46032,46032.0
FAN-004132,FC Seoul,35_54,free_registered,True,False,1,0.9802815283472731,0,1.0,23957,0.0,0.0,23957,23957.0
FAN-004133,Jeju SK,18_34,free_registered,True,True,2,0.9783744447564968,1,0.5,18224,0.0,0.0,36448,36448.0
FAN-004134,Jeju SK,18_34,free_registered,True,False,2,0.9669859044152157,1,0.5,23918,0.0,0.0,47836,47836.0
FAN-004135,Jeju SK,35_54,paid_membership,True,True,4,0.9289401527387586,3,0.25,24918,0.0,0.0,99672,99672.0
FAN-004136,FC Seoul,35_54,free_registered,True,True,2,0.9389883605457217,1,0.5,19276,0.0,0.0,38552,38552.0
FAN-004137,Jeonbuk Hyundai Motors,35_54,free_registered,True,True,2,0.9682653358256043,1,0.5,24391,0.0,0.0,48782,48782.0
FAN-004138,Ulsan HD,18_34,free_registered,True,True,2,0.9781819087363507,1,0.5,23336,0.0,0.0,46672,46672.0
FAN-004139,Jeju SK,18_34,paid_membership,False,False,3,0.9396704394493822,2,0.33333333333333337,16433,0.0,0.0,49299,49299.0
FAN-004140,Jeju SK,35_54,paid_membership,False,False,3,0.92790946767913,2,0.33333333333333337,17287,243223.0,2.0,51861,295084.0
FAN-004141,Ulsan HD,18_34,free_registered,False,True,1,0.9193948788401912,0,1.0,17884,0.0,0.0,17884,17884.0
FAN-004142,FC Seoul,18_34,paid_membership,True,False,4,0.87431055290641,3,0.25,20213,82153.0,1.0,80852,163005.0
FAN-004143,FC Seoul,55_Plus,paid_membership,True,True,3,0.9335641766388392,2,0.33333333333333337,20181,77815.0,2.0,60543,138358.0
FAN-004144,Jeonbuk Hyundai Motors,18_34,free_registered,True,True,1,0.9423227331822943,0,1.0,20417,0.0,0.0,20417,20417.0
FAN-004145,Gangwon FC,35_54,paid_membership,True,True,3,0.8758173495347089,2,0.33333333333333337,22401,171704.0,2.0,67203,238907.0
FAN-004146,Jeju SK,18_34,paid_membership,True,True,4,0.9035114495645321,3,0.25,22160,72299.0,1.0,88640,160939.0
FAN-004147,FC Seoul,18_34,paid_membership,True,False,3,0.8780120562910448,2,0.33333333333333337,17756,55085.0,1.0,53268,108353.0
FAN-004148,Ulsan HD,18_34,free_registered,False,True,2,0.9025984537731534,1,0.5,20789,51079.0,1.0,41578,92657.0
FAN-004149,Jeonbuk Hyundai Motors,18_34,free_registered,True,True,2,0.9144286888355142,1,0.5,21483,0.0,0.0,42966,42966.0
FAN-004150,Jeonbuk Hyundai Motors,18_34,free_registered,False,True,2,0.9542191339053226,1,0.5,22762,0.0,0.0,45524,45524.0
FAN-004151,FC Seoul,18_34,paid_membership,True,True,2,0.9299167015254073,1,0.5,23268,143970.0,1.0,46536,190506.0
FAN-004152,FC Seoul,18_34,season_ticket_partial,True,True,5,0.897114566489254,4,0.19999999999999996,0,125944.0,1.0,0,125944.0
FAN-004153,Jeonbuk Hyundai Motors,Under_18,free_registered,True,True,1,0.9968285721018819,0,1.0,18895,126591.0,1.0,18895,145486.0
FAN-004154,Ulsan HD,18_34,free_registered,True,True,1,0.9701919722938973,0,1.0,16394,0.0,0.0,16394,16394.0
FAN-004155,FC Seoul,18_34,paid_membership,False,False,5,0.9481364247495956,4,0.19999999999999996,24981,52120.0,1.0,124905,177025.0
FAN-004156,FC Seoul,Under_18,season_ticket_partial,True,True,6,0.8015618916683905,4,0.33333333333333337,0,52475.0,1.0,0,52475.0
FAN-004157,Ulsan HD,55_Plus,season_ticket_partial,True,True,5,0.7654661673452456,3,0.4,0,191042.0,3.0,0,191042.0
FAN-004158,Jeonbuk Hyundai Motors,35_54,paid_membership,True,True,2,0.9550853534079409,1,0.5,24557,174557.0,2.0,49114,223671.0
FAN-004159,Gangwon FC,35_54,season_ticket_partial,True,False,6,0.9457703855756964,5,0.16666666666666663,0,227452.0,3.0,0,227452.0
FAN-004160,Jeju SK,18_34,free_registered,True,True,2,0.9584632761715758,1,0.5,21801,121863.0,1.0,43602,165465.0
FAN-004161,Ulsan HD,55_Plus,free_registered,True,False,2,0.9207034404217844,1,0.5,24795,0.0,0.0,49590,49590.0
FAN-004162,FC Seoul,35_54,free_registered,True,False,1,0.9857466903987203,0,1.0,23088,0.0,0.0,23088,23088.0
FAN-004163,Ulsan HD,35_54,paid_membership,True,False,3,0.8639181913235209,2,0.33333333333333337,23436,80134.0,1.0,70308,150442.0
FAN-004164,Ulsan HD,18_34,free_registered,True,True,2,0.9354707239602214,1,0.5,23005,100786.0,1.0,46010,146796.0
FAN-004165,Jeju SK,55_Plus,free_registered,False,True,1,0.9874047687546578,0,1.0,22371,0.0,0.0,22371,22371.0
FAN-004166,Ulsan HD,35_54,free_registered,False,True,1,0.9970847023470853,0,1.0,19213,0.0,0.0,19213,19213.0
FAN-004167,FC Seoul,35_54,free_registered,True,False,1,0.9288520009212574,0,1.0,20791,90168.0,1.0,20791,110959.0
FAN-004168,FC Seoul,18_34,season_ticket_partial,True,False,8,0.702301906543144,5,0.375,0,343132.0,3.0,0,343132.0
FAN-004169,Ulsan HD,18_34,free_registered,True,False,1,0.9831892169584413,0,1.0,21165,0.0,0.0,21165,21165.0
FAN-004170,FC Seoul,18_34,free_registered,False,False,1,0.9582430358008232,0,1.0,20110,0.0,0.0,20110,20110.0
FAN-004171,FC Seoul,18_34,paid_membership,True,True,4,0.8854037373527788,3,0.25,24327,89957.0,1.0,97308,187265.0
FAN-004172,Gangwon FC,35_54,free_registered,False,True,2,0.9347517891890459,1,0.5,17657,45491.0,1.0,35314,80805.0
FAN-004173,Ulsan HD,Under_18,paid_membership,True,True,2,0.917478225313719,1,0.5,18743,99560.0,1.0,37486,137046.0
FAN-004174,Ulsan HD,Under_18,season_ticket_partial,True,True,10,0.7458953370168964,7,0.30000000000000004,0,100920.0,1.0,0,100920.0
FAN-004175,Jeonbuk Hyundai Motors,18_34,season_ticket_full,True,False,19,0.8956956742116484,17,0.10526315789473684,0,468513.0,5.0,0,468513.0
FAN-004176,Gangwon FC,18_34,season_ticket_partial,True,False,6,0.7270166849375179,4,0.33333333333333337,0,155256.0,3.0,0,155256.0
FAN-004177,Jeju SK,18_34,free_registered,True,True,2,0.9664059293087575,1,0.5,17822,0.0,0.0,35644,35644.0
FAN-004178,Jeonbuk Hyundai Motors,35_54,paid_membership,True,False,4,0.9595640428797095,3,0.25,19943,71797.0,2.0,79772,151569.0
FAN-004179,Ulsan HD,35_54,free_registered,True,False,2,0.9296869639601405,1,0.5,17345,0.0,0.0,34690,34690.0
FAN-004180,Ulsan HD,Under_18,free_registered,True,True,2,0.9650382249589582,1,0.5,16875,113401.0,1.0,33750,147151.0
FAN-004181,Ulsan HD,18_34,free_registered,False,True,2,0.9832976057112987,1,0.5,18415,0.0,0.0,36830,36830.0
FAN-004182,Jeju SK,18_34,free_registered,True,False,2,0.9813502511177553,1,0.5,24967,0.0,0.0,49934,49934.0
FAN-004183,Jeju SK,Under_18,season_ticket_partial,True,True,10,0.8480850091909786,8,0.19999999999999996,0,54723.0,1.0,0,54723.0
FAN-004184,Ulsan HD,35_54,free_registered,False,True,2,0.914867811490575,1,0.5,20504,0.0,0.0,41008,41008.0
FAN-004185,FC Seoul,35_54,paid_membership,False,True,3,0.9031090195971384,2,0.33333333333333337,16407,135837.0,1.0,49221,185058.0
FAN-004186,Jeju SK,35_54,free_registered,False,False,2,0.9710168716788804,1,0.5,19806,62566.0,1.0,39612,102178.0
FAN-004187,FC Seoul,35_54,free_registered,False,True,1,0.980773865109256,0,1.0,23794,115257.0,1.0,23794,139051.0
FAN-004188,Jeju SK,Under_18,season_ticket_full,True,False,19,0.7929732172500654,15,0.21052631578947367,0,352014.0,4.0,0,352014.0
FAN-004189,Jeju SK,55_Plus,free_registered,True,False,1,0.9142858173347103,0,1.0,16307,127119.0,1.0,16307,143426.0
FAN-004190,Jeonbuk Hyundai Motors,35_54,paid_membership,True,False,2,0.9680525132430643,1,0.5,20158,21612.0,1.0,40316,61928.0
FAN-004191,Jeonbuk Hyundai Motors,55_Plus,free_registered,True,True,1,0.9748381442671663,0,1.0,24268,0.0,0.0,24268,24268.0
FAN-004192,Jeonbuk Hyundai Motors,Under_18,free_registered,False,False,1,0.9136980527678843,0,1.0,20046,97040.0,1.0,20046,117086.0
FAN-004193,Ulsan HD,55_Plus,free_registered,True,True,1,0.9055834229709319,0,1.0,23967,0.0,0.0,23967,23967.0
FAN-004194,Jeonbuk Hyundai Motors,35_54,season_ticket_partial,True,True,7,0.7138446814208336,4,0.4285714285714286,0,151162.0,3.0,0,151162.0
FAN-004195,Jeju SK,35_54,free_registered,True,False,2,0.9090751808054859,1,0.5,17959,0.0,0.0,35918,35918.0
FAN-004196,FC Seoul,Under_18,free_registered,False,True,2,0.914853937906493,1,0.5,20135,0.0,0.0,40270,40270.0
FAN-004197,FC Seoul,35_54,free_registered,True,False,2,0.9203373987367321,1,0.5,24857,137824.0,1.0,49714,187538.0
FAN-004198,FC Seoul,55_Plus,paid_membership,True,True,4,0.9933357410452135,3,0.25,19588,0.0,0.0,78352,78352.0
FAN-004199,Ulsan HD,35_54,paid_membership,True,True,4,0.9436544563472729,3,0.25,24916,0.0,0.0,99664,99664.0
FAN-004200,Jeju SK,35_54,paid_membership,True,False,3,0.9224800481416253,2,0.33333333333333337,19527,62666.0,2.0,58581,121247.0
FAN-004201,Jeonbuk Hyundai Motors,55_Plus,free_registered,True,False,2,0.9290660297093218,1,0.5,24405,0.0,0.0,48810,48810.0
FAN-004202,FC Seoul,18_34,season_ticket_partial,True,True,11,0.7164888699934046,7,0.36363636363636365,0,32117.0,1.0,0,32117.0
FAN-004203,FC Seoul,35_54,paid_membership,False,False,5,0.9475031203526953,4,0.19999999999999996,24280,213258.0,2.0,121400,334658.0
FAN-004204,Gangwon FC,18_34,season_ticket_partial,True,False,6,0.8830309843457393,5,0.16666666666666663,0,39748.0,1.0,0,39748.0
FAN-004205,FC Seoul,55_Plus,season_ticket_partial,True,True,6,0.7546915871275021,4,0.33333333333333337,0,288270.0,2.0,0,288270.0
FAN-004206,Ulsan HD,Under_18,paid_membership,False,False,5,0.9876665119515179,4,0.19999999999999996,20479,0.0,0.0,102395,102395.0
FAN-004207,Jeju SK,18_34,free_registered,False,True,1,0.9114792647738874,0,1.0,17192,64783.0,1.0,17192,81975.0
FAN-004208,Ulsan HD,35_54,season_ticket_partial,True,True,5,0.9238194235870336,4,0.19999999999999996,0,295533.0,3.0,0,295533.0
FAN-004209,FC Seoul,35_54,season_ticket_full,True,True,17,0.7551048740632667,12,0.2941176470588235,0,292629.0,4.0,0,292629.0
FAN-004210,FC Seoul,35_54,free_registered,False,True,1,0.9144480608411335,0,1.0,18655,0.0,0.0,18655,18655.0
FAN-004211,FC Seoul,55_Plus,free_registered,True,True,2,0.9534064223608643,1,0.5,16318,88180.0,1.0,32636,120816.0
FAN-004212,Jeju SK,55_Plus,season_ticket_full,True,False,16,0.6300198209830504,10,0.375,0,237302.0,3.0,0,237302.0
FAN-004213,Ulsan HD,Under_18,free_registered,True,False,2,0.9632780137040424,1,0.5,23537,58421.0,1.0,47074,105495.0
FAN-004214,FC Seoul,18_34,season_ticket_partial,True,True,9,0.9181989912816471,8,0.11111111111111116,0,216652.0,3.0,0,216652.0
FAN-004215,Jeju SK,Under_18,free_registered,True,False,1,0.9098412083080011,0,1.0,20960,56556.0,1.0,20960,77516.0
FAN-004216,Jeonbuk Hyundai Motors,18_34,free_registered,True,True,1,0.9764683478784516,0,1.0,17546,0.0,0.0,17546,17546.0
FAN-004217,FC Seoul,18_34,free_registered,False,False,1,0.9576521482935951,0,1.0,23689,0.0,0.0,23689,23689.0
FAN-004218,Ulsan HD,55_Plus,free_registered,True,True,2,0.9019458158087388,1,0.5,20828,117619.0,1.0,41656,159275.0
FAN-004219,Jeju SK,35_54,free_registered,True,False,2,0.9205814206858027,1,0.5,16987,0.0,0.0,33974,33974.0
FAN-004220,FC Seoul,Under_18,free_registered,True,False,2,0.923896333350035,1,0.5,24615,0.0,0.0,49230,49230.0
FAN-004221,Ulsan HD,Under_18,paid_membership,True,False,5,0.8574263477627471,4,0.19999999999999996,23414,0.0,0.0,117070,117070.0
FAN-004222,Jeju SK,35_54,season_ticket_full,True,False,16,0.7840097041621219,12,0.25,0,305347.0,4.0,0,305347.0
FAN-004223,Jeonbuk Hyundai Motors,18_34,free_registered,False,True,1,0.9541424757060764,0,1.0,21201,0.0,0.0,21201,21201.0
FAN-004224,Jeonbuk Hyundai Motors,18_34,paid_membership,False,False,2,0.9063784876533175,1,0.5,21934,125974.0,1.0,43868,169842.0
FAN-004225,Jeju SK,35_54,paid_membership,True,True,2,0.9825952492428871,1,0.5,16374,85968.0,1.0,32748,118716.0
FAN-004226,Jeonbuk Hyundai Motors,55_Plus,paid_membership,True,True,2,0.9640861916030746,1,0.5,24238,119083.0,1.0,48476,167559.0
FAN-004227,Ulsan HD,18_34,paid_membership,True,False,3,0.9295252356127778,2,0.33333333333333337,16499,164240.0,2.0,49497,213737.0
FAN-004228,Jeju SK,35_54,free_registered,True,False,2,0.9592635413155695,1,0.5,22650,0.0,0.0,45300,45300.0
FAN-004229,Ulsan HD,18_34,free_registered,True,True,1,0.9841876126491124,0,1.0,23758,30115.0,1.0,23758,53873.0
FAN-004230,FC Seoul,35_54,free_registered,True,True,2,0.9806447063609797,1,0.5,21243,107263.0,1.0,42486,149749.0
FAN-004231,Jeonbuk Hyundai Motors,18_34,free_registered,True,True,2,0.9190105612660083,1,0.5,18392,0.0,0.0,36784,36784.0
FAN-004232,Jeju SK,Under_18,paid_membership,True,True,3,0.8758018771756839,2,0.33333333333333337,20524,89196.0,1.0,61572,150768.0
FAN-004233,Ulsan HD,55_Plus,free_registered,True,True,1,0.9002754532941192,0,1.0,21550,16290.0,1.0,21550,37840.0
FAN-004234,Gangwon FC,18_34,season_ticket_partial,True,True,5,0.8477426802440545,4,0.19999999999999996,0,121390.0,2.0,0,121390.0
FAN-004235,FC Seoul,35_54,season_ticket_full,True,True,17,0.8038495232715971,13,0.23529411764705888,0,161947.0,2.0,0,161947.0
FAN-004236,Ulsan HD,18_34,season_ticket_full,True,False,17,0.707087962651918,12,0.2941176470588235,0,535667.0,5.0,0,535667.0
FAN-004237,FC Seoul,Under_18,season_ticket_full,True,False,15,0.6637617398519794,9,0.4,0,237622.0,2.0,0,237622.0
FAN-004238,Jeonbuk Hyundai Motors,Under_18,free_registered,True,True,2,0.9174943096813541,1,0.5,18990,0.0,0.0,37980,37980.0
FAN-004239,Jeonbuk Hyundai Motors,18_34,paid_membership,False,False,4,0.9029590263850393,3,0.25,24437,0.0,0.0,97748,97748.0
FAN-004240,Ulsan HD,35_54,free_registered,False,False,2,0.9226084218727534,1,0.5,19412,0.0,0.0,38824,38824.0
FAN-004241,Jeju SK,18_34,season_ticket_partial,True,True,6,0.9250438164675023,5,0.16666666666666663,0,140629.0,1.0,0,140629.0
FAN-004242,Ulsan HD,35_54,season_ticket_partial,True,True,7,0.7187380172599026,5,0.2857142857142857,0,220822.0,3.0,0,220822.0
FAN-004243,Jeonbuk Hyundai Motors,35_54,season_ticket_partial,True,True,9,0.9305775956583583,8,0.11111111111111116,0,193173.0,3.0,0,193173.0
FAN-004244,Ulsan HD,35_54,free_registered,True,True,1,0.9893744618508337,0,1.0,16533,125110.0,1.0,16533,141643.0
FAN-004245,Ulsan HD,18_34,paid_membership,False,True,5,0.9839184526490774,4,0.19999999999999996,18471,67506.0,1.0,92355,159861.0
FAN-004246,Gangwon FC,55_Plus,free_registered,False,True,2,0.9688441930613473,1,0.5,22181,23545.0,1.0,44362,67907.0
FAN-004247,FC Seoul,18_34,free_registered,False,True,2,0.9424845456989368,1,0.5,18578,0.0,0.0,37156,37156.0
FAN-004248,FC Seoul,18_34,paid_membership,True,False,5,0.8821632962514747,4,0.19999999999999996,24082,132394.0,2.0,120410,252804.0
FAN-004249,Jeju SK,18_34,free_registered,False,True,1,0.9262307434448483,0,1.0,18652,84265.0,1.0,18652,102917.0
FAN-004250,Gangwon FC,18_34,season_ticket_full,True,False,19,0.8391848294293867,15,0.21052631578947367,0,469507.0,5.0,0,469507.0
FAN-004251,Ulsan HD,Under_18,free_registered,False,True,1,0.993149338906892,0,1.0,19758,0.0,0.0,19758,19758.0
FAN-004252,FC Seoul,35_54,season_ticket_partial,True,False,5,0.7538387183741676,3,0.4,0,180964.0,2.0,0,180964.0
FAN-004253,Ulsan HD,18_34,free_registered,True,True,2,0.966211876262948,1,0.5,16952,0.0,0.0,33904,33904.0
FAN-004254,Ulsan HD,18_34,season_ticket_partial,True,False,10,0.7975221638223027,7,0.30000000000000004,0,76817.0,2.0,0,76817.0
FAN-004255,FC Seoul,35_54,season_ticket_partial,True,False,7,0.72133435528862,5,0.2857142857142857,0,177781.0,2.0,0,177781.0
FAN-004256,Jeju SK,18_34,season_ticket_partial,True,False,10,0.7722533145340487,7,0.30000000000000004,0,126590.0,2.0,0,126590.0
FAN-004257,Gangwon FC,18_34,free_registered,False,False,2,0.9977166800511253,1,0.5,19037,61330.0,1.0,38074,99404.0
FAN-004258,Ulsan HD,18_34,season_ticket_full,True,True,17,0.7342522476224445,12,0.2941176470588235,0,436543.0,5.0,0,436543.0
FAN-004259,Ulsan HD,35_54,free_registered,True,False,1,0.9315292962854917,0,1.0,19279,92605.0,1.0,19279,111884.0
FAN-004260,Ulsan HD,Under_18,free_registered,True,True,1,0.9778170632286055,0,1.0,21085,0.0,0.0,21085,21085.0
FAN-004261,FC Seoul,18_34,free_registered,True,True,1,0.9463995640644611,0,1.0,23960,0.0,0.0,23960,23960.0
FAN-004262,Jeonbuk Hyundai Motors,18_34,season_ticket_partial,True,True,11,0.8296812721817411,9,0.18181818181818177,0,233327.0,3.0,0,233327.0
FAN-004263,Ulsan HD,35_54,free_registered,True,True,2,0.9319946325183563,1,0.5,18022,47606.0,1.0,36044,83650.0
FAN-004264,Ulsan HD,35_54,season_ticket_partial,True,False,6,0.8447712616577394,5,0.16666666666666663,0,275478.0,3.0,0,275478.0
FAN-004265,Jeju SK,35_54,paid_membership,False,False,5,0.9887166454386217,4,0.19999999999999996,21287,0.0,0.0,106435,106435.0
FAN-004266,Ulsan HD,Under_18,free_registered,False,True,2,0.9551745121808417,1,0.5,16950,139213.0,1.0,33900,173113.0
FAN-004267,Jeju SK,18_34,season_ticket_full,True,False,18,0.6508064547868676,11,0.38888888888888884,0,184430.0,4.0,0,184430.0
FAN-004268,FC Seoul,18_34,free_registered,False,True,1,0.9572435894389345,0,1.0,24779,0.0,0.0,24779,24779.0
FAN-004269,Jeonbuk Hyundai Motors,Under_18,season_ticket_partial,True,True,10,0.9455332950116544,9,0.09999999999999998,0,59452.0,1.0,0,59452.0
FAN-004270,Gangwon FC,18_34,free_registered,False,True,1,0.9753812025052955,0,1.0,17327,147525.0,1.0,17327,164852.0
FAN-004271,Jeju SK,18_34,paid_membership,True,False,3,0.9851802111826934,2,0.33333333333333337,24485,0.0,0.0,73455,73455.0
FAN-004272,Gangwon FC,18_34,free_registered,False,True,1,0.9200610057098515,0,1.0,20349,0.0,0.0,20349,20349.0
FAN-004273,FC Seoul,35_54,free_registered,True,True,1,0.9581773941132581,0,1.0,16912,0.0,0.0,16912,16912.0
FAN-004274,Ulsan HD,18_34,free_registered,True,True,1,0.9819675155680031,0,1.0,24172,71830.0,1.0,24172,96002.0
FAN-004275,Jeju SK,35_54,free_registered,True,True,2,0.9240638441690323,1,0.5,23873,133381.0,1.0,47746,181127.0
FAN-004276,Jeju SK,18_34,free_registered,True,False,1,0.9086784874059038,0,1.0,24861,0.0,0.0,24861,24861.0
FAN-004277,Ulsan HD,18_34,free_registered,False,True,2,0.96617647036186,1,0.5,17722,71429.0,1.0,35444,106873.0
FAN-004278,Ulsan HD,18_34,free_registered,True,True,1,0.9673588151079805,0,1.0,23299,34543.0,1.0,23299,57842.0
FAN-004279,FC Seoul,Under_18,paid_membership,True,True,5,0.9807116781373013,4,0.19999999999999996,20254,0.0,0.0,101270,101270.0
FAN-004280,Ulsan HD,Under_18,paid_membership,True,True,3,0.9077063309517366,2,0.33333333333333337,21416,0.0,0.0,64248,64248.0
FAN-004281,FC Seoul,18_34,season_ticket_partial,True,True,6,0.8778687642505162,5,0.16666666666666663,0,125941.0,2.0,0,125941.0
FAN-004282,Jeonbuk Hyundai Motors,55_Plus,paid_membership,False,True,5,0.9039711769246779,4,0.19999999999999996,21639,250069.0,2.0,108195,358264.0
FAN-004283,FC Seoul,35_54,paid_membership,True,False,2,0.9048106243910798,1,0.5,21738,202290.0,2.0,43476,245766.0
FAN-004284,FC Seoul,Under_18,paid_membership,True,True,3,0.9710118401279978,2,0.33333333333333337,21159,172472.0,2.0,63477,235949.0
FAN-004285,Jeju SK,35_54,free_registered,True,True,2,0.938593954796387,1,0.5,22760,29761.0,1.0,45520,75281.0
FAN-004286,Jeju SK,35_54,paid_membership,False,True,5,0.9840975545221045,4,0.19999999999999996,22461,122717.0,2.0,112305,235022.0
FAN-004287,Jeonbuk Hyundai Motors,35_54,free_registered,True,True,2,0.9051638124541262,1,0.5,17350,0.0,0.0,34700,34700.0
FAN-004288,Jeju SK,35_54,season_ticket_partial,True,True,11,0.8956020837564503,9,0.18181818181818177,0,167740.0,2.0,0,167740.0
FAN-004289,Ulsan HD,18_34,paid_membership,False,True,5,0.9710511321906803,4,0.19999999999999996,16173,48195.0,1.0,80865,129060.0
FAN-004290,Jeonbuk Hyundai Motors,18_34,free_registered,True,True,1,0.9389022865828989,0,1.0,24550,78730.0,1.0,24550,103280.0
FAN-004291,Ulsan HD,18_34,paid_membership,True,False,4,0.8526912431852881,3,0.25,16942,0.0,0.0,67768,67768.0
FAN-004292,FC Seoul,18_34,free_registered,False,True,1,0.9415556598359321,0,1.0,20529,0.0,0.0,20529,20529.0
FAN-004293,Jeju SK,18_34,free_registered,False,False,2,0.9951548028716817,1,0.5,16428,0.0,0.0,32856,32856.0
FAN-004294,Gangwon FC,35_54,free_registered,False,True,2,0.9983208842759828,1,0.5,17944,0.0,0.0,35888,35888.0
FAN-004295,Ulsan HD,55_Plus,paid_membership,False,True,5,0.8867456630555477,4,0.19999999999999996,18355,88697.0,1.0,91775,180472.0
FAN-004296,FC Seoul,55_Plus,paid_membership,True,False,3,0.9786133162784064,2,0.33333333333333337,20373,243434.0,2.0,61119,304553.0
FAN-004297,FC Seoul,35_54,season_ticket_partial,True,True,9,0.8982540528123045,8,0.11111111111111116,0,131414.0,3.0,0,131414.0
FAN-004298,FC Seoul,35_54,free_registered,True,True,1,0.9532655058066064,0,1.0,23895,147231.0,1.0,23895,171126.0
FAN-004299,Ulsan HD,55_Plus,paid_membership,True,False,5,0.879223803444586,4,0.19999999999999996,20263,175602.0,2.0,101315,276917.0
FAN-004300,Jeju SK,Under_18,paid_membership,False,False,3,0.924821796214784,2,0.33333333333333337,21555,0.0,0.0,64665,64665.0
FAN-004301,FC Seoul,18_34,free_registered,False,False,2,0.9927548160415087,1,0.5,22513,111484.0,1.0,45026,156510.0
FAN-004302,Gangwon FC,18_34,paid_membership,True,False,3,0.9527337960654483,2,0.33333333333333337,20043,135584.0,2.0,60129,195713.0
FAN-004303,Jeonbuk Hyundai Motors,35_54,free_registered,False,False,1,0.9336297812626044,0,1.0,23679,0.0,0.0,23679,23679.0
FAN-004304,Jeju SK,18_34,free_registered,True,True,2,0.9270244070472772,1,0.5,22522,0.0,0.0,45044,45044.0
FAN-004305,Jeonbuk Hyundai Motors,35_54,free_registered,True,True,2,0.9161067881374577,1,0.5,16568,113568.0,1.0,33136,146704.0
FAN-004306,FC Seoul,Under_18,paid_membership,True,True,2,0.9005160709135942,1,0.5,24029,228441.0,2.0,48058,276499.0
FAN-004307,Ulsan HD,18_34,free_registered,True,True,2,0.917701478161166,1,0.5,22242,0.0,0.0,44484,44484.0
FAN-004308,Jeju SK,35_54,free_registered,True,True,2,0.9284508285809666,1,0.5,18210,110681.0,1.0,36420,147101.0
FAN-004309,Jeonbuk Hyundai Motors,18_34,free_registered,False,False,1,0.9391062445759142,0,1.0,24025,58669.0,1.0,24025,82694.0
FAN-004310,Jeonbuk Hyundai Motors,18_34,free_registered,True,True,1,0.9109710859575764,0,1.0,21394,68562.0,1.0,21394,89956.0
FAN-004311,FC Seoul,18_34,free_registered,False,False,1,0.9820234766625631,0,1.0,23124,138599.0,1.0,23124,161723.0
FAN-004312,Gangwon FC,18_34,free_registered,True,True,1,0.961903816530864,0,1.0,16343,20767.0,1.0,16343,37110.0
FAN-004313,FC Seoul,35_54,paid_membership,True,True,5,0.9326934103233478,4,0.19999999999999996,18583,96385.0,1.0,92915,189300.0
FAN-004314,Jeonbuk Hyundai Motors,18_34,free_registered,True,True,2,0.9545275606601166,1,0.5,22751,0.0,0.0,45502,45502.0
FAN-004315,Gangwon FC,35_54,paid_membership,True,True,4,0.9014006676881852,3,0.25,19192,0.0,0.0,76768,76768.0
FAN-004316,FC Seoul,Under_18,paid_membership,False,True,4,0.9919400321586191,3,0.25,16153,64159.0,1.0,64612,128771.0
FAN-004317,Jeonbuk Hyundai Motors,35_54,free_registered,True,False,2,0.9231734284618445,1,0.5,23249,0.0,0.0,46498,46498.0
FAN-004318,FC Seoul,18_34,free_registered,False,True,2,0.9668677536431808,1,0.5,23444,0.0,0.0,46888,46888.0
FAN-004319,Ulsan HD,35_54,season_ticket_partial,True,True,11,0.9445572797375053,10,0.09090909090909094,0,360920.0,3.0,0,360920.0
FAN-004320,Ulsan HD,35_54,free_registered,False,False,1,0.9989619677991614,0,1.0,21403,35517.0,1.0,21403,56920.0
FAN-004321,Jeju SK,18_34,free_registered,True,True,1,0.9911663407929986,0,1.0,23803,63807.0,1.0,23803,87610.0
FAN-004322,Gangwon FC,35_54,free_registered,False,True,1,0.9264556559574385,0,1.0,17870,0.0,0.0,17870,17870.0
FAN-004323,Jeju SK,35_54,paid_membership,True,True,5,0.8775165445440186,4,0.19999999999999996,23958,0.0,0.0,119790,119790.0
FAN-004324,Ulsan HD,18_34,paid_membership,True,True,4,0.9459219941445066,3,0.25,19252,63828.0,1.0,77008,140836.0
FAN-004325,Jeonbuk Hyundai Motors,18_34,season_ticket_full,True,False,19,0.6752288797147845,12,0.368421052631579,0,117180.0,3.0,0,117180.0
FAN-004326,Gangwon FC,55_Plus,season_ticket_partial,True,False,9,0.7041512764353843,6,0.33333333333333337,0,161928.0,3.0,0,161928.0
FAN-004327,FC Seoul,35_54,free_registered,True,False,2,0.9215968896457063,1,0.5,19907,0.0,0.0,39814,39814.0
FAN-004328,Gangwon FC,18_34,free_registered,True,True,2,0.9858069051719122,1,0.5,23006,0.0,0.0,46012,46012.0
FAN-004329,FC Seoul,18_34,free_registered,True,False,2,0.927519158898161,1,0.5,23804,0.0,0.0,47608,47608.0
FAN-004330,Jeonbuk Hyundai Motors,35_54,free_registered,True,True,2,0.9917529386785129,1,0.5,17475,36981.0,1.0,34950,71931.0
FAN-004331,FC Seoul,35_54,free_registered,True,True,1,0.9366645599188204,0,1.0,20001,120896.0,1.0,20001,140897.0
FAN-004332,FC Seoul,35_54,free_registered,False,True,2,0.9009147370975578,1,0.5,19934,0.0,0.0,39868,39868.0
FAN-004333,Ulsan HD,18_34,free_registered,True,False,1,0.9592163012721049,0,1.0,20990,0.0,0.0,20990,20990.0
FAN-004334,Jeju SK,35_54,free_registered,False,False,2,0.9353626411140437,1,0.5,20785,0.0,0.0,41570,41570.0
FAN-004335,Ulsan HD,18_34,free_registered,True,False,2,0.9975973592029175,1,0.5,19863,0.0,0.0,39726,39726.0
FAN-004336,FC Seoul,18_34,season_ticket_full,True,False,18,0.6904708297864366,12,0.33333333333333337,0,242888.0,4.0,0,242888.0
FAN-004337,Jeju SK,35_54,paid_membership,True,True,3,0.9915424027300521,2,0.33333333333333337,20100,105351.0,1.0,60300,165651.0
FAN-004338,Gangwon FC,55_Plus,season_ticket_full,True,True,16,0.7265127254719321,11,0.3125,0,451309.0,5.0,0,451309.0
FAN-004339,Ulsan HD,18_34,free_registered,True,False,2,0.9729887684438099,1,0.5,16777,49400.0,1.0,33554,82954.0
FAN-004340,FC Seoul,18_34,free_registered,True,False,2,0.9966516590800221,1,0.5,24412,89719.0,1.0,48824,138543.0
FAN-004341,Ulsan HD,35_54,free_registered,False,False,1,0.9069614813380175,0,1.0,17541,73145.0,1.0,17541,90686.0
FAN-004342,FC Seoul,18_34,free_registered,True,True,2,0.9419508619595389,1,0.5,21647,47100.0,1.0,43294,90394.0
FAN-004343,Jeonbuk Hyundai Motors,35_54,free_registered,False,False,1,0.9663677594667708,0,1.0,23739,18179.0,1.0,23739,41918.0
FAN-004344,Jeonbuk Hyundai Motors,35_54,season_ticket_full,True,True,17,0.648106957026996,11,0.3529411764705882,0,97393.0,2.0,0,97393.0
FAN-004345,Jeju SK,Under_18,season_ticket_full,True,False,18,0.7646801449435101,13,0.2777777777777778,0,202891.0,3.0,0,202891.0
FAN-004346,Ulsan HD,55_Plus,free_registered,True,True,1,0.9806531699751648,0,1.0,22850,84368.0,1.0,22850,107218.0
FAN-004347,Jeonbuk Hyundai Motors,35_54,free_registered,True,False,1,0.9050871649471829,0,1.0,19520,92805.0,1.0,19520,112325.0
FAN-004348,Jeju SK,35_54,free_registered,True,True,2,0.9340546879283378,1,0.5,22388,84281.0,1.0,44776,129057.0
FAN-004349,Jeonbuk Hyundai Motors,35_54,free_registered,True,False,1,0.9400918319885696,0,1.0,24453,135652.0,1.0,24453,160105.0
FAN-004350,Jeju SK,35_54,free_registered,False,True,2,0.9716284780844349,1,0.5,20638,50404.0,1.0,41276,91680.0
FAN-004351,Jeonbuk Hyundai Motors,Under_18,free_registered,True,True,1,0.9295718969914994,0,1.0,19422,0.0,0.0,19422,19422.0
FAN-004352,Jeju SK,18_34,free_registered,True,True,1,0.9246267762196001,0,1.0,18081,0.0,0.0,18081,18081.0
FAN-004353,Ulsan HD,35_54,free_registered,True,False,1,0.9115503882047232,0,1.0,16487,0.0,0.0,16487,16487.0
FAN-004354,Gangwon FC,18_34,free_registered,True,True,1,0.999587952935019,0,1.0,19420,0.0,0.0,19420,19420.0
FAN-004355,Ulsan HD,Under_18,free_registered,False,True,1,0.9471666188912139,0,1.0,23613,0.0,0.0,23613,23613.0
FAN-004356,Jeju SK,35_54,free_registered,False,False,2,0.9048211758711535,1,0.5,22613,0.0,0.0,45226,45226.0
FAN-004357,FC Seoul,35_54,season_ticket_full,True,False,16,0.8953833239239687,14,0.125,0,292289.0,5.0,0,292289.0
FAN-004358,Jeju SK,18_34,free_registered,False,True,1,0.9127954130651319,0,1.0,20983,137129.0,1.0,20983,158112.0
FAN-004359,Jeju SK,35_54,season_ticket_partial,True,True,6,0.748787966889553,4,0.33333333333333337,0,27724.0,1.0,0,27724.0
FAN-004360,FC Seoul,35_54,season_ticket_partial,True,True,7,0.7457228949537427,5,0.2857142857142857,0,83604.0,1.0,0,83604.0
FAN-004361,FC Seoul,18_34,season_ticket_full,True,False,18,0.7035128345123974,12,0.33333333333333337,0,419292.0,5.0,0,419292.0
FAN-004362,Jeju SK,35_54,paid_membership,False,False,5,0.9045595426689342,4,0.19999999999999996,24689,224290.0,2.0,123445,347735.0
FAN-004363,Jeonbuk Hyundai Motors,18_34,paid_membership,True,False,2,0.8609920111915835,1,0.5,21362,167494.0,2.0,42724,210218.0
FAN-004364,Ulsan HD,18_34,season_ticket_partial,True,True,6,0.8176746638732233,4,0.33333333333333337,0,244638.0,2.0,0,244638.0
FAN-004365,FC Seoul,18_34,free_registered,True,False,2,0.9405525626169087,1,0.5,19928,0.0,0.0,39856,39856.0
FAN-004366,Jeju SK,18_34,free_registered,True,True,1,0.9429013732681032,0,1.0,20454,0.0,0.0,20454,20454.0
FAN-004367,FC Seoul,18_34,season_ticket_full,True,True,18,0.7381383030050339,13,0.2777777777777778,0,259673.0,3.0,0,259673.0
FAN-004368,Ulsan HD,35_54,paid_membership,True,False,4,0.9036517499852961,3,0.25,16277,135690.0,1.0,65108,200798.0
FAN-004369,FC Seoul,35_54,season_ticket_full,True,True,17,0.8765885961728517,14,0.17647058823529416,0,231843.0,3.0,0,231843.0
FAN-004370,FC Seoul,35_54,paid_membership,True,True,4,0.885048167748579,3,0.25,17519,0.0,0.0,70076,70076.0
FAN-004371,FC Seoul,35_54,season_ticket_partial,True,False,8,0.7745544692131444,6,0.25,0,25317.0,1.0,0,25317.0
FAN-004372,Ulsan HD,18_34,paid_membership,True,True,4,0.9285942603272329,3,0.25,20471,0.0,0.0,81884,81884.0
FAN-004373,FC Seoul,Under_18,paid_membership,True,True,5,0.9475008347983748,4,0.19999999999999996,21137,0.0,0.0,105685,105685.0
FAN-004374,Ulsan HD,35_54,paid_membership,True,False,5,0.9034933448786971,4,0.19999999999999996,22443,60850.0,1.0,112215,173065.0
FAN-004375,Ulsan HD,Under_18,season_ticket_full,True,False,15,0.652274792357644,9,0.4,0,243460.0,4.0,0,243460.0
FAN-004376,Ulsan HD,18_34,season_ticket_partial,True,False,11,0.8160322253211496,8,0.2727272727272727,0,244666.0,3.0,0,244666.0
FAN-004377,Ulsan HD,35_54,season_ticket_partial,True,True,9,0.9004773674938624,8,0.11111111111111116,0,63996.0,2.0,0,63996.0
FAN-004378,Jeonbuk Hyundai Motors,18_34,paid_membership,True,True,5,0.8733156238280144,4,0.19999999999999996,18494,209439.0,2.0,92470,301909.0
FAN-004379,FC Seoul,35_54,free_registered,True,True,2,0.9986878438989104,1,0.5,22635,35457.0,1.0,45270,80727.0
FAN-004380,Ulsan HD,18_34,free_registered,True,False,1,0.9826910218115995,0,1.0,24323,77913.0,1.0,24323,102236.0
FAN-004381,FC Seoul,Under_18,season_ticket_full,True,True,19,0.8159286929909839,15,0.21052631578947367,0,134046.0,2.0,0,134046.0
FAN-004382,FC Seoul,18_34,paid_membership,True,False,3,0.9941120006205515,2,0.33333333333333337,17065,0.0,0.0,51195,51195.0
FAN-004383,Jeju SK,35_54,free_registered,False,True,1,0.9731920125256147,0,1.0,16996,0.0,0.0,16996,16996.0
FAN-004384,Jeju SK,18_34,free_registered,True,True,1,0.9077464517141853,0,1.0,16230,0.0,0.0,16230,16230.0
FAN-004385,Jeonbuk Hyundai Motors,18_34,season_ticket_partial,True,False,10,0.7227025995121696,7,0.30000000000000004,0,270607.0,3.0,0,270607.0
FAN-004386,Jeju SK,35_54,season_ticket_partial,True,False,8,0.8627336829756354,6,0.25,0,124598.0,2.0,0,124598.0
FAN-004387,Gangwon FC,55_Plus,season_ticket_partial,True,False,5,0.7052780313807725,3,0.4,0,69678.0,2.0,0,69678.0
FAN-004388,FC Seoul,18_34,paid_membership,True,False,3,0.882465700214614,2,0.33333333333333337,19452,197281.0,2.0,58356,255637.0
FAN-004389,FC Seoul,18_34,free_registered,True,False,1,0.9324304627120339,0,1.0,24046,0.0,0.0,24046,24046.0
FAN-004390,FC Seoul,18_34,free_registered,True,False,2,0.9506344834265397,1,0.5,23956,25819.0,1.0,47912,73731.0
FAN-004391,FC Seoul,55_Plus,free_registered,False,False,1,0.9729355234130902,0,1.0,20222,0.0,0.0,20222,20222.0
FAN-004392,Ulsan HD,55_Plus,season_ticket_partial,True,False,6,0.8008521036474942,4,0.33333333333333337,0,175426.0,2.0,0,175426.0
FAN-004393,Jeju SK,18_34,free_registered,True,False,2,0.9351762772182137,1,0.5,24431,0.0,0.0,48862,48862.0
FAN-004394,FC Seoul,35_54,paid_membership,True,True,4,0.9190945111865003,3,0.25,23717,61680.0,1.0,94868,156548.0
FAN-004395,Gangwon FC,18_34,paid_membership,False,True,2,0.9761119101640785,1,0.5,22713,142603.0,1.0,45426,188029.0
FAN-004396,Jeonbuk Hyundai Motors,Under_18,paid_membership,True,True,2,0.9343154497463154,1,0.5,24879,76705.0,1.0,49758,126463.0
FAN-004397,FC Seoul,Under_18,season_ticket_full,True,True,17,0.8996953785441519,15,0.11764705882352944,0,330864.0,4.0,0,330864.0
FAN-004398,FC Seoul,18_34,free_registered,False,True,1,0.943874498657549,0,1.0,20269,0.0,0.0,20269,20269.0
FAN-004399,FC Seoul,18_34,paid_membership,True,True,2,0.9768968559453788,1,0.5,20950,222838.0,2.0,41900,264738.0
FAN-004400,FC Seoul,Under_18,free_registered,True,False,2,0.9484353812480596,1,0.5,18304,0.0,0.0,36608,36608.0
FAN-004401,FC Seoul,35_54,free_registered,True,False,2,0.9773714771954581,1,0.5,18147,0.0,0.0,36294,36294.0
FAN-004402,Ulsan HD,18_34,free_registered,True,True,2,0.994530466240397,1,0.5,18534,43797.0,1.0,37068,80865.0
FAN-004403,FC Seoul,35_54,free_registered,True,True,1,0.9192955794064877,0,1.0,18592,0.0,0.0,18592,18592.0
FAN-004404,Ulsan HD,18_34,paid_membership,True,False,4,0.8850172772041889,3,0.25,19437,203413.0,2.0,77748,281161.0
FAN-004405,Gangwon FC,18_34,paid_membership,False,False,5,0.935639661796071,4,0.19999999999999996,21271,233941.0,2.0,106355,340296.0
FAN-004406,Jeju SK,18_34,free_registered,True,False,1,0.9042846271768079,0,1.0,18629,74607.0,1.0,18629,93236.0
FAN-004407,Gangwon FC,18_34,free_registered,True,False,2,0.9349895326631719,1,0.5,22797,0.0,0.0,45594,45594.0
FAN-004408,FC Seoul,18_34,paid_membership,True,False,5,0.8506045609205948,4,0.19999999999999996,24287,75339.0,2.0,121435,196774.0
FAN-004409,Ulsan HD,18_34,season_ticket_partial,True,True,5,0.717737282312597,3,0.4,0,96143.0,2.0,0,96143.0
FAN-004410,Jeju SK,18_34,free_registered,True,True,2,0.9489386289281909,1,0.5,17107,0.0,0.0,34214,34214.0
FAN-004411,FC Seoul,18_34,paid_membership,True,False,5,0.8906590755817445,4,0.19999999999999996,23640,119847.0,1.0,118200,238047.0
FAN-004412,FC Seoul,35_54,paid_membership,True,True,5,0.9936422376416132,4,0.19999999999999996,20220,134754.0,2.0,101100,235854.0
FAN-004413,Jeju SK,35_54,paid_membership,True,False,4,0.9338724850543626,3,0.25,18387,0.0,0.0,73548,73548.0
FAN-004414,Jeju SK,Under_18,free_registered,True,True,2,0.9196963003908121,1,0.5,16650,0.0,0.0,33300,33300.0
FAN-004415,Ulsan HD,18_34,paid_membership,True,False,3,0.9068173293385475,2,0.33333333333333337,21628,0.0,0.0,64884,64884.0
FAN-004416,Ulsan HD,Under_18,paid_membership,True,True,2,0.9882382306742756,1,0.5,22815,0.0,0.0,45630,45630.0
FAN-004417,Ulsan HD,35_54,paid_membership,True,True,5,0.8914114951912671,4,0.19999999999999996,17436,53099.0,1.0,87180,140279.0
FAN-004418,FC Seoul,18_34,paid_membership,False,True,5,0.9623181292136889,4,0.19999999999999996,19357,93188.0,1.0,96785,189973.0
FAN-004419,Ulsan HD,18_34,season_ticket_full,True,False,19,0.652696180239104,12,0.368421052631579,0,356264.0,4.0,0,356264.0
FAN-004420,FC Seoul,18_34,free_registered,True,True,2,0.9268010306981097,1,0.5,20234,45144.0,1.0,40468,85612.0
FAN-004421,FC Seoul,55_Plus,season_ticket_full,True,False,15,0.6231075883553784,9,0.4,0,411679.0,4.0,0,411679.0
FAN-004422,Gangwon FC,18_34,paid_membership,True,False,5,0.8782530346571515,4,0.19999999999999996,22053,79762.0,1.0,110265,190027.0
FAN-004423,Jeju SK,35_54,paid_membership,False,False,3,0.8985665114485218,2,0.33333333333333337,17211,177772.0,2.0,51633,229405.0
FAN-004424,Jeonbuk Hyundai Motors,18_34,free_registered,True,False,2,0.9254480317105496,1,0.5,20998,91467.0,1.0,41996,133463.0
FAN-004425,Ulsan HD,55_Plus,free_registered,True,False,1,0.9618419973841787,0,1.0,24131,78757.0,1.0,24131,102888.0
FAN-004426,Ulsan HD,35_54,paid_membership,True,True,5,0.9485783589985206,4,0.19999999999999996,23459,263414.0,2.0,117295,380709.0
FAN-004427,FC Seoul,18_34,paid_membership,True,True,2,0.9169651139173554,1,0.5,17061,117730.0,2.0,34122,151852.0
FAN-004428,FC Seoul,35_54,free_registered,True,False,1,0.9795243978390189,0,1.0,17059,121253.0,1.0,17059,138312.0
FAN-004429,FC Seoul,18_34,paid_membership,True,False,4,0.9016062325770803,3,0.25,24306,97629.0,1.0,97224,194853.0
FAN-004430,Jeonbuk Hyundai Motors,35_54,free_registered,True,True,1,0.9704286995050705,0,1.0,24705,0.0,0.0,24705,24705.0
FAN-004431,Jeju SK,35_54,season_ticket_full,True,False,18,0.8287702433475361,14,0.2222222222222222,0,399824.0,4.0,0,399824.0
FAN-004432,Ulsan HD,18_34,season_ticket_partial,True,True,7,0.7353767248946972,5,0.2857142857142857,0,431584.0,3.0,0,431584.0
FAN-004433,Ulsan HD,35_54,free_registered,True,True,1,0.9555017811510381,0,1.0,19259,138271.0,1.0,19259,157530.0
FAN-004434,Gangwon FC,18_34,season_ticket_partial,True,True,6,0.8290015291121172,4,0.33333333333333337,0,214864.0,2.0,0,214864.0
FAN-004435,FC Seoul,18_34,season_ticket_partial,True,True,11,0.8343583138570878,9,0.18181818181818177,0,248981.0,2.0,0,248981.0
FAN-004436,FC Seoul,18_34,free_registered,False,True,1,0.9810028350316005,0,1.0,23407,0.0,0.0,23407,23407.0
FAN-004437,Ulsan HD,35_54,paid_membership,True,True,3,0.9642283774335233,2,0.33333333333333337,21512,142469.0,2.0,64536,207005.0
FAN-004438,Jeonbuk Hyundai Motors,18_34,free_registered,True,True,2,0.9058333761617324,1,0.5,16674,33587.0,1.0,33348,66935.0
FAN-004439,Gangwon FC,Under_18,paid_membership,True,True,3,0.9452312020701026,2,0.33333333333333337,20331,0.0,0.0,60993,60993.0
FAN-004440,FC Seoul,35_54,free_registered,False,True,1,0.9961377946434241,0,1.0,17485,0.0,0.0,17485,17485.0
FAN-004441,Jeonbuk Hyundai Motors,18_34,free_registered,True,True,1,0.975502095399166,0,1.0,18116,90148.0,1.0,18116,108264.0
FAN-004442,Jeonbuk Hyundai Motors,Under_18,free_registered,True,True,1,0.9519903020907592,0,1.0,21370,24296.0,1.0,21370,45666.0
FAN-004443,FC Seoul,18_34,free_registered,True,True,2,0.9998539666241814,1,0.5,22830,0.0,0.0,45660,45660.0
FAN-004444,Ulsan HD,18_34,season_ticket_partial,True,True,5,0.8594095892259788,4,0.19999999999999996,0,290322.0,3.0,0,290322.0
FAN-004445,Ulsan HD,18_34,free_registered,True,True,2,0.9088152877727896,1,0.5,23497,0.0,0.0,46994,46994.0
FAN-004446,Gangwon FC,Under_18,free_registered,True,False,2,0.9768142082300793,1,0.5,19567,0.0,0.0,39134,39134.0
FAN-004447,FC Seoul,55_Plus,season_ticket_partial,True,True,8,0.7181397125851241,5,0.375,0,66999.0,2.0,0,66999.0
FAN-004448,Jeonbuk Hyundai Motors,35_54,free_registered,True,True,1,0.9124424444161707,0,1.0,22492,0.0,0.0,22492,22492.0
FAN-004449,Ulsan HD,18_34,paid_membership,True,True,4,0.9951139523801731,3,0.25,22159,0.0,0.0,88636,88636.0
FAN-004450,Jeonbuk Hyundai Motors,18_34,season_ticket_full,True,True,18,0.7912922189914995,14,0.2222222222222222,0,80130.0,2.0,0,80130.0
FAN-004451,Ulsan HD,18_34,season_ticket_partial,True,False,7,0.9467774585973743,6,0.1428571428571429,0,33315.0,1.0,0,33315.0
FAN-004452,Jeju SK,35_54,free_registered,True,True,2,0.9104069401024667,1,0.5,22827,112838.0,1.0,45654,158492.0
FAN-004453,Jeonbuk Hyundai Motors,Under_18,free_registered,True,True,2,0.9006898595491699,1,0.5,17928,70309.0,1.0,35856,106165.0
FAN-004454,Jeonbuk Hyundai Motors,18_34,season_ticket_full,True,True,19,0.8560121848408887,16,0.1578947368421053,0,445230.0,5.0,0,445230.0
FAN-004455,Jeonbuk Hyundai Motors,35_54,free_registered,True,True,1,0.9233867650187203,0,1.0,17723,0.0,0.0,17723,17723.0
FAN-004456,FC Seoul,18_34,free_registered,True,True,2,0.9362097776714038,1,0.5,23474,65087.0,1.0,46948,112035.0
FAN-004457,Jeju SK,18_34,free_registered,True,False,2,0.9350456631946442,1,0.5,24727,29610.0,1.0,49454,79064.0
FAN-004458,FC Seoul,35_54,free_registered,True,True,2,0.9630012885688035,1,0.5,24573,32279.0,1.0,49146,81425.0
FAN-004459,Ulsan HD,35_54,paid_membership,True,True,3,0.9446746792749541,2,0.33333333333333337,22906,206134.0,2.0,68718,274852.0
FAN-004460,Ulsan HD,18_34,paid_membership,True,False,5,0.8964948913751937,4,0.19999999999999996,19062,15810.0,1.0,95310,111120.0
FAN-004461,Ulsan HD,35_54,season_ticket_full,True,False,17,0.8418074995276865,14,0.17647058823529416,0,355291.0,3.0,0,355291.0
FAN-004462,Ulsan HD,Under_18,paid_membership,False,False,2,0.9472612801257788,1,0.5,21877,22553.0,1.0,43754,66307.0
FAN-004463,Gangwon FC,35_54,free_registered,True,True,1,0.9148410538441715,0,1.0,21250,0.0,0.0,21250,21250.0
FAN-004464,FC Seoul,18_34,free_registered,True,True,2,0.9966874521069287,1,0.5,21486,0.0,0.0,42972,42972.0
FAN-004465,Jeju SK,35_54,season_ticket_full,True,True,15,0.7210281072146656,10,0.33333333333333337,0,108171.0,3.0,0,108171.0
FAN-004466,Ulsan HD,55_Plus,free_registered,True,False,1,0.9099716350676105,0,1.0,20038,0.0,0.0,20038,20038.0
FAN-004467,FC Seoul,55_Plus,free_registered,False,True,2,0.9177577541642554,1,0.5,24466,0.0,0.0,48932,48932.0
FAN-004468,FC Seoul,55_Plus,season_ticket_partial,True,True,7,0.839964730023333,5,0.2857142857142857,0,133438.0,1.0,0,133438.0
FAN-004469,Gangwon FC,18_34,paid_membership,True,False,3,0.9584033841980246,2,0.33333333333333337,19399,0.0,0.0,58197,58197.0
FAN-004470,Jeonbuk Hyundai Motors,18_34,free_registered,True,False,1,0.9418170044595929,0,1.0,22870,0.0,0.0,22870,22870.0
FAN-004471,Gangwon FC,18_34,season_ticket_partial,True,True,10,0.7332361277744799,7,0.30000000000000004,0,132470.0,1.0,0,132470.0
FAN-004472,Gangwon FC,35_54,season_ticket_full,True,False,19,0.6349233737351825,12,0.368421052631579,0,176142.0,2.0,0,176142.0
FAN-004473,FC Seoul,35_54,free_registered,True,False,1,0.9848116010757106,0,1.0,24581,138710.0,1.0,24581,163291.0
FAN-004474,Ulsan HD,18_34,season_ticket_partial,True,True,8,0.8978740681556857,7,0.125,0,296879.0,3.0,0,296879.0
FAN-004475,Jeju SK,55_Plus,free_registered,True,False,1,0.9811945333427352,0,1.0,19021,0.0,0.0,19021,19021.0
FAN-004476,Ulsan HD,35_54,paid_membership,True,True,3,0.8661749273490122,2,0.33333333333333337,16456,126779.0,2.0,49368,176147.0
FAN-004477,Ulsan HD,55_Plus,season_ticket_partial,True,False,6,0.7720825906210527,4,0.33333333333333337,0,177337.0,2.0,0,177337.0
FAN-004478,Ulsan HD,35_54,season_ticket_full,True,False,17,0.7378163433312127,12,0.2941176470588235,0,372830.0,5.0,0,372830.0
FAN-004479,Jeju SK,18_34,free_registered,True,True,1,0.91871609966201,0,1.0,21918,0.0,0.0,21918,21918.0
FAN-004480,Jeju SK,Under_18,free_registered,False,True,2,0.9090856329785753,1,0.5,19456,72052.0,1.0,38912,110964.0
FAN-004481,FC Seoul,Under_18,free_registered,True,False,2,0.9770401407748857,1,0.5,21266,112463.0,1.0,42532,154995.0
FAN-004482,Ulsan HD,18_34,paid_membership,True,True,4,0.9691524701342057,3,0.25,19873,0.0,0.0,79492,79492.0
FAN-004483,Jeju SK,35_54,free_registered,True,True,2,0.9752243289743094,1,0.5,21201,0.0,0.0,42402,42402.0
FAN-004484,Jeju SK,35_54,free_registered,False,True,1,0.9439685934500137,0,1.0,19757,93868.0,1.0,19757,113625.0
FAN-004485,FC Seoul,35_54,free_registered,True,False,1,0.9249606193675329,0,1.0,18314,59423.0,1.0,18314,77737.0
FAN-004486,Jeonbuk Hyundai Motors,35_54,free_registered,True,False,2,0.9426849960240917,1,0.5,19562,0.0,0.0,39124,39124.0
FAN-004487,FC Seoul,Under_18,free_registered,False,True,1,0.9064790240785454,0,1.0,20945,109117.0,1.0,20945,130062.0
FAN-004488,Ulsan HD,18_34,season_ticket_partial,True,False,5,0.8245976775204887,4,0.19999999999999996,0,25051.0,1.0,0,25051.0
FAN-004489,Jeonbuk Hyundai Motors,Under_18,free_registered,True,True,1,0.9297522757873733,0,1.0,22400,0.0,0.0,22400,22400.0
FAN-004490,Jeju SK,18_34,free_registered,True,False,2,0.971452465080363,1,0.5,18056,0.0,0.0,36112,36112.0
FAN-004491,FC Seoul,18_34,season_ticket_partial,True,True,10,0.8001017736091844,8,0.19999999999999996,0,96535.0,1.0,0,96535.0
FAN-004492,Jeju SK,Under_18,paid_membership,False,True,3,0.9817714833280278,2,0.33333333333333337,17366,0.0,0.0,52098,52098.0
FAN-004493,Jeju SK,18_34,free_registered,False,True,1,0.9276610365338664,0,1.0,23424,16751.0,1.0,23424,40175.0
FAN-004494,Jeonbuk Hyundai Motors,18_34,free_registered,True,True,1,0.9551360571778449,0,1.0,19961,18687.0,1.0,19961,38648.0
FAN-004495,Jeonbuk Hyundai Motors,35_54,paid_membership,True,True,4,0.8597368106078912,3,0.25,18239,126770.0,2.0,72956,199726.0
FAN-004496,Jeju SK,18_34,free_registered,True,False,2,0.9132429076704857,1,0.5,21243,94308.0,1.0,42486,136794.0
FAN-004497,Ulsan HD,18_34,paid_membership,False,True,3,0.8711878153479495,2,0.33333333333333337,16084,123844.0,1.0,48252,172096.0
FAN-004498,FC Seoul,18_34,free_registered,False,False,1,0.9421882975542386,0,1.0,21031,0.0,0.0,21031,21031.0
FAN-004499,FC Seoul,55_Plus,free_registered,True,False,2,0.9525476728300215,1,0.5,23837,131615.0,1.0,47674,179289.0
FAN-004500,Ulsan HD,18_34,free_registered,True,False,1,0.9036569195094716,0,1.0,17558,0.0,0.0,17558,17558.0
FAN-004501,Jeju SK,18_34,paid_membership,True,True,2,0.909166483353308,1,0.5,21239,83689.0,2.0,42478,126167.0
FAN-004502,Ulsan HD,35_54,season_ticket_partial,True,False,5,0.7265127326236153,3,0.4,0,210556.0,3.0,0,210556.0
FAN-004503,FC Seoul,35_54,free_registered,True,False,2,0.9597617209184023,1,0.5,22544,0.0,0.0,45088,45088.0
FAN-004504,FC Seoul,55_Plus,paid_membership,True,False,5,0.9767053314084975,4,0.19999999999999996,20609,79642.0,2.0,103045,182687.0
FAN-004505,Ulsan HD,18_34,free_registered,True,False,2,0.9452971587190734,1,0.5,20457,149293.0,1.0,40914,190207.0
FAN-004506,FC Seoul,18_34,free_registered,True,True,2,0.9368899382519498,1,0.5,19799,112362.0,1.0,39598,151960.0
FAN-004507,Jeonbuk Hyundai Motors,Under_18,season_ticket_partial,True,True,10,0.895438820062209,8,0.19999999999999996,0,107914.0,1.0,0,107914.0
FAN-004508,FC Seoul,35_54,free_registered,False,False,1,0.9400635993572772,0,1.0,17784,0.0,0.0,17784,17784.0
FAN-004509,Jeju SK,18_34,season_ticket_full,True,False,19,0.7034332870705009,13,0.3157894736842105,0,304319.0,4.0,0,304319.0
FAN-004510,Gangwon FC,18_34,paid_membership,True,True,5,0.8850832272413718,4,0.19999999999999996,22817,74944.0,1.0,114085,189029.0
FAN-004511,FC Seoul,18_34,season_ticket_full,True,True,15,0.6497352751466459,9,0.4,0,468777.0,5.0,0,468777.0
FAN-004512,Ulsan HD,18_34,paid_membership,True,False,5,0.9198041466656713,4,0.19999999999999996,24339,128379.0,1.0,121695,250074.0
FAN-004513,FC Seoul,Under_18,free_registered,False,True,2,0.94319666080902,1,0.5,18518,105246.0,1.0,37036,142282.0
FAN-004514,Jeju SK,35_54,free_registered,True,True,2,0.9839165082883692,1,0.5,24734,140866.0,1.0,49468,190334.0
FAN-004515,Jeju SK,35_54,free_registered,True,True,2,0.9992683041618311,1,0.5,18025,57903.0,1.0,36050,93953.0
FAN-004516,Ulsan HD,18_34,free_registered,True,True,1,0.9504161214187662,0,1.0,24543,69559.0,1.0,24543,94102.0
FAN-004517,Ulsan HD,18_34,free_registered,False,True,2,0.9402746507388223,1,0.5,16368,31216.0,1.0,32736,63952.0
FAN-004518,Jeonbuk Hyundai Motors,35_54,free_registered,True,False,2,0.9805796212983222,1,0.5,22168,79489.0,1.0,44336,123825.0
FAN-004519,FC Seoul,18_34,season_ticket_full,True,False,16,0.7661220300988929,12,0.25,0,80383.0,2.0,0,80383.0
FAN-004520,FC Seoul,18_34,free_registered,True,False,1,0.961319536136054,0,1.0,20427,0.0,0.0,20427,20427.0
FAN-004521,Jeonbuk Hyundai Motors,18_34,paid_membership,False,False,2,0.8560557318158283,1,0.5,16779,0.0,0.0,33558,33558.0
FAN-004522,Jeju SK,35_54,season_ticket_full,True,True,18,0.6987218164833308,12,0.33333333333333337,0,172736.0,2.0,0,172736.0
FAN-004523,Jeonbuk Hyundai Motors,55_Plus,season_ticket_partial,True,False,5,0.8035751493531913,4,0.19999999999999996,0,93545.0,1.0,0,93545.0
FAN-004524,Jeju SK,35_54,free_registered,True,False,2,0.9206902723444522,1,0.5,22287,77110.0,1.0,44574,121684.0
FAN-004525,Jeonbuk Hyundai Motors,Under_18,free_registered,True,False,1,0.968822803734682,0,1.0,18749,0.0,0.0,18749,18749.0
FAN-004526,Ulsan HD,18_34,free_registered,True,False,1,0.9912997864490745,0,1.0,20169,0.0,0.0,20169,20169.0
FAN-004527,Jeonbuk Hyundai Motors,35_54,free_registered,True,True,1,0.9576342070245043,0,1.0,22025,32919.0,1.0,22025,54944.0
FAN-004528,Gangwon FC,Under_18,free_registered,True,True,2,0.9903372867463255,1,0.5,23258,44830.0,1.0,46516,91346.0
FAN-004529,Jeju SK,55_Plus,season_ticket_partial,True,True,10,0.9017808543422636,9,0.09999999999999998,0,65235.0,1.0,0,65235.0
FAN-004530,FC Seoul,55_Plus,free_registered,True,False,1,0.9042581225410155,0,1.0,17015,0.0,0.0,17015,17015.0
FAN-004531,FC Seoul,Under_18,paid_membership,False,True,2,0.8757978089158157,1,0.5,20622,225770.0,2.0,41244,267014.0
FAN-004532,FC Seoul,55_Plus,season_ticket_full,True,False,18,0.7212478700319762,12,0.33333333333333337,0,359200.0,4.0,0,359200.0
FAN-004533,FC Seoul,18_34,free_registered,True,True,1,0.9154817043409794,0,1.0,23788,74597.0,1.0,23788,98385.0
FAN-004534,Ulsan HD,35_54,free_registered,False,False,1,0.9190591998075572,0,1.0,22257,80628.0,1.0,22257,102885.0
FAN-004535,Jeju SK,18_34,paid_membership,True,True,4,0.8915217127542859,3,0.25,21206,0.0,0.0,84824,84824.0
FAN-004536,Jeju SK,18_34,free_registered,True,True,1,0.994992969767703,0,1.0,18273,147411.0,1.0,18273,165684.0
FAN-004537,Ulsan HD,35_54,paid_membership,True,True,5,0.9597461679265398,4,0.19999999999999996,22267,142208.0,1.0,111335,253543.0
FAN-004538,Jeju SK,35_54,free_registered,False,False,2,0.9236689560134962,1,0.5,17642,0.0,0.0,35284,35284.0
FAN-004539,FC Seoul,Under_18,season_ticket_partial,True,True,7,0.8536075407681074,5,0.2857142857142857,0,135381.0,2.0,0,135381.0
FAN-004540,FC Seoul,35_54,free_registered,True,False,2,0.9881652745681991,1,0.5,20389,0.0,0.0,40778,40778.0
FAN-004541,FC Seoul,18_34,free_registered,False,True,2,0.983484995930221,1,0.5,18511,132930.0,1.0,37022,169952.0
FAN-004542,Ulsan HD,18_34,paid_membership,True,False,3,0.9016575261624236,2,0.33333333333333337,17576,0.0,0.0,52728,52728.0
FAN-004543,FC Seoul,18_34,free_registered,True,True,1,0.9644098281458253,0,1.0,23307,0.0,0.0,23307,23307.0
FAN-004544,FC Seoul,18_34,free_registered,True,False,1,0.9203135299964391,0,1.0,21567,60280.0,1.0,21567,81847.0
FAN-004545,Ulsan HD,18_34,free_registered,False,True,2,0.9651024501640438,1,0.5,19738,0.0,0.0,39476,39476.0
FAN-004546,Jeonbuk Hyundai Motors,Under_18,free_registered,True,False,2,0.9427531118693987,1,0.5,16503,0.0,0.0,33006,33006.0
FAN-004547,FC Seoul,Under_18,paid_membership,True,True,5,0.9957360049466648,4,0.19999999999999996,16325,253267.0,2.0,81625,334892.0
FAN-004548,Jeju SK,Under_18,paid_membership,True,False,3,0.9433064190199861,2,0.33333333333333337,20887,190075.0,2.0,62661,252736.0
FAN-004549,Jeju SK,18_34,paid_membership,False,False,4,0.9236392057532967,3,0.25,16551,0.0,0.0,66204,66204.0
FAN-004550,Jeonbuk Hyundai Motors,55_Plus,paid_membership,False,True,2,0.9804520939394603,1,0.5,19928,259785.0,2.0,39856,299641.0
FAN-004551,Gangwon FC,Under_18,free_registered,True,True,1,0.9191566057367916,0,1.0,24484,83881.0,1.0,24484,108365.0
FAN-004552,FC Seoul,55_Plus,free_registered,True,False,2,0.9832997006802315,1,0.5,17603,0.0,0.0,35206,35206.0
FAN-004553,FC Seoul,35_54,paid_membership,False,False,4,0.8510938456737808,3,0.25,18792,0.0,0.0,75168,75168.0
FAN-004554,Jeonbuk Hyundai Motors,35_54,season_ticket_partial,True,True,5,0.7288952360761964,3,0.4,0,138162.0,2.0,0,138162.0
FAN-004555,Ulsan HD,35_54,free_registered,False,True,1,0.9121436473012206,0,1.0,16113,0.0,0.0,16113,16113.0
FAN-004556,Jeju SK,35_54,free_registered,True,True,2,0.9311261147791827,1,0.5,21674,0.0,0.0,43348,43348.0
FAN-004557,Jeju SK,Under_18,free_registered,True,True,1,0.9481868511366037,0,1.0,19156,0.0,0.0,19156,19156.0
FAN-004558,Jeju SK,18_34,paid_membership,True,True,2,0.9053811480397155,1,0.5,18819,32969.0,1.0,37638,70607.0
FAN-004559,Gangwon FC,35_54,paid_membership,True,False,3,0.9583828925495883,2,0.33333333333333337,22342,172402.0,2.0,67026,239428.0
FAN-004560,Gangwon FC,35_54,free_registered,True,True,1,0.9520952634693216,0,1.0,16633,0.0,0.0,16633,16633.0
FAN-004561,Jeonbuk Hyundai Motors,35_54,paid_membership,True,True,4,0.9515532169505023,3,0.25,20636,0.0,0.0,82544,82544.0
FAN-004562,FC Seoul,Under_18,free_registered,True,False,1,0.9325705359309662,0,1.0,23778,0.0,0.0,23778,23778.0
FAN-004563,Jeonbuk Hyundai Motors,35_54,free_registered,True,True,1,0.9048830076487966,0,1.0,23775,0.0,0.0,23775,23775.0
FAN-004564,FC Seoul,18_34,season_ticket_partial,True,False,5,0.9226948337976716,4,0.19999999999999996,0,76457.0,1.0,0,76457.0
FAN-004565,FC Seoul,18_34,free_registered,True,False,2,0.9149617663054153,1,0.5,23306,110483.0,1.0,46612,157095.0
FAN-004566,Jeonbuk Hyundai Motors,18_34,free_registered,False,True,1,0.933564200889211,0,1.0,21556,0.0,0.0,21556,21556.0
FAN-004567,FC Seoul,35_54,season_ticket_full,True,True,19,0.814722227040074,15,0.21052631578947367,0,111369.0,2.0,0,111369.0
FAN-004568,FC Seoul,35_54,season_ticket_partial,True,False,11,0.7206576980867846,7,0.36363636363636365,0,190975.0,2.0,0,190975.0
FAN-004569,FC Seoul,18_34,paid_membership,True,False,5,0.9677608168578555,4,0.19999999999999996,19563,0.0,0.0,97815,97815.0
FAN-004570,Jeonbuk Hyundai Motors,35_54,free_registered,True,True,2,0.9526742040767547,1,0.5,17588,118664.0,1.0,35176,153840.0
FAN-004571,Ulsan HD,18_34,free_registered,True,True,2,0.9077032097580752,1,0.5,21729,40928.0,1.0,43458,84386.0
FAN-004572,Jeju SK,Under_18,season_ticket_full,True,True,16,0.7651434770596838,12,0.25,0,75348.0,2.0,0,75348.0
FAN-004573,FC Seoul,Under_18,paid_membership,False,True,2,0.8827815840717596,1,0.5,18484,0.0,0.0,36968,36968.0
FAN-004574,Jeonbuk Hyundai Motors,Under_18,season_ticket_partial,True,True,8,0.8396342021243652,6,0.25,0,21426.0,1.0,0,21426.0
FAN-004575,Jeonbuk Hyundai Motors,18_34,free_registered,False,False,1,0.981287197505262,0,1.0,17888,0.0,0.0,17888,17888.0
FAN-004576,Ulsan HD,18_34,free_registered,True,False,2,0.9510318673882122,1,0.5,20771,83233.0,1.0,41542,124775.0
FAN-004577,Ulsan HD,35_54,season_ticket_full,True,True,15,0.8684611493854771,13,0.1333333333333333,0,93752.0,3.0,0,93752.0
FAN-004578,FC Seoul,35_54,paid_membership,True,False,2,0.8873868754404337,1,0.5,20217,99409.0,1.0,40434,139843.0
FAN-004579,Gangwon FC,Under_18,free_registered,True,True,1,0.9555139410762795,0,1.0,20746,0.0,0.0,20746,20746.0
FAN-004580,Jeju SK,18_34,free_registered,True,True,1,0.9533033439104952,0,1.0,24639,0.0,0.0,24639,24639.0
FAN-004581,Gangwon FC,18_34,free_registered,True,True,2,0.902990239340104,1,0.5,21464,0.0,0.0,42928,42928.0
FAN-004582,Ulsan HD,18_34,free_registered,True,True,1,0.9333845268528191,0,1.0,22690,148002.0,1.0,22690,170692.0
FAN-004583,Jeonbuk Hyundai Motors,Under_18,free_registered,False,True,2,0.9734706493177157,1,0.5,20898,44998.0,1.0,41796,86794.0
FAN-004584,Jeonbuk Hyundai Motors,Under_18,free_registered,True,False,1,0.9796086578934438,0,1.0,22178,143779.0,1.0,22178,165957.0
FAN-004585,Jeju SK,55_Plus,paid_membership,True,True,5,0.9200815958688835,4,0.19999999999999996,22944,165293.0,2.0,114720,280013.0
FAN-004586,Gangwon FC,35_54,free_registered,True,False,2,0.903739326139556,1,0.5,23595,136297.0,1.0,47190,183487.0
FAN-004587,Ulsan HD,18_34,season_ticket_full,True,True,19,0.7345777085063521,13,0.3157894736842105,0,254178.0,3.0,0,254178.0
FAN-004588,FC Seoul,18_34,free_registered,False,True,1,0.9985576687247373,0,1.0,16293,0.0,0.0,16293,16293.0
FAN-004589,Jeju SK,18_34,paid_membership,True,True,5,0.8896070099879545,4,0.19999999999999996,20268,97880.0,1.0,101340,199220.0
FAN-004590,Jeonbuk Hyundai Motors,35_54,free_registered,False,False,1,0.9213015306072947,0,1.0,23197,0.0,0.0,23197,23197.0
FAN-004591,Jeju SK,18_34,paid_membership,False,True,5,0.9786066750376818,4,0.19999999999999996,20058,27642.0,1.0,100290,127932.0
FAN-004592,FC Seoul,Under_18,season_ticket_full,True,False,19,0.8989342934730122,17,0.10526315789473684,0,366210.0,4.0,0,366210.0
FAN-004593,Ulsan HD,35_54,season_ticket_partial,True,False,10,0.8076216142770299,8,0.19999999999999996,0,233022.0,2.0,0,233022.0
FAN-004594,Ulsan HD,18_34,paid_membership,True,False,2,0.889919525057867,1,0.5,21544,112933.0,1.0,43088,156021.0
FAN-004595,Ulsan HD,18_34,free_registered,True,True,2,0.9083777182760713,1,0.5,24495,137601.0,1.0,48990,186591.0
FAN-004596,Jeju SK,18_34,season_ticket_partial,True,False,7,0.8187959146003474,5,0.2857142857142857,0,124096.0,3.0,0,124096.0
FAN-004597,Jeonbuk Hyundai Motors,18_34,season_ticket_full,True,True,18,0.8772609759554413,15,0.16666666666666663,0,176952.0,2.0,0,176952.0
FAN-004598,FC Seoul,18_34,season_ticket_full,True,False,16,0.8413556472863293,13,0.1875,0,404960.0,5.0,0,404960.0
FAN-004599,Ulsan HD,18_34,free_registered,True,True,2,0.9117131191293886,1,0.5,21756,0.0,0.0,43512,43512.0
FAN-004600,FC Seoul,18_34,season_ticket_full,True,True,18,0.6182563221743949,11,0.38888888888888884,0,359323.0,5.0,0,359323.0
FAN-004601,FC Seoul,Under_18,free_registered,True,True,2,0.9876581371158681,1,0.5,18716,0.0,0.0,37432,37432.0
FAN-004602,Jeonbuk Hyundai Motors,35_54,free_registered,True,True,2,0.983308037692181,1,0.5,22966,101977.0,1.0,45932,147909.0
FAN-004603,Gangwon FC,18_34,free_registered,True,True,2,0.9706281622921182,1,0.5,21825,79050.0,1.0,43650,122700.0
FAN-004604,Ulsan HD,Under_18,free_registered,True,False,1,0.966152165689424,0,1.0,19375,15695.0,1.0,19375,35070.0
FAN-004605,Jeonbuk Hyundai Motors,35_54,paid_membership,False,False,5,0.8715150753697232,4,0.19999999999999996,24143,0.0,0.0,120715,120715.0
FAN-004606,Jeonbuk Hyundai Motors,35_54,season_ticket_partial,True,True,8,0.8958610775711635,7,0.125,0,151218.0,2.0,0,151218.0
FAN-004607,Jeonbuk Hyundai Motors,35_54,paid_membership,False,True,2,0.9237861449463993,1,0.5,16122,63599.0,1.0,32244,95843.0
FAN-004608,FC Seoul,18_34,paid_membership,True,True,3,0.9765246018986765,2,0.33333333333333337,22564,126934.0,1.0,67692,194626.0
FAN-004609,Gangwon FC,18_34,paid_membership,True,True,3,0.9622895907835493,2,0.33333333333333337,21378,0.0,0.0,64134,64134.0
FAN-004610,Ulsan HD,35_54,paid_membership,True,False,4,0.8625363308732668,3,0.25,23604,0.0,0.0,94416,94416.0
FAN-004611,Ulsan HD,35_54,free_registered,True,False,1,0.9271786448662278,0,1.0,24359,0.0,0.0,24359,24359.0
FAN-004612,FC Seoul,18_34,season_ticket_partial,True,True,8,0.7427325123916536,5,0.375,0,288998.0,3.0,0,288998.0
FAN-004613,Ulsan HD,55_Plus,paid_membership,True,True,4,0.936566535769858,3,0.25,24573,0.0,0.0,98292,98292.0
FAN-004614,FC Seoul,Under_18,paid_membership,True,False,4,0.8597406333994672,3,0.25,18789,41599.0,1.0,75156,116755.0
FAN-004615,FC Seoul,55_Plus,paid_membership,True,False,5,0.9734680471405944,4,0.19999999999999996,21483,83596.0,1.0,107415,191011.0
FAN-004616,Ulsan HD,35_54,season_ticket_partial,True,True,10,0.8237755658287592,8,0.19999999999999996,0,230400.0,3.0,0,230400.0
FAN-004617,Jeonbuk Hyundai Motors,35_54,free_registered,True,True,2,0.9328082445608822,1,0.5,19977,0.0,0.0,39954,39954.0
FAN-004618,Jeonbuk Hyundai Motors,55_Plus,free_registered,True,True,2,0.9716153003846604,1,0.5,23228,0.0,0.0,46456,46456.0
FAN-004619,Ulsan HD,35_54,paid_membership,False,True,3,0.9315025950472737,2,0.33333333333333337,16244,76265.0,2.0,48732,124997.0
FAN-004620,Jeonbuk Hyundai Motors,18_34,free_registered,False,True,2,0.9921161853313669,1,0.5,17948,0.0,0.0,35896,35896.0
FAN-004621,Jeonbuk Hyundai Motors,18_34,season_ticket_partial,True,True,10,0.756829894460827,7,0.30000000000000004,0,350600.0,3.0,0,350600.0
FAN-004622,Jeonbuk Hyundai Motors,Under_18,free_registered,True,False,1,0.9153781209090028,0,1.0,17729,0.0,0.0,17729,17729.0
FAN-004623,FC Seoul,18_34,free_registered,True,True,2,0.9337171970569241,1,0.5,24003,0.0,0.0,48006,48006.0
FAN-004624,Jeju SK,35_54,season_ticket_partial,True,False,7,0.9459136302008733,6,0.1428571428571429,0,222579.0,3.0,0,222579.0
FAN-004625,Gangwon FC,18_34,free_registered,True,True,2,0.9847424555339815,1,0.5,21351,126210.0,1.0,42702,168912.0
FAN-004626,Jeju SK,18_34,paid_membership,True,True,2,0.9875317982741659,1,0.5,17117,215147.0,2.0,34234,249381.0
FAN-004627,Ulsan HD,35_54,free_registered,True,True,1,0.9809842318028287,0,1.0,24170,0.0,0.0,24170,24170.0
FAN-004628,Ulsan HD,35_54,free_registered,True,True,2,0.9077788252750562,1,0.5,16458,0.0,0.0,32916,32916.0
FAN-004629,Jeju SK,Under_18,paid_membership,True,False,2,0.8748288575947242,1,0.5,16518,190906.0,2.0,33036,223942.0
FAN-004630,Ulsan HD,18_34,free_registered,True,True,2,0.98648047509126,1,0.5,20231,0.0,0.0,40462,40462.0
FAN-004631,FC Seoul,18_34,season_ticket_partial,True,True,11,0.8518178968257022,9,0.18181818181818177,0,78512.0,1.0,0,78512.0
FAN-004632,Ulsan HD,35_54,paid_membership,True,False,4,0.8753353295472721,3,0.25,24385,0.0,0.0,97540,97540.0
FAN-004633,Jeonbuk Hyundai Motors,Under_18,free_registered,False,True,1,0.9297714334549186,0,1.0,19689,42072.0,1.0,19689,61761.0
FAN-004634,Jeonbuk Hyundai Motors,35_54,paid_membership,True,True,5,0.9404111670701674,4,0.19999999999999996,23317,19467.0,1.0,116585,136052.0
FAN-004635,FC Seoul,18_34,paid_membership,True,True,2,0.9235926711176803,1,0.5,17249,160844.0,2.0,34498,195342.0
FAN-004636,Gangwon FC,18_34,free_registered,True,True,2,0.9863092786326922,1,0.5,20016,84895.0,1.0,40032,124927.0
FAN-004637,Ulsan HD,55_Plus,free_registered,True,True,2,0.9574682572390997,1,0.5,21379,0.0,0.0,42758,42758.0
FAN-004638,Jeju SK,Under_18,free_registered,True,True,1,0.9657277199052625,0,1.0,18648,0.0,0.0,18648,18648.0
FAN-004639,Jeonbuk Hyundai Motors,18_34,paid_membership,True,False,2,0.8970553090020316,1,0.5,24120,223062.0,2.0,48240,271302.0
FAN-004640,Jeonbuk Hyundai Motors,Under_18,paid_membership,True,False,2,0.9442098104996213,1,0.5,18116,0.0,0.0,36232,36232.0
FAN-004641,Gangwon FC,18_34,paid_membership,True,True,5,0.9156980904334276,4,0.19999999999999996,24139,88534.0,1.0,120695,209229.0
FAN-004642,Ulsan HD,18_34,paid_membership,False,True,4,0.995257768243147,3,0.25,19380,0.0,0.0,77520,77520.0
FAN-004643,Jeonbuk Hyundai Motors,18_34,paid_membership,True,True,5,0.8523766067027477,4,0.19999999999999996,17874,78780.0,1.0,89370,168150.0
FAN-004644,FC Seoul,Under_18,paid_membership,True,True,2,0.88238551254748,1,0.5,21502,130433.0,1.0,43004,173437.0
FAN-004645,Jeonbuk Hyundai Motors,18_34,paid_membership,True,True,4,0.9360111089889972,3,0.25,18532,125279.0,1.0,74128,199407.0
FAN-004646,Jeonbuk Hyundai Motors,35_54,free_registered,False,False,1,0.925336600537266,0,1.0,23350,133879.0,1.0,23350,157229.0
FAN-004647,Jeju SK,35_54,season_ticket_partial,True,False,10,0.9268944549574424,9,0.09999999999999998,0,322410.0,3.0,0,322410.0
FAN-004648,FC Seoul,18_34,paid_membership,False,True,3,0.9825416606846542,2,0.33333333333333337,21080,120365.0,1.0,63240,183605.0
FAN-004649,Jeonbuk Hyundai Motors,35_54,season_ticket_partial,True,False,9,0.8636471381062468,7,0.2222222222222222,0,170503.0,2.0,0,170503.0
FAN-004650,FC Seoul,18_34,paid_membership,True,True,2,0.967822503885281,1,0.5,19704,94535.0,1.0,39408,133943.0
FAN-004651,FC Seoul,18_34,free_registered,True,True,1,0.9723055145652584,0,1.0,24770,105967.0,1.0,24770,130737.0
FAN-004652,Jeonbuk Hyundai Motors,18_34,paid_membership,True,True,2,0.8823106612701448,1,0.5,21633,0.0,0.0,43266,43266.0
FAN-004653,Ulsan HD,18_34,free_registered,True,True,2,0.955101178278399,1,0.5,20490,0.0,0.0,40980,40980.0
FAN-004654,Jeonbuk Hyundai Motors,18_34,paid_membership,True,False,3,0.9825503413467981,2,0.33333333333333337,18029,111303.0,2.0,54087,165390.0
FAN-004655,Ulsan HD,18_34,free_registered,True,True,2,0.9898809472363592,1,0.5,23133,55541.0,1.0,46266,101807.0
FAN-004656,FC Seoul,35_54,season_ticket_partial,True,True,6,0.8362745072651718,5,0.16666666666666663,0,245745.0,3.0,0,245745.0
FAN-004657,Jeonbuk Hyundai Motors,55_Plus,paid_membership,True,False,5,0.9924238399271373,4,0.19999999999999996,17191,92667.0,2.0,85955,178622.0
FAN-004658,Ulsan HD,18_34,paid_membership,False,True,3,0.9562666801921932,2,0.33333333333333337,19400,29988.0,1.0,58200,88188.0
FAN-004659,FC Seoul,35_54,free_registered,False,True,1,0.9066529289584093,0,1.0,19587,0.0,0.0,19587,19587.0
FAN-004660,Jeonbuk Hyundai Motors,35_54,season_ticket_full,True,True,17,0.6966482760209093,11,0.3529411764705882,0,528070.0,5.0,0,528070.0
FAN-004661,Ulsan HD,35_54,season_ticket_partial,True,True,10,0.710768196453917,7,0.30000000000000004,0,269336.0,2.0,0,269336.0
FAN-004662,Jeju SK,18_34,paid_membership,True,False,2,0.9132850908127318,1,0.5,22328,73061.0,1.0,44656,117717.0
FAN-004663,Ulsan HD,18_34,free_registered,True,True,1,0.9312393917981218,0,1.0,22033,23066.0,1.0,22033,45099.0
FAN-004664,Jeonbuk Hyundai Motors,Under_18,paid_membership,True,False,3,0.9914337120055323,2,0.33333333333333337,22638,0.0,0.0,67914,67914.0
FAN-004665,Jeonbuk Hyundai Motors,18_34,free_registered,True,True,1,0.9922814150281095,0,1.0,16941,126166.0,1.0,16941,143107.0
FAN-004666,Jeonbuk Hyundai Motors,35_54,paid_membership,True,True,5,0.9005926564639252,4,0.19999999999999996,16422,155860.0,2.0,82110,237970.0
FAN-004667,FC Seoul,Under_18,free_registered,True,True,1,0.935181071984605,0,1.0,17334,0.0,0.0,17334,17334.0
FAN-004668,Jeonbuk Hyundai Motors,18_34,paid_membership,True,False,5,0.962772902247515,4,0.19999999999999996,17948,271037.0,2.0,89740,360777.0
FAN-004669,Jeju SK,35_54,paid_membership,True,True,4,0.9752585704875731,3,0.25,19290,171966.0,2.0,77160,249126.0
FAN-004670,Jeju SK,35_54,free_registered,False,False,1,0.9928598029780292,0,1.0,22496,0.0,0.0,22496,22496.0
FAN-004671,Ulsan HD,18_34,free_registered,False,True,1,0.9313607463824154,0,1.0,24432,0.0,0.0,24432,24432.0
FAN-004672,Jeonbuk Hyundai Motors,35_54,season_ticket_partial,True,True,5,0.8617670853968606,4,0.19999999999999996,0,82976.0,1.0,0,82976.0
FAN-004673,Jeonbuk Hyundai Motors,18_34,free_registered,True,True,2,0.9582606497428755,1,0.5,22675,83034.0,1.0,45350,128384.0
FAN-004674,FC Seoul,18_34,paid_membership,True,False,3,0.9314449536941402,2,0.33333333333333337,19167,0.0,0.0,57501,57501.0
FAN-004675,Ulsan HD,18_34,free_registered,True,True,1,0.946026072809253,0,1.0,22996,57615.0,1.0,22996,80611.0
FAN-004676,Jeonbuk Hyundai Motors,35_54,free_registered,True,True,2,0.959382939382073,1,0.5,24548,82215.0,1.0,49096,131311.0
FAN-004677,FC Seoul,55_Plus,free_registered,True,True,1,0.9751761004179011,0,1.0,18074,63733.0,1.0,18074,81807.0
FAN-004678,Gangwon FC,Under_18,paid_membership,True,False,4,0.986895453589878,3,0.25,24485,57070.0,1.0,97940,155010.0
FAN-004679,Jeju SK,18_34,free_registered,True,False,2,0.965703727033236,1,0.5,16985,18684.0,1.0,33970,52654.0
FAN-004680,Jeju SK,18_34,season_ticket_partial,True,False,8,0.7818387922484988,6,0.25,0,129522.0,1.0,0,129522.0
FAN-004681,FC Seoul,18_34,paid_membership,False,True,3,0.8999014917218554,2,0.33333333333333337,23946,0.0,0.0,71838,71838.0
FAN-004682,FC Seoul,Under_18,free_registered,True,False,2,0.9709857363969524,1,0.5,21023,0.0,0.0,42046,42046.0
FAN-004683,Gangwon FC,18_34,paid_membership,True,False,5,0.8697328424588715,4,0.19999999999999996,20068,78351.0,1.0,100340,178691.0
FAN-004684,FC Seoul,35_54,free_registered,False,True,1,0.9420386590200985,0,1.0,21499,103197.0,1.0,21499,124696.0
FAN-004685,Jeonbuk Hyundai Motors,35_54,paid_membership,True,True,2,0.9564897069149231,1,0.5,18089,104238.0,2.0,36178,140416.0
FAN-004686,Ulsan HD,18_34,free_registered,True,True,1,0.9993148643364503,0,1.0,16414,58252.0,1.0,16414,74666.0
FAN-004687,FC Seoul,18_34,free_registered,True,True,2,0.9766796987644232,1,0.5,23818,0.0,0.0,47636,47636.0
FAN-004688,FC Seoul,18_34,paid_membership,True,False,2,0.985451390817286,1,0.5,16635,223531.0,2.0,33270,256801.0
FAN-004689,Ulsan HD,18_34,season_ticket_full,True,False,15,0.6835866235393805,10,0.33333333333333337,0,155528.0,2.0,0,155528.0
FAN-004690,Gangwon FC,35_54,free_registered,True,False,1,0.9893688669812466,0,1.0,18451,0.0,0.0,18451,18451.0
FAN-004691,Ulsan HD,55_Plus,season_ticket_partial,True,True,7,0.7334664304174577,5,0.2857142857142857,0,191780.0,2.0,0,191780.0
FAN-004692,Ulsan HD,18_34,free_registered,True,True,1,0.9310752837233777,0,1.0,22533,0.0,0.0,22533,22533.0
FAN-004693,Ulsan HD,18_34,season_ticket_partial,True,True,6,0.8016154648092355,4,0.33333333333333337,0,291400.0,3.0,0,291400.0
FAN-004694,Ulsan HD,35_54,paid_membership,True,True,5,0.9570094497626884,4,0.19999999999999996,17489,23616.0,1.0,87445,111061.0
FAN-004695,Ulsan HD,18_34,free_registered,True,False,1,0.9186295196643818,0,1.0,18811,0.0,0.0,18811,18811.0
FAN-004696,Jeonbuk Hyundai Motors,35_54,free_registered,True,True,2,0.9511168728436579,1,0.5,19473,74377.0,1.0,38946,113323.0
FAN-004697,Ulsan HD,18_34,free_registered,True,False,1,0.9765570643766367,0,1.0,23914,35492.0,1.0,23914,59406.0
FAN-004698,Ulsan HD,35_54,free_registered,True,False,2,0.9564059948505831,1,0.5,18345,0.0,0.0,36690,36690.0
FAN-004699,FC Seoul,18_34,free_registered,True,False,2,0.9655941949652882,1,0.5,18619,0.0,0.0,37238,37238.0
FAN-004700,Gangwon FC,35_54,paid_membership,True,True,5,0.9787230279586248,4,0.19999999999999996,20151,0.0,0.0,100755,100755.0
FAN-004701,FC Seoul,35_54,season_ticket_full,True,False,17,0.6928925365072842,11,0.3529411764705882,0,104510.0,2.0,0,104510.0
FAN-004702,FC Seoul,18_34,free_registered,True,False,1,0.9188060060716001,0,1.0,23633,0.0,0.0,23633,23633.0
FAN-004703,Jeju SK,35_54,paid_membership,True,False,2,0.8764035172355024,1,0.5,23119,187453.0,2.0,46238,233691.0
FAN-004704,Jeju SK,35_54,paid_membership,True,False,5,0.9978244382783901,4,0.19999999999999996,22186,88835.0,2.0,110930,199765.0
FAN-004705,Ulsan HD,18_34,season_ticket_partial,True,False,10,0.7625137138602076,7,0.30000000000000004,0,173616.0,2.0,0,173616.0
FAN-004706,Ulsan HD,18_34,paid_membership,True,True,3,0.9225131181407922,2,0.33333333333333337,24105,121997.0,2.0,72315,194312.0
FAN-004707,Jeonbuk Hyundai Motors,Under_18,paid_membership,True,False,3,0.9330001551543416,2,0.33333333333333337,24531,0.0,0.0,73593,73593.0
FAN-004708,FC Seoul,18_34,free_registered,True,False,1,0.9972079277776639,0,1.0,21140,130990.0,1.0,21140,152130.0
FAN-004709,Jeonbuk Hyundai Motors,18_34,free_registered,True,False,2,0.9778549669885828,1,0.5,19052,0.0,0.0,38104,38104.0
FAN-004710,Jeju SK,35_54,free_registered,True,False,2,0.9765927226275496,1,0.5,21001,125643.0,1.0,42002,167645.0
FAN-004711,Ulsan HD,18_34,free_registered,True,True,2,0.9383705514558244,1,0.5,16939,148137.0,1.0,33878,182015.0
FAN-004712,Ulsan HD,35_54,free_registered,True,True,2,0.9078369453925634,1,0.5,20276,0.0,0.0,40552,40552.0
FAN-004713,FC Seoul,18_34,paid_membership,True,True,2,0.885435315119197,1,0.5,21877,93785.0,1.0,43754,137539.0
FAN-004714,Jeonbuk Hyundai Motors,18_34,free_registered,True,True,1,0.9852899644549898,0,1.0,23972,101759.0,1.0,23972,125731.0
FAN-004715,Ulsan HD,18_34,paid_membership,True,True,3,0.9257195464717052,2,0.33333333333333337,21815,67365.0,1.0,65445,132810.0
FAN-004716,Ulsan HD,18_34,free_registered,True,True,2,0.9894249589284826,1,0.5,18699,0.0,0.0,37398,37398.0
FAN-004717,Jeju SK,18_34,season_ticket_full,True,True,15,0.873582894393897,13,0.1333333333333333,0,471686.0,5.0,0,471686.0
FAN-004718,Gangwon FC,18_34,season_ticket_partial,True,False,5,0.8708634915503539,4,0.19999999999999996,0,232830.0,2.0,0,232830.0
FAN-004719,Ulsan HD,18_34,free_registered,False,True,1,0.9453641395018193,0,1.0,19725,26847.0,1.0,19725,46572.0
FAN-004720,Gangwon FC,35_54,free_registered,True,True,2,0.9932309371557585,1,0.5,24866,0.0,0.0,49732,49732.0
FAN-004721,Ulsan HD,35_54,paid_membership,True,True,4,0.8594945027717275,3,0.25,19425,0.0,0.0,77700,77700.0
FAN-004722,FC Seoul,18_34,free_registered,True,True,2,0.9572433430256585,1,0.5,24349,0.0,0.0,48698,48698.0
FAN-004723,FC Seoul,35_54,free_registered,True,True,2,0.9069116012996478,1,0.5,22726,75698.0,1.0,45452,121150.0
FAN-004724,Ulsan HD,35_54,free_registered,True,True,2,0.9480427242188075,1,0.5,24081,0.0,0.0,48162,48162.0
FAN-004725,FC Seoul,Under_18,season_ticket_partial,True,False,6,0.9295291142808066,5,0.16666666666666663,0,28644.0,1.0,0,28644.0
FAN-004726,FC Seoul,55_Plus,season_ticket_partial,True,True,5,0.8017861131316789,4,0.19999999999999996,0,240985.0,2.0,0,240985.0
FAN-004727,Gangwon FC,35_54,paid_membership,True,False,2,0.851645203134847,1,0.5,17439,142433.0,1.0,34878,177311.0
FAN-004728,Jeonbuk Hyundai Motors,18_34,paid_membership,True,False,3,0.8593832214682934,2,0.33333333333333337,21744,0.0,0.0,65232,65232.0
FAN-004729,Jeonbuk Hyundai Motors,18_34,season_ticket_full,True,False,17,0.8331919201356663,14,0.17647058823529416,0,172529.0,2.0,0,172529.0
FAN-004730,FC Seoul,Under_18,season_ticket_full,True,True,18,0.6695779485978053,12,0.33333333333333337,0,138331.0,2.0,0,138331.0
FAN-004731,FC Seoul,Under_18,season_ticket_full,True,True,15,0.6698858018007214,10,0.33333333333333337,0,216154.0,2.0,0,216154.0
FAN-004732,FC Seoul,35_54,free_registered,True,True,1,0.9987195852222863,0,1.0,18980,100985.0,1.0,18980,119965.0
FAN-004733,Jeonbuk Hyundai Motors,18_34,free_registered,True,True,2,0.9769019001349606,1,0.5,22797,0.0,0.0,45594,45594.0
FAN-004734,Gangwon FC,35_54,paid_membership,True,True,3,0.855829378904512,2,0.33333333333333337,18367,49807.0,1.0,55101,104908.0
FAN-004735,Ulsan HD,35_54,paid_membership,True,False,5,0.9859770462293733,4,0.19999999999999996,19702,0.0,0.0,98510,98510.0
FAN-004736,FC Seoul,35_54,free_registered,True,True,2,0.951522602357655,1,0.5,20884,96056.0,1.0,41768,137824.0
FAN-004737,Ulsan HD,35_54,free_registered,True,True,1,0.9434354067472214,0,1.0,20744,37730.0,1.0,20744,58474.0
FAN-004738,Ulsan HD,Under_18,season_ticket_partial,True,True,10,0.8964915744237668,8,0.19999999999999996,0,293621.0,3.0,0,293621.0
FAN-004739,Ulsan HD,18_34,season_ticket_partial,True,False,11,0.8757162713873574,9,0.18181818181818177,0,93800.0,1.0,0,93800.0
FAN-004740,Jeju SK,35_54,free_registered,True,False,2,0.902050236567805,1,0.5,22212,32164.0,1.0,44424,76588.0
FAN-004741,Jeonbuk Hyundai Motors,Under_18,season_ticket_partial,True,True,7,0.7373708806553905,5,0.2857142857142857,0,148981.0,2.0,0,148981.0
FAN-004742,FC Seoul,Under_18,paid_membership,True,True,2,0.8538074419093193,1,0.5,18168,81140.0,2.0,36336,117476.0
FAN-004743,FC Seoul,35_54,season_ticket_partial,True,True,8,0.8442932293355568,6,0.25,0,106616.0,2.0,0,106616.0
FAN-004744,Gangwon FC,35_54,free_registered,True,False,2,0.970751733814257,1,0.5,21837,35796.0,1.0,43674,79470.0
FAN-004745,FC Seoul,18_34,free_registered,False,False,2,0.9171602417137186,1,0.5,18672,93269.0,1.0,37344,130613.0
FAN-004746,FC Seoul,35_54,free_registered,True,False,2,0.9795772826516331,1,0.5,24090,140114.0,1.0,48180,188294.0
FAN-004747,FC Seoul,35_54,free_registered,False,True,1,0.9800801560595568,0,1.0,17185,0.0,0.0,17185,17185.0
FAN-004748,FC Seoul,18_34,paid_membership,True,False,3,0.9716544940197367,2,0.33333333333333337,21891,114895.0,2.0,65673,180568.0
FAN-004749,Ulsan HD,Under_18,free_registered,False,False,2,0.9491496518968968,1,0.5,22122,84127.0,1.0,44244,128371.0
FAN-004750,Jeonbuk Hyundai Motors,55_Plus,season_ticket_full,True,False,17,0.733023619914738,12,0.2941176470588235,0,295727.0,3.0,0,295727.0
FAN-004751,Ulsan HD,18_34,free_registered,False,True,1,0.9420539145105546,0,1.0,19378,0.0,0.0,19378,19378.0
FAN-004752,Ulsan HD,Under_18,free_registered,True,True,2,0.908857493583573,1,0.5,19969,0.0,0.0,39938,39938.0
FAN-004753,Jeju SK,18_34,paid_membership,True,True,5,0.9679787446592606,4,0.19999999999999996,16745,73006.0,2.0,83725,156731.0
FAN-004754,Ulsan HD,35_54,paid_membership,True,True,3,0.965047191486962,2,0.33333333333333337,23145,37594.0,1.0,69435,107029.0
FAN-004755,Jeonbuk Hyundai Motors,18_34,free_registered,False,False,2,0.9015767504648959,1,0.5,24607,0.0,0.0,49214,49214.0
FAN-004756,Jeonbuk Hyundai Motors,18_34,paid_membership,True,False,4,0.8725638264777225,3,0.25,16569,0.0,0.0,66276,66276.0
FAN-004757,FC Seoul,18_34,paid_membership,True,True,3,0.9910518211817018,2,0.33333333333333337,20245,128519.0,1.0,60735,189254.0
FAN-004758,Jeonbuk Hyundai Motors,55_Plus,paid_membership,True,True,5,0.8973073323471968,4,0.19999999999999996,18066,0.0,0.0,90330,90330.0
FAN-004759,Ulsan HD,18_34,paid_membership,True,True,4,0.9368319046481095,3,0.25,23897,0.0,0.0,95588,95588.0
FAN-004760,Gangwon FC,35_54,free_registered,True,False,1,0.9751326304839125,0,1.0,22499,0.0,0.0,22499,22499.0
FAN-004761,Ulsan HD,55_Plus,paid_membership,True,True,5,0.914371735499805,4,0.19999999999999996,22899,47002.0,1.0,114495,161497.0
FAN-004762,Gangwon FC,Under_18,season_ticket_partial,True,True,9,0.716299685176822,6,0.33333333333333337,0,222218.0,3.0,0,222218.0
FAN-004763,Jeonbuk Hyundai Motors,55_Plus,free_registered,False,True,1,0.9570950238970485,0,1.0,16787,29619.0,1.0,16787,46406.0
FAN-004764,FC Seoul,55_Plus,free_registered,True,True,2,0.9232817109790001,1,0.5,18348,0.0,0.0,36696,36696.0
FAN-004765,Ulsan HD,35_54,season_ticket_full,True,False,19,0.7394310957139645,14,0.26315789473684215,0,444983.0,5.0,0,444983.0
FAN-004766,Gangwon FC,18_34,free_registered,True,False,2,0.9059784653027502,1,0.5,23470,0.0,0.0,46940,46940.0
FAN-004767,Jeonbuk Hyundai Motors,35_54,free_registered,True,True,2,0.9417246270858752,1,0.5,19171,79631.0,1.0,38342,117973.0
FAN-004768,FC Seoul,35_54,season_ticket_full,True,False,16,0.7324523792960985,11,0.3125,0,333538.0,3.0,0,333538.0
FAN-004769,Jeonbuk Hyundai Motors,55_Plus,free_registered,False,True,2,0.9979859593973474,1,0.5,24598,85048.0,1.0,49196,134244.0
FAN-004770,Ulsan HD,18_34,free_registered,True,False,2,0.969655861311412,1,0.5,18142,30285.0,1.0,36284,66569.0
FAN-004771,FC Seoul,35_54,season_ticket_partial,True,True,11,0.9254845318955575,10,0.09090909090909094,0,237292.0,3.0,0,237292.0
FAN-004772,Ulsan HD,18_34,season_ticket_partial,True,True,10,0.7159618601869091,7,0.30000000000000004,0,197343.0,2.0,0,197343.0
FAN-004773,FC Seoul,18_34,free_registered,True,True,1,0.9560512923880408,0,1.0,21649,0.0,0.0,21649,21649.0
FAN-004774,Jeonbuk Hyundai Motors,18_34,paid_membership,False,True,2,0.9903310961403962,1,0.5,20297,0.0,0.0,40594,40594.0
FAN-004775,Ulsan HD,35_54,season_ticket_partial,True,True,7,0.9142901464597966,6,0.1428571428571429,0,33594.0,1.0,0,33594.0
FAN-004776,Jeonbuk Hyundai Motors,18_34,paid_membership,True,False,3,0.8906669318506292,2,0.33333333333333337,19756,183424.0,2.0,59268,242692.0
FAN-004777,FC Seoul,18_34,free_registered,True,False,1,0.9220093194469604,0,1.0,19099,0.0,0.0,19099,19099.0
FAN-004778,Ulsan HD,55_Plus,free_registered,True,True,1,0.9841923919835814,0,1.0,17041,0.0,0.0,17041,17041.0
FAN-004779,FC Seoul,18_34,free_registered,True,False,2,0.9972472024981132,1,0.5,19061,0.0,0.0,38122,38122.0
FAN-004780,FC Seoul,35_54,season_ticket_partial,True,True,6,0.7510986377713211,4,0.33333333333333337,0,306724.0,3.0,0,306724.0
FAN-004781,FC Seoul,18_34,season_ticket_partial,True,False,8,0.9326267761736426,7,0.125,0,131752.0,2.0,0,131752.0
FAN-004782,FC Seoul,18_34,season_ticket_full,True,True,15,0.6792215441449336,10,0.33333333333333337,0,135878.0,2.0,0,135878.0
FAN-004783,Jeju SK,35_54,season_ticket_partial,True,False,11,0.7809950136621954,8,0.2727272727272727,0,92654.0,1.0,0,92654.0
FAN-004784,FC Seoul,55_Plus,paid_membership,True,True,2,0.9335159277412225,1,0.5,21592,126533.0,1.0,43184,169717.0
FAN-004785,Ulsan HD,18_34,free_registered,True,True,2,0.9738849585008074,1,0.5,20708,97957.0,1.0,41416,139373.0
FAN-004786,Ulsan HD,35_54,paid_membership,True,True,4,0.926466141970271,3,0.25,23261,119706.0,2.0,93044,212750.0
FAN-004787,Jeonbuk Hyundai Motors,Under_18,paid_membership,True,True,4,0.9276049822162317,3,0.25,24249,0.0,0.0,96996,96996.0
FAN-004788,Gangwon FC,18_34,paid_membership,True,False,2,0.8500608032785504,1,0.5,21828,116584.0,1.0,43656,160240.0
FAN-004789,Ulsan HD,18_34,free_registered,False,True,2,0.9650761292332973,1,0.5,22761,0.0,0.0,45522,45522.0
FAN-004790,Ulsan HD,Under_18,season_ticket_full,True,True,17,0.8295147717720754,14,0.17647058823529416,0,77283.0,2.0,0,77283.0
FAN-004791,FC Seoul,18_34,free_registered,True,True,2,0.9388625251562911,1,0.5,19610,0.0,0.0,39220,39220.0
FAN-004792,Gangwon FC,18_34,free_registered,True,True,2,0.9518246672750401,1,0.5,18092,0.0,0.0,36184,36184.0
FAN-004793,FC Seoul,Under_18,paid_membership,True,False,4,0.9770330529587592,3,0.25,16973,0.0,0.0,67892,67892.0
FAN-004794,FC Seoul,18_34,paid_membership,True,True,2,0.9726658281833546,1,0.5,18462,0.0,0.0,36924,36924.0
FAN-004795,FC Seoul,18_34,free_registered,True,False,2,0.9338906406638782,1,0.5,21425,0.0,0.0,42850,42850.0
FAN-004796,Ulsan HD,35_54,season_ticket_partial,True,True,7,0.856847920974788,5,0.2857142857142857,0,32339.0,1.0,0,32339.0
FAN-004797,FC Seoul,55_Plus,free_registered,True,False,2,0.9775657812847879,1,0.5,17482,0.0,0.0,34964,34964.0
FAN-004798,Jeonbuk Hyundai Motors,35_54,free_registered,True,False,1,0.9805132564931368,0,1.0,18214,55541.0,1.0,18214,73755.0
FAN-004799,FC Seoul,18_34,free_registered,False,False,2,0.9499241152557161,1,0.5,19834,37943.0,1.0,39668,77611.0
FAN-004800,Jeju SK,55_Plus,paid_membership,True,False,3,0.9948160332660735,2,0.33333333333333337,20827,158704.0,2.0,62481,221185.0
FAN-004801,FC Seoul,35_54,season_ticket_full,True,True,18,0.643360858353129,11,0.38888888888888884,0,89209.0,2.0,0,89209.0
FAN-004802,FC Seoul,18_34,season_ticket_partial,True,False,6,0.7831532488253649,4,0.33333333333333337,0,189976.0,3.0,0,189976.0
FAN-004803,Gangwon FC,Under_18,season_ticket_full,True,False,18,0.6383814975960073,11,0.38888888888888884,0,202614.0,3.0,0,202614.0
FAN-004804,FC Seoul,35_54,free_registered,True,False,2,0.9920587987143087,1,0.5,17205,0.0,0.0,34410,34410.0
FAN-004805,Jeonbuk Hyundai Motors,35_54,free_registered,True,False,1,0.9125199585197576,0,1.0,16967,97511.0,1.0,16967,114478.0
FAN-004806,Ulsan HD,35_54,paid_membership,False,False,2,0.9870179772212039,1,0.5,21202,143935.0,1.0,42404,186339.0
FAN-004807,FC Seoul,35_54,free_registered,True,True,2,0.9234072386121868,1,0.5,20759,117321.0,1.0,41518,158839.0
FAN-004808,Gangwon FC,35_54,season_ticket_partial,True,True,10,0.8287675498883054,8,0.19999999999999996,0,102017.0,1.0,0,102017.0
FAN-004809,FC Seoul,55_Plus,paid_membership,True,True,5,0.8645963050379843,4,0.19999999999999996,23344,118781.0,2.0,116720,235501.0
FAN-004810,Jeonbuk Hyundai Motors,18_34,season_ticket_full,True,False,17,0.8367445964798178,14,0.17647058823529416,0,363843.0,3.0,0,363843.0
FAN-004811,FC Seoul,Under_18,free_registered,True,True,2,0.9561018512668753,1,0.5,19437,0.0,0.0,38874,38874.0
FAN-004812,Jeonbuk Hyundai Motors,35_54,free_registered,False,True,2,0.9270599978333528,1,0.5,22623,113641.0,1.0,45246,158887.0
FAN-004813,FC Seoul,18_34,paid_membership,False,True,3,0.9179880202565216,2,0.33333333333333337,19307,238229.0,2.0,57921,296150.0
FAN-004814,Ulsan HD,35_54,free_registered,True,True,2,0.9950271176979515,1,0.5,23938,81224.0,1.0,47876,129100.0
FAN-004815,Jeonbuk Hyundai Motors,55_Plus,paid_membership,True,False,4,0.9082135918300612,3,0.25,18492,259951.0,2.0,73968,333919.0
FAN-004816,Gangwon FC,35_54,free_registered,True,False,2,0.9349983581963054,1,0.5,23496,54118.0,1.0,46992,101110.0
FAN-004817,Gangwon FC,35_54,free_registered,False,True,1,0.906358545414851,0,1.0,23744,142756.0,1.0,23744,166500.0
FAN-004818,Jeonbuk Hyundai Motors,18_34,free_registered,False,True,2,0.9833522407091876,1,0.5,18961,0.0,0.0,37922,37922.0
FAN-004819,Jeonbuk Hyundai Motors,18_34,free_registered,True,True,2,0.9914422124680136,1,0.5,24258,0.0,0.0,48516,48516.0
FAN-004820,FC Seoul,18_34,paid_membership,False,True,2,0.9781155382584841,1,0.5,16447,0.0,0.0,32894,32894.0
FAN-004821,FC Seoul,35_54,free_registered,True,True,2,0.9912979278228865,1,0.5,22431,0.0,0.0,44862,44862.0
FAN-004822,FC Seoul,35_54,free_registered,True,True,1,0.9575902030982697,0,1.0,19779,115654.0,1.0,19779,135433.0
FAN-004823,Ulsan HD,35_54,free_registered,False,True,1,0.9839658856092487,0,1.0,21307,36013.0,1.0,21307,57320.0
FAN-004824,Ulsan HD,18_34,free_registered,True,True,1,0.994391190014857,0,1.0,16612,0.0,0.0,16612,16612.0
FAN-004825,Ulsan HD,18_34,free_registered,True,False,1,0.9889903235679638,0,1.0,22548,74711.0,1.0,22548,97259.0
FAN-004826,FC Seoul,35_54,free_registered,True,True,2,0.9587176152410025,1,0.5,22505,15987.0,1.0,45010,60997.0
FAN-004827,Jeju SK,18_34,paid_membership,True,True,5,0.921114799655332,4,0.19999999999999996,18692,0.0,0.0,93460,93460.0
FAN-004828,FC Seoul,18_34,paid_membership,True,True,4,0.9320579021358396,3,0.25,20674,0.0,0.0,82696,82696.0
FAN-004829,Ulsan HD,35_54,paid_membership,False,False,2,0.855514810513625,1,0.5,24915,0.0,0.0,49830,49830.0
FAN-004830,Ulsan HD,35_54,season_ticket_partial,True,True,7,0.7715749746767678,5,0.2857142857142857,0,170920.0,3.0,0,170920.0
FAN-004831,Jeonbuk Hyundai Motors,18_34,free_registered,False,True,2,0.9002178107890578,1,0.5,22145,0.0,0.0,44290,44290.0
FAN-004832,Jeonbuk Hyundai Motors,35_54,paid_membership,True,True,3,0.8682358143171315,2,0.33333333333333337,19323,167159.0,2.0,57969,225128.0
FAN-004833,Jeju SK,18_34,season_ticket_partial,True,False,7,0.7672237869252421,5,0.2857142857142857,0,126933.0,1.0,0,126933.0
FAN-004834,FC Seoul,55_Plus,free_registered,False,False,1,0.9125122422270886,0,1.0,17626,80229.0,1.0,17626,97855.0
FAN-004835,Ulsan HD,Under_18,paid_membership,True,False,4,0.9880185595940827,3,0.25,23223,0.0,0.0,92892,92892.0
FAN-004836,FC Seoul,Under_18,free_registered,True,True,1,0.9314408984103952,0,1.0,21178,61992.0,1.0,21178,83170.0
FAN-004837,Ulsan HD,35_54,free_registered,True,False,2,0.9838240237620952,1,0.5,19471,0.0,0.0,38942,38942.0
FAN-004838,Ulsan HD,18_34,paid_membership,True,False,4,0.9286574355751447,3,0.25,23257,37790.0,1.0,93028,130818.0
FAN-004839,FC Seoul,35_54,free_registered,True,True,1,0.9847894042263452,0,1.0,18101,0.0,0.0,18101,18101.0
FAN-004840,FC Seoul,35_54,free_registered,False,False,1,0.9610767203521744,0,1.0,22906,0.0,0.0,22906,22906.0
FAN-004841,Gangwon FC,35_54,free_registered,False,True,2,0.9919444682616453,1,0.5,21678,0.0,0.0,43356,43356.0
FAN-004842,Gangwon FC,55_Plus,free_registered,True,True,2,0.9935626679479218,1,0.5,18995,0.0,0.0,37990,37990.0
FAN-004843,Ulsan HD,18_34,free_registered,False,False,2,0.9808877381610843,1,0.5,23213,88749.0,1.0,46426,135175.0
FAN-004844,FC Seoul,35_54,paid_membership,False,False,5,0.865232309126748,4,0.19999999999999996,20312,252263.0,2.0,101560,353823.0
FAN-004845,FC Seoul,Under_18,paid_membership,True,True,3,0.9723860432229108,2,0.33333333333333337,22777,108535.0,1.0,68331,176866.0
FAN-004846,Ulsan HD,18_34,paid_membership,True,True,3,0.8612760674390707,2,0.33333333333333337,17177,0.0,0.0,51531,51531.0
FAN-004847,Gangwon FC,35_54,free_registered,True,False,1,0.9417751868534263,0,1.0,23679,0.0,0.0,23679,23679.0
FAN-004848,FC Seoul,18_34,season_ticket_full,True,True,15,0.6071974720365185,9,0.4,0,129994.0,2.0,0,129994.0
FAN-004849,Jeonbuk Hyundai Motors,35_54,paid_membership,True,True,4,0.8555135363612092,3,0.25,17181,212613.0,2.0,68724,281337.0
FAN-004850,FC Seoul,18_34,free_registered,True,True,1,0.943830209896205,0,1.0,21728,24429.0,1.0,21728,46157.0
FAN-004851,Gangwon FC,35_54,season_ticket_partial,True,False,5,0.9058130893537812,4,0.19999999999999996,0,106642.0,1.0,0,106642.0
FAN-004852,Ulsan HD,55_Plus,paid_membership,True,False,4,0.8966886539309041,3,0.25,20888,0.0,0.0,83552,83552.0
FAN-004853,Jeonbuk Hyundai Motors,Under_18,paid_membership,True,True,2,0.9723861648117392,1,0.5,21018,98747.0,1.0,42036,140783.0
FAN-004854,Ulsan HD,35_54,free_registered,True,True,2,0.9442630937023575,1,0.5,24226,67976.0,1.0,48452,116428.0
FAN-004855,Jeju SK,35_54,free_registered,True,True,2,0.9572703155769174,1,0.5,22413,0.0,0.0,44826,44826.0
FAN-004856,FC Seoul,18_34,season_ticket_partial,True,True,8,0.8325620822489086,6,0.25,0,85826.0,1.0,0,85826.0
FAN-004857,FC Seoul,Under_18,paid_membership,True,False,4,0.9510209565018276,3,0.25,21665,0.0,0.0,86660,86660.0
FAN-004858,Gangwon FC,35_54,paid_membership,False,True,4,0.9925097950002727,3,0.25,23054,70269.0,2.0,92216,162485.0
FAN-004859,Gangwon FC,18_34,paid_membership,False,True,4,0.9804395966907301,3,0.25,19590,99327.0,1.0,78360,177687.0
FAN-004860,Jeonbuk Hyundai Motors,18_34,season_ticket_partial,True,False,5,0.7789503332001309,3,0.4,0,224014.0,2.0,0,224014.0
FAN-004861,Jeju SK,35_54,free_registered,True,True,2,0.9854853852182639,1,0.5,22945,0.0,0.0,45890,45890.0
FAN-004862,Jeonbuk Hyundai Motors,18_34,paid_membership,False,True,2,0.8539658159894631,1,0.5,18307,100525.0,2.0,36614,137139.0
FAN-004863,FC Seoul,55_Plus,free_registered,True,True,2,0.9031226666762939,1,0.5,21167,141292.0,1.0,42334,183626.0
FAN-004864,Ulsan HD,35_54,paid_membership,False,False,4,0.9228846475159488,3,0.25,16107,60530.0,1.0,64428,124958.0
FAN-004865,Ulsan HD,35_54,paid_membership,False,True,4,0.8520094893585916,3,0.25,22870,148837.0,1.0,91480,240317.0
FAN-004866,Jeju SK,Under_18,free_registered,True,True,2,0.9580143228504289,1,0.5,19616,0.0,0.0,39232,39232.0
FAN-004867,Ulsan HD,18_34,paid_membership,True,True,5,0.9999631690651496,4,0.19999999999999996,18582,0.0,0.0,92910,92910.0
FAN-004868,FC Seoul,18_34,free_registered,True,False,1,0.9116655984818947,0,1.0,18719,0.0,0.0,18719,18719.0
FAN-004869,Jeju SK,55_Plus,free_registered,True,True,2,0.9169241871344671,1,0.5,19510,90144.0,1.0,39020,129164.0
FAN-004870,Jeonbuk Hyundai Motors,18_34,free_registered,True,False,1,0.9582737234648778,0,1.0,24706,0.0,0.0,24706,24706.0
FAN-004871,Ulsan HD,18_34,free_registered,True,False,1,0.9800685580693895,0,1.0,21003,0.0,0.0,21003,21003.0
FAN-004872,FC Seoul,18_34,free_registered,True,False,2,0.9025988938183055,1,0.5,23479,28759.0,1.0,46958,75717.0
FAN-004873,FC Seoul,18_34,free_registered,True,True,1,0.9436240240040202,0,1.0,17219,0.0,0.0,17219,17219.0
FAN-004874,FC Seoul,18_34,paid_membership,True,True,3,0.928050962604976,2,0.33333333333333337,21151,0.0,0.0,63453,63453.0
FAN-004875,FC Seoul,35_54,paid_membership,True,True,4,0.9365836129563755,3,0.25,17608,120036.0,1.0,70432,190468.0
FAN-004876,Jeju SK,Under_18,paid_membership,True,True,2,0.8830203849826803,1,0.5,18556,0.0,0.0,37112,37112.0
FAN-004877,Jeju SK,Under_18,free_registered,True,False,2,0.9098040427381738,1,0.5,17282,0.0,0.0,34564,34564.0
FAN-004878,Jeju SK,18_34,season_ticket_full,True,True,15,0.7648330469676599,11,0.2666666666666667,0,190142.0,3.0,0,190142.0
FAN-004879,Ulsan HD,35_54,paid_membership,True,True,3,0.9006134639742179,2,0.33333333333333337,20388,156797.0,2.0,61164,217961.0
FAN-004880,Jeonbuk Hyundai Motors,35_54,free_registered,True,True,2,0.9920778936174448,1,0.5,22379,0.0,0.0,44758,44758.0
FAN-004881,FC Seoul,18_34,season_ticket_partial,True,False,9,0.9344829502192321,8,0.11111111111111116,0,189197.0,3.0,0,189197.0
FAN-004882,Ulsan HD,35_54,free_registered,False,True,1,0.9855697517784864,0,1.0,16544,0.0,0.0,16544,16544.0
FAN-004883,Jeonbuk Hyundai Motors,18_34,paid_membership,True,True,5,0.9780326850604617,4,0.19999999999999996,16644,0.0,0.0,83220,83220.0
FAN-004884,FC Seoul,55_Plus,free_registered,True,True,1,0.9606889834970156,0,1.0,21323,0.0,0.0,21323,21323.0
FAN-004885,FC Seoul,Under_18,free_registered,True,False,1,0.9006598376521792,0,1.0,21647,82684.0,1.0,21647,104331.0
FAN-004886,Jeonbuk Hyundai Motors,35_54,season_ticket_partial,True,True,9,0.8691862505772027,7,0.2222222222222222,0,240140.0,3.0,0,240140.0
FAN-004887,Ulsan HD,35_54,free_registered,False,True,1,0.9802495001313051,0,1.0,22833,0.0,0.0,22833,22833.0
FAN-004888,Jeju SK,35_54,free_registered,True,True,1,0.9314489719720559,0,1.0,23676,0.0,0.0,23676,23676.0
FAN-004889,FC Seoul,18_34,season_ticket_full,True,False,19,0.7090303994888453,13,0.3157894736842105,0,206836.0,2.0,0,206836.0
FAN-004890,Jeju SK,18_34,season_ticket_full,True,True,18,0.6116437514971325,11,0.38888888888888884,0,389099.0,4.0,0,389099.0
FAN-004891,Ulsan HD,35_54,paid_membership,True,False,5,0.8626737122734076,4,0.19999999999999996,22968,0.0,0.0,114840,114840.0
FAN-004892,FC Seoul,Under_18,free_registered,True,False,2,0.9531241111948292,1,0.5,16405,120340.0,1.0,32810,153150.0
FAN-004893,Jeju SK,35_54,free_registered,True,True,1,0.965518931486311,0,1.0,18944,0.0,0.0,18944,18944.0
FAN-004894,FC Seoul,35_54,paid_membership,True,True,2,0.9908739753529546,1,0.5,24366,219466.0,2.0,48732,268198.0
FAN-004895,Ulsan HD,35_54,free_registered,True,True,1,0.9160455949197869,0,1.0,22037,64862.0,1.0,22037,86899.0
FAN-004896,FC Seoul,Under_18,free_registered,True,True,2,0.9271108877225078,1,0.5,20695,57980.0,1.0,41390,99370.0
FAN-004897,FC Seoul,35_54,paid_membership,True,True,5,0.9372265074651459,4,0.19999999999999996,23967,196557.0,2.0,119835,316392.0
FAN-004898,FC Seoul,35_54,free_registered,True,True,2,0.9072125432517975,1,0.5,24301,145115.0,1.0,48602,193717.0
FAN-004899,FC Seoul,35_54,free_registered,False,True,1,0.9140389144416037,0,1.0,23745,0.0,0.0,23745,23745.0
FAN-004900,Gangwon FC,Under_18,free_registered,True,True,2,0.9972327223382923,1,0.5,22755,0.0,0.0,45510,45510.0
FAN-004901,FC Seoul,Under_18,free_registered,True,False,2,0.9554980275240893,1,0.5,22982,0.0,0.0,45964,45964.0
FAN-004902,Ulsan HD,18_34,free_registered,True,False,2,0.9125903435909445,1,0.5,20323,135225.0,1.0,40646,175871.0
FAN-004903,FC Seoul,Under_18,free_registered,True,True,2,0.9713095250447557,1,0.5,20839,0.0,0.0,41678,41678.0
FAN-004904,Ulsan HD,35_54,free_registered,True,True,2,0.9476787911733232,1,0.5,16746,101604.0,1.0,33492,135096.0
FAN-004905,Gangwon FC,55_Plus,paid_membership,True,False,5,0.9499758665547003,4,0.19999999999999996,19619,44680.0,2.0,98095,142775.0
FAN-004906,FC Seoul,18_34,season_ticket_partial,True,False,10,0.9416142631663349,9,0.09999999999999998,0,268960.0,2.0,0,268960.0
FAN-004907,Gangwon FC,35_54,free_registered,True,False,2,0.9224543158227948,1,0.5,22811,0.0,0.0,45622,45622.0
FAN-004908,FC Seoul,Under_18,paid_membership,True,True,4,0.9488431544388263,3,0.25,24850,214568.0,2.0,99400,313968.0
FAN-004909,Jeonbuk Hyundai Motors,18_34,free_registered,False,True,1,0.9205772778665153,0,1.0,18352,64854.0,1.0,18352,83206.0
FAN-004910,Ulsan HD,Under_18,free_registered,False,True,2,0.9911928331776114,1,0.5,16367,146022.0,1.0,32734,178756.0
FAN-004911,Jeonbuk Hyundai Motors,18_34,free_registered,True,False,2,0.9857795805798617,1,0.5,23859,0.0,0.0,47718,47718.0
FAN-004912,Jeju SK,55_Plus,paid_membership,True,True,2,0.9566051923140344,1,0.5,19540,45652.0,1.0,39080,84732.0
FAN-004913,Ulsan HD,Under_18,paid_membership,True,True,2,0.8770392552775431,1,0.5,16571,0.0,0.0,33142,33142.0
FAN-004914,FC Seoul,35_54,paid_membership,True,True,3,0.9663099357268918,2,0.33333333333333337,23392,78474.0,2.0,70176,148650.0
FAN-004915,FC Seoul,18_34,free_registered,True,False,1,0.97113320858085,0,1.0,22953,89963.0,1.0,22953,112916.0
FAN-004916,Gangwon FC,55_Plus,free_registered,False,True,1,0.9664521225671989,0,1.0,24966,38260.0,1.0,24966,63226.0
FAN-004917,Ulsan HD,Under_18,paid_membership,True,False,2,0.87598358694128,1,0.5,20905,273151.0,2.0,41810,314961.0
FAN-004918,Ulsan HD,18_34,free_registered,True,False,2,0.9714674220938861,1,0.5,17650,17982.0,1.0,35300,53282.0
FAN-004919,Jeonbuk Hyundai Motors,Under_18,paid_membership,False,False,4,0.8983975066655681,3,0.25,19480,245441.0,2.0,77920,323361.0
FAN-004920,Ulsan HD,18_34,paid_membership,False,True,5,0.8922785253714962,4,0.19999999999999996,24491,0.0,0.0,122455,122455.0
FAN-004921,Gangwon FC,18_34,paid_membership,True,False,2,0.9102393418588752,1,0.5,19621,124550.0,1.0,39242,163792.0
FAN-004922,Jeonbuk Hyundai Motors,35_54,season_ticket_partial,True,True,9,0.8398280070623476,7,0.2222222222222222,0,202161.0,2.0,0,202161.0
FAN-004923,Jeju SK,35_54,season_ticket_full,True,True,17,0.6013768640979166,10,0.4117647058823529,0,481063.0,4.0,0,481063.0
FAN-004924,Jeonbuk Hyundai Motors,35_54,paid_membership,True,False,4,0.9652577864525528,3,0.25,20765,0.0,0.0,83060,83060.0
FAN-004925,FC Seoul,18_34,paid_membership,True,True,5,0.9549255258150928,4,0.19999999999999996,19983,0.0,0.0,99915,99915.0
FAN-004926,FC Seoul,Under_18,free_registered,True,True,1,0.9284153874991683,0,1.0,19283,39058.0,1.0,19283,58341.0
FAN-004927,Ulsan HD,18_34,season_ticket_full,True,True,15,0.7391892847476971,11,0.2666666666666667,0,420319.0,5.0,0,420319.0
FAN-004928,FC Seoul,55_Plus,free_registered,True,True,2,0.9746114588878417,1,0.5,21626,0.0,0.0,43252,43252.0
FAN-004929,Jeonbuk Hyundai Motors,35_54,free_registered,False,True,1,0.9400947719604186,0,1.0,17668,0.0,0.0,17668,17668.0
FAN-004930,Gangwon FC,35_54,free_registered,False,True,2,0.9537230950082677,1,0.5,19692,50887.0,1.0,39384,90271.0
FAN-004931,Ulsan HD,35_54,free_registered,True,True,2,0.929870591018543,1,0.5,17357,104093.0,1.0,34714,138807.0
FAN-004932,Ulsan HD,Under_18,paid_membership,False,False,5,0.8997574186121472,4,0.19999999999999996,18943,246979.0,2.0,94715,341694.0
FAN-004933,Gangwon FC,18_34,paid_membership,True,True,5,0.8969061607284149,4,0.19999999999999996,21544,128906.0,1.0,107720,236626.0
FAN-004934,Ulsan HD,Under_18,free_registered,True,True,1,0.9214858369173407,0,1.0,17819,0.0,0.0,17819,17819.0
FAN-004935,Ulsan HD,18_34,free_registered,False,True,1,0.9988734432052513,0,1.0,20233,59212.0,1.0,20233,79445.0
FAN-004936,Ulsan HD,Under_18,season_ticket_full,True,False,19,0.7535455648183162,14,0.26315789473684215,0,488754.0,5.0,0,488754.0
FAN-004937,Gangwon FC,18_34,paid_membership,True,False,4,0.9703469861069887,3,0.25,17203,113248.0,2.0,68812,182060.0
FAN-004938,Jeju SK,35_54,season_ticket_partial,True,False,10,0.7222422607076148,7,0.30000000000000004,0,255884.0,2.0,0,255884.0
FAN-004939,Jeonbuk Hyundai Motors,35_54,free_registered,True,True,2,0.9752095488918573,1,0.5,17393,0.0,0.0,34786,34786.0
FAN-004940,Jeonbuk Hyundai Motors,35_54,paid_membership,True,True,4,0.8847945598454277,3,0.25,20255,94706.0,1.0,81020,175726.0
FAN-004941,Ulsan HD,55_Plus,free_registered,True,True,1,0.9787840903158576,0,1.0,17227,109555.0,1.0,17227,126782.0
FAN-004942,Ulsan HD,Under_18,free_registered,True,True,1,0.9577133280204575,0,1.0,16527,0.0,0.0,16527,16527.0
FAN-004943,Jeonbuk Hyundai Motors,Under_18,free_registered,False,True,2,0.974876712725363,1,0.5,22745,0.0,0.0,45490,45490.0
FAN-004944,Ulsan HD,35_54,free_registered,False,False,2,0.9783120464080656,1,0.5,24127,45825.0,1.0,48254,94079.0
FAN-004945,Jeonbuk Hyundai Motors,18_34,free_registered,True,True,1,0.9124382247461028,0,1.0,22946,95253.0,1.0,22946,118199.0
FAN-004946,Gangwon FC,18_34,season_ticket_full,True,False,19,0.8222589239392747,15,0.21052631578947367,0,463584.0,5.0,0,463584.0
FAN-004947,Jeju SK,18_34,free_registered,True,True,1,0.9168766481861375,0,1.0,23279,63423.0,1.0,23279,86702.0
FAN-004948,Jeonbuk Hyundai Motors,18_34,free_registered,True,False,2,0.9384067546378331,1,0.5,16214,0.0,0.0,32428,32428.0
FAN-004949,Jeonbuk Hyundai Motors,18_34,free_registered,True,True,1,0.9073316441940401,0,1.0,17941,0.0,0.0,17941,17941.0
FAN-004950,Jeonbuk Hyundai Motors,18_34,free_registered,True,False,1,0.9456739570780377,0,1.0,20785,0.0,0.0,20785,20785.0
FAN-004951,Ulsan HD,18_34,paid_membership,True,True,2,0.8552270165186434,1,0.5,21652,124121.0,2.0,43304,167425.0
FAN-004952,FC Seoul,35_54,free_registered,False,False,1,0.9363834975808759,0,1.0,20833,50756.0,1.0,20833,71589.0
FAN-004953,Ulsan HD,18_34,paid_membership,True,True,4,0.8589754892801744,3,0.25,23213,137835.0,1.0,92852,230687.0
FAN-004954,Jeju SK,18_34,free_registered,True,True,1,0.9724270722143078,0,1.0,17438,67362.0,1.0,17438,84800.0
FAN-004955,Ulsan HD,18_34,paid_membership,True,True,4,0.9211079228017526,3,0.25,24096,0.0,0.0,96384,96384.0
FAN-004956,Jeonbuk Hyundai Motors,18_34,paid_membership,False,True,2,0.9102265057717229,1,0.5,19202,187724.0,2.0,38404,226128.0
FAN-004957,Ulsan HD,35_54,season_ticket_partial,True,False,5,0.86278714192886,4,0.19999999999999996,0,250079.0,3.0,0,250079.0
FAN-004958,Jeju SK,35_54,season_ticket_partial,True,False,7,0.808120986543176,5,0.2857142857142857,0,190988.0,3.0,0,190988.0
FAN-004959,FC Seoul,35_54,paid_membership,True,False,4,0.890094970646491,3,0.25,22555,197045.0,2.0,90220,287265.0
FAN-004960,Jeonbuk Hyundai Motors,18_34,free_registered,True,False,2,0.9075001927623657,1,0.5,20238,0.0,0.0,40476,40476.0
FAN-004961,Ulsan HD,35_54,paid_membership,True,True,3,0.9032467822742716,2,0.33333333333333337,17563,0.0,0.0,52689,52689.0
FAN-004962,FC Seoul,35_54,paid_membership,True,False,5,0.9999251011314527,4,0.19999999999999996,20909,114486.0,1.0,104545,219031.0
FAN-004963,FC Seoul,18_34,season_ticket_partial,True,True,10,0.7558435595816944,7,0.30000000000000004,0,239726.0,3.0,0,239726.0
FAN-004964,Jeonbuk Hyundai Motors,18_34,free_registered,False,False,2,0.9013867071445112,1,0.5,21607,0.0,0.0,43214,43214.0
FAN-004965,Ulsan HD,18_34,free_registered,True,True,2,0.9024009781202145,1,0.5,17117,109722.0,1.0,34234,143956.0
FAN-004966,FC Seoul,35_54,paid_membership,True,False,4,0.9607407029745972,3,0.25,23168,179725.0,2.0,92672,272397.0
FAN-004967,Gangwon FC,35_54,free_registered,True,True,2,0.9111404940758905,1,0.5,24646,57718.0,1.0,49292,107010.0
FAN-004968,Jeonbuk Hyundai Motors,Under_18,free_registered,True,True,1,0.9202409082699241,0,1.0,23993,0.0,0.0,23993,23993.0
FAN-004969,Gangwon FC,35_54,free_registered,True,True,2,0.9418984066803031,1,0.5,23629,36760.0,1.0,47258,84018.0
FAN-004970,Ulsan HD,Under_18,paid_membership,True,True,5,0.9625703116752782,4,0.19999999999999996,19639,146303.0,2.0,98195,244498.0
FAN-004971,Ulsan HD,Under_18,season_ticket_full,True,True,15,0.8764118020965509,13,0.1333333333333333,0,457193.0,5.0,0,457193.0
FAN-004972,Jeonbuk Hyundai Motors,55_Plus,free_registered,False,True,2,0.9623454086793366,1,0.5,16077,0.0,0.0,32154,32154.0
FAN-004973,Ulsan HD,55_Plus,free_registered,True,False,2,0.9333308604442858,1,0.5,24838,74324.0,1.0,49676,124000.0
FAN-004974,Jeonbuk Hyundai Motors,Under_18,free_registered,False,True,2,0.9317782948266575,1,0.5,17102,42509.0,1.0,34204,76713.0
FAN-004975,FC Seoul,18_34,free_registered,False,False,1,0.9683693722009373,0,1.0,23099,0.0,0.0,23099,23099.0
FAN-004976,Ulsan HD,18_34,paid_membership,False,True,5,0.9428109355051018,4,0.19999999999999996,16247,0.0,0.0,81235,81235.0
FAN-004977,FC Seoul,18_34,paid_membership,True,True,3,0.9121914411214906,2,0.33333333333333337,19292,74161.0,1.0,57876,132037.0
FAN-004978,FC Seoul,35_54,free_registered,True,True,2,0.935343375486588,1,0.5,17150,130642.0,1.0,34300,164942.0
FAN-004979,FC Seoul,55_Plus,paid_membership,True,True,3,0.9441762298913661,2,0.33333333333333337,20999,57652.0,2.0,62997,120649.0
FAN-004980,FC Seoul,35_54,paid_membership,True,True,4,0.9022948164964624,3,0.25,24605,0.0,0.0,98420,98420.0
FAN-004981,Gangwon FC,18_34,free_registered,False,True,1,0.9157232999780301,0,1.0,24867,149373.0,1.0,24867,174240.0
FAN-004982,FC Seoul,35_54,free_registered,True,True,2,0.9989960082516408,1,0.5,17409,118511.0,1.0,34818,153329.0
FAN-004983,Jeju SK,18_34,season_ticket_full,True,False,17,0.6929220690040296,11,0.3529411764705882,0,195788.0,3.0,0,195788.0
FAN-004984,Jeonbuk Hyundai Motors,55_Plus,free_registered,True,True,1,0.9523618226594924,0,1.0,24524,0.0,0.0,24524,24524.0
FAN-004985,Jeju SK,35_54,paid_membership,True,True,5,0.9942087510241461,4,0.19999999999999996,18343,73751.0,2.0,91715,165466.0
FAN-004986,FC Seoul,35_54,free_registered,False,False,1,0.9674003775588208,0,1.0,24632,56172.0,1.0,24632,80804.0
FAN-004987,Jeonbuk Hyundai Motors,18_34,paid_membership,True,False,4,0.8669208064380545,3,0.25,22922,144054.0,2.0,91688,235742.0
FAN-004988,Jeju SK,18_34,paid_membership,False,True,5,0.9392980046667279,4,0.19999999999999996,24720,179475.0,2.0,123600,303075.0
FAN-004989,Jeonbuk Hyundai Motors,Under_18,paid_membership,True,False,5,0.882059769746664,4,0.19999999999999996,21706,53742.0,1.0,108530,162272.0
FAN-004990,Jeonbuk Hyundai Motors,35_54,season_ticket_partial,True,False,6,0.8749815144907793,5,0.16666666666666663,0,239196.0,3.0,0,239196.0
FAN-004991,Gangwon FC,18_34,season_ticket_full,True,True,17,0.8676724079018256,14,0.17647058823529416,0,187743.0,2.0,0,187743.0
FAN-004992,Jeju SK,18_34,paid_membership,False,True,3,0.9688038063216426,2,0.33333333333333337,23009,104423.0,1.0,69027,173450.0
FAN-004993,Ulsan HD,18_34,free_registered,True,False,1,0.9781717850433638,0,1.0,18545,0.0,0.0,18545,18545.0
FAN-004994,Jeju SK,35_54,free_registered,True,True,1,0.9843247397235556,0,1.0,20248,71545.0,1.0,20248,91793.0
FAN-004995,FC Seoul,Under_18,paid_membership,False,True,3,0.9527526178940211,2,0.33333333333333337,20439,183775.0,2.0,61317,245092.0
FAN-004996,Jeonbuk Hyundai Motors,35_54,paid_membership,False,True,5,0.9012707953885075,4,0.19999999999999996,20211,133702.0,1.0,101055,234757.0
FAN-004997,FC Seoul,35_54,free_registered,True,False,2,0.9907028948236797,1,0.5,19997,0.0,0.0,39994,39994.0
FAN-004998,Ulsan HD,55_Plus,free_registered,True,False,1,0.9094708989383399,0,1.0,24295,82084.0,1.0,24295,106379.0
FAN-004999,Jeonbuk Hyundai Motors,18_34,paid_membership,True,False,5,0.9240283577373777,4,0.19999999999999996,18295,25400.0,1.0,91475,116875.0
FAN-005000,Jeju SK,18_34,free_registered,True,False,2,0.9701053752603825,1,0.5,21041,0.0,0.0,42082,42082.0
